time_s,injected_current_A,voltage_Node_1_V,voltage_Node_2_V,i1_Line_1_e1_A,i2_Line_1_e1_A
0.0000000000000000e+00,0.0000000000000000e+00,1.2418785704782425e+05,-2.5251409318543956e+03,3.1378475450443707e+03,1.2911128459967356e+03
4.9999999999999998e-07,2.2614786493895161e+04,3.9476814618933306e+05,1.3751577142370434e+05,1.7521574296413484e+04,3.8682671503289248e+03
9.9999999999999995e-07,2.9029718933305398e+04,4.6185380151793454e+05,3.2288629340652988e+05,2.7538350846009467e+04,4.3213148444364633e+03
1.5000000000000000e-06,3.0732256715991549e+04,4.2716402258159354e+05,4.0123707168757764e+05,2.9129368547568218e+04,3.8695916343487561e+03
1.9999999999999999e-06,3.1064847318565746e+04,4.2461383242715488e+05,4.1586150689792656e+05,2.9189309291461421e+04,3.7989039581825482e+03
2.5000000000000002e-06,3.1000019451901466e+04,4.2197198347621772e+05,4.2057288267770299e+05,2.9063655568448288e+04,3.7423860021056344e+03
3.0000000000000001e-06,3.0820736895284379e+04,4.2181090794251155e+05,4.2110543149082962e+05,2.8907855940206435e+04,3.7225674287589736e+03
3.4999999999999999e-06,3.0609323770872070e+04,4.2017875227443856e+05,4.2112938039313641e+05,2.8746848454169180e+04,3.6924566153823844e+03
3.9999999999999998e-06,3.0389725012052957e+04,4.1862125574001530e+05,4.2005133535706688e+05,2.8563674840007141e+04,3.6675711710493615e+03
4.5000000000000001e-06,3.0168899275115735e+04,4.1627311385654029e+05,4.1859393583985569e+05,2.8365010353190926e+04,3.6370227211034326e+03
5.0000000000000004e-06,2.9948862854964758e+04,4.1398270837425190e+05,4.1654468716428336e+05,2.8154358103993043e+04,3.6093898362712534e+03
5.4999999999999999e-06,2.9730194050641654e+04,4.1142882337118255e+05,4.1433498854228907e+05,2.7942353332069473e+04,3.5803668024413264e+03
6.0000000000000002e-06,2.9513052814928211e+04,4.0901578015801014e+05,4.1191652027114079e+05,2.7732663889829491e+04,3.5540055134347281e+03
6.4999999999999996e-06,2.9297477436926893e+04,4.0650934553581540e+05,4.0951240463535977e+05,2.7528768241267833e+04,3.5273716847905534e+03
6.9999999999999999e-06,2.9083470866062384e+04,4.0408120753949793e+05,4.0704918864053907e+05,2.7328965435652193e+04,3.5022330479155048e+03
7.5000000000000002e-06,2.8871025828961963e+04,4.0155751516166993e+05,4.0460834962967952e+05,2.7132204485996546e+04,3.4765506108201339e+03
7.9999999999999996e-06,2.8660132137168359e+04,3.9904335943846841e+05,4.0210985972465365e+05,2.6936033993521989e+04,3.4514547041028331e+03
8.4999999999999999e-06,2.8450778812999342e+04,3.9644526099361025e+05,3.9959696192316478e+05,2.6740108878582345e+04,3.4258380065927909e+03
9.0000000000000002e-06,2.8242954707669207e+04,3.9385777525992820e+05,3.9702691121378634e+05,2.6544094628995295e+04,3.4006998126229446e+03
9.5000000000000005e-06,2.8036648680713315e+04,3.9123367210792413e+05,3.9444734906730207e+05,2.6349090135150785e+04,3.3754362765573355e+03
1.0000000000000001e-05,2.7831849651770037e+04,3.8864235076552053e+05,3.9184290971663920e+05,2.6155578672295276e+04,3.3507652100707828e+03
1.0499999999999999e-05,2.7628546615226140e+04,3.8604196098778013e+05,3.8925222951805638e+05,2.5964276663907880e+04,3.3261669658331739e+03
1.1000000000000000e-05,2.7426728644059862e+04,3.8347046997761581e+05,3.8665941778234451e+05,2.5774932067525733e+04,3.3020413755515719e+03
1.1500000000000000e-05,2.7226384890543894e+04,3.8088730420374603e+05,3.8408358945097355e+05,2.5587376358330435e+04,3.2779167919191450e+03
1.2000000000000000e-05,2.7027504586037710e+04,3.7831819859969511e+05,3.8150461574960215e+05,2.5400999635778746e+04,3.2540756478302255e+03
1.2500000000000001e-05,2.6830077040518012e+04,3.7573617717559729e+05,3.7893368623571855e+05,2.5215673571704767e+04,3.2302039585995435e+03
1.2999999999999999e-05,2.6634091642035884e+04,3.7316798586405942e+05,3.7635737994463113e+05,2.5031249506982749e+04,3.2065889479830385e+03
1.3499999999999999e-05,2.6439537856155664e+04,3.7059842794011522e+05,3.7378944269245351e+05,2.4848031538060459e+04,3.1830403869554029e+03
1.4000000000000000e-05,2.6246405225391387e+04,3.6805037911130709e+05,3.7122410011700582e+05,2.4666163062427418e+04,3.1597977770710222e+03
1.4500000000000000e-05,2.6054683368645452e+04,3.6550954388767772e+05,3.6867425998887233e+05,2.4485896293314778e+04,3.1366848391466874e+03
1.5000000000000000e-05,2.5864361980650883e+04,3.6298982380241563e+05,3.6613406878414378e+05,2.4307151493591155e+04,3.1138495187759308e+03
1.5500000000000001e-05,2.5675430831417441e+04,3.6047582151046331e+05,3.6361068851038220e+05,2.4129873028154638e+04,3.0911138323670020e+03
1.5999999999999999e-05,2.5487879765681802e+04,3.5797739556929900e+05,3.6109618631639844e+05,2.3953819680423960e+04,3.0685872663094569e+03
1.6500000000000001e-05,2.5301698702361675e+04,3.5548324178757030e+05,3.5859492589478299e+05,2.3778928986625884e+04,3.0461395365631661e+03
1.7000000000000000e-05,2.5116877634013981e+04,3.5300431996441749e+05,3.5610103730689926e+05,2.3605124479923245e+04,3.0238895092554549e+03
1.7499999999999998e-05,2.4933406626296870e+04,3.5053386764844070e+05,3.5362018957371323e+05,2.3432526008742247e+04,3.0017537027367734e+03
1.8000000000000000e-05,2.4751275817435820e+04,3.4808202188137861e+05,3.5114959775863925e+05,2.3261190427964244e+04,2.9798390635872256e+03
1.8499999999999999e-05,2.4570475417693488e+04,3.4564222918626503e+05,3.4869500880285806e+05,2.3091230941478592e+04,2.9580653180241679e+03
1.9000000000000001e-05,2.4390995708843537e+04,3.4322100230443222e+05,3.4625360309201211e+05,2.2922610003831622e+04,2.9365022988502733e+03
1.9500000000000000e-05,2.4212827043648267e+04,3.4081088203373435e+05,3.4382875843670592e+05,2.2755300151082905e+04,2.9150642067734789e+03
2.0000000000000002e-05,2.4035959845340058e+04,3.3841659806029138e+05,3.4141652799097716e+05,2.2589179728846510e+04,2.8938040670712671e+03
2.0500000000000000e-05,2.3860384607106607e+04,3.3603234577167372e+05,3.3901900432711432e+05,2.2424211861275046e+04,2.8726554817719957e+03
2.0999999999999999e-05,2.3686091891579930e+04,3.3366359989608161e+05,3.3663308149912348e+05,2.2260350774649956e+04,2.8516782935536958e+03
2.1500000000000001e-05,2.3513072330329087e+04,3.3130674551657413e+05,3.3426158534574299e+05,2.2097652753044847e+04,2.8308283882905944e+03
2.1999999999999999e-05,2.3341316623356633e+04,3.2896709536597971e+05,3.3190293902939151e+05,2.1936143356667410e+04,2.8101621609116291e+03
2.2500000000000001e-05,2.3170815538598712e+04,3.2664108394368162e+05,3.2956015019517718e+05,2.1775880633506185e+04,2.7896362481785422e+03
2.3000000000000000e-05,2.3001559911428845e+04,3.2433223832565302e+05,3.2723162031909288e+05,2.1616841963785097e+04,2.7692887240669606e+03
2.3499999999999999e-05,2.2833540644165296e+04,3.2203636600705254e+05,3.2491917235156120e+05,2.1459009904639053e+04,2.7490716062983765e+03
2.4000000000000001e-05,2.2666748705582082e+04,3.1975606165555038e+05,3.2262053676243336e+05,2.1302312948390725e+04,2.7290142498339342e+03
2.4499999999999999e-05,2.2501175130423529e+04,3.1748793366199080e+05,3.2033684562932712e+05,2.1146726218083666e+04,2.7090781234522674e+03
2.5000000000000001e-05,2.2336811018922377e+04,3.1523507232798717e+05,3.1806623755798233e+05,2.0992219014310438e+04,2.6892972535939730e+03
2.5500000000000000e-05,2.2173647536321401e+04,3.1299529989549634e+05,3.1581029317393200e+05,2.0838820280884545e+04,2.6696453528518878e+03
2.5999999999999998e-05,2.2011675912398550e+04,3.1077171583941905e+05,3.1356801491990383e+05,2.0686541792609976e+04,2.6501555130318156e+03
2.6500000000000000e-05,2.1850887440995517e+04,3.0856214759193175e+05,3.1134114608408418e+05,2.0535415652065523e+04,2.6308015203979771e+03
2.6999999999999999e-05,2.1691273479549793e+04,3.0636869428191870e+05,3.0912867421025754e+05,2.0385425895824650e+04,2.6116061917796642e+03
2.7500000000000001e-05,2.1532825448630101e+04,3.0418874975159485e+05,3.0693167151373927e+05,2.0236559584692011e+04,2.5925398622550056e+03
2.8000000000000000e-05,2.1375534831475255e+04,3.0202386772158882e+05,3.0474869620697375e+05,2.0088769970040288e+04,2.5736202831724290e+03
2.8500000000000002e-05,2.1219393173536377e+04,2.9987187991157244e+05,3.0258040823787171e+05,1.9942038628753078e+04,2.5548229887569623e+03
2.9000000000000000e-05,2.1064392082022438e+04,2.9773467973081983e+05,3.0042558898100053e+05,1.9796343171248242e+04,2.5361689853134867e+03
2.9499999999999999e-05,2.0910523225449153e+04,2.9561083910673868e+05,2.9828519162517961e+05,1.9651699029312982e+04,2.5176412237266045e+03
3.0000000000000001e-05,2.0757778333191141e+04,2.9350230458099360e+05,2.9615853166894941e+05,1.9508111108981149e+04,2.4992606116870484e+03
3.0499999999999999e-05,2.0606149195037382e+04,2.9140764053953747e+05,2.9404669159193942e+05,1.9365597849827835e+04,2.4810099796508966e+03
3.1000000000000001e-05,2.0455627660749906e+04,2.8932818062505958e+05,2.9194897628527530e+05,1.9224146793333115e+04,2.4629039356052817e+03
3.1500000000000000e-05,2.0306205639625703e+04,2.8726218180973793e+05,2.8986605355028709e+05,1.9083747411046941e+04,2.4449227576319709e+03
3.1999999999999999e-05,2.0157875100061836e+04,2.8521063242612407e+05,2.8779693789789412e+05,1.8944366659881096e+04,2.4270778651601563e+03
3.2499999999999997e-05,2.0010628069123744e+04,2.8317205085286347e+05,2.8574203215014690e+05,1.8805989972082327e+04,2.4093526580584721e+03
3.3000000000000003e-05,1.9864456632116682e+04,2.8114766642459610e+05,2.8370048390618654e+05,1.8668599976204554e+04,2.3917608896999627e+03
3.3500000000000001e-05,1.9719352932160295e+04,2.7913648123848415e+05,2.8167289789632749e+05,1.8532204772320016e+04,2.3742907814030932e+03
3.4000000000000000e-05,1.9575309169766311e+04,2.7713978449816350e+05,2.7965877451629215e+05,1.8396805560094170e+04,2.3569562722524306e+03
3.4499999999999998e-05,1.9432317602419291e+04,2.7515656778745842e+05,2.7765881907328573e+05,1.8262412993834500e+04,2.3397454180533236e+03
3.4999999999999997e-05,1.9290370544160483e+04,2.7318771924154024e+05,2.7567252425267687e+05,1.8129016713218232e+04,2.3226680335226856e+03
3.5500000000000002e-05,1.9149460365174677e+04,2.7123200630705908e+05,2.7370032218084339e+05,1.7996607671794132e+04,2.3057102633668073e+03
3.6000000000000001e-05,1.9009579491380096e+04,2.6929008526522253e+05,2.7174150040708343e+05,1.7865161092581962e+04,2.2888797919220451e+03
3.6500000000000000e-05,1.8870720404021293e+04,2.6736089035437128e+05,2.6979631104077364e+05,1.7734664911640604e+04,2.2721647663395825e+03
3.6999999999999998e-05,1.8732875639264985e+04,2.6544525434842322e+05,2.6786412643790507e+05,1.7605105019642360e+04,2.2555745928325723e+03
3.7499999999999997e-05,1.8596037787798898e+04,2.6354244462111394e+05,2.6594534357246291e+05,1.7476485272728358e+04,2.2391007250532593e+03
3.8000000000000002e-05,1.8460199494433462e+04,2.6165334951126514e+05,2.6403957985947328e+05,1.7348804768151494e+04,2.2227528400233000e+03
3.8500000000000001e-05,1.8325353457706511e+04,2.5977722606568036e+05,2.6214731079183740e+05,1.7222069465983055e+04,2.2065222288398663e+03
3.8999999999999999e-05,1.8191492429490794e+04,2.5791468662049764e+05,2.6026814809612761e+05,1.7096270397315719e+04,2.1904157292138498e+03
3.9499999999999998e-05,1.8058609214604367e+04,2.5606482051119546e+05,2.5840237826558654e+05,1.6971399532768071e+04,2.1744231758409892e+03
4.0000000000000003e-05,1.7926696670423873e+04,2.5422807718759315e+05,2.5654946296988218e+05,1.6847437428633406e+04,2.1585499160764903e+03
4.0500000000000002e-05,1.7795747706500610e+04,2.5240365810330151e+05,2.5470956104628171e+05,1.6724373761730152e+04,2.1427871371011834e+03
4.1000000000000000e-05,1.7665755284179391e+04,2.5059214557436772e+05,2.5288219110928482e+05,1.6602196676367639e+04,2.1271414895485309e+03
4.1499999999999999e-05,1.7536712416220242e+04,2.4879298011930758e+05,2.5106761945715238e+05,1.6480907460284478e+04,2.1116065250910156e+03
4.1999999999999998e-05,1.7408612166422798e+04,2.4700679259844217e+05,2.4926554181064371e+05,1.6360503986630465e+04,2.0961891752760353e+03
4.2500000000000003e-05,1.7281447649253492e+04,2.4523301434050157e+05,2.4747628645808157e+05,1.6240989267356112e+04,2.0808828465971174e+03
4.3000000000000002e-05,1.7155212029475450e+04,2.4347207857932529e+05,2.4569954487625835e+05,1.6122355334850148e+04,2.0656924369124422e+03
4.3500000000000000e-05,1.7029898521781080e+04,2.4172328824720840e+05,2.4393550944387706e+05,1.6004594919930931e+04,2.0506102226947678e+03
4.3999999999999999e-05,1.6905500390427373e+04,2.3998695795880890e+05,2.4218375870106881e+05,1.5887692214027154e+04,2.0356400204338370e+03
4.4499999999999997e-05,1.6782010948873805e+04,2.3826246924430167e+05,2.4044439135754219e+05,1.5771638174108415e+04,2.0207750587410746e+03
4.5000000000000003e-05,1.6659423559422987e+04,2.3655023914421748e+05,2.3871702584964680e+05,1.5656422582708505e+04,2.0060201629163314e+03
4.5500000000000001e-05,1.6537731632863841e+04,2.3484982652147923e+05,2.3700184282391181e+05,1.5542045127632624e+04,1.9913703102734412e+03
4.6000000000000000e-05,1.6416928628117439e+04,2.3316168992994819e+05,2.3529859287703826e+05,1.5428502967545708e+04,1.9768305895075891e+03
4.6499999999999999e-05,1.6297008051885403e+04,2.3148538035945990e+05,2.3360750625028464e+05,1.5315797209229040e+04,1.9623958528440319e+03
4.6999999999999997e-05,1.6177963458300886e+04,2.2982121024782726e+05,2.3192833034807240e+05,1.5203920653506197e+04,1.9480696848966109e+03
4.7500000000000003e-05,1.6059788448582103e+04,2.2816863030606497e+05,2.3026119458020147e+05,1.5092866636961877e+04,1.9338460462498833e+03
4.8000000000000001e-05,1.5942476670688397e+04,2.2652786403320386e+05,2.2860575931755247e+05,1.4982621944688544e+04,1.9197277132950605e+03
4.8500000000000000e-05,1.5826021818978781e+04,2.2489841917619962e+05,2.2696208330176855e+05,1.4873178519657140e+04,1.9057093400928752e+03
4.8999999999999998e-05,1.5710417633873034e+04,2.2328059982332587e+05,2.2532985585772395e+05,1.4764527387346250e+04,1.8917944992913724e+03
4.9499999999999997e-05,1.5595657901515226e+04,2.2167404889057047e+05,2.2370919965727304e+05,1.4656667223674485e+04,1.8779791744414208e+03
5.0000000000000002e-05,1.5481736453439713e+04,2.2007910574712796e+05,2.2209990528288303e+05,1.4549594781833643e+04,1.8642671753433021e+03
5.0500000000000001e-05,1.5368647166239594e+04,2.1849540666853014e+05,2.2050213561570016e+05,1.4443309914585010e+04,1.8506543792767720e+03
5.1000000000000000e-05,1.5256383961237550e+04,2.1692318010206052e+05,2.1891567882398356e+05,1.4337806042508837e+04,1.8371434538800186e+03
5.1499999999999998e-05,1.5144940804159109e+04,2.1536198263213417e+05,2.1734062103277195e+05,1.4233077007943502e+04,1.8237295620834375e+03
5.1999999999999997e-05,1.5034311704808319e+04,2.1381197439228991e+05,2.1577668198777427e+05,1.4129111519656957e+04,1.8104147524516275e+03
5.2500000000000002e-05,1.4924490716745740e+04,2.1227275457071478e+05,2.1422389325498050e+05,1.4025902309420515e+04,1.7971947075389317e+03
5.3000000000000001e-05,1.4815471936968837e+04,2.1074454783948135e+05,2.1268199622645299e+05,1.3923441380309945e+04,1.7840721151695343e+03
5.3499999999999999e-05,1.4707249505594682e+04,2.0922705878716760e+05,2.1115107333312437e+05,1.3821726767542557e+04,1.7710436922492781e+03
5.3999999999999998e-05,1.4599817605544964e+04,2.0772054208416209e+05,2.0963094528228094e+05,1.3720755012529140e+04,1.7581123364045338e+03
5.4500000000000003e-05,1.4493170462233336e+04,2.0622469675062929e+05,2.0812172751740250e+05,1.3620525135244548e+04,1.7452746746617979e+03
5.5000000000000002e-05,1.4387302343255014e+04,2.0473969136987659e+05,2.0662323891515343e+05,1.3521031075315841e+04,1.7325327179129454e+03
5.5500000000000001e-05,1.4282207558078651e+04,2.0326516066349420e+05,2.0513553521727247e+05,1.3422267111658726e+04,1.7198825130005441e+03
5.5999999999999999e-05,1.4177880457740472e+04,2.0180121966768953e+05,2.0365838058531776e+05,1.3324223427857800e+04,1.7073255867439884e+03
5.6499999999999998e-05,1.4074315434540626e+04,2.0034753571897792e+05,2.0219178781254980e+05,1.3226893406515195e+04,1.6948583848159069e+03
5.7000000000000003e-05,1.3971506921741779e+04,1.9890427633928490e+05,2.0073553765960646e+05,1.3130269843145517e+04,1.6824829549401247e+03
5.7500000000000002e-05,1.3869449393269884e+04,1.9747119265314436e+05,1.9928968407395936e+05,1.3034350373838077e+04,1.6701965633953375e+03
5.8000000000000000e-05,1.3768137363417150e+04,1.9604847778013704e+05,1.9785407112215480e+05,1.2939131452583748e+04,1.6580014421917167e+03
5.8499999999999999e-05,1.3667565386547192e+04,1.9463587818032800e+05,1.9642878017175302e+05,1.2844611546979089e+04,1.6458947815836877e+03
5.8999999999999998e-05,1.3567728056802296e+04,1.9323351889478043e+05,1.9501365390153864e+05,1.2750785043822523e+04,1.6338781120905155e+03
5.9500000000000003e-05,1.3468620007812871e+04,1.9184109380846209e+05,1.9360872638483456e+05,1.2657646607916573e+04,1.6219481469573261e+03
6.0000000000000002e-05,1.3370235912409000e+04,1.9045868525816838e+05,1.9221379589866684e+05,1.2565187586197493e+04,1.6101060314824942e+03
6.0500000000000000e-05,1.3272570482334078e+04,1.8908601262964928e+05,1.9082886214217159e+05,1.2473401911841434e+04,1.5983487914025438e+03
6.0999999999999999e-05,1.3175618467960589e+04,1.8772320152252569e+05,1.8945373640317819e+05,1.2382283039077007e+04,1.5866780020636006e+03
6.1500000000000004e-05,1.3079374658007904e+04,1.8637003904117324e+05,1.8808845216572116e+05,1.2291828365871923e+04,1.5750913512293655e+03
6.2000000000000003e-05,1.2983833879262198e+04,1.8502667273646005e+05,1.8673287206816202e+05,1.2202034339908096e+04,1.5635905758102633e+03
6.2500000000000001e-05,1.2888990996298364e+04,1.8369288580035424e+05,1.8538705261175928e+05,1.2112899067400538e+04,1.5521732991097067e+03
6.3000000000000000e-05,1.2794840911203983e+04,1.8236877107136761e+05,1.8405085538652021e+05,1.2024417328609987e+04,1.5408406940548193e+03
6.3499999999999999e-05,1.2701378563305307e+04,1.8105406824343634e+05,1.8272429883448884e+05,1.1936584135193410e+04,1.5295899874556546e+03
6.3999999999999997e-05,1.2608598928895246e+04,1.7974883558679826e+05,1.8140720804850923e+05,1.1849391774532416e+04,1.5184220410058351e+03
6.4499999999999996e-05,1.2516497020963327e+04,1.7845283310248889e+05,1.8009957356207597e+05,1.1762834655019535e+04,1.5073343307686132e+03
6.4999999999999994e-05,1.2425067888927646e+04,1.7716615514735878e+05,1.7880123086288266e+05,1.1676906789996683e+04,1.4963280776031734e+03
6.5500000000000006e-05,1.2334306618368764e+04,1.7588861724433504e+05,1.7751219857419140e+05,1.1591605448560684e+04,1.4854012994727238e+03
6.6000000000000005e-05,1.2244208330765559e+04,1.7462033267878572e+05,1.7623235442463381e+05,1.1506927125378395e+04,1.4745553589980661e+03
6.6500000000000004e-05,1.2154768183232987e+04,1.7336111368377350e+05,1.7496173654521996e+05,1.1422869697759499e+04,1.4637882192922555e+03
6.7000000000000002e-05,1.2065981368261784e+04,1.7211102895445214e+05,1.7370022187849888e+05,1.1339428297656548e+04,1.4531007831408697e+03
6.7500000000000001e-05,1.1977843113460045e+04,1.7086985435766977e+05,1.7244781750683044e+05,1.1256598252250831e+04,1.4424906808413166e+03
6.7999999999999999e-05,1.1890348681296715e+04,1.6963763024086753e+05,1.7120437003305316e+05,1.1174372625396383e+04,1.4319585603857970e+03
6.8499999999999998e-05,1.1803493368846932e+04,1.6841414890344726e+05,1.6996986359567216e+05,1.1092746242325669e+04,1.4215022540085081e+03
6.8999999999999997e-05,1.1717272507539239e+04,1.6719948111211497e+05,1.6874415324266948e+05,1.1011713599225253e+04,1.4111227127644120e+03
6.9499999999999995e-05,1.1631681462904660e+04,1.6599346526279626e+05,1.6752724672986518e+05,1.0931271911388922e+04,1.4008182181195355e+03
6.9999999999999994e-05,1.1546715634327567e+04,1.6479618853657640e+05,1.6631903428166627e+05,1.0851417755414017e+04,1.3905898458005920e+03
7.0500000000000006e-05,1.1462370454798400e+04,1.6360748655444715e+05,1.6511954033174179e+05,1.0772148872873928e+04,1.3804358304094108e+03
7.1000000000000005e-05,1.1378641390668203e+04,1.6242740970853041e+05,1.6392865452244767e+05,1.0693460713796318e+04,1.3703568681175680e+03
7.1500000000000003e-05,1.1295523941404912e+04,1.6125576293104351e+05,1.6274637565307217e+05,1.0615348894870351e+04,1.3603509116862399e+03
7.2000000000000002e-05,1.1213013639351453e+04,1.6009257310119001e+05,1.6157256789191990e+05,1.0537807132787602e+04,1.3504184462700030e+03
7.2500000000000000e-05,1.1131106049485606e+04,1.5893765863761911e+05,1.6040721096757019e+05,1.0460830623170736e+04,1.3405575904929221e+03
7.2999999999999999e-05,1.1049796769181616e+04,1.5779107230308617e+05,1.5925017601157026e+05,1.0384414285174615e+04,1.3307690875881333e+03
7.3499999999999998e-05,1.0969081427973539e+04,1.5665267121274883e+05,1.5810146280715146e+05,1.0308555332245294e+04,1.3210514327730434e+03
7.3999999999999996e-05,1.0888955687320331e+04,1.5552252244249167e+05,1.5696097209797482e+05,1.0233250445500667e+04,1.3114054792582631e+03
7.4499999999999995e-05,1.0809415240372655e+04,1.5440048075909744e+05,1.5582871803859592e+05,1.0158497296953494e+04,1.3018296820479497e+03
7.4999999999999993e-05,1.0730455811741364e+04,1.5328658255565137e+05,1.5470460095018879e+05,1.0084291626860544e+04,1.2923245776446436e+03
7.5500000000000006e-05,1.0652073157267701e+04,1.5218065648344770e+05,1.5358861359817861e+05,1.0010629319219039e+04,1.2828883804703360e+03
7.6000000000000004e-05,1.0574263063795192e+04,1.5108271923519560e+05,1.5248063472386228e+05,9.9375046482356083e+03,1.2735214504662556e+03
7.6500000000000003e-05,1.0497021348943144e+04,1.4999261067013553e+05,1.5138064108616594e+05,9.8649131420788235e+03,1.2642221399529567e+03
7.7000000000000001e-05,1.0420343860881871e+04,1.4891036969073332e+05,1.5028851724338345e+05,9.7928500948010296e+03,1.2549910304569298e+03
7.7500000000000000e-05,1.0344226478109511e+04,1.4783586896058713e+05,1.4920425713476236e+05,9.7213127540160021e+03,1.2458267931401222e+03
7.7999999999999999e-05,1.0268665109230500e+04,1.4676915992936122e+05,1.4812777048708775e+05,9.6502979194930231e+03,1.2367301068758625e+03
7.8499999999999997e-05,1.0193655692735647e+04,1.4571011326659209e+05,1.4705906371224191e+05,9.5798032409677653e+03,1.2276996081709453e+03
7.8999999999999996e-05,1.0119194196783830e+04,1.4465875458450685e+05,1.4599804623979825e+05,9.5098247253013233e+03,1.2187357090705177e+03
7.9499999999999994e-05,1.0045276618985274e+04,1.4361493216049462e+05,1.4494470646615457e+05,9.4403585044452775e+03,1.2098368392303703e+03
8.0000000000000007e-05,9.9718989861864229e+03,1.4257865495176584e+05,1.4389893539342875e+05,9.3713993351257996e+03,1.2010032616095421e+03
8.0500000000000005e-05,9.8990573542563779e+03,1.4154978065455312e+05,1.4286070786613657e+05,9.3029430465788155e+03,1.1922335217597540e+03
8.1000000000000004e-05,9.8267478078748918e+03,1.4052833742773233e+05,1.4182991980268870e+05,9.2349852683816025e+03,1.1835280743049022e+03
8.1500000000000002e-05,9.7549664603219189e+03,1.3951421102101286e+05,1.4080656088219778e+05,9.1675233071538096e+03,1.1748857371359463e+03
8.2000000000000001e-05,9.6837094532686951e+03,1.3850744064767653e+05,1.3979054859879095e+05,9.1005540895807753e+03,1.1663070513490557e+03
8.2500000000000000e-05,9.6129729565703619e+03,1.3750791035865925e+05,1.3878188352685477e+05,9.0340752769664196e+03,1.1577908048436959e+03
8.2999999999999998e-05,9.5427531680600750e+03,1.3651563742205471e+05,1.3778048296190880e+05,8.9680831223353052e+03,1.1493373119646717e+03
8.3499999999999997e-05,9.4730463133446374e+03,1.3553048655747611e+05,1.3678633217619424e+05,8.9025739884360610e+03,1.1409451815919151e+03
8.3999999999999995e-05,9.4038486456016344e+03,1.3455246083871360e+05,1.3579933261610259e+05,8.8375430544170231e+03,1.1326146011499036e+03
8.4499999999999994e-05,9.3351564453780229e+03,1.3358143298005051e+05,1.3481945799034677e+05,8.7729864239219241e+03,1.1243442778695880e+03
8.5000000000000006e-05,9.2669660203902058e+03,1.3261742276955000e+05,1.3384661394368188e+05,8.7089000292262026e+03,1.1161345660712252e+03
8.5500000000000005e-05,9.1992737053255860e+03,1.3166032710074954e+05,1.3288078708513029e+05,8.6452812528474115e+03,1.1079844074519924e+03
8.6000000000000003e-05,9.1320758616455314e+03,1.3071017554679507e+05,1.3192190169781464e+05,8.5821271525464726e+03,1.0998942334159269e+03
8.6500000000000002e-05,9.0653688773898048e+03,1.2976686354944127e+05,1.3096995396446394e+05,8.5194354253496949e+03,1.0918629595988918e+03
8.7000000000000001e-05,8.9991491669824245e+03,1.2883040189785068e+05,1.3002486804729202e+05,8.4572025524746950e+03,1.0838908232109729e+03
8.7499999999999999e-05,8.9334131710389302e+03,1.2790066924093862e+05,1.2908662703279930e+05,8.3954251120581866e+03,1.0759765840262776e+03
8.7999999999999998e-05,8.8681573561750556e+03,1.2697766418257632e+05,1.2815514136258967e+05,8.3340986567011041e+03,1.0681203704055106e+03
8.8499999999999996e-05,8.8033782148168193e+03,1.2606127221854727e+05,1.2723038418656183e+05,8.2732195415230672e+03,1.0603210263134038e+03
8.8999999999999995e-05,8.7390722650119769e+03,1.2515150659159914e+05,1.2631226956497227e+05,8.2127839736946444e+03,1.0525788263203028e+03
8.9499999999999994e-05,8.6752360502428673e+03,1.2424827378496263e+05,1.2540078193790370e+05,8.1527894228113564e+03,1.0448928176925021e+03
9.0000000000000006e-05,8.6118661392406175e+03,1.2335159574092066e+05,1.2449585157816901e+05,8.0932330789813586e+03,1.0372633439510621e+03
9.0500000000000004e-05,8.5489591258007131e+03,1.2246137769828481e+05,1.2359747138358263e+05,8.0341126920374172e+03,1.0296894296277487e+03
9.1000000000000003e-05,8.4865116285999120e+03,1.2157762540847395e+05,1.2270557156725322e+05,7.9754249553868412e+03,1.0221712507634957e+03
9.1500000000000001e-05,8.4245202910144799e+03,1.2070022943981284e+05,1.2182013374170731e+05,7.9171666485757960e+03,1.0147076954470754e+03
9.2000000000000000e-05,8.3629817809397828e+03,1.1982918501411320e+05,1.2094107617159757e+05,7.8593336571467298e+03,1.0072988457431795e+03
9.2499999999999999e-05,8.3018927906111894e+03,1.1896438861102914e+05,1.2006837187622279e+05,7.8019225677049253e+03,9.9994366237632062e+02
9.2999999999999997e-05,8.2412500364262451e+03,1.1810584834528592e+05,1.1920194226521353e+05,7.7449298384401282e+03,9.9264235620434124e+02
9.3499999999999996e-05,8.1810502587682067e+03,1.1725347902982750e+05,1.1834177029617320e+05,7.6883530330647172e+03,9.8539406536746537e+02
9.3999999999999994e-05,8.1212902218308218e+03,1.1640729654532982e+05,1.1748779156947925e+05,7.6321894732721121e+03,9.7819906260233529e+02
9.4500000000000007e-05,8.0619667134443889e+03,1.1556721463505900e+05,1.1663999655122202e+05,7.5764369735786804e+03,9.7105646614315754e+02
9.5000000000000005e-05,8.0030765449031232e+03,1.1473323513525199e+05,1.1579832083019070e+05,7.5210924251812485e+03,9.6396640336502776e+02
9.5500000000000004e-05,7.9446165507937430e+03,1.1390525890635356e+05,1.1496274508709052e+05,7.4661527962552500e+03,9.5692787245948443e+02
9.6000000000000002e-05,7.8865835888253250e+03,1.1308327863118643e+05,1.1413319444921339e+05,7.4116142713083900e+03,9.4994091917280912e+02
9.6500000000000001e-05,7.8289745396604130e+03,1.1226720031111201e+05,1.1330964212251626e+05,7.3574736508063615e+03,9.4300460480863535e+02
9.7000000000000000e-05,7.7717863067473436e+03,1.1145702804187566e+05,1.1249201598801985e+05,7.3037276232051081e+03,9.3611908913318041e+02
9.7499999999999998e-05,7.7150158161538011e+03,1.1065268393223043e+05,1.1168029804593498e+05,7.2503738503522845e+03,9.2928358917993887e+02
9.7999999999999997e-05,7.6586600164015954e+03,1.0985417903665020e+05,1.1087442866875534e+05,7.1974097833384549e+03,9.2249832042066078e+02
9.8499999999999995e-05,7.6027158783026371e+03,1.0906143454199698e+05,1.1007439655228089e+05,7.1448333093770534e+03,9.1576248239816027e+02
9.8999999999999994e-05,7.5471803947961198e+03,1.0827444924970102e+05,1.0928014209509720e+05,7.0926415043884117e+03,9.0907616368862512e+02
9.9500000000000006e-05,7.4920505807868767e+03,1.0749313297992270e+05,1.0849164545998856e+05,7.0408315134217464e+03,9.0243845773538624e+02
1.0000000000000000e-04,7.4373234729849491e+03,1.0671747653352715e+05,1.0770883784064828e+05,6.9893997910997095e+03,8.9584938181776670e+02
1.0050000000000000e-04,7.3829961297462851e+03,1.0594739423114997e+05,1.0693169286344611e+05,6.9383433360574045e+03,8.8930808456943123e+02
1.0100000000000000e-04,7.3290656309146279e+03,1.0518288702323733e+05,1.0616014414940917e+05,6.8876590487873873e+03,8.8281468467200739e+02
1.0150000000000000e-04,7.2755290776645643e+03,1.0442388345647458e+05,1.0539417314392485e+05,6.8373446910806742e+03,8.7636846817867990e+02
1.0200000000000000e-04,7.2223835923457000e+03,1.0367039073847511e+05,1.0463372452027124e+05,6.7873978402473304e+03,8.6996960406646770e+02
1.0250000000000000e-04,7.1696263183279816e+03,1.0292233661946462e+05,1.0387878571889861e+05,6.7378164613284325e+03,8.6361736296914967e+02
1.0300000000000000e-04,7.1172544198481582e+03,1.0217971756046081e+05,1.0312930146850317e+05,6.6885978030326150e+03,8.5731180250226657e+02
1.0349999999999999e-04,7.0652650818573493e+03,1.0144245123901183e+05,1.0238525172999312e+05,6.6397391764187532e+03,8.5105209912759892e+02
1.0399999999999999e-04,7.0136555098697299e+03,1.0071052708827803e+05,1.0164657309614125e+05,6.5912372814523715e+03,8.4483824787227741e+02
1.0450000000000001e-04,6.9624229298123319e+03,9.9983866749250883e+04,1.0091323978416316e+05,6.5430893008540043e+03,8.3866947374336132e+02
1.0500000000000000e-04,6.9115645878759351e+03,9.9262468719256256e+04,1.0018519053937364e+05,6.4952923309928156e+03,8.3254586232474708e+02
1.0550000000000000e-04,6.8610777503670315e+03,9.8546267263761038e+04,9.9462406561072581e+04,6.4478442337930137e+03,8.2646676047071219e+02
1.0600000000000000e-04,6.8109597035609049e+03,9.7835266524529376e+04,9.8744836419184008e+04,6.4007427089338216e+03,8.2043229930053769e+02
1.0650000000000000e-04,6.7612077535557546e+03,9.7129400077389568e+04,9.8032466700831166e+04,6.3539858022557673e+03,8.1444181203263520e+02
1.0700000000000000e-04,6.7118192261279009e+03,9.6428662593202491e+04,9.7325246053974610e+04,6.3075709242945213e+03,8.0849533158428676e+02
1.0750000000000000e-04,6.6627914665880317e+03,9.5732978686139948e+04,9.6623154478442666e+04,6.2614955420408678e+03,8.0259210726397396e+02
1.0800000000000000e-04,6.6141218396385257e+03,9.5042336825378065e+04,9.5926133401210071e+04,6.2157565793193517e+03,7.9673211679000451e+02
1.0849999999999999e-04,6.5658077292317921e+03,9.4356665134598181e+04,9.5234157752458530e+04,6.1703513902064060e+03,7.9091465239857587e+02
1.0900000000000001e-04,6.5178465384296514e+03,9.3675960208961042e+04,9.4547170878401288e+04,6.1252772525086257e+03,7.8513977298692760e+02
1.0950000000000001e-04,6.4702356892637617e+03,9.3000161424136342e+04,9.3865153968574232e+04,6.0805321272921256e+03,7.7940687930608010e+02
1.1000000000000000e-04,6.4229726225970362e+03,9.2329270482072810e+04,9.3188059139743214e+04,6.0361138323136238e+03,7.7371607158446488e+02
1.1050000000000000e-04,6.3760547979860894e+03,9.1663226160073449e+04,9.2515872439998682e+04,5.9920204955661648e+03,7.6806673847915022e+02
1.1100000000000000e-04,6.3294796935446921e+03,9.1002021776465175e+04,9.1848546081362583e+04,5.9482496793015280e+03,7.6245889323690403e+02
1.1150000000000000e-04,6.2832448058082100e+03,9.0345588106084935e+04,9.1186060285127474e+04,5.9047989970667240e+03,7.5689184948178502e+02
1.1200000000000000e-04,6.2373476495990417e+03,8.9693912971614540e+04,9.0528360829914745e+04,5.8616655777459255e+03,7.5136557157087327e+02
1.1250000000000000e-04,6.1917857578930380e+03,8.9046930270861485e+04,8.9875423443955078e+04,5.8188469351984104e+03,7.4587941127278225e+02
1.1300000000000000e-04,6.1465566816868995e+03,8.8404635137008561e+04,8.9227195625484368e+04,5.7763405156781646e+03,7.4043340596973599e+02
1.1349999999999999e-04,6.1016579898665359e+03,8.7766971536417754e+04,8.8583658734353201e+04,5.7341443775461676e+03,7.3502700445957487e+02
1.1400000000000001e-04,6.0570872690763863e+03,8.7133939235186146e+04,8.7944768128807074e+04,5.6922564520735614e+03,7.2966028172842516e+02
1.1450000000000000e-04,6.0128421235897140e+03,8.6505481679544537e+04,8.7310509563564789e+04,5.6506749495463682e+03,7.2433267581837231e+02
1.1500000000000000e-04,5.9689201751798173e+03,8.5881591184243705e+04,8.6680838504996907e+04,5.6093975745728258e+03,7.1904418435860737e+02
1.1550000000000000e-04,5.9253190629922028e+03,8.5262204025468018e+04,8.6055735533056330e+04,5.5684220785132584e+03,7.1379417807596838e+02
1.1600000000000000e-04,5.8820364434176918e+03,8.4647307629164949e+04,8.5435150362305227e+04,5.5277457787294334e+03,7.0858261112827131e+02
1.1650000000000000e-04,5.8390699899664442e+03,8.4036841063077954e+04,8.4819059575618259e+04,5.4873663382894338e+03,7.0340888828701031e+02
1.1700000000000000e-04,5.7964173931429004e+03,8.3430798351089907e+04,8.4207414435136219e+04,5.4472813601392245e+03,6.9827302960876125e+02
1.1750000000000000e-04,5.7540763603216592e+03,8.2829127603209112e+04,8.3600196607174672e+04,5.4074889974756961e+03,6.9317452694241456e+02
1.1800000000000000e-04,5.7120446156242324e+03,8.2231827056797803e+04,8.2997364422841725e+04,5.3679872903750884e+03,6.8811343463185403e+02
1.1849999999999999e-04,5.6703198997967193e+03,8.1638844369002793e+04,8.2398903535126432e+04,5.3287745306520046e+03,6.8308923493598900e+02
1.1900000000000001e-04,5.6288999700883687e+03,8.1050171129698661e+04,8.1804772392622195e+04,5.2898485565818683e+03,6.7810191314433905e+02
1.1950000000000000e-04,5.5877826001310323e+03,8.0465748551931407e+04,8.1214952035675175e+04,5.2512072491702511e+03,6.7315089094272878e+02
1.2000000000000000e-04,5.5469655798194872e+03,7.9885563861156726e+04,8.0629395753905323e+04,5.2128480995260979e+03,6.6823611482771457e+02
1.2050000000000000e-04,5.5064467151926428e+03,7.9309560776022117e+04,8.0048081019473117e+04,5.1747689102243394e+03,6.6335703699373596e+02
1.2100000000000000e-04,5.4662238283156221e+03,7.8737732494207041e+04,7.9470962520331232e+04,5.1369674302106050e+03,6.5851366357725806e+02
1.2150000000000000e-04,5.4262947571626783e+03,7.8170030881829967e+04,7.8898022330948603e+04,5.0994419046305775e+03,6.5370552518065142e+02
1.2200000000000000e-04,5.3866573555009982e+03,7.7606452977298613e+04,7.8329221517368409e+04,5.0621904776022257e+03,6.4893265926606432e+02
1.2250000000000000e-04,5.3473094927753309e+03,7.7046950251886999e+04,7.7764545779751905e+04,5.0252115210342099e+03,6.4419458786519090e+02
1.2300000000000001e-04,5.3082490539934770e+03,7.6491513793294493e+04,7.7203956308160370e+04,4.9885029987830603e+03,6.3949128658567861e+02
1.2349999999999999e-04,5.2694739396125933e+03,7.5940089264720707e+04,7.6647434677233512e+04,4.9520629138571085e+03,6.3482222280279029e+02
1.2400000000000001e-04,5.2309820654263476e+03,7.5392663844867391e+04,7.6094937436146472e+04,4.9158889179441676e+03,6.3018733739137065e+02
1.2449999999999999e-04,5.1927713624528969e+03,7.4849185454335267e+04,7.5546442964066679e+04,4.8799789441923731e+03,6.2558612516794381e+02
1.2500000000000000e-04,5.1548397768236546e+03,7.4309646692050970e+04,7.5001909078230936e+04,4.8443308777789298e+03,6.2101858112503351e+02
1.2549999999999999e-04,5.1171852696729220e+03,7.3774002842010945e+04,7.4461318335819029e+04,4.8089430526221740e+03,6.1648427089651682e+02
1.2600000000000000e-04,5.0798058170282739e+03,7.3242250011327633e+04,7.3924634325757768e+04,4.7738137121321251e+03,6.1198321814686403e+02
1.2650000000000001e-04,5.0426994097017805e+03,7.2714343139341028e+04,7.3391842910318359e+04,4.7389413063867305e+03,6.0751498083372962e+02
1.2700000000000000e-04,5.0058640531820074e+03,7.2190272989411693e+04,7.2862907806703413e+04,4.7043239172842650e+03,6.0307952704171976e+02
1.2750000000000001e-04,4.9692977675268039e+03,7.1669989252504311e+04,7.2337811175849551e+04,4.6699596626763205e+03,5.9867636528672597e+02
1.2799999999999999e-04,4.9329985872568877e+03,7.1153479180395341e+04,7.1816512548878993e+04,4.6358463429916710e+03,5.9430543246111245e+02
1.2850000000000001e-04,4.8969645612501899e+03,7.0640694504832703e+04,7.1298991216665003e+04,4.6019820137005208e+03,5.8996626184688716e+02
1.2899999999999999e-04,4.8611937526369884e+03,7.0131627408710425e+04,7.0785207864036391e+04,4.5683646872541303e+03,5.8565883956060179e+02
1.2950000000000000e-04,4.8256842386957887e+03,6.9626236296860967e+04,7.0275145584028243e+04,4.5349927829837934e+03,5.8138276302401459e+02
1.2999999999999999e-04,4.7904341107499868e+03,6.9124516562598379e+04,6.9768770298412390e+04,4.5018646389051719e+03,5.7713804463986094e+02
1.3050000000000000e-04,4.7554414740652619e+03,6.8626426309644376e+04,6.9266068119418429e+04,4.4689787809889767e+03,5.7292427494135291e+02
1.3100000000000001e-04,4.7207044477477493e+03,6.8131956118748523e+04,6.8767005099526184e+04,4.4363334021342225e+03,5.6874141624533399e+02
1.3150000000000000e-04,4.6862211646429269e+03,6.7641059339858330e+04,6.8271564020720514e+04,4.4039267283220897e+03,5.6458901425820841e+02
1.3200000000000001e-04,4.6519897712352540e+03,6.7153723390502288e+04,6.7779707150368922e+04,4.3717566980275096e+03,5.6046700320610955e+02
1.3250000000000000e-04,4.6180084275485569e+03,6.6669903471382859e+04,6.7291414685764932e+04,4.3398214814022713e+03,5.5637495121669735e+02
1.3300000000000001e-04,4.5842753070471035e+03,6.6189591495962348e+04,6.6806649947070924e+04,4.3081192099306054e+03,5.5231283738605714e+02
1.3349999999999999e-04,4.5507885965374517e+03,6.5712748727550876e+04,6.6325396599396205e+04,4.2766483848936914e+03,5.4828028808076613e+02
1.3400000000000000e-04,4.5175464960709687e+03,6.5239370022461924e+04,6.5847622726201167e+04,4.2454074343254852e+03,5.4427730653133835e+02
1.3449999999999999e-04,4.4845472188470922e+03,6.4769416380791656e+04,6.5373314755854612e+04,4.2143949575681272e+03,5.4030351291188435e+02
1.3500000000000000e-04,4.4517889911172806e+03,6.4302878313231085e+04,6.4902440903498653e+04,4.1836092519369540e+03,5.3635886519887265e+02
1.3549999999999999e-04,4.4192700520896806e+03,6.3839712504935553e+04,6.4434984593322275e+04,4.1530486452419500e+03,5.3244294283999204e+02
1.3600000000000000e-04,4.3869886538344726e+03,6.3379906610057340e+04,6.3970910610311083e+04,4.1227112042996587e+03,5.2855567844973871e+02
1.3650000000000001e-04,4.3549430611899270e+03,6.2923418997001456e+04,6.3510200045286532e+04,4.0925952068527859e+03,5.2469667183197612e+02
1.3700000000000000e-04,4.3231315516691293e+03,6.2470241427117959e+04,6.3052818646546584e+04,4.0626988958151928e+03,5.2086589658153093e+02
1.3750000000000001e-04,4.2915524153674005e+03,6.2020337789258512e+04,6.2598750674109957e+04,4.0330208509122581e+03,5.1706300550456740e+02
1.3799999999999999e-04,4.2602039548703860e+03,6.1573702546372675e+04,6.2147966218291331e+04,4.0035595857334442e+03,5.1328799438358010e+02
1.3850000000000001e-04,4.2290844851628135e+03,6.1130299357181095e+04,6.1700452072412430e+04,3.9743137703088341e+03,5.0954051044955145e+02
1.3899999999999999e-04,4.1981923335379315e+03,6.0690118751215487e+04,6.1256178458285955e+04,3.9452818002057679e+03,5.0582050849846235e+02
1.3950000000000000e-04,4.1675258395075853e+03,6.0253120463116422e+04,6.0815129452758098e+04,3.9164620991457341e+03,5.0212759869196657e+02
1.3999999999999999e-04,4.1370833547129769e+03,5.9819292436978874e+04,6.0377272162949135e+04,3.8878528534466586e+03,4.9846171287478933e+02
1.4050000000000000e-04,4.1068632428360543e+03,5.9388595942376138e+04,5.9942588554577931e+04,3.8594524418493165e+03,4.9482247973798951e+02
1.4100000000000001e-04,4.0768638795115653e+03,5.8961022682045565e+04,5.9511046618371358e+04,3.8312592116650853e+03,4.9120986861899735e+02
1.4150000000000000e-04,4.0470836522397444e+03,5.8536538962579136e+04,5.9082631221518175e+04,3.8032718175612622e+03,4.8762355654520906e+02
1.4200000000000001e-04,4.0175209602996310e+03,5.8115138970078166e+04,5.8657314320565136e+04,3.7754888543621955e+03,4.8406353327508026e+02
1.4249999999999999e-04,3.9881742146630418e+03,5.7696788809976220e+04,5.8235083108661456e+04,3.7479090600042227e+03,4.8052947081014378e+02
1.4300000000000001e-04,3.9590418379091457e+03,5.7281479100315482e+04,5.7815909672757392e+04,3.7205309225302417e+03,4.7702132170675219e+02
1.4349999999999999e-04,3.9301222641396862e+03,5.6869172371884611e+04,5.7399778744405354e+04,3.6933529560129900e+03,4.7353872417087774e+02
1.4400000000000000e-04,3.9014139388948042e+03,5.6459856897888851e+04,5.6986659577298524e+04,3.6663734581911413e+03,4.7008160994586439e+02
1.4449999999999999e-04,3.8729153190694951e+03,5.6053496612167794e+04,5.6576534989155887e+04,3.6395909026636618e+03,4.6664963414436124e+02
1.4500000000000000e-04,3.8446248728306496e+03,5.5650083232912017e+04,5.6169375045983019e+04,3.6130037346218360e+03,4.6324276286399078e+02
1.4550000000000001e-04,3.8165410795347316e+03,5.5249585298267601e+04,5.5765165226062549e+04,3.5866106802105915e+03,4.5986069538020035e+02
1.4600000000000000e-04,3.7886624296460350e+03,5.4851996811749028e+04,5.5363879224007644e+04,3.5604104113223570e+03,4.5650341660370145e+02
1.4650000000000001e-04,3.7609874246555346e+03,5.4457286135800794e+04,5.4965504656477780e+04,3.5344017309692895e+03,4.5317062127462805e+02
1.4700000000000000e-04,3.7335145770003610e+03,5.4065444030976389e+04,5.4570015346687236e+04,3.5085832142525637e+03,4.4986226047064440e+02
1.4750000000000001e-04,3.7062424099838222e+03,5.3676435598611264e+04,5.4177396676373100e+04,3.4829534603689067e+03,4.4657799807746596e+02
1.4799999999999999e-04,3.6791694576960454e+03,5.3290249468769602e+04,5.3787619887498971e+04,3.4575108710690470e+03,4.4331776626362324e+02
1.4850000000000000e-04,3.6522942649351671e+03,5.2906852028104870e+04,5.3400668623783204e+04,3.4322540090840685e+03,4.4008124437433514e+02
1.4899999999999999e-04,3.6256153871291299e+03,5.2526235068433220e+04,5.3016514875484441e+04,3.4071814114333465e+03,4.3686839609842468e+02
1.4950000000000000e-04,3.5991313902580223e+03,5.2148369191973557e+04,5.2635144729354615e+04,3.3822918723388711e+03,4.3367894119702885e+02
1.4999999999999999e-04,3.5728408507770059e+03,5.1773248295599420e+04,5.2256533500894511e+04,3.3575841367552921e+03,4.3051286070433929e+02
1.5050000000000000e-04,3.5467423555397954e+03,5.1400842828274639e+04,5.1880669244973455e+04,3.3330570699294722e+03,4.2736987028580506e+02
1.5100000000000001e-04,3.5208345017227020e+03,5.1031143734274650e+04,5.1507527403349726e+04,3.3087093289369936e+03,4.2424992015313353e+02
1.5150000000000000e-04,3.4951158967492315e+03,5.0664118483776219e+04,5.1137093998319528e+04,3.2845395931824723e+03,4.2115269776892910e+02
1.5200000000000001e-04,3.4695851582152231e+03,5.0299756082236403e+04,5.0769342116859552e+04,3.2605463616177467e+03,4.1807813613728706e+02
1.5249999999999999e-04,3.4442409138145595e+03,4.9938025179655080e+04,5.0404256200502132e+04,3.2367282807594847e+03,4.1502593688487377e+02
1.5300000000000001e-04,3.4190818012653822e+03,4.9578917686622721e+04,5.0041810026828709e+04,3.2130839738268205e+03,4.1199606196842308e+02
1.5349999999999999e-04,3.3941064682368910e+03,4.9222406118232058e+04,4.9681990283322884e+04,3.1896122998008909e+03,4.0898825005472486e+02
1.5400000000000000e-04,3.3693135722766347e+03,4.8868484325551668e+04,4.9324773798939204e+04,3.1663120728572944e+03,4.0600247910234941e+02
1.5449999999999999e-04,3.3447017807383681e+03,4.8517124690284661e+04,4.8970149074256973e+04,3.1431822176550040e+03,4.0303848407780617e+02
1.5500000000000000e-04,3.3202697707104076e+03,4.8168318371187583e+04,4.8618093061741580e+04,3.1202214684703044e+03,4.0009621481720137e+02
1.5550000000000001e-04,3.2960162289445348e+03,4.7822035026276200e+04,4.8268592410694473e+04,3.0974285802906707e+03,3.9717538048293852e+02
1.5600000000000000e-04,3.2719398517853992e+03,4.7478264047504083e+04,4.7921621923038809e+04,3.0748021429927853e+03,3.9427591522971954e+02
1.5650000000000001e-04,3.2480393451004479e+03,4.7136976177848985e+04,4.7577166808477385e+04,3.0523408818815378e+03,3.9139754122028262e+02
1.5699999999999999e-04,3.2243134242103702e+03,4.6798163481136871e+04,4.7235202507376031e+04,3.0300435011340774e+03,3.8854021922803827e+02
1.5750000000000001e-04,3.2007608138200335e+03,4.6461800248387764e+04,4.6895716296251507e+04,3.0079089212689692e+03,3.8570370540394686e+02
1.5799999999999999e-04,3.1773802479499468e+03,4.6127880333207868e+04,4.6558686418768484e+04,2.9859360220071258e+03,3.8288797528996218e+02
1.5850000000000000e-04,3.1541704698682011e+03,4.5796377910879339e+04,4.6224101822960918e+04,2.9641237846377271e+03,3.8009278169371441e+02
1.5899999999999999e-04,3.1311302320229320e+03,4.5467284376852287e+04,4.5891940872967440e+04,2.9424710161531425e+03,3.7731807446480161e+02
1.5950000000000000e-04,3.1082582959752440e+03,4.5140571414013102e+04,4.5562190828558159e+04,2.9209765427712691e+03,3.7456358278412159e+02
1.6000000000000001e-04,3.0855534323326638e+03,4.4816228805934850e+04,4.5234828088162729e+04,2.8996390394979144e+03,3.7182924219370756e+02
1.6050000000000000e-04,3.0630144206830473e+03,4.4494229234883096e+04,4.4909838599127528e+04,2.8784573057510183e+03,3.6911479382585304e+02
1.6100000000000001e-04,3.0406400495289777e+03,4.4174564943601457e+04,4.4587199351014569e+04,2.8574301217780912e+03,3.6642019771307753e+02
1.6150000000000000e-04,3.0184291162226586e+03,4.3857211874632485e+04,4.4266898194644178e+04,2.8365564665190368e+03,3.6374522620762917e+02
1.6200000000000001e-04,2.9963804269012580e+03,4.3542163922115258e+04,4.3948914697433887e+04,2.8158352817291379e+03,3.6108985297534082e+02
1.6249999999999999e-04,2.9744927964227427e+03,4.3229396928605944e+04,4.3633238252033509e+04,2.7952656026032546e+03,3.5845384734857913e+02
1.6300000000000000e-04,2.9527650483021753e+03,4.2918902541471485e+04,4.3319848543101332e+04,2.7748463046350121e+03,3.5583715949559326e+02
1.6349999999999999e-04,2.9311960146484780e+03,4.2610654321290116e+04,4.3008733422115896e+04,2.7545762811758414e+03,3.5323953710510614e+02
1.6400000000000000e-04,2.9097845361016525e+03,4.2304642443576100e+04,4.2699870775874922e+04,2.7344542869988172e+03,3.5066091727882792e+02
1.6449999999999999e-04,2.8885294617704685e+03,4.2000841390831563e+04,4.2393247258409094e+04,2.7144791912577257e+03,3.4810105870835815e+02
1.6500000000000000e-04,2.8674296491705973e+03,4.1699243603184841e+04,4.2088841304614718e+04,2.6946498457081543e+03,3.4555992103919704e+02
1.6550000000000001e-04,2.8464839641632066e+03,4.1399826561387206e+04,4.1786641322601834e+04,2.6749652847070679e+03,3.4303729166375683e+02
1.6600000000000000e-04,2.8256912808939951e+03,4.1102584229522356e+04,4.1486628119593013e+04,2.6554245086954161e+03,3.4053314281301255e+02
1.6650000000000001e-04,2.8050504817326769e+03,4.0807494002477011e+04,4.1188791526385001e+04,2.6360266041189016e+03,3.3804725915373206e+02
1.6699999999999999e-04,2.7845604572129137e+03,4.0514547789045566e+04,4.0893112464088124e+04,2.6167705110097199e+03,3.3557959140831372e+02
1.6750000000000001e-04,2.7642201059726699e+03,4.0223720894209851e+04,4.0599579355516427e+04,2.5976551859957135e+03,3.3312990441205545e+02
1.6799999999999999e-04,2.7440283346950214e+03,3.9935003881908531e+04,4.0308171476866395e+04,2.5786794586485917e+03,3.3069813694576294e+02
1.6850000000000000e-04,2.7239840580493851e+03,3.9648372908739162e+04,4.0018876157817285e+04,2.5598422637570266e+03,3.2828406398726264e+02
1.6899999999999999e-04,2.7040861986331797e+03,3.9363820624751708e+04,3.9731673183415551e+04,2.5411425203221838e+03,3.2588764507502350e+02
1.6950000000000000e-04,2.6843336869139166e+03,3.9081325945446166e+04,3.9446551500367190e+04,2.5225793152292113e+03,3.2350868158796231e+02
1.7000000000000001e-04,2.6647254611717112e+03,3.8800882927135841e+04,3.9163493078085849e+04,2.5041517044148004e+03,3.2114714468019827e+02
1.7050000000000000e-04,2.6452604674422155e+03,3.8522470412180191e+04,3.8882488176193358e+04,2.4858588229991633e+03,3.1880283327374258e+02
1.7100000000000001e-04,2.6259376594599598e+03,3.8246080575648026e+04,3.8603518874582114e+04,2.4676996718263026e+03,3.1647569882275070e+02
1.7149999999999999e-04,2.6067559986021242e+03,3.7971690345914380e+04,3.8326574145906838e+04,2.4496732671684026e+03,3.1416552207930994e+02
1.7200000000000001e-04,2.5877144538327034e+03,3.7699290668773465e+04,3.8051634564992906e+04,2.4317785087849757e+03,3.1187224357923338e+02
1.7249999999999999e-04,2.5688120016470921e+03,3.7428859260213569e+04,3.7778688106332047e+04,2.4140143932551478e+03,3.0959565343444774e+02
1.7300000000000000e-04,2.5500476260170676e+03,3.7160388987872051e+04,3.7507715817712859e+04,2.3963799028400422e+03,3.0733571129463940e+02
1.7349999999999999e-04,2.5314203183361810e+03,3.6893860107331420e+04,3.7238707164549473e+04,2.3788741741812373e+03,3.0509223156685107e+02
1.7400000000000000e-04,2.5129290773655375e+03,3.6629266783495768e+04,3.6971645206580055e+04,2.3614963156756339e+03,3.0286518461632886e+02
1.7450000000000001e-04,2.4945729091799858e+03,3.6366589210333987e+04,3.6706520620708790e+04,2.3442455086262516e+03,3.0065438263968014e+02
1.7500000000000000e-04,2.4763508271146893e+03,3.6105819830236491e+04,3.6443316573739503e+04,2.3271208111830747e+03,2.9845977795228941e+02
1.7550000000000001e-04,2.4582618517120877e+03,3.5846937084859783e+04,3.6182022565944804e+04,2.3101212958419947e+03,2.9628116610940265e+02
1.7600000000000000e-04,2.4403050106692604e+03,3.5589932292875987e+04,3.5922620387370596e+04,2.2932459282660748e+03,2.9411848944202154e+02
1.7650000000000001e-04,2.4224793387856548e+03,3.5334784625135318e+04,3.5665098626898747e+04,2.2764937632191213e+03,2.9197155215116425e+02
1.7699999999999999e-04,2.4047838779112121e+03,3.5081487170530221e+04,3.5409439514648824e+04,2.2598638424928836e+03,2.8984031416432526e+02
1.7750000000000000e-04,2.3872176768948584e+03,3.4830021437939547e+04,3.5155633014052510e+04,2.2433553498308911e+03,2.8772460204312404e+02
1.7799999999999999e-04,2.3697797915333895e+03,3.4580381712293936e+04,3.4903663208537720e+04,2.2269674432042129e+03,2.8562438559292622e+02
1.7850000000000000e-04,2.3524692845207082e+03,3.4332549451362444e+04,3.4653521179044132e+04,2.2106993476955545e+03,2.8353948939194288e+02
1.7899999999999999e-04,2.3352852253974497e+03,3.4086517362815212e+04,3.4405191112690969e+04,2.1945501754621346e+03,2.8146986670619799e+02
1.7950000000000000e-04,2.3182266905009651e+03,3.3842265301195090e+04,3.4158663014732607e+04,2.1785190520015858e+03,2.7941532688354403e+02
1.8000000000000001e-04,2.3012927629156779e+03,3.3599784947191656e+04,3.3913919813663058e+04,2.1626050048953357e+03,2.7737581406104141e+02
1.8050000000000000e-04,2.2844825324237941e+03,3.3359056831079564e+04,3.3670950682909359e+04,2.1468071437084523e+03,2.7535114557905342e+02
1.8100000000000001e-04,2.2677950954563771e+03,3.3120074263397924e+04,3.3429738960830698e+04,2.1311245662716788e+03,2.7334128176619220e+02
1.8149999999999999e-04,2.2512295550447852e+03,3.2882819926625452e+04,3.3190275087695867e+04,2.1155565008922222e+03,2.7134606054094650e+02
1.8200000000000001e-04,2.2347850207724491e+03,3.2647288233057268e+04,3.2952544108767062e+04,2.1001021523735267e+03,2.6936545132799927e+02
1.8249999999999999e-04,2.2184606087270226e+03,3.2413461823694273e+04,3.2716537494488002e+04,2.0847607872656372e+03,2.6739929027248473e+02
1.8300000000000000e-04,2.2022554414528599e+03,3.2181333666942224e+04,3.2482240390511291e+04,2.0695315686284830e+03,2.6544753164712859e+02
1.8349999999999999e-04,2.1861686479038617e+03,3.1950884938532683e+04,3.2249643284274181e+04,2.0544136719263042e+03,2.6350999767367591e+02
1.8400000000000000e-04,2.1701993633966467e+03,3.1722107668859400e+04,3.2018730171950770e+04,2.0394061829482725e+03,2.6158663428211651e+02
1.8450000000000001e-04,2.1543467295640803e+03,3.1494983660338523e+04,3.1789490782367262e+04,2.0245082628847290e+03,2.5967727108747277e+02
1.8500000000000000e-04,2.1386098943091324e+03,3.1269506442868253e+04,3.1561909493759889e+04,2.0097190623346269e+03,2.5778186890647999e+02
1.8550000000000001e-04,2.1229880117590769e+03,3.1045659799232533e+04,3.1335977201815498e+04,1.9950378517448823e+03,2.5590027628485677e+02
1.8599999999999999e-04,2.1074802422200282e+03,3.0823438273019958e+04,3.1111679856152576e+04,1.9804638801481992e+03,2.5403246240368662e+02
1.8650000000000001e-04,2.0920857521318026e+03,3.0602825614428755e+04,3.0889009301245045e+04,1.9659964533412613e+03,2.5217827423058469e+02
1.8699999999999999e-04,2.0768037140231158e+03,3.0383815046038737e+04,3.0667951583903443e+04,1.9516347823644917e+03,2.5033766707327624e+02
1.8750000000000000e-04,2.0616333064671044e+03,3.0166388980886859e+04,3.0448497650984405e+04,1.9373780897892730e+03,2.4851047519083619e+02
1.8799999999999999e-04,2.0465737140371759e+03,2.9950539785656401e+04,3.0230632501025073e+04,1.9232255161547050e+03,2.4669664627344164e+02
1.8850000000000000e-04,2.0316241272631707e+03,2.9736250454964222e+04,3.0014346389893908e+04,1.9091762712941579e+03,2.4489602142233053e+02
1.8900000000000001e-04,2.0167837425878643e+03,2.9523514733594602e+04,2.9799624672552018e+04,1.8952295555095216e+03,2.4310856199888673e+02
1.8950000000000000e-04,2.0020517623237658e+03,2.9312317437144142e+04,2.9586458678644765e+04,1.8813846790751118e+03,2.4133412650773749e+02
1.9000000000000001e-04,1.9874273946102437e+03,2.9102653241587464e+04,2.9374835208691347e+04,1.8676409327828082e+03,2.3957268398776438e+02
1.9050000000000000e-04,1.9729098533709648e+03,2.8894506938202983e+04,2.9164746465056400e+04,1.8539976595466765e+03,2.3782409154786004e+02
1.9100000000000001e-04,1.9584983582716386e+03,2.8687871995563735e+04,2.8956179342378102e+04,1.8404541156365947e+03,2.3608830553591466e+02
1.9149999999999999e-04,1.9441921346780746e+03,2.8482731987177096e+04,2.8749125224358839e+04,1.8270095680369193e+03,2.3436517148553830e+02
1.9200000000000000e-04,1.9299904136145451e+03,2.8279079601786063e+04,2.8543570051547984e+04,1.8136632088121055e+03,2.3265463879837307e+02
1.9249999999999999e-04,1.9158924317224535e+03,2.8076898952902935e+04,2.8339504579350811e+04,1.8004142936374906e+03,2.3095655934204012e+02
1.9300000000000000e-04,1.9018974312192984e+03,2.7876183993947488e+04,2.8136915081055697e+04,1.7872620696441254e+03,2.2927089505346066e+02
1.9349999999999999e-04,1.8880046598579479e+03,2.7676920511112206e+04,2.7935793298923374e+04,1.7742058847299718e+03,2.2759751378329076e+02
1.9400000000000000e-04,1.8742133708861991e+03,2.7479103311489584e+04,2.7736126834621755e+04,1.7612450691032900e+03,2.2593638449929864e+02
1.9450000000000001e-04,1.8605228230066455e+03,2.7282718164698999e+04,2.7537908231825168e+04,1.7483790007566654e+03,2.2428737382759113e+02
1.9500000000000000e-04,1.8469322803368259e+03,2.7087758775835209e+04,2.7341125183392352e+04,1.7356069785992267e+03,2.2265043914212146e+02
1.9550000000000001e-04,1.8334410123696734e+03,2.6894209808421765e+04,2.7145769487608413e+04,1.7229283114896762e+03,2.2102543655473107e+02
1.9599999999999999e-04,1.8200482939342503e+03,2.6702064258447885e+04,2.6951827971221763e+04,1.7103422400089944e+03,2.1941231711682286e+02
1.9650000000000001e-04,1.8067534051567648e+03,2.6511307291033161e+04,2.6759291862561498e+04,1.6978480630429490e+03,2.1781094280451606e+02
1.9699999999999999e-04,1.7935556314218834e+03,2.6321933060542236e+04,2.6568148299197339e+04,1.6854450718566623e+03,2.1622127613958145e+02
1.9750000000000000e-04,1.7804542633343140e+03,2.6133928266360766e+04,2.6378389414899779e+04,1.6731326498730732e+03,2.1464319375613150e+02
1.9799999999999999e-04,1.7674485966806776e+03,2.5947287843466249e+04,2.6190003566154315e+04,1.6609101644956045e+03,2.1307666459610329e+02
1.9850000000000000e-04,1.7545379323916557e+03,2.5761998481982650e+04,2.6002983621101419e+04,1.6487770268451873e+03,2.1152156423057357e+02
1.9900000000000001e-04,1.7417215765044150e+03,2.5578054113034064e+04,2.5817318024648652e+04,1.6367325760311692e+03,2.0997785102938730e+02
1.9950000000000000e-04,1.7289988401253065e+03,2.5395440425501205e+04,2.5632998967801708e+04,1.6247761603944032e+03,2.0844539104646339e+02
2.0000000000000001e-04,1.7163690393928332e+03,2.5214150707410510e+04,2.5450014111854056e+04,1.6129070662234290e+03,2.0692413691074597e+02
2.0049999999999999e-04,1.7038314954408975e+03,2.5034171113677909e+04,2.5268355132362034e+04,1.6011246331417501e+03,2.0541396010513745e+02
2.0100000000000001e-04,1.6913855343623063e+03,2.4855495990759289e+04,2.5088009981125819e+04,1.5894281940204460e+03,2.0391482372735430e+02
2.0149999999999999e-04,1.6790304871725500e+03,2.4678112898235613e+04,2.4908971162650651e+04,1.5778171658100173e+03,2.0242661267819011e+02
2.0200000000000000e-04,1.6667656897738425e+03,2.4502016894100234e+04,2.4731227745072563e+04,1.5662909510037698e+03,2.0094929589699825e+02
2.0249999999999999e-04,1.6545904829194296e+03,2.4327195535630901e+04,2.4554772904036017e+04,1.5548489919873255e+03,1.9948275737473443e+02
2.0300000000000000e-04,1.6425042121781466e+03,2.4153642968687960e+04,2.4379595793502973e+04,1.5434906657733595e+03,1.9802695643355770e+02
2.0350000000000001e-04,1.6305062278992482e+03,2.3981345848133893e+04,2.4205688975805868e+04,1.5322153579305095e+03,1.9658176848792584e+02
2.0400000000000000e-04,1.6185958851774853e+03,2.3810297738577523e+04,2.4033040898952757e+04,1.5210223978315369e+03,1.9514714766362295e+02
2.0450000000000001e-04,1.6067725438184414e+03,2.3640485727920655e+04,2.3861643660956302e+04,1.5099111635138622e+03,1.9372297439969719e+02
2.0500000000000000e-04,1.5950355683041234e+03,2.3471904344922597e+04,2.3691485981473514e+04,1.4988810270825206e+03,1.9230921234551118e+02
2.0550000000000001e-04,1.5833843277587980e+03,2.3304541960406328e+04,2.3522560715369109e+04,1.4879314371155720e+03,1.9090575419360533e+02
2.0599999999999999e-04,1.5718181959150866e+03,2.3138393749147566e+04,2.3354857602198474e+04,1.4770618292012875e+03,1.8951256888511026e+02
2.0650000000000000e-04,1.5603365510802962e+03,2.2973448086341799e+04,2.3188370108140607e+04,1.4662716752102490e+03,1.8812954834882447e+02
2.0699999999999999e-04,1.5489387761030105e+03,2.2809699320671785e+04,2.3023088056162731e+04,1.4555603878952620e+03,1.8675665280443133e+02
2.0750000000000000e-04,1.5376242583399078e+03,2.2647135018438792e+04,2.2859004359046081e+04,1.4449273879282059e+03,1.8539376649516080e+02
2.0799999999999999e-04,1.5263923896228407e+03,2.2485749005252663e+04,2.2696108207207311e+04,1.4343720453153260e+03,1.8404084495610402e+02
2.0850000000000000e-04,1.5152425662261385e+03,2.2325529249773499e+04,2.2534392097268137e+04,1.4238937743238575e+03,1.8269777707846782e+02
2.0900000000000001e-04,1.5041741888341612e+03,2.2166470452527239e+04,2.2373845473763926e+04,1.4134919840669800e+03,1.8136452702588082e+02
2.0950000000000000e-04,1.4931866625090845e+03,2.2008561750349567e+04,2.2214461521993064e+04,1.4031661529436196e+03,1.8004099484604927e+02
2.1000000000000001e-04,1.4822793966589186e+03,2.1851798427424532e+04,2.2056230615426473e+04,1.3929157477470453e+03,1.7872714946997610e+02
2.1049999999999999e-04,1.4714518050057657e+03,2.1696169631417972e+04,2.1899146493888984e+04,1.3827402681341591e+03,1.7742289032172306e+02
2.1100000000000001e-04,1.4607033055543063e+03,2.1541669901444257e+04,2.1743199612039927e+04,1.3726391605604808e+03,1.7612817845430084e+02
2.1149999999999999e-04,1.4500333205605180e+03,2.1388287665136435e+04,2.1588383212778434e+04,1.3626118787988294e+03,1.7484290645346579e+02
2.1200000000000000e-04,1.4394412765006164e+03,2.1236016993490208e+04,2.1434687187881631e+04,1.3526578311990693e+03,1.7356703117060562e+02
2.1249999999999999e-04,1.4289266040402342e+03,2.1084846687909412e+04,2.1282104409646396e+04,1.3427764662052664e+03,1.7230044948782859e+02
2.1300000000000000e-04,1.4184887380038115e+03,2.0934771609551957e+04,2.1130625007649898e+04,1.3329672278499543e+03,1.7104312603450478e+02
2.1350000000000001e-04,1.4081271173442244e+03,2.0785781619476867e+04,2.0980242478181099e+04,1.3232296226354715e+03,1.6979496781219552e+02
2.1400000000000000e-04,1.3978411851126218e+03,2.0637872102945548e+04,2.0830947793663516e+04,1.3135631467697976e+03,1.6855594371578678e+02
2.1450000000000001e-04,1.3876303884284914e+03,2.0491032938143682e+04,2.0682734950824568e+04,1.3039673260754766e+03,1.6732596025829497e+02
2.1499999999999999e-04,1.3774941784499440e+03,2.0345258841865885e+04,2.0535595001249902e+04,1.2944416387917449e+03,1.6610497925393281e+02
2.1550000000000001e-04,1.3674320103442074e+03,2.0200539057054986e+04,2.0389521498190450e+04,1.2849855699052291e+03,1.6489290118653270e+02
2.1599999999999999e-04,1.3574433432583462e+03,2.0056867884515239e+04,2.0244504996756012e+04,1.2755985639696291e+03,1.6368968412636082e+02
2.1650000000000000e-04,1.3475276402901870e+03,1.9914234914266446e+04,2.0100538722878773e+04,1.2662801016761077e+03,1.6249523252448523e+02
2.1699999999999999e-04,1.3376843684594608e+03,1.9772635156487006e+04,1.9957613454258331e+04,1.2570296600162510e+03,1.6130951141790945e+02
2.1750000000000000e-04,1.3279129986791531e+03,1.9632059157855831e+04,1.9815722979233578e+04,1.2478467719635214e+03,1.6013243439329267e+02
2.1800000000000001e-04,1.3182130057270681e+03,1.9492502395572919e+04,1.9674858836587984e+04,1.2387309614448413e+03,1.5896397027112732e+02
2.1850000000000000e-04,1.3085838682175947e+03,1.9353955439632948e+04,1.9535015263402413e+04,1.2296817789025263e+03,1.5780403228054598e+02
2.1900000000000001e-04,1.2990250685736808e+03,1.9216413171488435e+04,1.9396183875799084e+04,1.2206987325519767e+03,1.5665258291810068e+02
2.1950000000000000e-04,1.2895360929990165e+03,1.9079865607146377e+04,1.9258358518186455e+04,1.2117813368149796e+03,1.5550953015976546e+02
2.2000000000000001e-04,1.2801164314504131e+03,1.8944307261732072e+04,1.9121530373785950e+04,1.2029290704496316e+03,1.5437483319372143e+02
2.2049999999999999e-04,1.2707655776103891e+03,1.8809728473351977e+04,1.8985693000996253e+04,1.1941414445802639e+03,1.5324840365433306e+02
2.2100000000000001e-04,1.2614830288599560e+03,1.8676124389211589e+04,1.8850837791433325e+04,1.1854179673179183e+03,1.5213020691984684e+02
2.2149999999999999e-04,1.2522682862516019e+03,1.8543486205967274e+04,1.8716958807057126e+04,1.1767581965559189e+03,1.5102016282340094e+02
2.2200000000000000e-04,1.2431208544824708e+03,1.8411809482930912e+04,1.8584048122635213e+04,1.1681616823339932e+03,1.4991824006200022e+02
2.2249999999999999e-04,1.2340402418677413e+03,1.8281085446204030e+04,1.8452100199279084e+04,1.1596279982397923e+03,1.4882435823904638e+02
2.2300000000000000e-04,1.2250259603141965e+03,1.8151309128674176e+04,1.8321107187478847e+04,1.1511566807622999e+03,1.4773848044878491e+02
2.2350000000000001e-04,1.2160775252939893e+03,1.8022471280669335e+04,1.8191063204175836e+04,1.1427472720820265e+03,1.4666052178903641e+02
2.2400000000000000e-04,1.2071944558185996e+03,1.7894566616275304e+04,1.8061960028098227e+04,1.1343992832934164e+03,1.4559044246203939e+02
2.2450000000000001e-04,1.1983762744129774e+03,1.7767586184499000e+04,1.7933791529783404e+04,1.1261122542490120e+03,1.4452816093343233e+02
2.2499999999999999e-04,1.1896225070898820e+03,1.7641525257272122e+04,1.7806549683091071e+04,1.1178857224531257e+03,1.4347364284904154e+02
2.2550000000000001e-04,1.1809326833244008e+03,1.7516375648345333e+04,1.7680228805684237e+04,1.1097192692447252e+03,1.4242681397788306e+02
2.2599999999999999e-04,1.1723063360286615e+03,1.7392132988721452e+04,1.7554821480015074e+04,1.1016124692549756e+03,1.4138764283474904e+02
2.2650000000000000e-04,1.1637430015267230e+03,1.7268789127711927e+04,1.7430322375149190e+04,1.0935649178105568e+03,1.4035605508426761e+02
2.2699999999999999e-04,1.1552422195296531e+03,1.7146339236266605e+04,1.7306724147856949e+04,1.0855761780702796e+03,1.3933201432868952e+02
2.2750000000000000e-04,1.1468035331107874e+03,1.7024774763552705e+04,1.7184021169547043e+04,1.0776458183932755e+03,1.3831544245049611e+02
2.2800000000000001e-04,1.1384264886811709e+03,1.6904090607406681e+04,1.7062205784295133e+04,1.0697733804655263e+03,1.3730630055973904e+02
2.2850000000000000e-04,1.1301106359651740e+03,1.6784278493667196e+04,1.6941272155258412e+04,1.0619584312653828e+03,1.3630451363260067e+02
2.2900000000000001e-04,1.1218555279762904e+03,1.6665333806437775e+04,1.6821212809237761e+04,1.0542005360709222e+03,1.3531004750237094e+02
2.2949999999999999e-04,1.1136607209931142e+03,1.6547248946260996e+04,1.6702022302183243e+04,1.0464992982655940e+03,1.3432283358947166e+02
2.3000000000000001e-04,1.1055257745354832e+03,1.6430019604888366e+04,1.6583693697882671e+04,1.0388543156308788e+03,1.3334284015906729e+02
2.3049999999999999e-04,1.0974502513408097e+03,1.6313638224566988e+04,1.6466221857534016e+04,1.0312652038907881e+03,1.3236999865084562e+02
2.3100000000000000e-04,1.0894337173405713e+03,1.6198100100822092e+04,1.6349599918053995e+04,1.0237315513633830e+03,1.3140427308089738e+02
2.3149999999999999e-04,1.0814757416369839e+03,1.6083397349226645e+04,1.6233822487795536e+04,1.0162529510970844e+03,1.3044559181007526e+02
2.3200000000000000e-04,1.0735758964798356e+03,1.5969525036320745e+04,1.6118882448315009e+04,1.0088289737403370e+03,1.2949391674795140e+02
2.3250000000000001e-04,1.0657337572434999e+03,1.5856475533624900e+04,1.6004774236643527e+04,1.0014592118915330e+03,1.2854917908978427e+02
2.3300000000000000e-04,1.0579489024041065e+03,1.5744244324645835e+04,1.5891490905445964e+04,9.9414325708347315e+02,1.2761134477036273e+02
2.3350000000000001e-04,1.0502209135168880e+03,1.5632824368836438e+04,1.5779027232030625e+04,9.8688073341207519e+02,1.2668035060151692e+02
2.3400000000000000e-04,1.0425493751936856e+03,1.5522211407285424e+04,1.5667376737005718e+04,9.7967126044377392e+02,1.2575616452340228e+02
2.3450000000000001e-04,1.0349338750806221e+03,1.5412398447363579e+04,1.5556534458135029e+04,9.7251447301949111e+02,1.2483872348977815e+02
2.3499999999999999e-04,1.0273740038359390e+03,1.5303380895592039e+04,1.5446493988185837e+04,9.6540998319370874e+02,1.2392799183233330e+02
2.3550000000000001e-04,1.0198693551079904e+03,1.5195151504377776e+04,1.5337250155452399e+04,9.5835740730034786e+02,1.2302390411296244e+02
2.3599999999999999e-04,1.0124195255134055e+03,1.5087705494081776e+04,1.5228796353261278e+04,9.5135634343022184e+02,1.2212642293065380e+02
2.3650000000000000e-04,1.0050241146154013e+03,1.4981035853500340e+04,1.5121127274506616e+04,9.4440640838701347e+02,1.2123548543573480e+02
2.3699999999999999e-04,9.9768272490226423e+02,1.4875138152584121e+04,1.5014236472734163e+04,9.3750721853392224e+02,1.2035105757313630e+02
2.3750000000000000e-04,9.9039496176597811e+02,1.4770005884094579e+04,1.4908118930148070e+04,9.3065841741264830e+02,1.1947308130910727e+02
2.3800000000000001e-04,9.8316043348101800e+02,1.4665634826614136e+04,1.4802768601392512e+04,9.2385964508075813e+02,1.1860152417598351e+02
2.3850000000000000e-04,9.7597875118329205e+02,1.4562018527143111e+04,1.4698180685475651e+04,9.1711055427346946e+02,1.1773632840429593e+02
2.3900000000000001e-04,9.6884952884923950e+02,1.4459152489537235e+04,1.4594349208453474e+04,9.1041077944157269e+02,1.1687745853927601e+02
2.3949999999999999e-04,9.6177238327508223e+02,1.4357030076162606e+04,1.4491269202052521e+04,9.0375995888137049e+02,1.1602485509381683e+02
2.4000000000000001e-04,9.5474693405622691e+02,1.4255646646477093e+04,1.4388934547692974e+04,8.9715771670863705e+02,1.1517848124450666e+02
2.4049999999999999e-04,9.4777280356681877e+02,1.4154995780737067e+04,1.4287340176815749e+04,8.9060369260349671e+02,1.1433827985866174e+02
2.4100000000000000e-04,9.4084961693944149e+02,1.4055073122199115e+04,1.4186480120843393e+04,8.8409752642456078e+02,1.1350421679488318e+02
2.4149999999999999e-04,9.3397700204497050e+02,1.3955872673486097e+04,1.4086349550853774e+04,8.7763887995425466e+02,1.1267623895859003e+02
2.4200000000000000e-04,9.2715458947256775e+02,1.3857390238418462e+04,1.3986942834377885e+04,8.7122741251486696e+02,1.1185431338441379e+02
2.4250000000000001e-04,9.2038201250982831e+02,1.3759619880325306e+04,1.3888255316576993e+04,8.6486279356771502e+02,1.1103838736475211e+02
2.4300000000000000e-04,9.1365890712306657e+02,1.3662557186651407e+04,1.3790281435873243e+04,8.5854467869778455e+02,1.1022842555264356e+02
2.4350000000000001e-04,9.0698491193775044e+02,1.3566196105403040e+04,1.3693016411378805e+04,8.5227272691665530e+02,1.0942437418776831e+02
2.4399999999999999e-04,9.0035966821907755e+02,1.3470532120553573e+04,1.3596454590856767e+04,8.4604658704467602e+02,1.0862619691081090e+02
2.4449999999999998e-04,8.9378281985269132e+02,1.3375559380461651e+04,1.3500591127631938e+04,8.3986592039065090e+02,1.0783384209257429e+02
2.4499999999999999e-04,8.8725401332553974e+02,1.3281273588373326e+04,1.3405420509875010e+04,8.3373038905801968e+02,1.0704727540391252e+02
2.4550000000000000e-04,8.8077289770687582e+02,1.3187669235370064e+04,1.3310938081925953e+04,8.2763967192283508e+02,1.0626644849478714e+02
2.4600000000000002e-04,8.7433912462939077e+02,1.3094742137850320e+04,1.3217138604603591e+04,8.2159344640920244e+02,1.0549132780537911e+02
2.4649999999999997e-04,8.6795234827049364e+02,1.3002486854253337e+04,1.3124017554337988e+04,8.1559139758736637e+02,1.0472186549631829e+02
2.4699999999999999e-04,8.6161222533371699e+02,1.2910899041773853e+04,1.3031569762549887e+04,8.0963320098795430e+02,1.0395802621905614e+02
2.4750000000000000e-04,8.5531841503027056e+02,1.2819973212170502e+04,1.2939790620118030e+04,8.0371853516239025e+02,1.0319976174044882e+02
2.4800000000000001e-04,8.4907057906071941e+02,1.2729704959473835e+04,1.2848674921228347e+04,7.9784707240705302e+02,1.0244703604999802e+02
2.4850000000000002e-04,8.4286838159680156e+02,1.2640088979129840e+04,1.2758218025035967e+04,7.9201849448824760e+02,1.0169980283194673e+02
2.4899999999999998e-04,8.3671148926337639e+02,1.2551121020867766e+04,1.2668414857116542e+04,7.8623248458349917e+02,1.0095802746305480e+02
2.4949999999999999e-04,8.3059957112050404e+02,1.2462796044774383e+04,1.2579260919836219e+04,7.8048873756982084e+02,1.0022166616287529e+02
2.5000000000000001e-04,8.2453229864565981e+02,1.2375109866755694e+04,1.2490751349176178e+04,7.7478694786994492e+02,9.9490684673587907e+01
2.5050000000000002e-04,8.1850934571607422e+02,1.2288057521129464e+04,1.2402881738130091e+04,7.6912681509353115e+02,9.8765039850734411e+01
2.5099999999999998e-04,8.1253038859120386e+02,1.2201634720886796e+04,1.2315647293227696e+04,7.6350803359766633e+02,9.8044696231035459e+01
2.5149999999999999e-04,8.0659510589532761e+02,1.2115836521979698e+04,1.2229043561885395e+04,7.5793030036578057e+02,9.7329610932481728e+01
2.5200000000000000e-04,8.0070317860027671e+02,1.2030658614130400e+04,1.2143065766538130e+04,7.5239331002887502e+02,9.6619748176176472e+01
2.5250000000000001e-04,7.9485429000828287e+02,1.1946096221103391e+04,1.2057709456684053e+04,7.4689676371200130e+02,9.5915066792246989e+01
2.5300000000000002e-04,7.8904812573495781e+02,1.1862145125396724e+04,1.1972969977665052e+04,7.4144036457163929e+02,9.5215531752012339e+01
2.5349999999999998e-04,7.8328437369239384e+02,1.1778800738514619e+04,1.1888842974976389e+04,7.3602382244405817e+02,9.4521103688530047e+01
2.5399999999999999e-04,7.7756272407238725e+02,1.1696058862373291e+04,1.1805323943041323e+04,7.3064684770349777e+02,9.3831747535548288e+01
2.5450000000000001e-04,7.7188286932978860e+02,1.1613914989841680e+04,1.1722408576856295e+04,7.2530915347386053e+02,9.3147424689709737e+01
2.5500000000000002e-04,7.6624450416597051e+02,1.1532364875612271e+04,1.1640092441581364e+04,7.2001045188496118e+02,9.2468099455928382e+01
2.5549999999999998e-04,7.6064732551241718e+02,1.1451404102510962e+04,1.1558371226289906e+04,7.1475045730813599e+02,9.1793734150005832e+01
2.5599999999999999e-04,7.5509103251443332e+02,1.1371028441646755e+04,1.1477240565166598e+04,7.0952888565047351e+02,9.1124293105245442e+01
2.5650000000000000e-04,7.4957532651497547e+02,1.1291233628499438e+04,1.1396696183084554e+04,7.0434545636558869e+02,9.0459740151838332e+01
2.5700000000000001e-04,7.4409991103859693e+02,1.1212015464382479e+04,1.1316733829150733e+04,6.9919989156551492e+02,8.9800039739101067e+01
2.5750000000000002e-04,7.3866449177551203e+02,1.1133369796426792e+04,1.1237349277389585e+04,6.9409191505163835e+02,8.9145156775710348e+01
2.5799999999999998e-04,7.3326877656577767e+02,1.1055292398604914e+04,1.1158538365289889e+04,6.8902125215519118e+02,8.8495055269471095e+01
2.5849999999999999e-04,7.2791247538358687e+02,1.0977779206845793e+04,1.1080296875395812e+04,6.8398762853009430e+02,8.7849701023169246e+01
2.5900000000000001e-04,7.2259530032168220e+02,1.0900826003269001e+04,1.1002620716369420e+04,6.7899077308699088e+02,8.7209057988610539e+01
2.5950000000000002e-04,7.1731696557588043e+02,1.0824428882426175e+04,1.0925505704364652e+04,6.7403041660111194e+02,8.6573093548140378e+01
2.5999999999999998e-04,7.1207718742970872e+02,1.0748583682527213e+04,1.0848947870429198e+04,6.6910629527616766e+02,8.5941772025358205e+01
2.6049999999999999e-04,7.0687568423915411e+02,1.0673286636264762e+04,1.0772943100316566e+04,6.6421814592911687e+02,8.5315062125820077e+01
2.6100000000000000e-04,7.0171217641752696e+02,1.0598533549538522e+04,1.0697487532475730e+04,6.5936570867231421e+02,8.4692927654764617e+01
2.6150000000000001e-04,6.9658638642043206e+02,1.0524320691053290e+04,1.0622577055112983e+04,6.5454872032236381e+02,8.4075337676267964e+01
2.6200000000000003e-04,6.9149803873084886e+02,1.0450643792388903e+04,1.0548207834697503e+04,6.4976692022218049e+02,8.3462255147267115e+01
2.6249999999999998e-04,6.8644685984432465e+02,1.0377499218822282e+04,1.0474375726926373e+04,6.4502004560918976e+02,8.2853650160071084e+01
2.6300000000000000e-04,6.8143257825427020e+02,1.0304882765403541e+04,1.0401076970134251e+04,6.4030784124129241e+02,8.2249486187474304e+01
2.6350000000000001e-04,6.7645492443736930e+02,1.0232791025376908e+04,1.0328307493235858e+04,6.3563005337029790e+02,8.1649735568658343e+01
2.6400000000000002e-04,6.7151363083908961e+02,1.0161219889741333e+04,1.0256063710816321e+04,6.3098643759270817e+02,8.1054362492709060e+01
2.6449999999999998e-04,6.6660843185930196e+02,1.0090166075951973e+04,1.0184341655439552e+04,6.2637674718525523e+02,8.0463340436540875e+01
2.6499999999999999e-04,6.6173906383800306e+02,1.0019625379942037e+04,1.0113137842004915e+04,6.2180073937030465e+02,7.9876632433309851e+01
2.6550000000000000e-04,6.5690526504114439e+02,9.9495944796304684e+03,1.0042448258757970e+04,6.1725816307076639e+02,7.9294211599534265e+01
2.6600000000000001e-04,6.5210677564656430e+02,9.8800690492081339e+03,9.9722693883073225e+03,6.1274877074190408e+02,7.8716039708491735e+01
2.6650000000000003e-04,6.4734333773002118e+02,9.8110458713247208e+03,9.9025971451195946e+03,6.0827231029246832e+02,7.8142091043351002e+01
2.6699999999999998e-04,6.4261469525133032e+02,9.7425207391874283e+03,9.8334280846254842e+03,6.0382854144915655e+02,7.7572328466905901e+01
2.6750000000000000e-04,6.3792059404059989e+02,9.6744907337791228e+03,9.7647582343874674e+03,5.9941722506653241e+02,7.7006729186721486e+01
2.6800000000000001e-04,6.3326078178457192e+02,9.6069517844968650e+03,9.6965843807225465e+03,5.9503813530270236e+02,7.6445257129173115e+01
2.6850000000000002e-04,6.2863500801305770e+02,9.5399010831259948e+03,9.6289026893114205e+03,5.9069104104919461e+02,7.5887890458941911e+01
2.6899999999999998e-04,6.2404302408547665e+02,9.4733344007013366e+03,9.5617100401037897e+03,5.8637571580998883e+02,7.5334591302643275e+01
2.6949999999999999e-04,6.1948458317748862e+02,9.4072488136546162e+03,9.4950025073953148e+03,5.8209191974319219e+02,7.4785336743274684e+01
2.7000000000000000e-04,6.1495944026773088e+02,9.3416399231841497e+03,9.4287768782992498e+03,5.7783941755985688e+02,7.4240087229207120e+01
2.7050000000000002e-04,6.1046735212464466e+02,9.2765049190399004e+03,9.3630291116236476e+03,5.7361796695893099e+02,7.3698821153529252e+01
2.7099999999999997e-04,6.0600807729340329e+02,9.2118395774780074e+03,9.2977560685349454e+03,5.6942734180956177e+02,7.3161500632387970e+01
2.7149999999999999e-04,6.0158137608293111e+02,9.1476414583199075e+03,9.2329538612825563e+03,5.6526731674571056e+02,7.2628107674376452e+01
2.7200000000000000e-04,5.9718701055302301e+02,9.0839065148334921e+03,9.1686196375991276e+03,5.6113768372584218e+02,7.2098605811012476e+01
2.7250000000000001e-04,5.9282474450155246e+02,9.0206324047022063e+03,9.1047496829126612e+03,5.5703822646713252e+02,7.1572977831474418e+01
2.7300000000000002e-04,5.8849434345177724e+02,8.9578148586859024e+03,9.0413412322882796e+03,5.5296873398601019e+02,7.1051184814282806e+01
2.7349999999999998e-04,5.8419557463973410e+02,8.8954513426638441e+03,8.9783904321798764e+03,5.4892897683929550e+02,7.0533207739802606e+01
2.7399999999999999e-04,5.7992820700172820e+02,8.8335373685559753e+03,8.9158943637453049e+03,5.4491873117703290e+02,7.0019005581084571e+01
2.7450000000000000e-04,5.7569201116191414e+02,8.7720705246265570e+03,8.8538490155998006e+03,5.4093776363490997e+02,6.9508560777814523e+01
2.7500000000000002e-04,5.7148675941996589e+02,8.7110465546644555e+03,8.7922515444713063e+03,5.3698586144742148e+02,6.9001834556505173e+01
2.7549999999999997e-04,5.6731222573883758e+02,8.6504634904805280e+03,8.7310981334298558e+03,5.3306281225216117e+02,6.8498813680550711e+01
2.7599999999999999e-04,5.6316818573261298e+02,8.5903172944835387e+03,8.6703862827756966e+03,5.2916842511453524e+02,6.7999461149881654e+01
2.7650000000000000e-04,5.5905441665444687e+02,8.5306060838200065e+03,8.6101123845871043e+03,5.2530249784135322e+02,6.7503764335269580e+01
2.7700000000000001e-04,5.5497069738458936e+02,8.4713255330793618e+03,8.5502740205559967e+03,5.2146483424923372e+02,6.7011683117752341e+01
2.7750000000000002e-04,5.5091680841850257e+02,8.4124734901491320e+03,8.4908673954412661e+03,5.1765521448867275e+02,6.6523202322790326e+01
2.7799999999999998e-04,5.4689253185506129e+02,8.3540453606175142e+03,8.4318898751346860e+03,5.1387342536867982e+02,6.6038279287668956e+01
2.7849999999999999e-04,5.4289765138483881e+02,8.2960391243553604e+03,8.3733374633511557e+03,5.1011924163249205e+02,6.5556900453017306e+01
2.7900000000000001e-04,5.3893195227848366e+02,8.2384504766831669e+03,8.3152076033690828e+03,5.0639246314948196e+02,6.5079026005592141e+01
2.7950000000000002e-04,5.3499522137517363e+02,8.1812779166110558e+03,8.2574965352453582e+03,5.0269288983005208e+02,6.4604647438705570e+01
2.7999999999999998e-04,5.3108724707116187e+02,8.1245174006849120e+03,8.2002021044586436e+03,4.9902034721897962e+02,6.4133727078636980e+01
2.8049999999999999e-04,5.2720781930839905e+02,8.0681675010913605e+03,8.1433207968564966e+03,4.9537464652765630e+02,6.3666256855469783e+01
2.8100000000000000e-04,5.2335672956324618e+02,8.0122238197473198e+03,8.0868505337087117e+03,4.9175560571526512e+02,6.3202195294635430e+01
2.8150000000000001e-04,5.1953377083526368e+02,7.9566845807383361e+03,8.0307875641997816e+03,4.8816301374934028e+02,6.2741531031400541e+01
2.8200000000000002e-04,5.1573873763608572e+02,7.9015450654003362e+03,7.9751295307769178e+03,4.8459666735165774e+02,6.2284219595803847e+01
2.8249999999999998e-04,5.1197142597837495e+02,7.8468036399884440e+03,7.9198724372999568e+03,4.8105634856461529e+02,6.1830251401612259e+01
2.8299999999999999e-04,5.0823163336485646e+02,7.7924559347786708e+03,7.8650140057341196e+03,4.7754186920610573e+02,6.1379585437661262e+01
2.8350000000000001e-04,5.0451915877743585e+02,7.7385009132784180e+03,7.8105505192557175e+03,4.7405304077095934e+02,6.0932217924046427e+01
2.8400000000000002e-04,5.0083380266639188e+02,7.6849345108123380e+03,7.7564801625919790e+03,4.7058970472022429e+02,6.0488110365165994e+01
2.8449999999999998e-04,4.9717536693965172e+02,7.6317557522261050e+03,7.7027995026380086e+03,4.6715168503352925e+02,6.0047259249164199e+01
2.8499999999999999e-04,4.9354365495214091e+02,7.5789601495600655e+03,7.6495067946346826e+03,4.6373881320791952e+02,5.9609621578005772e+01
2.8550000000000000e-04,4.8993847149521667e+02,7.5265462989304942e+03,7.5965983182171622e+03,4.6035088627647383e+02,5.9175189778719869e+01
2.8600000000000001e-04,4.8635962278617092e+02,7.4745093385201471e+03,7.5440719853330811e+03,4.5698771015852799e+02,5.8743917390409592e+01
2.8650000000000003e-04,4.8280691645781764e+02,7.4228480174520082e+03,7.4919237847019540e+03,4.5364907340450100e+02,5.8315798790379517e+01
2.8699999999999998e-04,4.7928016154815049e+02,7.3715578837056673e+03,7.4401517102528596e+03,4.5033479913627616e+02,5.7890791602287550e+01
2.8750000000000000e-04,4.7577916849007721e+02,7.3206383647177863e+03,7.3887520743085042e+03,4.4704470978477821e+02,5.7468896792224371e+01
2.8800000000000001e-04,4.7230374910123169e+02,7.2700853587899037e+03,7.3377233963858453e+03,4.4377866222756529e+02,5.7050074887359415e+01
2.8850000000000002e-04,4.6885371657385735e+02,7.2198983431368542e+03,7.2870623118037256e+03,4.4053649262306863e+02,5.6634326954305493e+01
2.8899999999999998e-04,4.6542888546476507e+02,7.1700727219055989e+03,7.2367674056250398e+03,4.3731804545277009e+02,5.6221608292784481e+01
2.8949999999999999e-04,4.6202907168536387e+02,7.1206074607485789e+03,7.1868349737898825e+03,4.3412312508580817e+02,5.5811915121227003e+01
2.9000000000000000e-04,4.5865409249176679e+02,7.0714975346838473e+03,7.1372631918120169e+03,4.3095154595202348e+02,5.5405198790545569e+01
2.9050000000000001e-04,4.5530376647496553e+02,7.0227420739266599e+03,7.0880480175644188e+03,4.2780310233220644e+02,5.5001457650696921e+01
2.9100000000000003e-04,4.5197791355107853e+02,6.9743365261182626e+03,7.0391877113583760e+03,4.2467762804738777e+02,5.4600647782627561e+01
2.9149999999999998e-04,4.4867635495167002e+02,6.9262807842574839e+03,6.9906786005057438e+03,4.2157495585405559e+02,5.4202774940798804e+01
2.9200000000000000e-04,4.4539891321413779e+02,6.8785706932771500e+03,6.9425195363502571e+03,4.1849495760922855e+02,5.3807798511616170e+01
2.9250000000000001e-04,4.4214541217217294e+02,6.8312061846318538e+03,6.8947072100442310e+03,4.1543748110591378e+02,5.3415724183048269e+01
2.9300000000000002e-04,4.3891567694628930e+02,6.7841825356202753e+03,6.8472405338071185e+03,4.1240238330657257e+02,5.3026505361538739e+01
2.9349999999999998e-04,4.3570953393441908e+02,6.7374990806525748e+03,6.8001158054842745e+03,4.0938947520564125e+02,5.2640142074837740e+01
2.9399999999999999e-04,4.3252681080257719e+02,6.6911506103113352e+03,6.7533314593487885e+03,4.0639857908168415e+02,5.2256583273287845e+01
2.9450000000000000e-04,4.2936733647559646e+02,6.6451366359202002e+03,6.7068834061988528e+03,4.0342949417787077e+02,5.1875831308019940e+01
2.9500000000000001e-04,4.2623094112792546e+02,6.5994524858218210e+03,6.6607701682966290e+03,4.0048206444713196e+02,5.1497840528087409e+01
2.9550000000000003e-04,4.2311745617449543e+02,6.5540985224967808e+03,6.6149880735156185e+03,3.9755613239664581e+02,5.1122621542921024e+01
2.9599999999999998e-04,4.2002671426165250e+02,6.5090705205099221e+03,6.5695363035959890e+03,3.9465158448827560e+02,5.0750132425209472e+01
2.9650000000000000e-04,4.1695854925815325e+02,6.4643688696741956e+03,6.5244115928958781e+03,3.9176827964909216e+02,5.0380383550700344e+01
2.9700000000000001e-04,4.1391279624622899e+02,6.4199887004054399e+03,6.4796131796494665e+03,3.8890608686794531e+02,5.0013326227722587e+01
2.9750000000000002e-04,4.1088929151270946e+02,6.3759297168679841e+03,6.4351373488622630e+03,3.8606482306909629e+02,4.9648964330311628e+01
2.9799999999999998e-04,4.0788787254021287e+02,6.3321865025088991e+03,6.3909827899013326e+03,3.8324431774039158e+02,4.9287244178929313e+01
2.9849999999999999e-04,4.0490837799839562e+02,6.2887589516335574e+03,6.3471453496255199e+03,3.8044437432481436e+02,4.8928172174686495e+01
2.9900000000000000e-04,4.0195064773526678e+02,6.2456422532604338e+03,6.3036238089833860e+03,3.7766484637555232e+02,4.8571700732353861e+01
2.9950000000000002e-04,3.9901452276856264e+02,6.2028372456679936e+03,6.2604144816169355e+03,3.7490558560908858e+02,4.8217845408438848e+01
2.9999999999999997e-04,3.9609984527718046e+02,6.1603396152711939e+03,6.2175168798136438e+03,3.7216649277996976e+02,4.7866562778143702e+01
3.0049999999999999e-04,3.9320645859267142e+02,6.1181502167193903e+03,6.1749277683952023e+03,3.6944743749107147e+02,4.7517867996235339e+01
3.0100000000000000e-04,3.9033420719079510e+02,6.0762640122666562e+03,6.1326467120426241e+03,3.6674830035095511e+02,4.7171710052505489e+01
3.0150000000000001e-04,3.8748293668312789e+02,6.0346810786759088e+03,6.0906699677267825e+03,3.6406890352972641e+02,4.6828096724222917e+01
3.0200000000000002e-04,3.8465249380873030e+02,5.9933957679317609e+03,6.0489964774058171e+03,3.6140908310414670e+02,4.6486971453631440e+01
3.0249999999999998e-04,3.8184272642586888e+02,5.9524083611323440e+03,6.0076220063669680e+03,3.5876864595511506e+02,4.6148344761960516e+01
3.0299999999999999e-04,3.7905348350379211e+02,5.9117138867103276e+03,5.9665455921702742e+03,3.5614745473781886e+02,4.5812166912271834e+01
3.0350000000000000e-04,3.7628461511456129e+02,5.8713136675827627e+03,5.9257635189561042e+03,3.5354536986773246e+02,4.5478458527299438e+01
3.0400000000000002e-04,3.7353597242493151e+02,5.8312032833025078e+03,5.8852756313505306e+03,3.5096230614243677e+02,4.5147174488517294e+01
3.0449999999999997e-04,3.7080740768828355e+02,5.7913840623197248e+03,5.8450787116906286e+03,3.4839814342293630e+02,4.4818334847274116e+01
3.0499999999999999e-04,3.6809877423660436e+02,5.7518507760098000e+03,5.8051726531694585e+03,3.4585277357745508e+02,4.4491886036690119e+01
3.0550000000000000e-04,3.6540992647251500e+02,5.7126038785087512e+03,5.7655536689554356e+03,3.4332602334485000e+02,4.4167839815270725e+01
3.0600000000000001e-04,3.6274071986134527e+02,5.6736374641490911e+03,5.7262209522777775e+03,3.4081773478546893e+02,4.3846136477181062e+01
3.0650000000000002e-04,3.6009101092324863e+02,5.6349522066596110e+03,5.6871701682951389e+03,3.3832771745103855e+02,4.3526790756425669e+01
3.0699999999999998e-04,3.5746065722536099e+02,5.5965429511814873e+03,5.6484006103145657e+03,3.3585584263081500e+02,4.3209750529683220e+01
3.0749999999999999e-04,3.5484951737399575e+02,5.5584115167780110e+03,5.6099085170908875e+03,3.3340197895660049e+02,4.2895041633809171e+01
3.0800000000000001e-04,3.5225745100687789e+02,5.5205533563106146e+03,5.5716940690804913e+03,3.3096605508134917e+02,4.2582617045810537e+01
3.0850000000000002e-04,3.4968431878540895e+02,5.4829702836186116e+03,5.5337540528647878e+03,3.2854796074423984e+02,4.2272501859125100e+01
3.0899999999999998e-04,3.4712998238696230e+02,5.4456568548015202e+03,5.4960886939037737e+03,3.2614759875736718e+02,4.1964639691751358e+01
3.0949999999999999e-04,3.4459430449720503e+02,5.4086139081510337e+03,5.4586941450627637e+03,3.2376479975160373e+02,4.1659046383574037e+01
3.1000000000000000e-04,3.4207714880244384e+02,5.3718352519984910e+03,5.4215698507124689e+03,3.2139941117455783e+02,4.1355658786178822e+01
3.1050000000000001e-04,3.3957837998198704e+02,5.3353219606466664e+03,5.3847113561961014e+03,3.1905124446806485e+02,4.1054495962671638e+01
3.1100000000000002e-04,3.3709786370052234e+02,5.2990686715258053e+03,5.3481182109147267e+03,3.1672017911256944e+02,4.0755503148605271e+01
3.1149999999999998e-04,3.3463546660050162e+02,5.2630777141531944e+03,5.3117865915531220e+03,3.1440609149522743e+02,4.0458711573300945e+01
3.1199999999999999e-04,3.3219105629452969e+02,5.2273443935006580e+03,5.2757170196294537e+03,3.1210892399569639e+02,4.0164072081357517e+01
3.1250000000000001e-04,3.2976450135775121e+02,5.1918710231266596e+03,5.2399062722034723e+03,3.0982857588326624e+02,3.9871614983293853e+01
3.1300000000000002e-04,3.2735567132022510e+02,5.1566519174475325e+03,5.2043549124723650e+03,3.0756496063654504e+02,3.9581280799742899e+01
3.1349999999999998e-04,3.2496443665928393e+02,5.1216883077401944e+03,5.1690590155338214e+03,3.0531791209117591e+02,3.9293089575044860e+01
3.1399999999999999e-04,3.2259066879186560e+02,5.0869736854226867e+03,5.1340182779178140e+03,3.0308728248391435e+02,3.9006974394919098e+01
3.1450000000000000e-04,3.2023424006681404e+02,5.0525095354470977e+03,5.0992281040407397e+03,3.0087288433839603e+02,3.8722958792333827e+01
3.1500000000000001e-04,3.1789502375713232e+02,5.0182902610121746e+03,5.0646883008927616e+03,2.9867460489760469e+02,3.8440985082946611e+01
3.1550000000000003e-04,3.1557289405218319e+02,4.9843187192705809e+03,5.0303949653147210e+03,2.9649232785258528e+02,3.8161090098581042e+01
3.1599999999999998e-04,3.1326772604982244e+02,4.9505900443525898e+03,4.9963489668235707e+03,2.9432600923082646e+02,3.7883222302344166e+01
3.1650000000000000e-04,3.1097939574845134e+02,4.9171070666445448e+03,4.9625470584084978e+03,2.9217555750225893e+02,3.7607417427183350e+01
3.1700000000000001e-04,3.0870778003897937e+02,4.8838638299690065e+03,4.9289901481210545e+03,2.9004089655933012e+02,3.7333612585309425e+01
3.1750000000000002e-04,3.0645275669667473e+02,4.8508619693872170e+03,4.8956742144854870e+03,2.8792186272410754e+02,3.7061832171348215e+01
3.1799999999999998e-04,3.0421420437289106e+02,4.8180946253235306e+03,4.8625992081872537e+03,2.8581831240143083e+02,3.6792005147048258e+01
3.1849999999999999e-04,3.0199200258665155e+02,4.7855637054687686e+03,4.8297603697041341e+03,2.8373005833506841e+02,3.6524159679973366e+01
3.1900000000000000e-04,2.9978603171606966e+02,4.7532633495548434e+03,4.7971577660394978e+03,2.8165699509303477e+02,3.6258234857049274e+01
3.1950000000000001e-04,2.9759617298958500e+02,4.7211969623320692e+03,4.7647873948325141e+03,2.7959901320271956e+02,3.5994273354185509e+01
3.2000000000000003e-04,2.9542230847699238e+02,4.6893594817415942e+03,4.7326504820267000e+03,2.7755608228699884e+02,3.5732220976421900e+01
3.2049999999999998e-04,2.9326432108023869e+02,4.6577542747142725e+03,4.7007437406822646e+03,2.7552811967643220e+02,3.5472119113956182e+01
3.2100000000000000e-04,2.9112209452395842e+02,4.6263750822574366e+03,4.6690684321803492e+03,2.7351505941818778e+02,3.5213901122772995e+01
3.2150000000000001e-04,2.8899551334572345e+02,4.5952239556411441e+03,4.6376204176581596e+03,2.7151673953110230e+02,3.4957595913901400e+01
3.2200000000000002e-04,2.8688446288596907e+02,4.5642936460693018e+03,4.6063999044849479e+03,2.6953301990162072e+02,3.4703127922715396e+01
3.2249999999999998e-04,2.8478882927756717e+02,4.5335864976391385e+03,4.5754019434649745e+03,2.6756371252930830e+02,3.4450530136901364e+01
3.2299999999999999e-04,2.8270849943500679e+02,4.5030963536279669e+03,4.5446268644210868e+03,2.6560871881308049e+02,3.4199738065812824e+01
3.2350000000000000e-04,2.8064336104314543e+02,4.4728271886686925e+03,4.5140705439542799e+03,2.6366793558051268e+02,3.3950800499277989e+01
3.2400000000000001e-04,2.7859330254548604e+02,4.4427737156434232e+03,4.4837345737603464e+03,2.6174134597227885e+02,3.3703660269463228e+01
3.2449999999999997e-04,2.7655821313193525e+02,4.4129398597473264e+03,4.4536156088186690e+03,2.5982887576860094e+02,3.3458364683451407e+01
3.2499999999999999e-04,2.7453798272599545e+02,4.3833190222638586e+03,4.4237152729384761e+03,2.5793046884123669e+02,3.3214842943337715e+01
3.2550000000000000e-04,2.7253250197133815e+02,4.3539136838518243e+03,4.3940292858414614e+03,2.5604596396742545e+02,3.2973128655901519e+01
3.2600000000000001e-04,2.7054166221770225e+02,4.3247161624782239e+03,4.3645581136613255e+03,2.5417522368119262e+02,3.2733141267932467e+01
3.2650000000000002e-04,2.6856535550605963e+02,4.2957292528463440e+03,4.3352965876178059e+03,2.5231805807844694e+02,3.2494918785051880e+01
3.2699999999999998e-04,2.6660347455298563e+02,4.2669464632569652e+03,4.3062453023743801e+03,2.5047437474511344e+02,3.2258392733548988e+01
3.2749999999999999e-04,2.6465591273416663e+02,4.2383723616867792e+03,4.2773999875733498e+03,2.4864407610319677e+02,3.2023618305986759e+01
3.2800000000000000e-04,2.6272256406697687e+02,4.2100014016072600e+03,4.2487626095933592e+03,2.4682715860576354e+02,3.1790534990338472e+01
3.2850000000000002e-04,2.6080332319204723e+02,4.1818380888041756e+03,4.2203297431016254e+03,2.4502355588542969e+02,3.1559196283479423e+01
3.2899999999999997e-04,2.5889808535374925e+02,4.1538754409075664e+03,4.1921033825198901e+03,2.4323322111435255e+02,3.1329526764338937e+01
3.2949999999999999e-04,2.5700674637951136e+02,4.1261163801149487e+03,4.1640790767881736e+03,2.4145599260041126e+02,3.1101564912980223e+01
3.3000000000000000e-04,2.5512920265788165e+02,4.0985527386254398e+03,4.1362575505343812e+03,2.3969173439467158e+02,3.0875224640351348e+01
3.3050000000000001e-04,2.5326535111524362e+02,4.0711877744078920e+03,4.1086333788133379e+03,2.3794025317103387e+02,3.0650549162668085e+01
3.3100000000000002e-04,2.5141508919109046e+02,4.0440146137585289e+03,4.0812074201632640e+03,2.3620146174155479e+02,3.0427465533695170e+01
3.3149999999999998e-04,2.4957831481176183e+02,4.0170384403655225e+03,4.0539752245089330e+03,2.3447526706790541e+02,3.0206035637474770e+01
3.3199999999999999e-04,2.4775492636253233e+02,3.9902534051953626e+03,4.0269391390160672e+03,2.3276167839859659e+02,2.9986195160068860e+01
3.3250000000000000e-04,2.4594482265795196e+02,3.9636646149191001e+03,4.0000956286851506e+03,2.3106063623360819e+02,2.9768004051956552e+01
3.3300000000000002e-04,2.4414790291032037e+02,3.9372646487933998e+03,3.9734470630292017e+03,2.2937210211450474e+02,2.9551381693445990e+01
3.3349999999999997e-04,2.4236406669618373e+02,3.9110568785127252e+03,3.9469887819869473e+03,2.2769591212701062e+02,2.9336371586556254e+01
3.3399999999999999e-04,2.4059321392073252e+02,3.8850325851705711e+03,3.9207217627709288e+03,2.2603193016458022e+02,2.9122881434886068e+01
3.3450000000000000e-04,2.3883524477998185e+02,3.8591954975631234e+03,3.8946402770098975e+03,2.2437995733509001e+02,2.8910959822403186e+01
3.3500000000000001e-04,2.3709005972060456e+02,3.8335382998201712e+03,3.8687454394649430e+03,2.2273991012621946e+02,2.8700528714907989e+01
3.3550000000000002e-04,2.3535755939729304e+02,3.8080668087864397e+03,3.8430325763795154e+03,2.2111169834767725e+02,2.8491656944069774e+01
3.3599999999999998e-04,2.3363764462751934e+02,3.7827748160918418e+03,3.8175044149765781e+03,2.1949534292054250e+02,2.8284275804647592e+01
3.3649999999999999e-04,2.3193021634356074e+02,3.7576680432793510e+03,3.7921572693728776e+03,2.1789078952417162e+02,2.8078451918935770e+01
3.3700000000000001e-04,2.3023517554166227e+02,3.7327385601290189e+03,3.7669938804956219e+03,2.1629800640302119e+02,2.7874098736261288e+01
3.3750000000000002e-04,2.2855242322819808e+02,3.7079901867229310e+03,3.7420093269172830e+03,2.1471682478780986e+02,2.7671264858609703e+01
3.3799999999999998e-04,2.2688186036270591e+02,3.6834135687323396e+03,3.7172048218638920e+03,2.1314710582781231e+02,2.7469850930662062e+01
3.3849999999999999e-04,2.2522338779765690e+02,3.6590129029632553e+03,3.6925742697507303e+03,2.1158864190668510e+02,2.7269910980685751e+01
3.3900000000000000e-04,2.2357690621483815e+02,3.6347803515897685e+03,3.6681190217725671e+03,2.1004135065485229e+02,2.7071361086699113e+01
3.3950000000000001e-04,2.2194231605821648e+02,3.6107223716350163e+03,3.6438341191285253e+03,2.0850514199401846e+02,2.6874277204789820e+01
3.4000000000000002e-04,2.2031951746316483e+02,3.5868323180268490e+03,3.6197226558148395e+03,2.0698004637865233e+02,2.6678585456357723e+01
3.4049999999999998e-04,2.1870841018193349e+02,3.5631165289909841e+03,3.5957807354778088e+03,2.0546601184657948e+02,2.6484359258163693e+01
3.4099999999999999e-04,2.1710889350525417e+02,3.5395664700354246e+03,3.5720114525376302e+03,2.0396301050396278e+02,2.6291505173646186e+01
3.4150000000000001e-04,2.1552086617997787e+02,3.5161863931073967e+03,3.5484095507133097e+03,2.0247086475108426e+02,2.6100076857988938e+01
3.4200000000000002e-04,2.1394422632264806e+02,3.4929661974309565e+03,3.5249764454687065e+03,2.0098942902575664e+02,2.5909966796086678e+01
3.4249999999999998e-04,2.1237887132892976e+02,3.4699105280973345e+03,3.5017055863163041e+03,1.9951848233203395e+02,2.5721234401136201e+01
3.4299999999999999e-04,2.1082469777882108e+02,3.4470109181437110e+03,3.4785985221984847e+03,1.9805793945129608e+02,2.5533788809993808e+01
3.4350000000000000e-04,2.0928160133759221e+02,3.4242744549711133e+03,3.4556499230553200e+03,1.9660770615609340e+02,2.5347713146903430e+01
3.4400000000000001e-04,2.0774947665240686e+02,3.4016939512159770e+03,3.4328632171171885e+03,1.9516781880888175e+02,2.5162927316802183e+01
3.4450000000000003e-04,2.0622821724460508e+02,3.3792763450714956e+03,3.4102342122001355e+03,1.9373822337586034e+02,2.4979511504882169e+01
3.4499999999999998e-04,2.0471771539763910e+02,3.3570123715225054e+03,3.3877663173869914e+03,1.9231889133950335e+02,2.4797364142156312e+01
3.4550000000000000e-04,2.0321786204067834e+02,3.3349066761143986e+03,3.3654538394951596e+03,1.9090963047443552e+02,2.4616543712677867e+01
3.4600000000000001e-04,2.0172854662792435e+02,3.3129482662688097e+03,3.3432983386150190e+03,1.8951028269586095e+02,2.4436933123786389e+01
3.4650000000000002e-04,2.0024965701369555e+02,3.2911421928803356e+03,3.3212926904806882e+03,1.8812060701912469e+02,2.4258596930356532e+01
3.4699999999999998e-04,1.9878107932337528e+02,3.2694792183572827e+03,3.2994385779911245e+03,1.8674050950211563e+02,2.4081435960275087e+01
3.4749999999999999e-04,1.9732269782034035e+02,3.2479670289611495e+03,3.2777301821160145e+03,1.8536988558037410e+02,2.3905540377688681e+01
3.4800000000000000e-04,1.9587439476902426e+02,3.2265977552525510e+03,3.2561712081755395e+03,1.8400877205313964e+02,2.3730822514713992e+01
3.4850000000000001e-04,1.9443605029429537e+02,3.2053788962325816e+03,3.2347570512826642e+03,1.8265710643920897e+02,2.3557369120171131e+01
3.4900000000000003e-04,1.9300754223737130e+02,3.1843002935749464e+03,3.2134913710375549e+03,1.8131485317251509e+02,2.3385068910123152e+01
3.4949999999999998e-04,1.9158874600852678e+02,3.1633669235482084e+03,3.1923679019260271e+03,1.7998179751726411e+02,2.3213984775085066e+01
3.5000000000000000e-04,1.9017953443688847e+02,3.1425667182536599e+03,3.1713882638681134e+03,1.7865776099440291e+02,2.3043988277132087e+01
3.5050000000000001e-04,1.8877977761765604e+02,3.1219050679853754e+03,3.1505446051843537e+03,1.7734247389715119e+02,2.2875148680878937e+01
3.5100000000000002e-04,1.8738934275712796e+02,3.1013717868994281e+03,3.1298386521016328e+03,1.7603582571078664e+02,2.2707356808346191e+01
3.5149999999999998e-04,1.8600809401595566e+02,3.0809751080732167e+03,3.1092639457608020e+03,1.7473769339473324e+02,2.2540709580048116e+01
3.5199999999999999e-04,1.8463589235109706e+02,3.0607063065778129e+03,3.0888243873158972e+03,1.7344810693562454e+02,2.2375110092342027e+01
3.5250000000000000e-04,1.8327259535698701e+02,3.0405733842623777e+03,3.0685148114599615e+03,1.7216698722244246e+02,2.2210651312718255e+01
3.5300000000000002e-04,1.8191805710648990e+02,3.0205650931060154e+03,3.0483390417488117e+03,1.7089428350840376e+02,2.2047210351341761e+01
3.5349999999999997e-04,1.8057212799225016e+02,3.0006866588573175e+03,3.0282900745959596e+03,1.6962974888090798e+02,2.1884853946437545e+01
3.5399999999999999e-04,1.7923465456910534e+02,2.9809247223946913e+03,3.0083694832533874e+03,1.6837317495105890e+02,2.1723440250011350e+01
3.5450000000000000e-04,1.7790547939827971e+02,2.9612849327023832e+03,2.9885685061338299e+03,1.6712425294924196e+02,2.1563042708006208e+01
3.5500000000000001e-04,1.7658444089412234e+02,2.9417559514456043e+03,2.9688888040850943e+03,1.6588284662001888e+02,2.1403540196991230e+01
3.5550000000000002e-04,1.7527137317420866e+02,2.9223464996939765e+03,2.9493231039434941e+03,1.6464880513719550e+02,2.1245036084333009e+01
3.5599999999999998e-04,1.7396610591367192e+02,2.9030468036387610e+03,2.9298754100653750e+03,1.6342214358149226e+02,2.1087422384131401e+01
3.5649999999999999e-04,1.7266846420468065e+02,2.8838653091478191e+03,2.9105398317575673e+03,1.6220275728461911e+02,2.0930797963643784e+01
3.5700000000000000e-04,1.7137826842202699e+02,2.8647894662174003e+03,2.8913202644170087e+03,1.6099057169277512e+02,2.0775026286002287e+01
3.5750000000000002e-04,1.7009533409583591e+02,2.8458246726237157e+03,2.8722087880014406e+03,1.5978529761019809e+02,2.0620177445461337e+01
3.5799999999999997e-04,1.6881947179244884e+02,2.8269560518556136e+03,2.8532068219913708e+03,1.5858668708498908e+02,2.0466094019261618e+01
3.5849999999999999e-04,1.6755048700457888e+02,2.8081894437066439e+03,2.8343045056434203e+03,1.5739438199472170e+02,2.0312853257495334e+01
3.5900000000000000e-04,1.6628818005187267e+02,2.7895121539071260e+03,2.8155033336078559e+03,1.5620821170752197e+02,2.0160320153055466e+01
3.5950000000000001e-04,1.6503234599304682e+02,2.7709333586756075e+03,2.7967950476132937e+03,1.5502798915566495e+02,2.0008604482276070e+01
3.6000000000000002e-04,1.6378277455080197e+02,2.7524420548527269e+03,2.7781836826488397e+03,1.5385370780207404e+02,1.9857585438937207e+01
3.6049999999999998e-04,1.6253925005074089e+02,2.7340471107615813e+03,2.7596624731383818e+03,1.5268523013883373e+02,1.9707367841672919e+01
3.6099999999999999e-04,1.6130155137554021e+02,2.7157344841306258e+03,2.7412353254378431e+03,1.5152245126205207e+02,1.9557799650353388e+01
3.6150000000000000e-04,1.6006945193564323e+02,2.6975097142806044e+03,2.7228932498430659e+03,1.5036503187672997e+02,1.9408954278799882e+01
3.6200000000000002e-04,1.5884271965774752e+02,2.6793562138470043e+03,2.7046374462279928e+03,1.4921267759620628e+02,1.9260656843769254e+01
3.6249999999999998e-04,1.5762111699237010e+02,2.6612800070313569e+03,2.6864568016308986e+03,1.4806497378997710e+02,1.9112988609697084e+01
3.6299999999999999e-04,1.5640440094176586e+02,2.6432668895338611e+03,2.6683525988549154e+03,1.4692171063635283e+02,1.8965799176545573e+01
3.6350000000000000e-04,1.5519232310946819e+02,2.6253265402341531e+03,2.6503154758555138e+03,1.4578266068598850e+02,1.8819205449483832e+01
3.6400000000000001e-04,1.5398462977269986e+02,2.6074466128883469e+03,2.6323494986309743e+03,1.4464779411256359e+02,1.8673072645046261e+01
3.6450000000000002e-04,1.5278106197887686e+02,2.5896364731829162e+03,2.6144469464285903e+03,1.4351693873298473e+02,1.8527512482552140e+01
3.6499999999999998e-04,1.5158135566739537e+02,2.5718804761945394e+03,2.5966117646686143e+03,1.4238995879419281e+02,1.8382356253753613e+01
3.6549999999999999e-04,1.5038524181784294e+02,2.5541843822670817e+03,2.5788338239527402e+03,1.4126646344369419e+02,1.8237681669577881e+01
3.6600000000000001e-04,1.4919244662573016e+02,2.5365297937806790e+03,2.5611141416648643e+03,1.4014611197514159e+02,1.8093295314652124e+01
3.6650000000000002e-04,1.4800269170676731e+02,2.5189230410244199e+03,2.5434402973673277e+03,1.3902843353278240e+02,1.7949283854746341e+01
3.6699999999999998e-04,1.4681569433064561e+02,2.5013483696696458e+03,2.5258134368382489e+03,1.3791318255234046e+02,1.7805480980069973e+01
3.6749999999999999e-04,1.4563116768519666e+02,2.4838161589218143e+03,2.5082230927599085e+03,1.3680009589928682e+02,1.7662012818449682e+01
3.6800000000000000e-04,1.4444882117171511e+02,2.4663127394836883e+03,2.4906735039121195e+03,1.3568912844724309e+02,1.7518730614521758e+01
3.6850000000000001e-04,1.4326836073212309e+02,2.4488482169890412e+03,2.4731560506866372e+03,1.3458008159219048e+02,1.7375755461312451e+01
3.6900000000000002e-04,1.4208948920854735e+02,2.4314053805465337e+03,2.4556749046617042e+03,1.3347279894972530e+02,1.7232902087966124e+01
3.6949999999999998e-04,1.4091190673575645e+02,2.4139904716107958e+03,2.4382188777595802e+03,1.3236684763786775e+02,1.7090255112319625e+01
3.6999999999999999e-04,1.3973531116677503e+02,2.3965833428404076e+03,2.4207890146513273e+03,1.3126185234253398e+02,1.6947602894017422e+01
3.7050000000000001e-04,1.3855939853185086e+02,2.3791909495852888e+03,2.4033716968425215e+03,1.3015729823601441e+02,1.6805040667625150e+01
3.7100000000000002e-04,1.3738386353080074e+02,2.3617961254485526e+03,2.3859681967623692e+03,1.2905292020831484e+02,1.6662387233940876e+01
3.7149999999999998e-04,1.3620840005860489e+02,2.3444103644673305e+03,2.3685671224623984e+03,1.2794843734548840e+02,1.6519781990617759e+01
3.7199999999999999e-04,1.3503270176395131e+02,2.3270188880581154e+03,2.3511732345566634e+03,1.2684381113952486e+02,1.6377063885304040e+01
3.7250000000000000e-04,1.3385646264026138e+02,2.3096330135807038e+03,2.3337772688117402e+03,1.2573883897342421e+02,1.6234367912050402e+01
3.7300000000000001e-04,1.3267937764854244e+02,2.2922342010035973e+03,2.3163840300123993e+03,1.2463336862786650e+02,1.6091494055720858e+01
3.7350000000000003e-04,1.3150114337123401e+02,2.2748296672136166e+03,2.2989815583175732e+03,1.2352694926961180e+02,1.5948538540878303e+01
3.7399999999999998e-04,1.3032145869601774e+02,2.2573977797832958e+03,2.2815713615754357e+03,1.2241919757934556e+02,1.5805273548858338e+01
3.7450000000000000e-04,1.2914002552836800e+02,2.2399466798658032e+03,2.2641389436812970e+03,1.2130958193069728e+02,1.5661808206185242e+01
3.7500000000000001e-04,1.2795654953142400e+02,2.2224581392041728e+03,2.2466862007176278e+03,1.2019784926045622e+02,1.5517949253316800e+01
3.7550000000000002e-04,1.2677074089155937e+02,2.2049454320272562e+03,2.2292012155354423e+03,1.1908373424568003e+02,1.5373855639642471e+01
3.7599999999999998e-04,1.2558231510782851e+02,2.1873931002192367e+03,2.2116898609755481e+03,1.1796724272649021e+02,1.5229357522932332e+01
3.7649999999999999e-04,1.2439099380326653e+02,2.1698143944161493e+03,2.1941427051829778e+03,1.1684820602687523e+02,1.5084610540122526e+01
3.7700000000000000e-04,1.2319650555582160e+02,2.1521898893277685e+03,2.1765658340630180e+03,1.1572651637939111e+02,1.4939403486810761e+01
3.7750000000000001e-04,1.2199858674649998e+02,2.1345285101261397e+03,2.1589470188816595e+03,1.1460174395291006e+02,1.4793850998520526e+01
3.7800000000000003e-04,1.2079698242211748e+02,2.1168075977556364e+03,2.1412888977159564e+03,1.1347353869832386e+02,1.4647712734750456e+01
3.7849999999999998e-04,1.1959144716986056e+02,2.0990372689026226e+03,2.1235766216234297e+03,1.1234139344739197e+02,1.4501119056408953e+01
3.7900000000000000e-04,1.1838174600068426e+02,2.0811987681188402e+03,2.1058134287661451e+03,1.1120511278145887e+02,1.4353868996969567e+01
3.7950000000000001e-04,1.1716765523840560e+02,2.0633080355818165e+03,2.0879874709218857e+03,1.1006449377192462e+02,1.4206149282370205e+01
3.8000000000000002e-04,1.1594896341118705e+02,2.0453495325947733e+03,2.0701065352575279e+03,1.0891963751642243e+02,1.4057786166989928e+01
3.8049999999999998e-04,1.1472547214196176e+02,2.0273393639024653e+03,2.0521616791627894e+03,1.0777045942863060e+02,1.3908964418065381e+01
3.8099999999999999e-04,1.1349699703421233e+02,2.0092578014773171e+03,2.0341611089792859e+03,1.0661694793603829e+02,1.3759466288757807e+01
3.8150000000000000e-04,1.1226336854939865e+02,1.9911163777022011e+03,2.0160929818464574e+03,1.0545874321781730e+02,1.3609433071730251e+01
3.8200000000000002e-04,1.1102443287221942e+02,1.9728919685190558e+03,1.9979618931709410e+03,1.0429557891996933e+02,1.3458616330612699e+01
3.8249999999999997e-04,1.0978005275980824e+02,1.9545975912217073e+03,1.9797532843027439e+03,1.0312702138383725e+02,1.3307176176152353e+01
3.8299999999999999e-04,1.0853010837089271e+02,1.9362145708932258e+03,1.9614725829728050e+03,1.0195298549639256e+02,1.3154908792178702e+01
3.8350000000000000e-04,1.0727449807089340e+02,1.9177625062379884e+03,1.9431086918994297e+03,1.0077338329154804e+02,1.3002037830954407e+01
3.8400000000000001e-04,1.0601313920890915e+02,1.8992264142142376e+03,1.9246722137654360e+03,9.9588466905937821e+01,1.2848390710730996e+01
3.8450000000000002e-04,1.0474596886252510e+02,1.8806262395557642e+03,1.9061554045771045e+03,9.8398289130391277e+01,1.2694190364895633e+01
3.8499999999999998e-04,1.0347294454639180e+02,1.8619425192396084e+03,1.8875694885171979e+03,9.7202988064427700e+01,1.2539216856469068e+01
3.8549999999999999e-04,1.0219404488055777e+02,1.8431903028482338e+03,1.8689036666951797e+03,9.6002322484447177e+01,1.2383646446960711e+01
3.8600000000000000e-04,1.0090927021459694e+02,1.8243464927335153e+03,1.8501653250000381e+03,9.4796158216942786e+01,1.2227226241575579e+01
3.8650000000000002e-04,9.9618643203651416e+01,1.8054278947173298e+03,1.8313407881376042e+03,9.3584180219893824e+01,1.2070154265929887e+01
3.8699999999999997e-04,9.8322209332616637e+01,1.7864164060011171e+03,1.8124384780798428e+03,9.2366461198228535e+01,1.1912227525085484e+01
3.8749999999999999e-04,9.7020037384823851e+01,1.7673361970840997e+03,1.7934486337288763e+03,9.1143073745894981e+01,1.1753715036914798e+01
3.8800000000000000e-04,9.5712219851728108e+01,1.7481733116885152e+03,1.7743854873353557e+03,8.9914468577922889e+01,1.1594448830668966e+01
3.8850000000000001e-04,9.4398873280284349e+01,1.7289523870342455e+03,1.7552430571569057e+03,8.8680878698111883e+01,1.1434697852750730e+01
3.8900000000000002e-04,9.3080138554894333e+01,1.7096545633507230e+03,1.7360363418205816e+03,8.7442633159848810e+01,1.1274242129282925e+01
3.8949999999999998e-04,9.1756181111029335e+01,1.6902991196517760e+03,1.7167560373496490e+03,8.6199643159539846e+01,1.1113299445943198e+01
3.8999999999999999e-04,9.0427191077873459e+01,1.6708631827125500e+03,1.6974129498544462e+03,8.4951938698954109e+01,1.0951613326542599e+01
3.9050000000000001e-04,8.9093383347600991e+01,1.6513679842934143e+03,1.6779946112857069e+03,8.3699349739292302e+01,1.0789425674790380e+01
3.9100000000000002e-04,8.7754997569180247e+01,1.6317961442893065e+03,1.6585129849528530e+03,8.2442134411458483e+01,1.0626534824513669e+01
3.9149999999999998e-04,8.6412298064900767e+01,1.6121770273099683e+03,1.6389599128493792e+03,8.1180549721831994e+01,1.0463261062812876e+01
3.9199999999999999e-04,8.5065573668139066e+01,1.5924977877452075e+03,1.6193537695414561e+03,7.9915269667016219e+01,1.0299440912731654e+01
3.9250000000000000e-04,8.3715137481212281e+01,1.5727882672138803e+03,1.5996905340128287e+03,7.8646725329484980e+01,1.0135394213690461e+01
3.9300000000000001e-04,8.2361326552515763e+01,1.5530301006406371e+03,1.5799893847755848e+03,7.7375451542132851e+01,9.9708990125689070e+00
3.9350000000000002e-04,8.1004501472501588e+01,1.5332471111370542e+03,1.5602425418335552e+03,7.6101516891402298e+01,9.8062177133831483e+00
3.9399999999999998e-04,7.9645045888423866e+01,1.5134163470525382e+03,1.5404644545152951e+03,7.4825117400447652e+01,9.6410865731430135e+00
3.9449999999999999e-04,7.8283365938152386e+01,1.4935636678981245e+03,1.5206437115841982e+03,7.3546222449655033e+01,9.4757935713366805e+00
3.9500000000000001e-04,7.6919889603741240e+01,1.4736720364159592e+03,1.5007959176012955e+03,7.2265270756186965e+01,9.3101340817549101e+00
3.9550000000000002e-04,7.5555065985821201e+01,1.4537761795938932e+03,1.4809142781601622e+03,7.0982693949361419e+01,9.1444816697815270e+00
3.9599999999999998e-04,7.4189364500274792e+01,1.4338638926184140e+03,1.4610213525921063e+03,6.9699380155970857e+01,8.9786722456813095e+00
3.9649999999999999e-04,7.2823273999035194e+01,1.4139702540256403e+03,1.4411147479485662e+03,6.8415941140488940e+01,8.8130773164786262e+00
3.9700000000000000e-04,7.1457301817233756e+01,1.3940766953850616e+03,1.4212177314937289e+03,6.7133096518929506e+01,8.6474656999029094e+00
3.9750000000000001e-04,7.0091972749293618e+01,1.3742113884362261e+03,1.4013235123652630e+03,6.5851039806826975e+01,8.4821431491739645e+00
3.9800000000000002e-04,6.8727827956935400e+01,1.3543503848899636e+03,1.3814498799257635e+03,6.4570097241072972e+01,8.3168294473344417e+00
3.9849999999999998e-04,6.7365423812414619e+01,1.3345238587323947e+03,1.3615857410398094e+03,6.3290333564235880e+01,8.1518564795362067e+00
3.9899999999999999e-04,6.6005330680652918e+01,1.3147141266419749e+03,1.3417499069032929e+03,6.2012325620801448e+01,7.9870069373213823e+00
3.9950000000000001e-04,6.4648131644252317e+01,1.2949609520515005e+03,1.3219361218243539e+03,6.0736632264475929e+01,7.8227055304996043e+00
4.0000000000000002e-04,6.3294421175687994e+01,1.2752517074033458e+03,1.3021706526432899e+03,5.9464310219284926e+01,7.6587771663342323e+00
4.0049999999999998e-04,6.1944803761265959e+01,1.2556262599754045e+03,1.2824518298807088e+03,5.8196097935401667e+01,7.4956417834123386e+00
4.0099999999999999e-04,6.0599892481696592e+01,1.2360645469888696e+03,1.2628064108178660e+03,5.6932843034541747e+01,7.3330464354388027e+00
4.0150000000000000e-04,5.9260307554379999e+01,1.2165984194063567e+03,1.2432274911384229e+03,5.5674795247669863e+01,7.1713350163573750e+00
4.0200000000000001e-04,5.7926674842713759e+01,1.1972014331450991e+03,1.2237353974755824e+03,5.4422340170092411e+01,7.0101964599902544e+00
4.0250000000000003e-04,5.6599624337927466e+01,1.1779073264863255e+03,1.2043180622357977e+03,5.3175559250447350e+01,6.8500008157092793e+00
4.0299999999999998e-04,5.5279788619107542e+01,1.1586962497910936e+03,1.1849966019708445e+03,5.1935092865158822e+01,6.6905036720671660e+00
4.0350000000000000e-04,5.3967801297210755e+01,1.1396123065442371e+03,1.1657639665869210e+03,5.0701548942686259e+01,6.5321758055763439e+00
4.0400000000000001e-04,5.2664295448966655e+01,1.1206409095194394e+03,1.1466492456983324e+03,4.9476079346948154e+01,6.3748165501897915e+00
4.0450000000000002e-04,5.1369902046638991e+01,1.1018259501434077e+03,1.1276501363748976e+03,4.8259468281681620e+01,6.2188885786780475e+00
4.0499999999999998e-04,5.0085248389657856e+01,1.0831441428633407e+03,1.1087959323203831e+03,4.7052609850949011e+01,6.0641007615321314e+00
4.0549999999999999e-04,4.8810956544139060e+01,1.0646300732175660e+03,1.0900781015589382e+03,4.5855717060730967e+01,5.9108278290698308e+00
4.0600000000000000e-04,4.7547641796284822e+01,1.0462529094313504e+03,1.0715183935742825e+03,4.4669142275413833e+01,5.7587100005886782e+00
4.0650000000000001e-04,4.6295911125600462e+01,1.0280490015854375e+03,1.0531021098251367e+03,4.3492884721863447e+01,5.6081483331181516e+00
4.0700000000000003e-04,4.5056361703774890e+01,1.0099945058578742e+03,1.0348515277644983e+03,4.2327557285339481e+01,5.4588541771752830e+00
4.0749999999999998e-04,4.3829579424951362e+01,9.9213707012069790e+02,1.0167571868704617e+03,4.1173724797247814e+01,5.3113388286918735e+00
4.0800000000000000e-04,4.2616137472965583e+01,9.7445839186303783e+02,9.9884996641748148e+02,4.0032550854920828e+01,5.1653595413389439e+00
4.0850000000000001e-04,4.1416594930947213e+01,9.5700560363572004e+02,9.8112537746768794e+02,3.8904776213309560e+01,5.0214162602455872e+00
4.0900000000000002e-04,4.0231495438473097e+01,9.3975030438000977e+02,9.6361422805163602e+02,3.7791254704806761e+01,4.8791617538230412e+00
4.0949999999999998e-04,3.9061365901225173e+01,9.2272890841915068e+02,9.4630470995469659e+02,3.6692065276304220e+01,4.7389950124167513e+00
4.0999999999999999e-04,3.7906715257844901e+01,9.0590419740620564e+02,9.2921887330063328e+02,3.5607433228646187e+01,4.6004886648982506e+00
4.1050000000000000e-04,3.6768033308392340e+01,8.8931430834133789e+02,9.1233765989501990e+02,3.4537177131665885e+01,4.4640691612333399e+00
4.1100000000000002e-04,3.5645789608510434e+01,8.7292956800646061e+02,8.9568344007946143e+02,3.3481796411927007e+01,4.3293863616424915e+00
4.1149999999999997e-04,3.4540432433069782e+01,8.5680061904094327e+02,8.7924275034620950e+02,3.2441728329254147e+01,4.1969891513031712e+00
4.1199999999999999e-04,3.3452387812724560e+01,8.4090377729656757e+02,8.6304741210975044e+02,3.1418077093763713e+01,4.0665769077288019e+00
4.1250000000000000e-04,3.2382058646451377e+01,8.2528896256966254e+02,8.4708931702989503e+02,3.0411464568420342e+01,3.9386847127688043e+00
4.1300000000000001e-04,3.1329823892768719e+01,8.0992090063285286e+02,8.3140003381186398e+02,2.9422634360748361e+01,3.8128923610934748e+00
4.1350000000000002e-04,3.0296037841952444e+01,7.9483730400566128e+02,8.1596300411360426e+02,2.8451450986167401e+01,3.6896202301829248e+00
4.1399999999999998e-04,2.9281029471169667e+01,7.7999274591870198e+02,8.0079977622545266e+02,2.7497938741544658e+01,3.5683558658687389e+00
4.1449999999999999e-04,2.8285101884055962e+01,7.6542677894496592e+02,7.8588542745161976e+02,2.6561658039128361e+01,3.4495499182290246e+00
4.1500000000000000e-04,2.7308531835859039e+01,7.5110233059356688e+02,7.7124174634361407e+02,2.5642934293375220e+01,3.3327756740150107e+00
4.1550000000000002e-04,2.6351569344869400e+01,7.3707305171732878e+02,7.5684998215712403e+02,2.4742020103510185e+01,3.2186220951027167e+00
4.1599999999999997e-04,2.5414437390457980e+01,7.2330855447569047e+02,7.4274254294214188e+02,2.3859920885378870e+01,3.1067177135618635e+00
4.1649999999999999e-04,2.4497331697643091e+01,7.0986171515849855e+02,7.2890665461633034e+02,2.2997096208072890e+01,2.9976365231714226e+00
4.1700000000000000e-04,2.3600420607718512e+01,6.9668898322199675e+02,7.1537444529816275e+02,2.2154143766881589e+01,2.8908712975709250e+00
4.1750000000000001e-04,2.2723845034091489e+01,6.8382947090729431e+02,7.0212354297396087e+02,2.1330666061968259e+01,2.7868668779173618e+00
4.1800000000000002e-04,2.1867718502108197e+01,6.7122807703416765e+02,6.8917476014955173e+02,2.0526447190266481e+01,2.6850110231925441e+00
4.1849999999999998e-04,2.1032127271284768e+01,6.5892607699720975e+02,6.7649622634278785e+02,1.9740746173320076e+01,2.5857837835235955e+00
4.1899999999999999e-04,2.0217130538017525e+01,6.4687784245952935e+02,6.6410908309547085e+02,1.8973691964053160e+01,2.4886700915950541e+00
4.1950000000000001e-04,1.9422760716518511e+01,6.3514080899391411e+02,6.5198848292504408e+02,1.8225334159195427e+01,2.3943086504680764e+00
4.2000000000000002e-04,1.8649023795411836e+01,6.2367702110475511e+02,6.4016774538990285e+02,1.7496582344507715e+01,2.3022478271195723e+00
4.2049999999999998e-04,1.7895899767136925e+01,6.1254326546083030e+02,6.2862890396666626e+02,1.6787731313384938e+01,2.2131116281222489e+00
4.2099999999999999e-04,1.7163343127035294e+01,6.0168672778347536e+02,6.1740514721958607e+02,1.6099239048086019e+01,2.1262949212804756e+00
4.2150000000000000e-04,1.6451283438750419e+01,5.9114876345107768e+02,6.0646772002484795e+02,1.5430436607729916e+01,2.0422769918723702e+00
4.2200000000000001e-04,1.5759625962346409e+01,5.8086349395356956e+02,5.9583713361819537e+02,1.4780867519916683e+01,1.9603337518448143e+00
4.2250000000000002e-04,1.5088252341351710e+01,5.7087497353922663e+02,5.8547394062600506e+02,1.4149482613813234e+01,1.8809868681704529e+00
4.2299999999999998e-04,1.4437021344758517e+01,5.6112824610131793e+02,5.7539923835572699e+02,1.3536231530994428e+01,1.8036239906277842e+00
4.2349999999999999e-04,1.3805769659858608e+01,5.5168611638419679e+02,5.6558174340287951e+02,1.2940981279264633e+01,1.7289508293936819e+00
4.2400000000000001e-04,1.3194312731671827e+01,5.4250259166095930e+02,5.5605672097179195e+02,1.2364590386163854e+01,1.6564291541026250e+00
4.2450000000000002e-04,1.2602445644623746e+01,5.3364011431804829e+02,5.4680096530276205e+02,1.1807224827093250e+01,1.5867515023002738e+00
4.2499999999999998e-04,1.2029944042055673e+01,5.2503591614344623e+02,5.3784991881174938e+02,1.1269247329957125e+01,1.5192058484587392e+00
4.2549999999999999e-04,1.1476565079101141e+01,5.1673513650501263e+02,5.2916827775805723e+02,1.0749740219788237e+01,1.4543224490410580e+00
4.2600000000000000e-04,1.0942048404439374e+01,5.0866020858332195e+02,5.2077729554979305e+02,1.0248037842286067e+01,1.3912542209899357e+00
4.2650000000000001e-04,1.0426117166436132e+01,5.0085969467194809e+02,5.1262963348761696e+02,9.7628035696484403e+00,1.3305830819982134e+00
4.2700000000000002e-04,9.9284790392062838e+00,4.9326872776159871e+02,5.0474752165094105e+02,9.2938554954962456e+00,1.2715913923537414e+00
4.2749999999999998e-04,9.4488272641788438e+00,4.8595778996946319e+02,4.9709320556347666e+02,8.8409270870038199e+00,1.2150760987611307e+00
4.2800000000000000e-04,8.9868417028128764e+00,4.7887255975427252e+02,4.8970553073152405e+02,8.4049024166401978e+00,1.1604067192249090e+00
4.2850000000000001e-04,8.5421898962016929e+00,4.7208356484135584e+02,4.8255629769883672e+02,7.9858814393433022e+00,1.1083694255108867e+00
4.2900000000000002e-04,8.1145281274102139e+00,4.6551742875891068e+02,4.7568495526600600e+02,7.5842021937019126e+00,1.0581356785481830e+00
4.2949999999999998e-04,7.7035024825167797e+00,4.5922516687673487e+02,4.6904966255651379e+02,7.1987387376066181e+00,1.0103086092487388e+00
4.2999999999999999e-04,7.3087499064731736e+00,4.5311650276589353e+02,4.6267389700542117e+02,6.8286646309861680e+00,9.6390501033931741e-01
4.3050000000000000e-04,6.9298992500548824e+00,4.4724675172362913e+02,4.5650216528036981e+02,6.4723878919885465e+00,9.1959087715531496e-01
4.3100000000000001e-04,6.5665723043452253e+00,4.4154043657582224e+02,4.5055939544399007e+02,6.1296582067507188e+00,8.7653330493975545e-01
4.3150000000000003e-04,6.2183848193814386e+00,4.3607861123765906e+02,4.4480136184433650e+02,5.8001374682571623e+00,8.3565067092388290e-01
4.3199999999999998e-04,5.8849475037854893e+00,4.3079820979917713e+02,4.3927255039903685e+02,5.4848292660644802e+00,7.9621249855199494e-01
4.3250000000000000e-04,5.5658670024066348e+00,4.2578082150340197e+02,4.3394003882662219e+02,5.1838415412767063e+00,7.5912929037008325e-01
4.3300000000000001e-04,5.2607468492144793e+00,4.2094150970259216e+02,4.2884941648435779e+02,4.8975689513326870e+00,7.2344255862958562e-01
4.3350000000000002e-04,4.9691883928989631e+00,4.1633964734080655e+02,4.2395220312458696e+02,4.6247181058270144e+00,6.8985439074924670e-01
4.3399999999999998e-04,4.6907916928562914e+00,4.1187075510461000e+02,4.1927582162812178e+02,4.3643502165350583e+00,6.5722690358597902e-01
4.3449999999999999e-04,4.4251563834649552e+00,4.0759951253357576e+02,4.1475609923605225e+02,4.1146434126767417e+00,6.2633815486992717e-01
4.3500000000000000e-04,4.1718825047831691e+00,4.0343867700145347e+02,4.1042242279923812e+02,3.8753416408799239e+00,5.9622480835469105e-01
4.3550000000000001e-04,3.9305712980260048e+00,3.9948325766176276e+02,4.0622383623356291e+02,3.6460944191439921e+00,5.6796231867610913e-01
4.3600000000000003e-04,3.7008259644065307e+00,3.9566059159484576e+02,4.0221279898863577e+02,3.4281230201158905e+00,5.4070738665495810e-01
4.3649999999999998e-04,3.4822523861486849e+00,3.9206677676201798e+02,3.9835169388772920e+02,3.2216145180391322e+00,5.1553082016096141e-01
4.3700000000000000e-04,3.2744598086993371e+00,3.8860372927313438e+02,3.9469463295659807e+02,3.0270992029727495e+00,4.9132365827858848e-01
4.3750000000000001e-04,3.0770614833819994e+00,3.8534196017416252e+02,3.9118599927994364e+02,2.8431421197255986e+00,4.6891675629615293e-01
4.3800000000000002e-04,2.8896752699435782e+00,3.8216046017181361e+02,3.8785897716501495e+02,2.6687264551264889e+00,4.4699006707094213e-01
4.3849999999999998e-04,2.7119241986478611e+00,3.7913619073479640e+02,3.8463963203092862e+02,2.5018041192251985e+00,4.2646574390028036e-01
4.3899999999999999e-04,2.5434369917638535e+00,3.7616821183542925e+02,3.8156364388163638e+02,2.3421637475348689e+00,4.0622653823277233e-01
4.3950000000000000e-04,2.3838485444830924e+00,3.7336938381038635e+02,3.7857254905402078e+02,2.1894876924789060e+00,3.8754678684142618e-01
4.4000000000000002e-04,2.2328003654767903e+00,3.7065588102062611e+02,3.7572933129235025e+02,2.0453098210909957e+00,3.6944969923854387e-01
4.4049999999999997e-04,2.0899409774707749e+00,3.6814228877204732e+02,3.7299124896145804e+02,1.9099561088842165e+00,3.5320867165512482e-01
4.4099999999999999e-04,1.9549262783727843e+00,3.6571484623366268e+02,3.7042354438996699e+02,1.7841622453743184e+00,3.3753352402254677e-01
4.4150000000000000e-04,1.8274198636328469e+00,3.6345832326418167e+02,3.6796234236422606e+02,1.6663525665658199e+00,3.2341827225013731e-01
4.4200000000000001e-04,1.7070933106524213e+00,3.6123167609714437e+02,3.6564846312184090e+02,1.5554439116658614e+00,3.0932078272121544e-01
4.4250000000000002e-04,1.5936264261818509e+00,3.5912745493350667e+02,3.6339631932626799e+02,1.4491337836752791e+00,2.9634469392931351e-01
4.4299999999999998e-04,1.4867074577581276e+00,3.5702802307207457e+02,3.6124978673705482e+02,1.3472882824976296e+00,2.8318404667703589e-01
4.4349999999999999e-04,1.3860332703360012e+00,3.5506869660354278e+02,3.5914139660796354e+02,1.2496489590421334e+00,2.7136243944119087e-01
4.4400000000000000e-04,1.2913094893551440e+00,3.5315197307980998e+02,3.5714750990453467e+02,1.1581542018388973e+00,2.5973852020950972e-01
4.4450000000000002e-04,1.2022506115644138e+00,3.5141567646973272e+02,3.5521922644754522e+02,1.0733157091349312e+00,2.4983967683334640e-01
4.4499999999999997e-04,1.1185800849915102e+00,3.4972660476499732e+02,3.5343587584348279e+02,9.9613540942846157e-01,2.4015033200424796e-01
4.4549999999999999e-04,1.0400303595026412e+00,3.4818745033585583e+02,3.5172339978456876e+02,9.2486814721041810e-01,2.3186909247095855e-01
4.4600000000000000e-04,9.6634290944256540e-01,3.4663209406706301e+02,3.5013228071192134e+02,8.5835060888030057e-01,2.2317550169594824e-01
4.4650000000000001e-04,8.9726822988079680e-01,3.4517261963328201e+02,3.4856235498608294e+02,7.9396027788379797e-01,2.1540042018648364e-01
4.4700000000000002e-04,8.3256580801541502e-01,3.4367032731453946e+02,3.4706778876562021e+02,7.3165645923654665e-01,2.0699973789476189e-01
4.4749999999999998e-04,7.7200407130201398e-01,3.4228870094588638e+02,3.4556972014895291e+02,6.7124829205340575e-01,1.9980974130572804e-01
4.4799999999999999e-04,7.1536031388256127e-01,3.4091286175558344e+02,3.4416128157082130e+02,6.1517540144450322e-01,1.9248020155464474e-01
4.4850000000000001e-04,6.6242060288763183e-01,3.3970984631670581e+02,3.4278566899838916e+02,5.6417360723935417e-01,1.8685794302211889e-01
4.4900000000000002e-04,6.1297966617626132e-01,3.3852167397610901e+02,3.4153988657411537e+02,5.1956968860758934e-01,1.8114041503247336e-01
4.4949999999999998e-04,5.6684076306105624e-01,3.3747354369095410e+02,3.4033679349967861e+02,4.7938942818927899e-01,1.7678354383497208e-01
4.4999999999999999e-04,5.2381553954273741e-01,3.3636722525086952e+02,3.3923893174956902e+02,4.4235088398363587e-01,1.7161085634393203e-01
4.5050000000000000e-04,4.8372386954858254e-01,3.3533934628531279e+02,3.3812734727631323e+02,4.0540460431930114e-01,1.6723941913437557e-01
4.5100000000000001e-04,4.4639368363381732e-01,3.3422401808598079e+02,3.3706902979177539e+02,3.6860641750536161e-01,1.6181837077101591e-01
4.5150000000000002e-04,4.1166078656449456e-01,3.3322034608398098e+02,3.3597024693236744e+02,3.3182783443680819e-01,1.5758012506205432e-01
4.5199999999999998e-04,3.7936866515532525e-01,3.3219087147011305e+02,3.3494523895072052e+02,2.9812527384365239e-01,1.5290403772519312e-01
4.5249999999999999e-04,3.4936828768688560e-01,3.3133973773683829e+02,3.3392671842937125e+02,2.6849732327082165e-01,1.5004339013626122e-01
4.5300000000000001e-04,3.2151789617415000e-01,3.3047678546515817e+02,3.3303402998059755e+02,2.4466338552338129e-01,1.4682385889955185e-01
4.5350000000000002e-04,2.9568279270293146e-01,3.2975580058613559e+02,3.3216283857761300e+02,2.2432889080027962e-01,1.4502915564435170e-01
4.5399999999999998e-04,2.7173512099307906e-01,3.2893672102926939e+02,3.3139085555513157e+02,2.0603156666948053e-01,1.4201985507747850e-01
4.5449999999999999e-04,2.4955364428766871e-01,3.2818743311573053e+02,3.3057444507039327e+02,1.8614060049640102e-01,1.3977875618638791e-01
4.5500000000000000e-04,2.2902352060642961e-01,3.2730636324097577e+02,3.2979676004144130e+02,1.6480534721995355e-01,1.3605346324675338e-01
4.5550000000000001e-04,2.1003607633968713e-01,3.2653837701816519e+02,3.2894431607707520e+02,1.4194614519328752e-01,1.3358633595294123e-01
4.5600000000000003e-04,1.9248857909665607e-01,3.2571621438136208e+02,3.2815833072035457e+02,1.2139026579097845e-01,1.3040121469452970e-01
4.5649999999999998e-04,1.7628401065932764e-01,3.2509197609864350e+02,3.2735740531708871e+02,1.0444908653607854e-01,1.2927765306631045e-01
4.5700000000000000e-04,1.6133084083087412e-01,3.2443307270774676e+02,3.2668962630208989e+02,9.3326577279185585e-02,1.2755223550789196e-01
4.5750000000000001e-04,1.4754280290576577e-01,3.2393029823224060e+02,3.2602773786007310e+02,8.5280544924899004e-02,1.2743417986166605e-01
4.5800000000000002e-04,1.3483867142797296e-01,3.2328823762534012e+02,3.2546892880319501e+02,7.8582503349025501e-02,1.2567244473098071e-01
4.5849999999999998e-04,1.2314204284400816e-01,3.2271539112231403e+02,3.2483666623555473e+02,6.8805164632976812e-02,1.2472644619833773e-01
4.5899999999999999e-04,1.1238111959938001e-01,3.2196262626170937e+02,3.2423493258605595e+02,5.6187735743151279e-02,1.2180982562108511e-01
4.5950000000000000e-04,1.0248849817053603e-01,3.2133480429410702e+02,3.2352365706569981e+02,4.0681649429643585e-02,1.2033472991925009e-01
4.6000000000000001e-04,9.3400961469738905e-02,3.2062475902259757e+02,3.2287930319832230e+02,2.7104170526399685e-02,1.1785033332330386e-01
4.6050000000000003e-04,8.5059276007735288e-02,3.2014792255830253e+02,3.2220128642200143e+02,1.7154071578261210e-02,1.1783217380991573e-01
4.6099999999999998e-04,7.7407994148679021e-02,3.1961486478270672e+02,3.2167554557301628e+02,1.3655360024131369e-02,1.1696266070464389e-01
4.6150000000000000e-04,7.0395261743673013e-02,3.1926542309178330e+02,3.2114386113874207e+02,1.3243780059383425e-02,1.1801600411695290e-01
4.6200000000000001e-04,6.3972631383599599e-02,3.1872966438395088e+02,3.2072911313179065e+02,1.3808466985210543e-02,1.1691867009722046e-01
4.6250000000000002e-04,5.8094881468679284e-02,3.1827012277788890e+02,3.2021023228127160e+02,9.8240400448048604e-03,1.1676558094529810e-01
4.6299999999999998e-04,5.2719841251489687e-02,3.1757316500264278e+02,3.1971878730633762e+02,1.6193587671295973e-03,1.1404730455922163e-01
4.6349999999999999e-04,4.7808221972011594e-02,3.1702418366562051e+02,3.1907837917367578e+02,-1.0843208375263202e-02,1.1307621379387456e-01
4.6400000000000000e-04,4.3323454167662201e-02,3.1636164969058882e+02,3.1851271393123898e+02,-2.1433955545035133e-02,1.1075606157942275e-01
4.6450000000000001e-04,3.9231531208215098e-02,3.1598670761511312e+02,3.1789478356009931e+02,-2.7950607812272210e-02,1.1150521836941607e-01
4.6500000000000003e-04,3.5500859074972455e-02,3.1553232234266761e+02,3.1746172070674947e+02,-2.6742842022940749e-02,1.1111368410479372e-01
4.6549999999999998e-04,3.2102112375505872e-02,3.1530504961370025e+02,3.1701277114488767e+02,-2.2041091287974268e-02,1.1312516318753296e-01
4.6600000000000000e-04,2.9008096559670307e-02,3.1483253145219351e+02,3.1670572679014003e+02,-1.6499288429258741e-02,1.1233626845501021e-01
4.6650000000000001e-04,2.6193616279355150e-02,3.1445110853183724e+02,3.1625803827296477e+02,-1.7176039817059063e-02,1.1271126030317191e-01
4.6700000000000002e-04,2.3635349813499087e-02,3.1375776355495327e+02,3.1583891136344755e+02,-2.3647072492167354e-02,1.0973963819935761e-01
4.6749999999999998e-04,2.1311729461176591e-02,3.1324887156522891e+02,3.1522131280152826e+02,-3.5963031173196214e-02,1.0897551798541372e-01
4.6799999999999999e-04,1.9202827788978052e-02,3.1258721728427918e+02,3.1469407956779469e+02,-4.6195862834792933e-02,1.0642499039829545e-01
4.6850000000000000e-04,1.7290249604357415e-02,3.1229318637061806e+02,3.1409311756338866e+02,-5.1457089845825976e-02,1.0781878836257874e-01
4.6900000000000002e-04,1.5557029514011394e-02,3.1189126677947934e+02,3.1372685106856807e+02,-4.6949709259934025e-02,1.0769981179998922e-01
4.6949999999999997e-04,1.3987534915582033e-02,3.1178145572492213e+02,3.1333478804476908e+02,-3.8125102896628960e-02,1.1069003165368940e-01
4.6999999999999999e-04,1.2567374261932523e-02,3.1134697683571721e+02,3.1312370218292926e+02,-2.8412610261511873e-02,1.0999333000802380e-01
4.7050000000000000e-04,1.1283310429829819e-02,3.1102798574366898e+02,3.1272404177019780e+02,-2.7056644100412086e-02,1.1079795882392318e-01
4.7100000000000001e-04,1.0123179018967294e-02,3.1029423478301032e+02,3.1235802727240662e+02,-3.3524823094921885e-02,1.0716930625119403e-01
4.7150000000000002e-04,9.0758114027720983e-03,3.0979968815221218e+02,3.1172619405853038e+02,-4.7914146421135229e-02,1.0642583622689017e-01
4.7199999999999998e-04,8.1309623492557808e-03,3.0909882775072765e+02,3.1121002564413357e+02,-5.9746295362856472e-02,1.0328976228834108e-01
4.7249999999999999e-04,7.2792420281806661e-03,3.0888322553475155e+02,3.1059200034705282e+02,-6.5154881636772188e-02,1.0537643280702014e-01
4.7300000000000000e-04,6.5120522199246913e-03,3.0852126868504274e+02,3.1028312901116442e+02,-5.7686062904394930e-02,1.0543389234089773e-01
4.7350000000000002e-04,5.8215265415348227e-03,3.0854822444145975e+02,3.0993659274249512e+02,-4.4551055905685644e-02,1.0964523832831219e-01
4.7399999999999997e-04,5.2004745064669301e-03,3.0813722344320558e+02,3.0983035080958507e+02,-3.0308064865494089e-02,1.0889729499740497e-01
4.7449999999999999e-04,4.6423292363250730e-03,3.0787943372213340e+02,3.0946783703194524e+02,-2.7410371133555600e-02,1.1016005669489459e-01
4.7500000000000000e-04,4.1410986454466243e-03,3.0705741255953035e+02,3.0914864405401750e+02,-3.5198687683077878e-02,1.0540439728299589e-01
4.7550000000000001e-04,3.6913199223461424e-03,3.0655682802193041e+02,3.0846621235150087e+02,-5.3871993765824300e-02,1.0454430174024765e-01
4.7600000000000002e-04,3.2880171357503448e-03,3.0577180983462313e+02,3.0793863606004743e+02,-6.9196986742099398e-02,1.0040145019206648e-01
4.7649999999999998e-04,2.9266617971520602e-03,3.0564895164725021e+02,3.0726876213549986e+02,-7.5850091134270770e-02,1.0339918931981629e-01
4.7699999999999999e-04,2.6031362164116276e-03,3.0532383096672129e+02,3.0702095005093724e+02,-6.4877885301939386e-02,1.0360760482762998e-01
4.7750000000000001e-04,2.3136994918725963e-03,3.0553531419945648e+02,3.0671906810095243e+02,-4.6110036836580548e-02,1.0955918486752125e-01
4.7800000000000002e-04,2.0549559816724567e-03,3.0513893998619460e+02,3.0674882664735196e+02,-2.5800588543461345e-02,1.0863754501838230e-01
4.7849999999999998e-04,1.8238261083609881e-03,3.0495445968286367e+02,3.0642090495824232e+02,-2.1297890240020934e-02,1.1051140472341103e-01
4.7899999999999999e-04,1.6175193545352022e-03,3.0397750723057834e+02,3.0615258166413696e+02,-3.1795807607522875e-02,1.0394223523917390e-01
4.7950000000000000e-04,1.4335093129122475e-03,3.0344898052548524e+02,3.0537223883038678e+02,-5.7702006916770188e-02,1.0282541273204515e-01
4.8000000000000001e-04,1.2695106600456446e-03,3.0251531982104643e+02,3.0480823081714334e+02,-7.9008267297467683e-02,9.7047061384273547e-02
4.8050000000000002e-04,1.1234579287056233e-03,3.0252044465116342e+02,3.0403948094518273e+02,-8.8110474531276850e-02,1.0140580548454636e-01
4.8099999999999998e-04,9.9348595975500085e-04,3.0223700556895346e+02,3.0387034477537964e+02,-7.2091413458110765e-02,1.0179443170818558e-01
4.8149999999999999e-04,8.7791192012578621e-04,3.0272518263853271e+02,3.0362207481492078e+02,-4.4842029383289628e-02,1.1045206679432340e-01
4.8200000000000001e-04,7.7521877920989728e-04,3.0233697961119469e+02,3.0385169521209900e+02,-1.5275279485649662e-02,1.0920653410335035e-01
4.8250000000000002e-04,6.8404014159494640e-04,3.0225539856278920e+02,3.0356283897947287e+02,-8.5821249795117183e-03,1.1201821586200822e-01
4.8299999999999998e-04,6.0314633958130583e-04,3.0101319493126357e+02,3.0336101345167845e+02,-2.3806537441487308e-02,1.0247257730111414e-01
4.8349999999999999e-04,5.3143169429079062e-04,3.0042476825555786e+02,3.0240653491142439e+02,-6.1791950625774916e-02,1.0089678641065802e-01
4.8400000000000000e-04,4.6790285940458631e-04,2.9923303822398884e+02,3.0176895048542065e+02,-9.3164718289699522e-02,9.2394395129531404e-02
4.8450000000000001e-04,4.1166816663533467e-04,2.9943655650116852e+02,3.0082345147550222e+02,-1.0653597406417248e-01,9.8973229796456508e-02
4.8500000000000003e-04,3.6192789693493058e-04,2.9920979599445127e+02,3.0077212300099200e+02,-8.2305467587502790e-02,9.9635116063609530e-02
4.8549999999999998e-04,3.1796540615721910e-04,3.0015112571101054e+02,3.0060012817449751e+02,-4.1006982035469264e-02,1.1282496318995072e-01
4.8600000000000000e-04,2.7913903842706554e-04,2.9976447014158475e+02,3.0115419357479550e+02,4.0389589339611121e-03,1.1100961460169856e-01
4.8650000000000001e-04,2.4487476480987744e-04,2.9984663581181667e+02,3.0091770675368025e+02,1.4258909948694054e-02,1.1540753379608759e-01
4.8700000000000002e-04,2.1465948902578283e-04,2.9813308909526677e+02,3.0081694020722352e+02,-9.3185544919833774e-03,1.0069187839781080e-01
4.8749999999999998e-04,1.8803496590922945e-04,2.9742714272999729e+02,2.9954653013232746e+02,-6.8505808503687149e-02,9.8289258693966985e-02
4.8799999999999999e-04,1.6459228207788251e-04,2.9576768935010477e+02,2.9876833978071227e+02,-1.1768276495604368e-01,8.4958487486574086e-02
4.8850000000000000e-04,1.4396685184580010e-04,2.9631242283931351e+02,2.9749792617400817e+02,-1.3869332683680113e-01,9.5473574842571907e-02
4.8899999999999996e-04,1.2583388479736344e-04,2.9617629373203090e+02,2.9764707134429773e+02,-9.9741975698634633e-02,9.6616507578346500e-02
4.8950000000000003e-04,1.0990428463372131e-04,2.9793169763007609e+02,2.9760061178891920e+02,-3.2998441858580918e-02,1.1805678887094473e-01
4.8999999999999998e-04,9.5920941916688367e-05,2.9753679335849301e+02,2.9873623224775656e+02,4.0360356888413662e-02,1.1519021045251066e-01
4.9050000000000005e-04,8.3655386170916219e-05,2.9791221574702649e+02,2.9858147817668214e+02,5.6945753428408352e-02,1.2253924581273168e-01
4.9100000000000001e-04,7.2904765469100776e-05,2.9529579941730481e+02,2.9865666424845404e+02,1.7465191293013049e-02,9.8043753962429037e-02
4.9149999999999997e-04,6.3489124122754611e-05,2.9435108776175184e+02,2.9677170895124436e+02,-8.2271809891608427e-02,9.4031911288993797e-02
4.9200000000000003e-04,5.5248951438834053e-05,2.9177109541065875e+02,2.9571302579372423e+02,-1.6583699661532592e-01,7.1308784126244973e-02
4.9249999999999999e-04,4.8042976686648168e-05,2.9297417350567412e+02,2.9379772433558537e+02,-2.0170595217496157e-01,8.9548785850638524e-02
4.9299999999999995e-04,4.1746187456594718e-05,2.9300821134427679e+02,2.9433643765462330e+02,-1.3331323662896466e-01,9.1654744103607300e-02
4.9350000000000002e-04,3.6248050489079486e-05,2.9640398223575903e+02,2.9452902398568403e+02,-1.5146808783356391e-02,1.2984509883779083e-01
4.9399999999999997e-04,3.1450915815236891e-05,2.9598200201835425e+02,2.9683932551761973e+02,1.1618215781891195e-01,1.2483790618989588e-01
4.9450000000000004e-04,2.7268586687562420e-05,2.9695900694947341e+02,2.9683267536966014e+02,1.4569325573756942e-01,1.3838029897192428e-01
4.9500000000000000e-04,2.3625039295010881e-05,2.9240040238309302e+02,2.9726288358129386e+02,7.2072587049660797e-02,9.2988292977565834e-02
4.9549999999999996e-04,2.0453277660140264e-05,2.9091742581914878e+02,2.9403561575898493e+02,-1.1562656733894983e-01,8.5416033460774088e-02
4.9600000000000002e-04,1.7694310412013046e-05,2.8627835280273575e+02,2.9235605589888291e+02,-2.7485694041752140e-01,4.1796973487407740e-02
4.9649999999999998e-04,1.5296237324155767e-05,2.8895632123667747e+02,2.8898880700959126e+02,-3.4368219680618495e-01,7.7491886126153986e-02
4.9700000000000005e-04,1.3213434608112950e-05,2.8937580760734272e+02,2.9042116620991146e+02,-2.0685643662545772e-01,8.1861466343525535e-02
4.9750000000000000e-04,1.1405828965995022e-05,2.9665017900458770e+02,2.9115588436834514e+02,3.2629827735945582e-02,1.5982090057354981e-01
4.9799999999999996e-04,9.8382513356786924e-06,2.9615755047774292e+02,2.9626335165338241e+02,3.0342798364654300e-01,1.4973742966344616e-01
4.9850000000000003e-04,8.4798621155175124e-06,2.9861670723342104e+02,2.9657381647665170e+02,3.6372135337296641e-01,1.7875267850808996e-01
4.9899999999999999e-04,7.3036404368606079e-06,2.8906022068936727e+02,2.9787096981896320e+02,2.0203856975967938e-01,7.9770362144472529e-02
4.9950000000000005e-04,6.2859307674223922e-06,2.8611769687573542e+02,2.9112034532404505e+02,-2.1662737893166195e-01,6.2570899141519476e-02
5.0000000000000001e-04,5.4060407814097674e-06,2.7584347535530105e+02,2.8779821187793277e+02,-5.7911179594702844e-01,-3.8157261355991068e-02
5.0049999999999997e-04,4.6458850278609318e-06,2.8264424899176811e+02,2.8042751528535155e+02,-7.3758705838190508e-01,4.6494165069361770e-02
5.0100000000000003e-04,3.9896694712042832e-06,2.8419884108286351e+02,2.8447363455881714e+02,-3.9990178114749142e-01,5.7672389274557645e-02
5.0149999999999999e-04,3.4236124716798275e-06,3.0324533488514135e+02,2.8678521384435589e+02,2.0483394187976955e-01,2.5663092526087894e-01
5.0199999999999995e-04,2.9356982218165808e-06,3.0256611061736476e+02,3.0050346713780891e+02,9.0976365853566676e-01,2.3120346911673550e-01
5.0250000000000002e-04,2.5154590622283603e-06,3.0989236054243520e+02,3.0164952775227721e+02,1.0642107322200900e+00,3.1156717577778181e-01
5.0299999999999997e-04,2.1537834689499574e-06,2.8293580117050442e+02,3.0578657484639552e+02,5.9382159817323554e-01,2.6310573877708521e-02
5.0350000000000004e-04,1.8427468385392981e-06,2.7447364229318919e+02,2.8635995090176584e+02,-6.6259259276012017e-01,-2.7715579505411370e-02
5.0400000000000000e-04,1.5754624991590739e-06,2.4223962753839442e+02,2.7708818574377801e+02,-1.7945771369140857e+00,-3.5141739432447139e-01
5.0449999999999996e-04,1.3459506485594924e-06,2.6595890946031432e+02,2.5390142949906294e+02,-2.3008705850770639e+00,-6.5844997180192877e-02
5.0500000000000002e-04,1.1490231658548191e-06,2.7279063612219761e+02,2.6965679195892881e+02,-1.0642392673835275e+00,-2.2358397824518761e-02
5.0549999999999998e-04,9.8018246557582547e-07,3.4853475258065737e+02,2.7903324776049703e+02,1.2664784954304196e+00,7.6072969708093297e-01
5.0600000000000005e-04,8.3553276186859875e-07,3.4751749929113430e+02,3.3556048968737014e+02,4.1743073872657988e+00,6.6323915011548706e-01
5.0650000000000001e-04,7.1170228991084253e-07,3.8272305488740676e+02,3.3941256254489417e+02,4.7874868935978157e+00,1.0418419763818747e+00
5.0699999999999996e-04,6.0577519248570965e-07,2.4288790132582653e+02,3.6004463158844737e+02,2.2882559880017652e+00,-4.5120260775729548e-01
5.0750000000000003e-04,5.1523192389887859e-07,1.9081739720058977e+02,2.5191615523831570e+02,-4.9961276874291798e+00,-8.0778666650189734e-01
5.0799999999999999e-04,4.3789715261590446e-07,-3.0770610169798601e+01,2.0044425231975038e+02,-1.2339118317680914e+01,-3.0684871984635720e+00
5.0849999999999995e-04,3.7189425957327758e-07,1.6259376550331945e+02,3.4451214564382099e+01,-1.5862585366305211e+01,-7.7272910484862223e-01
5.0900000000000001e-04,3.1560563239583146e-07,2.4869220310583478e+02,1.9869922852091258e+02,-3.0589701751978282e+00,-2.0856511114106979e-01
5.0949999999999997e-04,2.6763804793973090e-07,1.2786966433877533e+03,3.0030414970262791e+02,2.6557127463904180e+01,1.0476120899139914e+01
5.1000000000000004e-04,2.2679251777380584e-07,1.3435075581857236e+03,1.1803087081105914e+03,7.5909681017914409e+01,9.5712510396444941e+00
5.1049999999999999e-04,1.9203804441440763e-07,2.3549938114877441e+03,1.0801216572728299e+03,8.3966663961478844e+01,2.0870043881744095e+01
5.1099999999999995e-04,1.6248880125182103e-07,-6.3434340408795397e+03,1.8705429949250829e+03,-7.4448791935996269e+01,-7.3009488320121136e+01
5.1150000000000002e-04,1.3738430697794004e-07,-3.0296646845540599e+04,-1.0931074318865140e+04,-1.4629202503201032e+03,-2.9295100821448341e+02
