solver,length_m,rho_ohm_m,frequency_hz,z_real_ohm,z_imag_ohm,z_magnitude_ohm,z_phase_deg
mHEM,10,30,1.0000000000000000e+02,4.2792537408978202e+00,-1.3623492482719128e-02,4.2792754268141486e+00,-1.8240703441333264e-01
mHEM,10,30,1.0292005271944286e+02,4.2790035443693073e+00,-1.3767051882358491e-02,4.2790256910239073e+00,-1.8433993787173172e-01
mHEM,10,30,1.0592537251772886e+02,4.2787497400301291e+00,-1.3911124535598972e-02,4.2787723539811910e+00,-1.8628009681466637e-01
mHEM,10,30,1.0901844923851279e+02,4.2784922764579330e+00,-1.4055671179953565e-02,4.2785153641891371e+00,-1.8822699391339751e-01
mHEM,10,30,1.1220184543019630e+02,4.2782311015108396e+00,-1.4200652080976360e-02,4.2782546694246912e+00,-1.9018010555529274e-01
mHEM,10,30,1.1547819846894582e+02,4.2779661623456171e+00,-1.4346024702604404e-02,4.2779902167488482e+00,-1.9213887063776286e-01
mHEM,10,30,1.1885022274370189e+02,4.2776974053698762e+00,-1.4491746737969031e-02,4.2777219524685899e+00,-1.9410273115090737e-01
mHEM,10,30,1.2232071190499313e+02,4.2774247763082611e+00,-1.4637769104206977e-02,4.2774498221791131e+00,-1.9607103834001982e-01
mHEM,10,30,1.2589254117941675e+02,4.2771482200874393e+00,-1.4784046894811966e-02,4.2771737706854669e+00,-1.9804319939251117e-01
mHEM,10,30,1.2956866975170189e+02,4.2768676809345800e+00,-1.4930527449576408e-02,4.2768937420600777e+00,-2.0001851762696241e-01
mHEM,10,30,1.3335214321633239e+02,4.2765831022901963e+00,-1.5077159425423960e-02,4.2766096795862003e+00,-2.0199631398493345e-01
mHEM,10,30,1.3724609610075626e+02,4.2762944268397627e+00,-1.5223888189256749e-02,4.2763215257733389e+00,-2.0397586530306178e-01
mHEM,10,30,1.4125375446227540e+02,4.2760015965369149e+00,-1.5370652079229625e-02,4.2760292223664216e+00,-2.0595635419651956e-01
mHEM,10,30,1.4537843856076620e+02,4.2757045524483575e+00,-1.5517397739977044e-02,4.2757327102451379e+00,-2.0793707452300170e-01
mHEM,10,30,1.4962356560944329e+02,4.2754032349592919e+00,-1.5664058423079528e-02,4.2754319295512895e+00,-2.0991714060871414e-01
mHEM,10,30,1.5399265260594919e+02,4.2750975835998721e+00,-1.5810570120380833e-02,4.2751268195726073e+00,-2.1189570340683075e-01
mHEM,10,30,1.5848931924611142e+02,4.2747875371225694e+00,-1.5956863087157519e-02,4.2748173187889593e+00,-2.1387183688482039e-01
mHEM,10,30,1.6311729092278381e+02,4.2744730334398220e+00,-1.6102867397354517e-02,4.2745033648299602e+00,-2.1584461245453027e-01
mHEM,10,30,1.6788040181225605e+02,4.2741540096408723e+00,-1.6248509704992968e-02,4.2741848944795056e+00,-2.1781305554906211e-01
mHEM,10,30,1.7278259805078628e+02,4.2738304020204536e+00,-1.6393710307675672e-02,4.2738618436926528e+00,-2.1977610622892749e-01
mHEM,10,30,1.7782794100389228e+02,4.2735021459846889e+00,-1.6538390577049599e-02,4.2735341475292579e+00,-2.2173271876534742e-01
mHEM,10,30,1.8302061063110568e+02,4.2731691761146484e+00,-1.6682466831658253e-02,4.2732017401938718e+00,-2.2368177947899340e-01
mHEM,10,30,1.8836490894898000e+02,4.2728314261132407e+00,-1.6825853231360599e-02,4.2728645549932747e+00,-2.2562214551700352e-01
mHEM,10,30,1.9386526359522077e+02,4.2724888288568508e+00,-1.6968457597372113e-02,4.2725225243712659e+00,-2.2755258877292356e-01
mHEM,10,30,1.9952623149688787e+02,4.2721413163355191e+00,-1.7110185020959207e-02,4.2721755798623766e+00,-2.2947184424010431e-01
mHEM,10,30,2.0535250264571459e+02,4.2717888196312765e+00,-1.7250939278348934e-02,4.2718236520756285e+00,-2.3137862896130140e-01
mHEM,10,30,2.1134890398366477e+02,4.2714312689688851e+00,-1.7390617723275950e-02,4.2714666707244637e+00,-2.3327157349508726e-01
mHEM,10,30,2.1752040340195222e+02,4.2710685936660262e+00,-1.7529114330577102e-02,4.2711045645885912e+00,-2.3514926269538805e-01
mHEM,10,30,2.2387211385683401e+02,4.2707007221451549e+00,-1.7666318573690148e-02,4.2707372615209067e+00,-2.3701022061524976e-01
mHEM,10,30,2.3040929760558447e+02,4.2703275818849002e+00,-1.7802118018211650e-02,4.2703646884092787e+00,-2.3885294526290138e-01
mHEM,10,30,2.3713737056616552e+02,4.2699490994961042e+00,-1.7936392008977450e-02,4.2699867712260993e+00,-2.4067582385932146e-01
mHEM,10,30,2.4406190680419814e+02,4.2695652006358857e+00,-1.8069017673383717e-02,4.2696034349668395e+00,-2.4247721333400010e-01
mHEM,10,30,2.5118864315095797e+02,4.2691758100060708e+00,-1.8199869023259419e-02,4.2692146036447332e+00,-2.4425542823597057e-01
mHEM,10,30,2.5852348395621914e+02,4.2687808514272190e+00,-1.8328810904014080e-02,4.2688202003388298e+00,-2.4600865947371828e-01
mHEM,10,30,2.6607250597988087e+02,4.2683802477440969e+00,-1.8455705584719831e-02,4.2684201471271059e+00,-2.4773506269752360e-01
mHEM,10,30,2.7384196342643611e+02,4.2679739208398484e+00,-1.8580411066506538e-02,4.2680143650934994e+00,-2.4943273554674122e-01
mHEM,10,30,2.8183829312644548e+02,4.2675617916542281e+00,-1.8702778846500817e-02,4.2676027743363871e+00,-2.5109968757251749e-01
mHEM,10,30,2.9006811986931530e+02,4.2671437801665393e+00,-1.8822654922125058e-02,4.2671852939557597e+00,-2.5273385365104095e-01
mHEM,10,30,2.9853826189179603e+02,4.2667198053803927e+00,-1.8939880447017041e-02,4.2667618420409461e+00,-2.5433310272389692e-01
mHEM,10,30,3.0725573652674456e+02,4.2662897853484880e+00,-1.9054288645274579e-02,4.2663323356818585e+00,-2.5589519628960472e-01
mHEM,10,30,3.1622776601683796e+02,4.2658536371287568e+00,-1.9165708755632390e-02,4.2658966909428022e+00,-2.5741784129041972e-01
mHEM,10,30,3.2546178349804603e+02,4.2654112767957306e+00,-1.9273963501120005e-02,4.2654548228630000e+00,-2.5889865605722118e-01
mHEM,10,30,3.3496543915782757e+02,4.2649626194539065e+00,-1.9378868365895315e-02,4.2650066454670705e+00,-2.6033516050777905e-01
mHEM,10,30,3.4474660657314945e+02,4.2645075792220268e+00,-1.9480232229437875e-02,4.2645520717526502e+00,-2.6172478457387699e-01
mHEM,10,30,3.5481338923357532e+02,4.2640460692128315e+00,-1.9577858190603037e-02,4.2640910136746299e+00,-2.6306487918193505e-01
mHEM,10,30,3.6517412725483769e+02,4.2635780015617311e+00,-1.9671541423738184e-02,4.2636233821648819e+00,-2.6435268735102158e-01
mHEM,10,30,3.7583740428844430e+02,4.2631032874161008e+00,-1.9761069343676902e-02,4.2631490871232236e+00,-2.6558534630136560e-01
mHEM,10,30,3.8681205463305207e+02,4.2626218369133442e+00,-1.9846223200685766e-02,4.2626680374040182e+00,-2.6675990878135769e-01
mHEM,10,30,3.9810717055349733e+02,4.2621335592165330e+00,-1.9926775204767717e-02,4.2621801408398792e+00,-2.6787330430422196e-01
mHEM,10,30,4.0973210981354134e+02,4.2616383624776892e+00,-2.0002490460921254e-02,4.2616853042154768e+00,-2.6892236503838335e-01
mHEM,10,30,4.2169650342858228e+02,4.2611361538741619e+00,-2.0073125220397073e-02,4.2611834332975622e+00,-2.6990380217251791e-01
mHEM,10,30,4.3401026364474399e+02,4.2606268395788822e+00,-2.0138427792318503e-02,4.2606744328115331e+00,-2.7081421803886446e-01
mHEM,10,30,4.4668359215096302e+02,4.2601103247986289e+00,-2.0198136591789782e-02,4.2601582064728136e+00,-2.7165007972475896e-01
mHEM,10,30,4.5972698853087229e+02,4.2595865137299063e+00,-2.0251982761968098e-02,4.2596346569577408e+00,-2.7240775418848279e-01
mHEM,10,30,4.7315125896148027e+02,4.2590553096142907e+00,-2.0299686648102187e-02,4.2591036859451652e+00,-2.7308346068393491e-01
mHEM,10,30,4.8696752516586309e+02,4.2585166147141340e+00,-2.0340959526436681e-02,4.2585651941036176e+00,-2.7367329384917671e-01
mHEM,10,30,5.0118723362727246e+02,4.2579703303182876e+00,-2.0375503002203633e-02,4.2580190810978547e+00,-2.7417321544054729e-01
mHEM,10,30,5.1582216507230555e+02,4.2574163567823478e+00,-2.0403007556915063e-02,4.2574652456262339e+00,-2.7457903460429034e-01
mHEM,10,30,5.3088444423098849e+02,4.2568545934861168e+00,-2.0423154303270099e-02,4.2569035853910933e+00,-2.7488643130444168e-01
mHEM,10,30,5.4638654988185397e+02,4.2562849388831436e+00,-2.0435613007568739e-02,4.2563339971438428e+00,-2.7509092951344366e-01
mHEM,10,30,5.6234132519034904e+02,4.2557072905072957e+00,-2.0440042108705286e-02,4.2557563766971382e+00,-2.7518789725756232e-01
mHEM,10,30,5.7876198834912088e+02,4.2551215449809430e+00,-2.0436088215470577e-02,4.2551706189367495e+00,-2.7517253963082916e-01
mHEM,10,30,5.9566214352901034e+02,4.2545275980145885e+00,-2.0423387025803891e-02,4.2545766178323063e+00,-2.7503991094556746e-01
mHEM,10,30,6.1305579214982083e+02,4.2539253444487919e+00,-2.0401561328592267e-02,4.2539742664769866e+00,-2.7478488758901104e-01
mHEM,10,30,6.3095734448019300e+02,4.2533146782676239e+00,-2.0370220976019152e-02,4.2533634571089074e+00,-2.7440216739548240e-01
mHEM,10,30,6.4938163157621136e+02,4.2526954926006715e+00,-2.0328963527715259e-02,4.2527440811250541e+00,-2.7388627806137367e-01
mHEM,10,30,6.6834391756861487e+02,4.2520676797549735e+00,-2.0277372929792585e-02,4.2521160291165359e+00,-2.7323155907824126e-01
mHEM,10,30,6.8785991230880745e+02,4.2514311312531508e+00,-2.0215019110595707e-02,4.2514791909153322e+00,-2.7243215599505771e-01
mHEM,10,30,7.0794578438413805e+02,4.2507857378396174e+00,-2.0141457779111575e-02,4.2508334556110485e+00,-2.7148201739972927e-01
mHEM,10,30,7.2861817451322736e+02,4.2501313895155386e+00,-2.0056230131332765e-02,4.2501787115970036e+00,-2.7037489064565090e-01
mHEM,10,30,7.4989420933245583e+02,4.2494679755676827e+00,-1.9958862414995608e-02,4.2495148466106336e+00,-2.6910431565539716e-01
mHEM,10,30,7.7179151558501269e+02,4.2487953846055788e+00,-1.9848865180451210e-02,4.2488417477819320e+00,-2.6766361447544817e-01
mHEM,10,30,7.9432823472428129e+02,4.2481135046085630e+00,-1.9725732284588578e-02,4.2481593016919472e+00,-2.6604587747915631e-01
mHEM,10,30,8.1752303794365014e+02,4.2474222229283107e+00,-1.9588942355413839e-02,4.2474673943996173e+00,-2.6424398274042565e-01
mHEM,10,30,8.4139514164519471e+02,4.2467214263621935e+00,-1.9437956245062754e-02,4.2467659115221705e+00,-2.6225056128848578e-01
mHEM,10,30,8.6596432336006535e+02,4.2460110012048222e+00,-1.9272217011430906e-02,4.2460547383071869e+00,-2.6005799643846711e-01
mHEM,10,30,8.9125093813374588e+02,4.2452908332590473e+00,-1.9091150412982909e-02,4.2453337596680649e+00,-2.5765843003709760e-01
mHEM,10,30,9.1727593538977942e+02,4.2445608079185773e+00,-1.8894163070464473e-02,4.2446028602822832e+00,-2.5504373720464418e-01
mHEM,10,30,9.4406087628592354e+02,4.2438208102132089e+00,-1.8680642776156841e-02,4.2438619246640465e+00,-2.5220553003333629e-01
mHEM,10,30,9.7162795157710582e+02,4.2430707248707309e+00,-1.8449957310098304e-02,4.2431108372489836e+00,-2.4913514111429313e-01
mHEM,10,30,1.0000000000000000e+03,4.2423104363751278e+00,-1.8201454267997619e-02,4.2423494824819414e+00,-2.4582362069652100e-01
mHEM,10,30,1.0292005271944286e+03,4.2415398290276771e+00,-1.7934460855242997e-02,4.2415777449098240e+00,-2.4226173337003318e-01
mHEM,10,30,1.0592537251772887e+03,4.2407587870434087e+00,-1.7648281892339995e-02,4.2407955093047853e+00,-2.3843993056391719e-01
mHEM,10,30,1.0901844923851279e+03,4.2399671946089352e+00,-1.7342200437564979e-02,4.2400026607628423e+00,-2.3434835836718376e-01
mHEM,10,30,1.1220184543019629e+03,4.2391649359572430e+00,-1.7015476945628341e-02,4.2391990848160299e+00,-2.2997684555453693e-01
mHEM,10,30,1.1547819846894581e+03,4.2383518954747119e+00,-1.6667348073716056e-02,4.2383846675786634e+00,-2.2531488681368209e-01
mHEM,10,30,1.1885022274370190e+03,4.2375279577892542e+00,-1.6297026234171966e-02,4.2375592958812556e+00,-2.2035163603272515e-01
mHEM,10,30,1.2232071190499314e+03,4.2366930078538605e+00,-1.5903699262808144e-02,4.2367228574038256e+00,-2.1507590112622030e-01
mHEM,10,30,1.2589254117941675e+03,4.2358469310663969e+00,-1.5486529199744282e-02,4.2358752408458944e+00,-2.0947612683137770e-01
mHEM,10,30,1.2956866975170190e+03,4.2349896133870484e+00,-1.5044651412854996e-02,4.2350163360998163e+00,-2.0354038210089148e-01
mHEM,10,30,1.3335214321633241e+03,4.2341209414361867e+00,-1.4577174528546904e-02,4.2341460344118618e+00,-1.9725635838735148e-01
mHEM,10,30,1.3724609610075624e+03,4.2332408026373374e+00,-1.4083178960801388e-02,4.2332642285880588e+00,-1.9061134893259263e-01
mHEM,10,30,1.4125375446227540e+03,4.2323490853396981e+00,-1.3561716584965505e-02,4.2323708131888100e+00,-1.8359224351003828e-01
mHEM,10,30,1.4537843856076622e+03,4.2314456789802861e+00,-1.3011809202497910e-02,4.2314656847645189e+00,-1.7618550676825798e-01
mHEM,10,30,1.4962356560944329e+03,4.2305304742053966e+00,-1.2432448542485871e-02,4.2305487420614005e+00,-1.6837717734174862e-01
mHEM,10,30,1.5399265260594921e+03,4.2296033630536263e+00,-1.1822594751864521e-02,4.2296198862901635e+00,-1.6015284646555930e-01
mHEM,10,30,1.5848931924611140e+03,4.2286642391146776e+00,-1.1181175689155134e-02,4.2286790213797394e+00,-1.5149764743004993e-01
mHEM,10,30,1.6311729092278381e+03,4.2277129977040229e+00,-1.0507086188852011e-02,4.2277260542537185e+00,-1.4239624460302469e-01
mHEM,10,30,1.6788040181225606e+03,4.2267495360654896e+00,-9.7991866468997001e-03,4.2267608951404823e+00,-1.3283281321319315e-01
mHEM,10,30,1.7278259805078626e+03,4.2257737535653277e+00,-9.0563023171812938e-03,4.2257834578848525e+00,-1.2279102872676391e-01
mHEM,10,30,1.7782794100389228e+03,4.2247855519014825e+00,-8.2772223150108098e-03,4.2247936602826845e+00,-1.1225405221552984e-01
mHEM,10,30,1.8302061063110568e+03,4.2237848353329985e+00,-7.4606985436420767e-03,4.2237914244446024e+00,-1.0120451464028828e-01
mHEM,10,30,1.8836490894898002e+03,4.2227715109181680e+00,-6.6054444252547266e-03,4.2227766771779631e+00,-8.9624498440063718e-02
mHEM,10,30,1.9386526359522077e+03,4.2217454887618997e+00,-5.7101341521014282e-03,4.2217493503894197e+00,-7.7495526135795981e-02
mHEM,10,30,1.9952623149688789e+03,4.2207066822839785e+00,-4.7734013523726112e-03,4.2207093815183603e+00,-6.4798540954448508e-02
mHEM,10,30,2.0535250264571459e+03,4.2196550085074644e+00,-3.7938376260990316e-03,4.2196567140024630e+00,-5.1513885643266526e-02
mHEM,10,30,2.1134890398366479e+03,4.2185903883375619e+00,-2.7699921930068984e-03,4.2185912977474853e+00,-3.7621296339519480e-02
mHEM,10,30,2.1752040340195222e+03,4.2175127468966949e+00,-1.7003696948085650e-03,4.2175130896647142e+00,-2.3099871344210276e-02
mHEM,10,30,2.2387211385683399e+03,4.2164220138441033e+00,-5.8342962460932336e-04,4.2164220542089108e+00,-7.9280619468156035e-03
mHEM,10,30,2.3040929760558447e+03,4.2153181237248614e+00,5.8241528401633321e-04,4.2153181639599699e+00,7.9163509149858050e-03
mHEM,10,30,2.3713737056616551e+03,4.2142010163507875e+00,1.7988003014113305e-03,4.2142014002530228e+00,2.4456275056324521e-02
mHEM,10,30,2.4406190680419813e+03,4.2130706371781823e+00,3.0674100377097394e-03,4.2130717538225380e+00,4.1715326724363525e-02
mHEM,10,30,2.5118864315095798e+03,4.2119269377274389e+00,4.3899798690529412e-03,4.2119292255066787e+00,5.9717851539704242e-02
mHEM,10,30,2.5852348395621912e+03,4.2107698760186691e+00,5.7682973139613989e-03,4.2107738269871700e+00,7.8488944791469312e-02
mHEM,10,30,2.6607250597988086e+03,4.2095994170229627e+00,7.2042034719481309e-03,4.2096055815655378e+00,9.8054472606819432e-02
mHEM,10,30,2.7384196342643613e+03,4.2084155331611601e+00,8.6995947698394662e-03,4.2084245250094829e+00,1.1844109733351448e-01
mHEM,10,30,2.8183829312644548e+03,4.2072182048054403e+00,1.0256424279656649e-02,4.2072307064249896e+00,1.3967629711451374e-01
mHEM,10,30,2.9006811986931530e+03,4.2060074208137435e+00,1.1876703225320726e-02,4.2060241891862420e+00,1.6178838804574397e-01
mHEM,10,30,2.9853826189179604e+03,4.2047831791163368e+00,1.3562502874514177e-02,4.2048050519452040e+00,1.8480655158999959e-01
mHEM,10,30,3.0725573652674452e+03,4.2035454872921330e+00,1.5315955931840482e-02,4.2035733896579179e+00,2.0876085520554483e-01
mHEM,10,30,3.1622776601683795e+03,4.2022943632255974e+00,1.7139258460963862e-02,4.2023293147227552e+00,2.3368228017574980e-01
mHEM,10,30,3.2546178349804600e+03,4.2010298357551941e+00,1.9034671530528537e-02,4.2010729581412400e+00,2.5960274566749575e-01
mHEM,10,30,3.3496543915782759e+03,4.1997519453825101e+00,2.1004522957825622e-02,4.1998044707734747e+00,2.8655513409931277e-01
mHEM,10,30,3.4474660657314944e+03,4.1984607450159519e+00,2.3051209166824443e-02,4.1985240246643762e+00,3.1457331803824806e-01
mHEM,10,30,3.5481338923357530e+03,4.1971563007492918e+00,2.5177197167420687e-02,4.1972318144435015e+00,3.4369218870966517e-01
mHEM,10,30,3.6517412725483769e+03,4.1958386926889544e+00,2.7385026435860486e-02,4.1959280588135259e+00,3.7394768310372306e-01
mHEM,10,30,3.7583740428844430e+03,4.1945080158098236e+00,2.9677310707317703e-02,4.1946130021092154e+00,4.0537680981139312e-01
mHEM,10,30,3.8681205463305209e+03,4.1931643808823980e+00,3.2056740211572031e-02,4.1932869159758024e+00,4.3801768082059250e-01
mHEM,10,30,3.9810717055349733e+03,4.1918079154308412e+00,3.4526083727955514e-02,4.1919501011255180e+00,4.7190954074299452e-01
mHEM,10,30,4.0973210981354132e+03,4.1904387647398584e+00,3.7088190500048225e-02,4.1906028891925660e+00,5.0709279399674456e-01
mHEM,10,30,4.2169650342858222e+03,4.1890570929330568e+00,3.9745992557127394e-02,4.1892456447166122e+00,5.4360903739497457e-01
mHEM,10,30,4.3401026364474401e+03,4.1876630840937183e+00,4.2502506903532737e-02,4.1878787672250493e+00,5.8150109075720924e-01
mHEM,10,30,4.4668359215096307e+03,4.1862569434456534e+00,4.5360837740552828e-02,4.1865026934360703e+00,6.2081302776116265e-01
mHEM,10,30,4.5972698853087231e+03,4.1848388986071248e+00,4.8324178726855405e-02,4.1851178995991161e+00,6.6159020708386496e-01
mHEM,10,30,4.7315125896148029e+03,4.1834092009031680e+00,5.1395815570014901e-02,4.1837249039652917e+00,7.0387930780545560e-01
mHEM,10,30,4.8696752516586312e+03,4.1819681267366269e+00,5.4579128037074993e-02,4.1823242693816010e+00,7.4772835655321834e-01
mHEM,10,30,5.0118723362727251e+03,4.1805159790607931e+00,5.7877592744408318e-02,4.1809166060715093e+00,7.9318676495642693e-01
mHEM,10,30,5.1582216507230560e+03,4.1790530888964765e+00,6.1294785554403007e-02,4.1795025745357952e+00,8.4030536132648836e-01
mHEM,10,30,5.3088444423098845e+03,4.1775798169484286e+00,6.4834384044807805e-02,4.1780828886379622e+00,8.8913642287580930e-01
mHEM,10,30,5.4638654988185399e+03,4.1760965553102194e+00,6.8500170328362045e-02,4.1766583188727440e+00,9.3973371222898017e-01
mHEM,10,30,5.6234132519034911e+03,4.1746037292360141e+00,7.2296033572352300e-02,4.1752296957917814e+00,9.9215250925539056e-01
mHEM,10,30,5.7876198834912084e+03,4.1731017990215467e+00,7.6225972660147343e-02,4.1737979136399090e+00,1.0464496442031215e+00
mHEM,10,30,5.9566214352901034e+03,4.1715912619821722e+00,8.0294099091866827e-02,4.1723639341978531e+00,1.1026835333983838e+00
mHEM,10,30,6.1305579214982081e+03,4.1700726545328379e+00,8.4504639729566677e-02,4.1709287908352470e+00,1.1609142120138705e+00
mHEM,10,30,6.3095734448019302e+03,4.1685465543659994e+00,8.8861939648965826e-02,4.1694935927801620e+00,1.2212033674113729e+00
mHEM,10,30,6.4938163157621129e+03,4.1670135827517116e+00,9.3370465052607682e-02,4.1680595296350313e+00,1.2836143723363431e+00
mHEM,10,30,6.6834391756861487e+03,4.1654744069622138e+00,9.8034806326020060e-02,4.1666278761497990e+00,1.3482123189775357e+00
mHEM,10,30,6.8785991230880745e+03,4.1639297428002022e+00,1.0285968089551330e-01,4.1651999972306353e+00,1.4150640490899240e+00
mHEM,10,30,7.0794578438413810e+03,4.1623803572751576e+00,1.0784993634798423e-01,4.1637773532455276e+00,1.4842381863652607e+00
mHEM,10,30,7.2861817451322740e+03,4.1608270714163860e+00,1.1301055360775526e-01,4.1623615056189189e+00,1.5558051680995912e+00
mHEM,10,30,7.4989420933245583e+03,4.1592707632101886e+00,1.1834664994026423e-01,4.1609541227039681e+00,1.6298372728430450e+00
mHEM,10,30,7.7179151558501271e+03,4.1577123707123649e+00,1.2386348218826414e-01,4.1595569860015669e+00,1.7064086494273334e+00
mHEM,10,30,7.9432823472428136e+03,4.1561528952992033e+00,1.2956645001707653e-01,4.1581719966920536e+00,1.7855953441322172e+00
mHEM,10,30,8.1752303794365016e+03,4.1545934050910711e+00,1.3546109911613671e-01,4.1568011825200362e+00,1.8674753250553657e+00
mHEM,10,30,8.4139514164519478e+03,4.1530350385485892e+00,1.4155312453899549e-01,4.1554467050461659e+00,1.9521285059810152e+00
mHEM,10,30,8.6596432336006528e+03,4.1514790082490087e+00,1.4784837397568393e-01,4.1541108672758638e+00,2.0396367666762409e+00
mHEM,10,30,8.9125093813374588e+03,4.1499266048475612e+00,1.5435285111278949e-01,4.1527961216833473e+00,2.1300839715030877e+00
mHEM,10,30,9.1727593538977944e+03,4.1483792012386553e+00,1.6107271895060479e-01,4.1515050786503442e+00,2.2235559842701202e+00
mHEM,10,30,9.4406087628592359e+03,4.1468382569274258e+00,1.6801430323043967e-01,4.1502405153444908e+00,2.3201406811365719e+00
mHEM,10,30,9.7162795157710570e+03,4.1453053226176726e+00,1.7518409580489241e-01,4.1490053850465634e+00,2.4199279589461797e+00
mHEM,10,30,1.0000000000000000e+04,4.1437820450204539e+00,1.8258875806417224e-01,4.1478028269440816e+00,2.5230097402084644e+00
mHEM,10,30,1.0292005271944287e+04,4.1422701718994812e+00,1.9023512423231037e-01,4.1466361764085162e+00,2.6294799717848623e+00
mHEM,10,30,1.0592537251772897e+04,4.1407715573703632e+00,1.9813020484702340e-01,4.1455089757953854e+00,2.7394346212052474e+00
mHEM,10,30,1.0901844923851268e+04,4.1392881674545077e+00,2.0628119011732354e-01,4.1444249857640223e+00,2.8529716659712698e+00
mHEM,10,30,1.1220184543019630e+04,4.1378220858923402e+00,2.1469545320258940e-01,4.1433881971309789e+00,2.9701910759934691e+00
mHEM,10,30,1.1547819846894581e+04,4.1363755202578574e+00,2.2338055362660947e-01,4.1424028433177513e+00,3.0911947915972147e+00
mHEM,10,30,1.1885022274370189e+04,4.1349508083413546e+00,2.3234424046386426e-01,4.1414734133493543e+00,3.2160866915934876e+00
mHEM,10,30,1.2232071190499326e+04,4.1335504248566330e+00,2.4159445562467677e-01,4.1406046654831750e+00,3.3449725553323004e+00
mHEM,10,30,1.2589254117941662e+04,4.1321769884556163e+00,2.5113933696046037e-01,4.1398016414426264e+00,3.4779600143115923e+00
mHEM,10,30,1.2956866975170189e+04,4.1308332690724061e+00,2.6098722136141411e-01,4.1390696812918444e+00,3.6151584950804394e+00
mHEM,10,30,1.3335214321633241e+04,4.1295221956205204e+00,2.7114664777632985e-01,4.1384144389757367e+00,3.7566791517821225e+00
mHEM,10,30,1.3724609610075626e+04,4.1282468640348515e+00,2.8162636004494140e-01,4.1378418985125265e+00,3.9026347861288748e+00
mHEM,10,30,1.4125375446227554e+04,4.1270105456954909e+00,2.9243530969425485e-01,4.1373583908863596e+00,4.0531397561288358e+00
mHEM,10,30,1.4537843856076606e+04,4.1258166962216132e+00,3.0358265851201965e-01,4.1369706116154914e+00,4.2083098702169766e+00
mHEM,10,30,1.4962356560944329e+04,4.1246689646875696e+00,3.1507778108921985e-01,4.1366856390585127e+00,4.3682622685756938e+00
mHEM,10,30,1.5399265260594921e+04,4.1235712032239507e+00,3.2693026700703781e-01,4.1365109533933442e+00,4.5331152863465007e+00
mHEM,10,30,1.5848931924611141e+04,4.1225274770724161e+00,3.3914992299866453e-01,4.1364544563535404e+00,4.7029883023415868e+00
mHEM,10,30,1.6311729092278396e+04,4.1215420750642169e+00,3.5174677475994348e-01,4.1365244916570569e+00,4.8780015678644641e+00
mHEM,10,30,1.6788040181225588e+04,4.1206195205604645e+00,3.6473106854243093e-01,4.1367298661604748e+00,5.0582760164999749e+00
mHEM,10,30,1.7278259805078626e+04,4.1197645828710936e+00,3.7811327255340133e-01,4.1370798717404620e+00,5.2439330542204532e+00
mHEM,10,30,1.7782794100389227e+04,4.1189822891430454e+00,3.9190407786311160e-01,4.1375843078443513e+00,5.4350943246974550e+00
mHEM,10,30,1.8302061063110566e+04,4.1182779367588109e+00,4.0611439915757702e-01,4.1382535047526421e+00,5.6318814534395569e+00
mHEM,10,30,1.8836490894898019e+04,4.1176571062520075e+00,4.2075537507035277e-01,4.1390983475049552e+00,5.8344157660660594e+00
mHEM,10,30,1.9386526359522057e+04,4.1171256747180323e+00,4.3583836796377728e-01,4.1401303004146790e+00,6.0428179779742592e+00
mHEM,10,30,1.9952623149688789e+04,4.1166898298016381e+00,4.5137496347164102e-01,4.1413614322395560e+00,6.2572078586153390e+00
mHEM,10,30,2.0535250264571459e+04,4.1163560842039422e+00,4.6737696939199402e-01,4.1428044418582992e+00,6.4777038638522981e+00
mHEM,10,30,2.1134890398366475e+04,4.1161312907568863e+00,4.8385641413209790e-01,4.1444726844611637e+00,6.7044227382307824e+00
mHEM,10,30,2.1752040340195246e+04,4.1160226580617048e+00,5.0082554450020211e-01,4.1463801981609532e+00,6.9374790835253837e+00
mHEM,10,30,2.2387211385683378e+04,4.1160377667080370e+00,5.1829682292782475e-01,4.1485417309729407e+00,7.1769848939608556e+00
mHEM,10,30,2.3040929760558447e+04,4.1161845860660868e+00,5.3628292392403787e-01,4.1509727680461310e+00,7.4230490547858965e+00
mHEM,10,30,2.3713737056616552e+04,4.1164714916653109e+00,5.5479672987816764e-01,4.1536895590759713e+00,7.6757768053096616e+00
mHEM,10,30,2.4406190680419812e+04,4.1169072831636289e+00,5.7385132596584132e-01,4.1567091457640482e+00,7.9352691627413314e+00
mHEM,10,30,2.5118864315095823e+04,4.1175012028904652e+00,5.9345999420914974e-01,4.1600493891937331e+00,8.2016223074785959e+00
mHEM,10,30,2.5852348395621888e+04,4.1182629549824545e+00,6.1363620664083174e-01,4.1637289970027309e+00,8.4749269292827911e+00
mHEM,10,30,2.6607250597988084e+04,4.1192027250831602e+00,6.3439361735360766e-01,4.1677675501485840e+00,8.7552675318543418e+00
mHEM,10,30,2.7384196342643612e+04,4.1203312006103028e+00,6.5574605355882198e-01,4.1721855291298722e+00,9.0427216982724783e+00
mHEM,10,30,2.8183829312644550e+04,4.1216595915647529e+00,6.7770750540030877e-01,4.1770043394295913e+00,9.3373593150392402e+00
mHEM,10,30,2.9006811986931560e+04,4.1231996518725795e+00,7.0029211456189200e-01,4.1822463359921453e+00,9.6392417568456654e+00
mHEM,10,30,2.9853826189179570e+04,4.1249637012226206e+00,7.2351416147716219e-01,4.1879348464681518e+00,9.9484210315948545e+00
mHEM,10,30,3.0725573652674455e+04,4.1269646473780659e+00,7.4738805115368590e-01,4.1940941929951538e+00,1.0264938888475626e+01
mHEM,10,30,3.1622776601683792e+04,4.1292160089065719e+00,7.7192829739559621e-01,4.2007497121978572e+00,1.0588825889459654e+01
mHEM,10,30,3.2546178349804602e+04,4.1317319383254114e+00,7.9714950547637753e-01,4.2079277731752356e+00,1.0920100448725044e+01
mHEM,10,30,3.3496543915782793e+04,4.1345272455380941e+00,8.2306635295663333e-01,4.2156557930488292e+00,1.1258767840693565e+01
mHEM,10,30,3.4474660657314911e+04,4.1376174215832933e+00,8.4969356876458724e-01,4.2239622498537415e+00,1.1604819183442734e+01
mHEM,10,30,3.5481338923357529e+04,4.1410186625583805e+00,8.7704591022996681e-01,4.2328766923107874e+00,1.1958230399711100e+01
mHEM,10,30,3.6517412725483773e+04,4.1447478936529576e+00,9.0513813806626897e-01,4.2424297461387264e+00,1.2318961162458709e+01
mHEM,10,30,3.7583740428844430e+04,4.1488227932410817e+00,9.3398498917986017e-01,4.2526531165532457e+00,1.2686953831189580e+01
mHEM,10,30,3.8681205463305247e+04,4.1532618168474702e+00,9.6360114711200806e-01,4.2635795864506534e+00,1.3062132385561375e+01
mHEM,10,30,3.9810717055349691e+04,4.1580842209372921e+00,9.9400121009660525e-01,4.2752430099447221e+00,1.3444401365668879e+01
mHEM,10,30,4.0973210981354132e+04,4.1633100863621753e+00,1.0251996565162271e+00,4.2876783007737433e+00,1.3833644826968175e+01
mHEM,10,30,4.2169650342858222e+04,4.1689603413179981e+00,1.0572108076898230e+00,4.3009214151595989e+00,1.4229725320610706e+01
mHEM,10,30,4.3401026364474405e+04,4.1750567836453181e+00,1.0900487878781004e+00,4.3150093286825353e+00,1.4632482910227816e+01
mHEM,10,30,4.4668359215096345e+04,4.1816221023031224e+00,1.1237274813245577e+00,4.3299800067383707e+00,1.5041734236090830e+01
mHEM,10,30,4.5972698853087182e+04,4.1886798977804460e+00,1.1582604862935855e+00,4.3458723681418743e+00,1.5457271640317012e+01
mHEM,10,30,4.7315125896148027e+04,4.1962547012616858e+00,1.1936610659648237e+00,4.3627262414986658e+00,1.5878862365839726e+01
mHEM,10,30,4.8696752516586312e+04,4.2043719922687499e+00,1.2299420960459995e+00,4.3805823139167153e+00,1.6306247842627400e+01
mHEM,10,30,5.0118723362727251e+04,4.2130582145265159e+00,1.2671160090930329e+00,4.3994820717317635e+00,1.6739143076387645e+01
mHEM,10,30,5.1582216507230609e+04,4.2223407897574115e+00,1.3051947353570756e+00,4.4194677328896823e+00,1.7177236153000518e+01
mHEM,10,30,5.3088444423098794e+04,4.2322481290948151e+00,1.3441896401948217e+00,4.4405821707332080e+00,1.7620187874489787e+01
mHEM,10,30,5.4638654988185401e+04,4.2428096417653309e+00,1.3841114578986655e+00,4.4628688289197145e+00,1.8067631539733227e+01
mHEM,10,30,5.6234132519034909e+04,4.2540557406842048e+00,1.4249702219747993e+00,4.4863716273134511e+00,1.8519172884496598e+01
mHEM,10,30,5.7876198834912087e+04,4.2660178445713415e+00,1.4667751918488947e+00,4.5111348587272886e+00,1.8974390193795735e+01
mHEM,10,30,5.9566214352901094e+04,4.2787283761636372e+00,1.5095347760091644e+00,4.5372030764523812e+00,1.9432834598662520e+01
mHEM,10,30,6.1305579214982019e+04,4.2922207560920729e+00,1.5532564516447538e+00,4.5646209726113796e+00,1.9894030568233177e+01
mHEM,10,30,6.3095734448019299e+04,4.3065293919473380e+00,1.5979466808692497e+00,4.5934332474313111e+00,2.0357476606521654e+01
mHEM,10,30,6.4938163157621129e+04,4.3216896620512761e+00,1.6436108236637217e+00,4.6236844696351644e+00,2.0822646161344970e+01
mHEM,10,30,6.6834391756861485e+04,4.3377378934099342e+00,1.6902530476775004e+00,4.6554189282069487e+00,2.1288988750322812e+01
mHEM,10,30,6.8785991230880813e+04,4.3547113333307594e+00,1.7378762351641515e+00,4.6886804759321876e+00,2.1755931307406669e+01
mHEM,10,30,7.0794578438413737e+04,4.3726481141411488e+00,1.7864818872870660e+00,4.7235123651480899e+00,2.2222879749749687e+01
mHEM,10,30,7.2861817451322742e+04,4.3915872104451630e+00,1.8360700261405662e+00,4.7599570762599681e+00,2.2689220762495673e+01
mHEM,10,30,7.4989420933245579e+04,4.4115683883643699e+00,1.8866390949150091e+00,4.7980561396963175e+00,2.3154323796248693e+01
mHEM,10,30,7.7179151558501268e+04,4.4326321461574691e+00,1.9381858566550991e+00,4.8378499520020704e+00,2.3617543268657908e+01
mHEM,10,30,7.9432823472428208e+04,4.4548196456713969e+00,1.9907052921949484e+00,4.8793775869297926e+00,2.4078220958970231e+01
mHEM,10,30,8.1752303794364940e+04,4.4781726340458015e+00,2.0441904978809862e+00,4.9226766024129214e+00,2.4535688581076418e+01
mHEM,10,30,8.4139514164519482e+04,4.5027333551418733e+00,2.0986325838331861e+00,4.9677828444320662e+00,2.4989270518234829e+01
mHEM,10,30,8.6596432336006532e+04,4.5285444501558390e+00,2.1540205735480473e+00,5.0147302488075578e+00,2.5438286699847367e+01
mHEM,10,30,8.9125093813374595e+04,4.5556488469680909e+00,2.2103413057654104e+00,5.0635506420746337e+00,2.5882055598360878e+01
mHEM,10,30,9.1727593538978035e+04,4.5840896377872848e+00,2.2675793396138215e+00,5.1142735426169974e+00,2.6319897322523762e+01
mHEM,10,30,9.4406087628592257e+04,4.6139099447307368e+00,2.3257168641425809e+00,5.1669259633018152e+00,2.6751136781465604e+01
mHEM,10,30,9.7162795157710585e+04,4.6451527730702136e+00,2.3847336134648036e+00,5.2215322169216574e+00,2.7175106892982594e+01
mHEM,10,30,1.0000000000000000e+05,4.6778608519553044e+00,2.4446067888119085e+00,5.2781137257699626e+00,2.7591151808472805e+01
mHEM,10,30,1.0292005271944286e+05,4.7120764625365021e+00,2.5053109889247418e+00,5.3366888367242833e+00,2.7998630126951742e+01
mHEM,10,30,1.0592537251772897e+05,4.7478412535596837e+00,2.5668181502707248e+00,5.3972726432488489e+00,2.8396918070355039e+01
mHEM,10,30,1.0901844923851268e+05,4.7851960446325963e+00,2.6290974986750233e+00,5.4598768157447202e+00,2.8785412593169401e+01
mHEM,10,30,1.1220184543019629e+05,4.8241806175364967e+00,2.6921155140127251e+00,5.5245094416973179e+00,2.9163534400276060e+01
mHEM,10,30,1.1547819846894582e+05,4.8648334961488917e+00,2.7558359096898633e+00,5.5911748771066359e+00,2.9530730848437216e+01
mHEM,10,30,1.1885022274370189e+05,4.9071917157432035e+00,2.8202196286393626e+00,5.6598736106755485e+00,2.9886478708185667e+01
mHEM,10,30,1.2232071190499325e+05,4.9512905826414606e+00,2.8852248576271022e+00,5.7306021422555018e+00,3.0230286765363470e+01
mHEM,10,30,1.2589254117941661e+05,4.9971634254615909e+00,2.9508070616204281e+00,5.8033528770599503e+00,3.0561698243251257e+01
mHEM,10,30,1.2956866975170189e+05,5.0448413394192526e+00,3.0169190399511820e+00,5.8781140371324376e+00,3.0880293028858166e+01
mHEM,10,30,1.3335214321633239e+05,5.0943529254327720e+00,3.0835110059612125e+00,5.9548695915821170e+00,3.1185689689410744e+01
mHEM,10,30,1.3724609610075626e+05,5.1457240260283399e+00,3.1505306916628162e+00,6.0335992070367661e+00,3.1477547267174845e+01
mHEM,10,30,1.4125375446227554e+05,5.1989774603449268e+00,3.2179234788835127e+00,6.1142782198003021e+00,3.1755566843669676e+01
mHEM,10,30,1.4537843856076605e+05,5.2541327607718866e+00,3.2856325581177548e+00,6.1968776310961493e+00,3.2019492866308724e+01
mHEM,10,30,1.4962356560944329e+05,5.3112059140514827e+00,3.3535991161323380e+00,6.2813641267784375e+00,3.2269114232952781e+01
mHEM,10,30,1.5399265260594920e+05,5.3702091099104896e+00,3.4217625530672526e+00,6.3677001227867924e+00,3.2504265131727600e+01
mHEM,10,30,1.5848931924611141e+05,5.4311505005260035e+00,3.4900607294824653e+00,6.4558438375505593e+00,3.2724825635481103e+01
mHEM,10,30,1.6311729092278396e+05,5.4940339743058955e+00,3.5584302434552932e+00,6.5457493924198422e+00,3.2930722052164796e+01
mHEM,10,30,1.6788040181225591e+05,5.5588589476794183e+00,3.6268067373717177e+00,6.6373669410723721e+00,3.3121927033225703e+01
mHEM,10,30,1.7278259805078627e+05,5.6256201786546294e+00,3.6951252336868814e+00,6.7306428286691657e+00,3.3298459444235796e+01
mHEM,10,30,1.7782794100389228e+05,5.6943076060129592e+00,3.7633204983835973e+00,6.8255197813390893e+00,3.3460384002347148e+01
mHEM,10,30,1.8302061063110569e+05,5.7649062179825856e+00,3.8313274303961378e+00,6.9219371263426073e+00,3.3607810686596530e+01
mHEM,10,30,1.8836490894898021e+05,5.8373959542018214e+00,3.8990814746963016e+00,7.0198310430131921e+00,3.3740893927412536e+01
mHEM,10,30,1.9386526359522057e+05,5.9117516446156877e+00,3.9665190562164692e+00,7.1191348442731917e+00,3.3859831582618064e+01
mHEM,10,30,1.9952623149688786e+05,5.9879429887543418e+00,4.0335780312210900e+00,7.2197792882138501e+00,3.3964863707530704e+01
mHEM,10,30,2.0535250264571462e+05,6.0659345785313974e+00,4.1001981522048441e+00,7.3216929188792736e+00,3.4056271127297535e+01
mHEM,10,30,2.1134890398366476e+05,6.1456859673105413e+00,4.1663215418734323e+00,7.4248024350198243e+00,3.4134373819975586e+01
mHEM,10,30,2.1752040340195244e+05,6.2271517875305591e+00,4.2318931712817802e+00,7.5290330852033316e+00,3.4199529119184035e+01
mHEM,10,30,2.2387211385683378e+05,6.3102819186149723e+00,4.2968613367679618e+00,7.6343090872593322e+00,3.4252129745538525e+01
mHEM,10,30,2.3040929760558446e+05,6.3950217062537389e+00,4.3611781299777297e+00,7.7405540696291588e+00,3.4292601676645830e+01
mHEM,10,30,2.3713737056616554e+05,6.4813122334754265e+00,4.4247998949447549e+00,7.8476915317882705e+00,3.4321401865467266e+01
mHEM,10,30,2.4406190680419814e+05,6.5690906431267919e+00,4.4876876660417988e+00,7.9556453204978697e+00,3.4339015817810683e+01
mHEM,10,30,2.5118864315095820e+05,6.6582905106147958e+00,4.5498075804946811e+00,8.0643401182781158e+00,3.4345955039870347e+01
mHEM,10,30,2.5852348395621887e+05,6.7488422648968518e+00,4.6111312591817972e+00,8.1737019401163380e+00,3.4342754367540749e+01
mHEM,10,30,2.6607250597988087e+05,6.8406736548808444e+00,4.6716361495862371e+00,8.2836586341242828e+00,3.4329969189805396e+01
mHEM,10,30,2.7384196342643612e+05,6.9337102575406693e+00,4.7313058250264337e+00,8.3941403815669986e+00,3.4308172579224752e+01
mHEM,10,30,2.8183829312644550e+05,7.0278760232499167e+00,4.7901302346749812e+00,8.5050801914690055e+00,3.4277952343203864e+01
mHEM,10,30,2.9006811986931559e+05,7.1230938530408014e+00,4.8481058994026798e+00,8.6164143848268306e+00,3.4239908010670113e+01
mHEM,10,30,2.9853826189179573e+05,7.2192862018206458e+00,4.9052360490931761e+00,8.7280830633720026e+00,3.4194647769333123e+01
mHEM,10,30,3.0725573652674456e+05,7.3163757009274093e+00,4.9615306978188682e+00,8.8400305577820273e+00,3.4142785369638780e+01
mHEM,10,30,3.1622776601683791e+05,7.4142857929014010e+00,5.0170066540945015e+00,8.9522058502945558e+00,3.4084937012188512e+01
mHEM,10,30,3.2546178349804599e+05,7.5129413709369564e+00,5.0716874643256462e+00,9.0645629667918346e+00,3.4021718236087935e+01
mHEM,10,30,3.3496543915782793e+05,7.6122694152026469e+00,5.1256032885347222e+00,9.1770613336224152e+00,3.3953740826305818e+01
mHEM,10,30,3.4474660657314910e+05,7.7121996180734991e+00,5.1787907084641214e+00,9.2896660947036924e+00,3.3881609758740247e+01
mHEM,10,30,3.5481338923357532e+05,7.8126649903279031e+00,5.2312924691518266e+00,9.4023483847866380e+00,3.3805920201953988e+01
mHEM,10,30,3.6517412725483772e+05,7.9136024404925678e+00,5.2831571561222122e+00,9.5150855551831626e+00,3.3727254595055406e+01
mHEM,10,30,3.7583740428844432e+05,8.0149533198169287e+00,5.3344388113050947e+00,9.6278613487317379e+00,3.3646179821220436e+01
mHEM,10,30,3.8681205463305250e+05,8.1166639257699380e+00,5.3851964917492081e+00,9.7406660213069127e+00,3.3563244496453343e+01
mHEM,10,30,3.9810717055349692e+05,8.2186859574962412e+00,5.4354937760763820e+00,9.8534964077585681e+00,3.3478976393062652e+01
mHEM,10,30,4.0973210981354135e+05,8.3209769173347770e+00,5.4853982244097317e+00,9.9663559307891276e+00,3.3393880016960864e+01
mHEM,10,30,4.2169650342858228e+05,8.4235004532516626e+00,5.5349807982059129e+00,1.0079254551921940e+01,3.3308434357438479e+01
mHEM,10,30,4.3401026364474400e+05,8.5262266378740090e+00,5.5843152470161659e+00,1.0192208664389165e+01,3.3223090827433744e+01
mHEM,10,30,4.4668359215096349e+05,8.6291321807269448e+00,5.6334774696419849e+00,1.0305240928450980e+01,3.3138271411268732e+01
mHEM,10,30,4.5972698853087181e+05,8.7322005711996429e+00,5.6825448575251647e+00,1.0418380050345881e+01,3.3054367035952353e+01
mHEM,10,30,4.7315125896148029e+05,8.8354221507620920e+00,5.7315956283825962e+00,1.0531660506751626e+01,3.2971736180555240e+01
mHEM,10,30,4.8696752516586310e+05,8.9387941139079601e+00,5.7807081582314392e+00,1.0645122217310570e+01,3.2890703736926945e+01
mHEM,10,30,5.0118723362727248e+05,9.0423204382906235e+00,5.8299603198719554e+00,1.0758810168415922e+01,3.2811560132993542e+01
mHEM,10,30,5.1582216507230612e+05,9.1460117454617116e+00,5.8794288357583486e+00,1.0872773992080878e+01,3.2734560727968834e+01
mHEM,10,30,5.3088444423098792e+05,9.2498850945131075e+00,5.9291886529409750e+00,1.0987067504291570e+01,3.2659925486706406e+01
mHEM,10,30,5.4638654988185398e+05,9.3539637118099073e+00,5.9793123473592349e+00,1.1101748207788681e+01,3.2587838937711886e+01
mHEM,10,30,5.6234132519034913e+05,9.4582766607756152e+00,6.0298695643543638e+00,1.1216876764719304e+01,3.2518450416953584e+01
mHEM,10,30,5.7876198834912083e+05,9.5628584564382511e+00,6.0809265016899561e+00,1.1332516445027901e+01,3.2451874596511942e+01
mHEM,10,30,5.9566214352901094e+05,9.6677486301006574e+00,6.1325454407978519e+00,1.1448732556849411e+01,3.2388192294258182e+01
mHEM,10,30,6.1305579214982025e+05,9.7729912500741918e+00,6.1847843312707278e+00,1.1565591865458448e+01,3.2327451557475783e+01
mHEM,10,30,6.3095734448019299e+05,9.8786344049243446e+00,6.2376964329110010e+00,1.1683162007577639e+01,3.2269669010077493e+01
mHEM,10,30,6.4938163157621131e+05,9.9847296560833581e+00,6.2913300188862014e+00,1.1801510907998566e+01,3.2214831449781514e+01
mHEM,10,30,6.6834391756861482e+05,1.0091331467027656e+01,6.3457281427250924e+00,1.1920706205539830e+01,3.2162897678171518e+01
mHEM,10,30,6.8785991230880818e+05,1.0198496616449756e+01,6.4009284710868464e+00,1.2040814695347956e+01,3.2113800543420389e+01
mHEM,10,30,7.0794578438413737e+05,1.0306283603026166e+01,6.4569631833652670e+00,1.2161901794429214e+01,3.2067449172167038e+01
mHEM,10,30,7.2861817451322742e+05,1.0414752049445111e+01,6.5138589383413521e+00,1.2284031037083498e+01,3.2023731364145036e+01
mHEM,10,30,7.4989420933245588e+05,1.0523962113336083e+01,6.5716369072343097e+00,1.2407263606591801e+01,3.1982516120495518e+01
mHEM,10,30,7.7179151558501273e+05,1.0633973912639739e+01,6.6303128716234792e+00,1.2531657909084437e+01,3.1943656274297563e+01
mHEM,10,30,7.9432823472428217e+05,1.0744846972741762e+01,6.6898973838685247e+00,1.2657269194985494e+01,3.1906991190018644e+01
mHEM,10,30,8.1752303794364934e+05,1.0856639702399418e+01,6.7503959868064509e+00,1.2784149232796368e+01,3.1872349497132557e+01
mHEM,10,30,8.4139514164519473e+05,1.0969408905094426e+01,6.8118094886934042e+00,1.2912346039253222e+01,3.1839551822312082e+01
mHEM,10,30,8.6596432336006535e+05,1.1083209331947955e+01,6.8741342885805210e+00,1.3041903669066746e+01,3.1808413484364589e+01
mHEM,10,30,8.9125093813374592e+05,1.1198093281745395e+01,6.9373627465873264e+00,1.3172862066552167e+01,3.1778747116485949e+01
mHEM,10,30,9.1727593538978032e+05,1.1314110252936958e+01,7.0014835928646413e+00,1.3305256980485794e+01,3.1750365181451194e+01
mHEM,10,30,9.4406087628592260e+05,1.1431306651698014e+01,7.0664823684570965e+00,1.3439119942498849e+01,3.1723082347150861e+01
mHEM,10,30,9.7162795157710579e+05,1.1549725559282324e+01,7.1323418907627083e+00,1.3574478308261719e+01,3.1696717692214314e+01
mHEM,10,30,1.0000000000000000e+06,1.1669406560952584e+01,7.1990427359081748e+00,1.3711355359636606e+01,3.1671096714577285e+01
mHEM,10,30,1.0292005271944286e+06,1.1790385637789377e+01,7.2665637300638295e+00,1.3849770464916347e+01,3.1646053119344337e+01
mHEM,10,30,1.0592537251772897e+06,1.1912695121613041e+01,7.3348824415922751e+00,1.3989739293227798e+01,3.1621430366489609e+01
mHEM,10,30,1.0901844923851267e+06,1.2036363712189116e+01,7.4039756659156257e+00,1.4131274078212966e+01,3.1597082963390935e+01
mHEM,10,30,1.1220184543019629e+06,1.2161416554783763e+01,7.4738198951442616e+00,1.4274383925200510e+01,3.1572877492079197e+01
mHEM,10,30,1.1547819846894583e+06,1.2287875375066724e+01,7.5443917648095518e+00,1.4419075155296797e+01,3.1548693366070534e+01
mHEM,10,30,1.1885022274370189e+06,1.2415758667316469e+01,7.6156684705234401e+00,1.4565351679172352e+01,3.1524423316821871e+01
mHEM,10,30,1.2232071190499326e+06,1.2545081930900572e+01,7.6876281480063691e+00,1.4713215392803432e+01,3.1499973614925345e+01
mHEM,10,30,1.2589254117941661e+06,1.2675857949131750e+01,7.7602502106976736e+00,1.4862666587096673e+01,3.1475264036052327e+01
mHEM,10,30,1.2956866975170190e+06,1.2808097103813530e+01,7.8335156400860928e+00,1.5013704363154018e+01,3.1450227586381363e+01
mHEM,10,30,1.3335214321633240e+06,1.2941807718180618e+01,7.9074072249108251e+00,1.5166327044968117e+01,3.1424810006397987e+01
mHEM,10,30,1.3724609610075625e+06,1.3076996420455144e+01,7.9819097465301150e+00,1.5320532581550456e+01,3.1398969075810104e+01
mHEM,10,30,1.4125375446227554e+06,1.3213668519971092e+01,8.0570101089355344e+00,1.5476318930907453e+01,3.1372673745401841e+01
mHEM,10,30,1.4537843856076607e+06,1.3351828387712214e+01,8.1326974131330445e+00,1.5633684418859767e+01,3.1345903124202064e+01
mHEM,10,30,1.4962356560944328e+06,1.3491479833228647e+01,8.2089629768539520e+00,1.5792628066467410e+01,3.1318645352100695e+01
mHEM,10,30,1.5399265260594920e+06,1.3632626470196255e+01,8.2858003017683881e+00,1.5953149880718877e+01,3.1290896389079773e+01
mHEM,10,30,1.5848931924611141e+06,1.3775272063394342e+01,8.3632049915257483e+00,1.6115251104181212e+01,3.1262658752474714e+01
mHEM,10,30,1.6311729092278397e+06,1.3919420850563101e+01,8.4411746249888484e+00,1.6278934420429565e+01,3.1233940233148072e+01
mHEM,10,30,1.6788040181225589e+06,1.4065077833454417e+01,8.5197085899611658e+00,1.6444204113273127e+01,3.1204752620246062e+01
mHEM,10,30,1.7278259805078628e+06,1.4212249033387025e+01,8.5988078834489965e+00,1.6611066179010756e+01,3.1175110462198852e+01
mHEM,10,30,1.7782794100389229e+06,1.4360941707715289e+01,8.6784748850957776e+00,1.6779528392169869e+01,3.1145029889118014e+01
mHEM,10,30,1.8302061063110568e+06,1.4511164524810267e+01,8.7587131107893796e+00,1.6949600326356542e+01,3.1114527518571176e+01
mHEM,10,30,1.8836490894898020e+06,1.4662927696360175e+01,8.8395269536196679e+00,1.7121293332936471e+01,3.1083619463209651e+01
mHEM,10,30,1.9386526359522056e+06,1.4816243067027507e+01,8.9209214193075521e+00,1.7294620481256619e+01,3.1052320454798320e+01
mHEM,10,30,1.9952623149688789e+06,1.4971124162671730e+01,9.0029018629759943e+00,1.7469596464959057e+01,3.1020643095145019e+01
mHEM,10,30,2.0535250264571460e+06,1.5127586199454306e+01,9.0854737336664648e+00,1.7646237479617678e+01,3.0988597240220056e+01
mHEM,10,30,2.1134890398366475e+06,1.5285646057133263e+01,9.1686423323664794e+00,1.7824561077423937e+01,3.0956189519633664e+01
mHEM,10,30,2.1752040340195242e+06,1.5445322220696688e+01,9.2524125885239705e+00,1.8004586004943956e+01,3.0923422989703631e+01
mHEM,10,30,2.2387211385683380e+06,1.5606634695171039e+01,9.3367888590836703e+00,1.8186332030061074e+01,3.0890296914602956e+01
mHEM,10,30,2.3040929760558447e+06,1.5769604898919592e+01,9.4217747530895952e+00,1.8369819764112691e+01,3.0856806666868209e+01
mHEM,10,30,2.3713737056616554e+06,1.5934255541042143e+01,9.5073729838091001e+00,1.8555070484923935e+01,3.0822943735668371e+01
mHEM,10,30,2.4406190680419812e+06,1.6100610488569131e+01,9.5935852492644820e+00,1.8742105965966775e+01,3.0788695829010436e+01
mHEM,10,30,2.5118864315095823e+06,1.6268694629020889e+01,9.6804121409997279e+00,1.8930948316234662e+01,3.0754047054400004e+01
mHEM,10,30,2.5852348395621888e+06,1.6438533733602402e+01,9.7678530799134506e+00,1.9121619834667740e+01,3.0718978161424239e+01
mHEM,10,30,2.6607250597988088e+06,1.6610154325815760e+01,9.8559062771007007e+00,1.9314142882106079e+01,3.0683466829359521e+01
mHEM,10,30,2.7384196342643611e+06,1.6783583559647870e+01,9.9445687168732348e+00,1.9508539772835281e+01,3.0647487983105190e+01
mHEM,10,30,2.8183829312644550e+06,1.6958849110749373e+01,1.0033836158518159e+01,1.9704832686860126e+01,3.0611014121546759e+01
mHEM,10,30,2.9006811986931562e+06,1.7135979083186960e+01,1.0123703152908371e+01,1.9903043603118292e+01,3.0574015643760379e+01
mHEM,10,30,2.9853826189179569e+06,1.7315001933486485e+01,1.0214163069810807e+01,2.0103194252986953e+01,3.0536461160185414e+01
mHEM,10,30,3.0725573652674453e+06,1.7495946412794069e+01,1.0305208131656467e+01,2.0305306092647808e+01,3.0498317777977082e+01
mHEM,10,30,3.1622776601683795e+06,1.7678841527139578e+01,1.0396829449626800e+01,2.0509400292215812e+01,3.0459551352031170e+01
mHEM,10,30,3.2546178349804599e+06,1.7863716514989839e+01,1.0489017058161062e+01,2.0715497738995182e+01,3.0420126695593613e+01
mHEM,10,30,3.3496543915782794e+06,1.8050600840586853e+01,1.0581759944387825e+01,2.0923619051847734e+01,3.0380007746799667e+01
mHEM,10,30,3.4474660657314910e+06,1.8239524200988136e+01,1.0675046069485948e+01,2.1133784603427738e+01,3.0339157689805031e+01
mHEM,10,30,3.5481338923357530e+06,1.8430516544281719e+01,1.0768862379584572e+01,2.1346014546970451e+01,3.0297539031347281e+01
mHEM,10,30,3.6517412725483770e+06,1.8623608096158151e+01,1.0863194804447971e+01,2.1560328844400143e+01,3.0255113635428646e+01
mHEM,10,30,3.7583740428844434e+06,1.8818829391873393e+01,1.0958028242865433e+01,2.1776747292740357e+01,3.0211842720395627e+01
mHEM,10,30,3.8681205463305251e+06,1.9016211310641030e+01,1.1053346534308021e+01,2.1995289546138078e+01,3.0167686823853764e+01
mHEM,10,30,3.9810717055349695e+06,1.9215785109627646e+01,1.1149132417024617e+01,2.2215975131236910e+01,3.0122605741666050e+01
mHEM,10,30,4.0973210981354131e+06,1.9417582454977858e+01,1.1245367473275897e+01,2.2438823454113528e+01,3.0076558447672248e+01
mHEM,10,30,4.2169650342858229e+06,1.9621635447642952e+01,1.1342032062845755e+01,2.2663853797508040e+01,3.0029503000798723e+01
mHEM,10,30,4.3401026364474399e+06,1.9827976642196894e+01,1.1439105246296576e+01,2.2891085307589840e+01,2.9981396445917632e+01
mHEM,10,30,4.4668359215096347e+06,2.0036639057277263e+01,1.1536564699648679e+01,2.3120536969992472e+01,2.9932194714218600e+01
mHEM,10,30,4.5972698853087183e+06,2.0247656176746183e+01,1.1634386622254006e+01,2.3352227575283067e+01,2.9881852528030645e+01
mHEM,10,30,4.7315125896148030e+06,2.0461061941105431e+01,1.1732545639624300e+01,2.3586175674399193e+01,2.9830323314079120e+01
mHEM,10,30,4.8696752516586315e+06,2.0676890729097181e+01,1.1831014702848012e+01,2.3822399524859598e+01,2.9777559128090992e+01
mHEM,10,30,5.0118723362727249e+06,2.0895177329754162e+01,1.1929764986039368e+01,2.4060917028741926e+01,2.9723510592618851e+01
mHEM,10,30,5.1582216507230606e+06,2.1115956905413178e+01,1.2028765782997080e+01,2.4301745663500551e+01,2.9668126848939050e+01
mHEM,10,30,5.3088444423098788e+06,2.1339264946374779e+01,1.2127984403956244e+01,2.4544902406695069e+01,2.9611355522986042e+01
mHEM,10,30,5.4638654988185400e+06,2.1565137217961940e+01,1.2227386073004983e+01,2.4790403655605196e+01,2.9553142704544349e+01
mHEM,10,30,5.6234132519034911e+06,2.1793609700722140e+01,1.2326933826435766e+01,2.5038265142552039e+01,2.9493432938351447e+01
mHEM,10,30,5.7876198834912088e+06,2.2024718524423598e+01,1.2426588412032181e+01,2.5288501846533741e+01,2.9432169225404959e+01
mHEM,10,30,5.9566214352901094e+06,2.2258499896342851e+01,1.2526308189064515e+01,2.5541127901541849e+01,2.9369293032586686e+01
mHEM,10,30,6.1305579214982018e+06,2.2494990024138673e+01,1.2626049028610126e+01,2.5796156501676080e+01,2.9304744308738965e+01
mHEM,10,30,6.3095734448019303e+06,2.2734225033374184e+01,1.2725764213710194e+01,2.6053599802926360e+01,2.9238461505484331e+01
mHEM,10,30,6.4938163157621128e+06,2.2976240879508655e+01,1.2825404338849291e+01,2.6313468821274380e+01,2.9170381601378462e+01
mHEM,10,30,6.6834391756861489e+06,2.3221073253946834e+01,1.2924917208280323e+01,2.6575773326585736e+01,2.9100440128365349e+01
mHEM,10,30,6.8785991230880814e+06,2.3468757483521927e+01,1.3024247732810622e+01,2.6840521731627891e+01,2.9028571199930621e+01
mHEM,10,30,7.0794578438413730e+06,2.3719328422614947e+01,1.3123337824802471e+01,2.7107720975466759e+01,2.8954707540778273e+01
mHEM,10,30,7.2861817451322740e+06,2.3972820336981943e+01,1.3222126291319487e+01,2.7377376400466446e+01,2.8878780518274503e+01
mHEM,10,30,7.4989420933245579e+06,2.4229266778276699e+01,1.3320548725536565e+01,2.7649491622131080e+01,2.8800720176248422e+01
mHEM,10,30,7.7179151558501273e+06,2.4488700448219760e+01,1.3418537396732289e+01,2.7924068391087673e+01,2.8720455272029763e+01
mHEM,10,30,7.9432823472428219e+06,2.4751153051371862e+01,1.3516021139366366e+01,2.8201106446595904e+01,2.8637913317790304e+01
mHEM,10,30,8.1752303794364929e+06,2.5016655135507442e+01,1.3612925241920774e+01,2.8480603361077776e+01,2.8553020627378547e+01
mHEM,10,30,8.4139514164519478e+06,2.5285235918654500e+01,1.3709171336328138e+01,2.8762554375277880e+01,2.8465702369858448e+01
mHEM,10,30,8.6596432336006537e+06,2.5556923101942431e+01,1.3804677288930414e+01,2.9046952223772287e+01,2.8375882630930239e+01
mHEM,10,30,8.9125093813374583e+06,2.5831742667489799e+01,1.3899357094006865e+01,2.9333786950650133e+01,2.8283484483322816e+01
mHEM,10,30,9.1727593538978025e+06,2.6109718660640933e+01,1.3993120770978875e+01,2.9623045715270766e+01,2.8188430067128483e+01
mHEM,10,30,9.4406087628592253e+06,2.6390872955928959e+01,1.4085874266457909e+01,2.9914712588063480e+01,2.8090640680930530e+01
mHEM,10,30,9.7162795157710575e+06,2.6675225006200449e+01,1.4177519362344961e+01,3.0208768336380217e+01,2.7990036884443406e+01
mHEM,10,30,1.0000000000000000e+07,2.6962791574366243e+01,1.4267953591241794e+01,3.0505190200432203e+01,2.7886538613304822e+01
mHEM,10,300,1.0000000000000000e+02,4.2910717184468503e+01,-5.1769973797704254e-02,4.2910748413604111e+01,-6.9124912366743632e-02
mHEM,10,300,1.0292005271944286e+02,4.2909924216389399e+01,-5.2477153643164937e-02,4.2909956305127324e+01,-7.0070455274374444e-02
mHEM,10,300,1.0592537251772886e+02,4.2909119758886192e+01,-5.3193281954561480e-02,4.2909152730014171e+01,-7.1028000814809922e-02
mHEM,10,300,1.0901844923851279e+02,4.2908303645797858e+01,-5.3918416434544411e-02,4.2908337522626304e+01,-7.1997627759786964e-02
mHEM,10,300,1.1220184543019630e+02,4.2907475707626034e+01,-5.4652919463583575e-02,4.2907510514385756e+01,-7.2979821772980263e-02
mHEM,10,300,1.1547819846894582e+02,4.2906635774536170e+01,-5.5396409891451281e-02,4.2906671535449306e+01,-7.3974075712867710e-02
mHEM,10,300,1.1885022274370189e+02,4.2905783671422100e+01,-5.6149501095249951e-02,4.2905820411983086e+01,-7.4981210519132133e-02
mHEM,10,300,1.2232071190499313e+02,4.2904919223256833e+01,-5.6911902210910345e-02,4.2904956969082335e+01,-7.6000839700978845e-02
mHEM,10,300,1.2589254117941675e+02,4.2904042250288285e+01,-5.7684085771145290e-02,4.2904081028129170e+01,-7.7033596252128522e-02
mHEM,10,300,1.2956866975170189e+02,4.2903152572629693e+01,-5.8465648617879562e-02,4.2903192409218342e+01,-7.8078943803241749e-02
mHEM,10,300,1.3335214321633239e+02,4.2902250005537852e+01,-5.9256994467452119e-02,4.2902290928679626e+01,-7.9137423565016365e-02
mHEM,10,300,1.3724609610075626e+02,4.2901334362350894e+01,-6.0058274133275490e-02,4.2901376400606559e+01,-8.0209239081196385e-02
mHEM,10,300,1.4125375446227540e+02,4.2900405454065442e+01,-6.0869480986746730e-02,4.2900448636546024e+01,-8.1294383688236563e-02
mHEM,10,300,1.4537843856076620e+02,4.2899463088783953e+01,-6.1690717124049534e-02,4.2899507445313589e+01,-8.2392995981872080e-02
mHEM,10,300,1.4962356560944329e+02,4.2898507071838516e+01,-6.2522054420656323e-02,4.2898552632925366e+01,-8.3505174257021642e-02
mHEM,10,300,1.5399265260594919e+02,4.2897537205609702e+01,-6.3363611523932786e-02,4.2897584002527857e+01,-8.4631079339384560e-02
mHEM,10,300,1.5848931924611142e+02,4.2896553289727308e+01,-6.4215490244892356e-02,4.2896601354508284e+01,-8.5770849633871160e-02
mHEM,10,300,1.6311729092278381e+02,4.2895555120712103e+01,-6.5077842498893895e-02,4.2895604486236522e+01,-8.6924690537026852e-02
mHEM,10,300,1.6788040181225605e+02,4.2894542493043261e+01,-6.5950572424542539e-02,4.2894593192679856e+01,-8.8092476554721258e-02
mHEM,10,300,1.7278259805078628e+02,4.2893515196928988e+01,-6.6833962265954325e-02,4.2893567265123686e+01,-8.9274587300296845e-02
mHEM,10,300,1.7782794100389228e+02,4.2892473020541033e+01,-6.7728001306485153e-02,4.2892526492385606e+01,-9.0471011143578958e-02
mHEM,10,300,1.8302061063110568e+02,4.2891415748518767e+01,-6.8632819287613847e-02,4.2891470659982822e+01,-9.1681924142155896e-02
mHEM,10,300,1.8836490894898000e+02,4.2890343162452481e+01,-6.9548545833038308e-02,4.2890399550402442e+01,-9.2907502274734335e-02
mHEM,10,300,1.9386526359522077e+02,4.2889255041078208e+01,-7.0475206719631936e-02,4.2889312943126221e+01,-9.4147782871180849e-02
mHEM,10,300,1.9952623149688787e+02,4.2888151159459291e+01,-7.1412971492505986e-02,4.2888210614213399e+01,-9.5402995395041601e-02
mHEM,10,300,2.0535250264571459e+02,4.2887031290141756e+01,-7.2361812168942038e-02,4.2887092336896174e+01,-9.6673105507439808e-02
mHEM,10,300,2.1134890398366477e+02,4.2885895201635861e+01,-7.3321914780475811e-02,4.2885957880743213e+01,-9.7958364858473618e-02
mHEM,10,300,2.1752040340195222e+02,4.2884742659302553e+01,-7.4293408344660194e-02,4.2884807012100772e+01,-9.9258949020971071e-02
mHEM,10,300,2.2387211385683401e+02,4.2883573425729210e+01,-7.5276254488343228e-02,4.2883639494268657e+01,-1.0057481001012156e-01
mHEM,10,300,2.3040929760558447e+02,4.2882387259378525e+01,-7.6270620450124282e-02,4.2882455086793406e+01,-1.0190617463022028e-01
mHEM,10,300,2.3713737056616552e+02,4.2881183915428835e+01,-7.7276608096534485e-02,4.2881253545844380e+01,-1.0325318243799146e-01
mHEM,10,300,2.4406190680419814e+02,4.2879963145877667e+01,-7.8294238886758738e-02,4.2880034624282544e+01,-1.0461586564232847e-01
mHEM,10,300,2.5118864315095797e+02,4.2878724698774796e+01,-7.9323626962829574e-02,4.2878798071204308e+01,-1.0599438037998131e-01
mHEM,10,300,2.5852348395621914e+02,4.2877468318591312e+01,-8.0364874614807305e-02,4.2877543632126056e+01,-1.0738886704838889e-01
mHEM,10,300,2.6607250597988087e+02,4.2876193746072424e+01,-8.1418104048611925e-02,4.2876271048896115e+01,-1.0879949275732485e-01
mHEM,10,300,2.7384196342643611e+02,4.2874900718842405e+01,-8.2483291024755157e-02,4.2874980059982434e+01,-1.1022622901782624e-01
mHEM,10,300,2.8183829312644548e+02,4.2873588970155645e+01,-8.3560539069973128e-02,4.2873670399739993e+01,-1.1166921816976604e-01
mHEM,10,300,2.9006811986931530e+02,4.2872258228981970e+01,-8.4650074420807381e-02,4.2872341798502347e+01,-1.1312876665213289e-01
mHEM,10,300,2.9853826189179603e+02,4.2870908221876036e+01,-8.5751772092040768e-02,4.2870993983519149e+01,-1.1460471163230630e-01
mHEM,10,300,3.0725573652674456e+02,4.2869538670275823e+01,-8.6865791138407922e-02,4.2869626677496790e+01,-1.1609726997478316e-01
mHEM,10,300,3.1622776601683796e+02,4.2868149292250820e+01,-8.7992138338168407e-02,4.2868239599488028e+01,-1.1760645513904092e-01
mHEM,10,300,3.2546178349804603e+02,4.2866739800763327e+01,-8.9131053459560419e-02,4.2866832463934600e+01,-1.1913259209948432e-01
mHEM,10,300,3.3496543915782757e+02,4.2865309906195947e+01,-9.0282445174526160e-02,4.2865404982037987e+01,-1.2067556341141154e-01
mHEM,10,300,3.4474660657314945e+02,4.2863859313885953e+01,-9.1446411686066348e-02,4.2863956860360169e+01,-1.2223550506185124e-01
mHEM,10,300,3.5481338923357532e+02,4.2862387724862735e+01,-9.2623069393798468e-02,4.2862487801216666e+01,-1.2381257748410752e-01
mHEM,10,300,3.6517412725483769e+02,4.2860894836428031e+01,-9.3812422562486994e-02,4.2860997502974314e+01,-1.2540679133867799e-01
mHEM,10,300,3.7583740428844430e+02,4.2859380341147968e+01,-9.5014545459083902e-02,4.2859485659431677e+01,-1.2701825097793432e-01
mHEM,10,300,3.8681205463305207e+02,4.2857843927084083e+01,-9.6229543066895185e-02,4.2857951959971871e+01,-1.2864710194415596e-01
mHEM,10,300,3.9810717055349733e+02,4.2856285278389734e+01,-9.7457404072770121e-02,4.2856396089829268e+01,-1.3029333443324226e-01
mHEM,10,300,4.0973210981354134e+02,4.2854704074252091e+01,-9.8698204681754040e-02,4.2854817729484353e+01,-1.3195705576636577e-01
mHEM,10,300,4.2169650342858228e+02,4.2853099989484285e+01,-9.9951977472167608e-02,4.2853216554962813e+01,-1.3363831506873561e-01
mHEM,10,300,4.3401026364474399e+02,4.2851472694376135e+01,-1.0121873478854390e-01,4.2851592237735296e+01,-1.3533713453981788e-01
mHEM,10,300,4.4668359215096302e+02,4.2849821853900174e+01,-1.0249859816335566e-01,4.2849944444230104e+01,-1.3705368250587988e-01
mHEM,10,300,4.5972698853087229e+02,4.2848147128951744e+01,-1.0379155281203548e-01,4.2848272836495184e+01,-1.3878794516400558e-01
mHEM,10,300,4.7315125896148027e+02,4.2846448175299237e+01,-1.0509763635237493e-01,4.2846577071590794e+01,-1.4053997891342221e-01
mHEM,10,300,4.8696752516586309e+02,4.2844724644182001e+01,-1.0641682859192388e-01,4.2844856801921793e+01,-1.4230976298476866e-01
mHEM,10,300,5.0118723362727246e+02,4.2842976180864582e+01,-1.0774926856542782e-01,4.2843111674328775e+01,-1.4409748968375069e-01
mHEM,10,300,5.1582216507230555e+02,4.2841202427084767e+01,-1.0909483006085294e-01,4.2841341331480272e+01,-1.4590299674195148e-01
mHEM,10,300,5.3088444423098849e+02,4.2839403017948200e+01,-1.1045365333355767e-01,4.2839545410096548e+01,-1.4772647839584338e-01
mHEM,10,300,5.4638654988185397e+02,4.2837577584589646e+01,-1.1182566641579152e-01,4.2837723542403680e+01,-1.4956784520511127e-01
mHEM,10,300,5.6234132519034904e+02,4.2835725752502341e+01,-1.1321086264266081e-01,4.2835875355162436e+01,-1.5142709520884154e-01
mHEM,10,300,5.7876198834912088e+02,4.2833847141141305e+01,-1.1460934275317794e-01,4.2834000469394702e+01,-1.5330437026343754e-01
mHEM,10,300,5.9566214352901034e+02,4.2831941365713760e+01,-1.1602102368215009e-01,4.2832098501402868e+01,-1.5519956652810549e-01
mHEM,10,300,6.1305579214982083e+02,4.2830008035760727e+01,-1.1744585385620400e-01,4.2830169061911448e+01,-1.5711262242803828e-01
mHEM,10,300,6.3095734448019300e+02,4.2828046754629099e+01,-1.1888387406488710e-01,4.2828211755713184e+01,-1.5904360010155913e-01
mHEM,10,300,6.4938163157621136e+02,4.2826057120364624e+01,-1.2033507396089084e-01,4.2826226182174381e+01,-1.6099249344521044e-01
mHEM,10,300,6.6834391756861487e+02,4.2824038725933342e+01,-1.2179934954729657e-01,4.2824211935326829e+01,-1.6295917122133560e-01
mHEM,10,300,6.8785991230880745e+02,4.2821991157497116e+01,-1.2327674545615221e-01,4.2822168602824533e+01,-1.6494370120353730e-01
mHEM,10,300,7.0794578438413805e+02,4.2819913996516263e+01,-1.2476713511478704e-01,4.2820095767140153e+01,-1.6694592226467223e-01
mHEM,10,300,7.2861817451322736e+02,4.2817806817706106e+01,-1.2627050678531540e-01,4.2817993004335030e+01,-1.6896582708675179e-01
mHEM,10,300,7.4989420933245583e+02,4.2815669190166744e+01,-1.2778678427454118e-01,4.2815859884673912e+01,-1.7100332227362447e-01
mHEM,10,300,7.7179151558501269e+02,4.2813500676819586e+01,-1.2931590698145959e-01,4.2813695972291740e+01,-1.7305833545833060e-01
mHEM,10,300,7.9432823472428129e+02,4.2811300834627282e+01,-1.3085778154420255e-01,4.2811500825268311e+01,-1.7513075059828609e-01
mHEM,10,300,8.1752303794365014e+02,4.2809069214173732e+01,-1.3241232227005223e-01,4.2809273995327302e+01,-1.7722046207952408e-01
mHEM,10,300,8.4139514164519471e+02,4.2806805359577069e+01,-1.3397946112690914e-01,4.2807015027781603e+01,-1.7932738809549997e-01
mHEM,10,300,8.6596432336006535e+02,4.2804508809029485e+01,-1.3555905857803166e-01,4.2804723461793856e+01,-1.8145135130323164e-01
mHEM,10,300,8.9125093813374588e+02,4.2802179094002319e+01,-1.3715100150470441e-01,4.2802398829881753e+01,-1.8359220988324007e-01
mHEM,10,300,9.1727593538977942e+02,4.2799815739487265e+01,-1.3875515987163212e-01,4.2800040658023363e+01,-1.8574979953933901e-01
mHEM,10,300,9.4406087628592354e+02,4.2797418263593954e+01,-1.4037142088105342e-01,4.2797648465363203e+01,-1.8792397922043166e-01
mHEM,10,300,9.7162795157710582e+02,4.2794986178235916e+01,-1.4199960047258278e-01,4.2795221764607525e+01,-1.9011451263981363e-01
mHEM,10,300,1.0000000000000000e+03,4.2792518988063506e+01,-1.4363956202218045e-01,4.2792760061341610e+01,-1.9232122718165340e-01
mHEM,10,300,1.0292005271944286e+03,4.2790016191153079e+01,-1.4529111535518369e-01,4.2790262854384800e+01,-1.9454387869834741e-01
mHEM,10,300,1.0592537251772887e+03,4.2787477278289337e+01,-1.4695410252417604e-01,4.2787729635356619e+01,-1.9678226635677615e-01
mHEM,10,300,1.0901844923851279e+03,4.2784901733555010e+01,-1.4862830455460016e-01,4.2785159888948336e+01,-1.9903610776934566e-01
mHEM,10,300,1.1220184543019629e+03,4.2782289033885355e+01,-1.5031349932507232e-01,4.2782553092668351e+01,-2.0130511648794217e-01
mHEM,10,300,1.1547819846894581e+03,4.2779638648505312e+01,-1.5200950151152171e-01,4.2779908716420131e+01,-2.0358905550414033e-01
mHEM,10,300,1.1885022274370190e+03,4.2776950040040994e+01,-1.5371603129694422e-01,4.2777226223148702e+01,-2.0588756141182643e-01
mHEM,10,300,1.2232071190499314e+03,4.2774222663050637e+01,-1.5543286855573424e-01,4.2774505067912386e+01,-2.0820035090189673e-01
mHEM,10,300,1.2589254117941675e+03,4.2771455965280524e+01,-1.5715970307307756e-01,4.2771744698599811e+01,-2.1052702014223756e-01
mHEM,10,300,1.2956866975170190e+03,4.2768649386303963e+01,-1.5889627558810154e-01,4.2768944555074000e+01,-2.1286723369457639e-01
mHEM,10,300,1.3335214321633241e+03,4.2765802358179833e+01,-1.6064228918538564e-01,4.2766104069507833e+01,-2.1522060582195948e-01
mHEM,10,300,1.3724609610075624e+03,4.2762914305561800e+01,-1.6239739934036190e-01,4.2763222666447092e+01,-2.1758668713453311e-01
mHEM,10,300,1.4125375446227540e+03,4.2759984644880973e+01,-1.6416127713927262e-01,4.2760299762225344e+01,-2.1996504928181729e-01
mHEM,10,300,1.4537843856076622e+03,4.2757012784573632e+01,-1.6593358328944371e-01,4.2757334765093304e+01,-2.2235525013190593e-01
mHEM,10,300,1.4962356560944329e+03,4.2753998125432865e+01,-1.6771391970789939e-01,4.2754327075377773e+01,-2.2475676888809767e-01
mHEM,10,300,1.5399265260594921e+03,4.2750940059774450e+01,-1.6950190602341947e-01,4.2751276084937786e+01,-2.2716910859289302e-01
mHEM,10,300,1.5848931924611140e+03,4.2747837971929684e+01,-1.7129711911137166e-01,4.2748181177418168e+01,-2.2959171509131371e-01
mHEM,10,300,1.6311729092278381e+03,4.2744691237704231e+01,-1.7309913300619728e-01,4.2745041727860276e+01,-2.3202403051016110e-01
mHEM,10,300,1.6788040181225606e+03,4.2741499224847686e+01,-1.7490747176264904e-01,4.2741857102977335e+01,-2.3446543006287551e-01
mHEM,10,300,1.7278259805078626e+03,4.2738261292321454e+01,-1.7672166369084402e-01,4.2738626660635227e+01,-2.3691529473357709e-01
mHEM,10,300,1.7782794100389228e+03,4.2734976790662529e+01,-1.7854120211735752e-01,4.2735349750052571e+01,-2.3937295866682509e-01
mHEM,10,300,1.8302061063110568e+03,4.2731645061597554e+01,-1.8036556492758485e-01,4.2732025711489108e+01,-2.4183773535108596e-01
mHEM,10,300,1.8836490894898002e+03,4.2728265438419243e+01,-1.8219418262084711e-01,4.2728653876481921e+01,-2.4430887476964247e-01
mHEM,10,300,1.9386526359522077e+03,4.2724837245240828e+01,-1.8402648442037811e-01,4.2725233567287681e+01,-2.4678562520967612e-01
mHEM,10,300,1.9952623149688789e+03,4.2721359797327210e+01,-1.8586186549875908e-01,4.2721764097070384e+01,-2.4926718930001732e-01
mHEM,10,300,2.0535250264571459e+03,4.2717832401098875e+01,-1.8769968255301786e-01,4.2718244769877934e+01,-2.5175271805235383e-01
mHEM,10,300,2.1134890398366479e+03,4.2714254353814873e+01,-1.8953926535480015e-01,4.2714674880367568e+01,-2.5424132632844887e-01
mHEM,10,300,2.1752040340195222e+03,4.2710624943278617e+01,-1.9137993513503931e-01,4.2711053713587845e+01,-2.5673211748221975e-01
mHEM,10,300,2.2387211385683399e+03,4.2706943448293359e+01,-1.9322096023031557e-01,4.2707380545231281e+01,-2.5922412384091770e-01
mHEM,10,300,2.3040929760558447e+03,4.2703209138169534e+01,-1.9506158578385968e-01,4.2703654641265707e+01,-2.6171634651894415e-01
mHEM,10,300,2.3713737056616551e+03,4.2699421272931772e+01,-1.9690101657603215e-01,4.2699875258056984e+01,-2.6420773235557748e-01
mHEM,10,300,2.4406190680419813e+03,4.2695579102925784e+01,-1.9873842888396320e-01,4.2696041642022365e+01,-2.6669718979819446e-01
mHEM,10,300,2.5118864315095798e+03,4.2691681868863981e+01,-2.0057296669058303e-01,4.2692153029652374e+01,-2.6918358378616969e-01
mHEM,10,300,2.5852348395621912e+03,4.2687728801778647e+01,-2.0240374131682887e-01,4.2688208647455582e+01,-2.7166573522589466e-01
mHEM,10,300,2.6607250597988086e+03,4.2683719123160635e+01,-2.0422980257534629e-01,4.2684207711952780e+01,-2.7414238223628745e-01
mHEM,10,300,2.7384196342643613e+03,4.2679652044280452e+01,-2.0605019527797427e-01,4.2680149429258407e+01,-2.7661225595765399e-01
mHEM,10,300,2.8183829312644548e+03,4.2675526766769799e+01,-2.0786390118770653e-01,4.2676032995379302e+01,-2.7907400259660536e-01
mHEM,10,300,2.9006811986931530e+03,4.2671342482202533e+01,-2.0966986590837550e-01,4.2671857595915519e+01,-2.8152621947612022e-01
mHEM,10,300,2.9853826189179604e+03,4.2667098372022622e+01,-2.1146699687621828e-01,4.2667622405972232e+01,-2.8396745229750675e-01
mHEM,10,300,3.0725573652674452e+03,4.2662793607653533e+01,-2.1325415049271829e-01,4.2663326590198587e+01,-2.8639617781511306e-01
mHEM,10,300,3.1622776601683795e+03,4.2658427350255991e+01,-2.1503014410114418e-01,4.2658969302597320e+01,-2.8881081986853213e-01
mHEM,10,300,3.2546178349804600e+03,4.2653998750703487e+01,-2.1679374747380267e-01,4.2654549686451482e+01,-2.9120973789931437e-01
mHEM,10,300,3.3496543915782759e+03,4.2649506949843428e+01,-2.1854366687158788e-01,4.2650066874497071e+01,-2.9359120547847067e-01
mHEM,10,300,3.4474660657314944e+03,4.2644951077732657e+01,-2.2027858421859939e-01,4.2645519988351381e+01,-2.9595346287322549e-01
mHEM,10,300,3.5481338923357530e+03,4.2640330254377702e+01,-2.2199710797731725e-01,4.2640908138996622e+01,-2.9829465099016728e-01
mHEM,10,300,3.6517412725483769e+03,4.2635643589203610e+01,-2.2369780147575324e-01,4.2636230426387179e+01,-3.0061284936289634e-01
mHEM,10,300,3.7583740428844430e+03,4.2630890180993561e+01,-2.2537918103988611e-01,4.2631485939375601e+01,-3.0290607357820043e-01
mHEM,10,300,3.8681205463305209e+03,4.2626069118318718e+01,-2.2703968697118668e-01,4.2626673755984584e+01,-3.0517223619545736e-01
mHEM,10,300,3.9810717055349733e+03,4.2621179478981190e+01,-2.2867771460776640e-01,4.2621792943008458e+01,-3.0740918841201975e-01
mHEM,10,300,4.0973210981354132e+03,4.2616220330264611e+01,-2.3029159399211080e-01,4.2616842556152868e+01,-3.0961469265406177e-01
mHEM,10,300,4.2169650342858222e+03,4.2611190728797915e+01,-2.3187959624969159e-01,4.2611821639929339e+01,-3.1178643106314669e-01
mHEM,10,300,4.3401026364474401e+03,4.2606089720632681e+01,-2.3343992500284991e-01,4.2606729227684063e+01,-3.1392199386037295e-01
mHEM,10,300,4.4668359215096307e+03,4.2600916341376099e+01,-2.3497070816288271e-01,4.2601564341683741e+01,-3.1601886820709191e-01
mHEM,10,300,4.5972698853087231e+03,4.2595669615614995e+01,-2.3647002686549734e-01,4.2596325992698389e+01,-3.1807447701940256e-01
mHEM,10,300,4.7315125896148029e+03,4.2590348557697084e+01,-2.3793587225107354e-01,4.2591013180545893e+01,-3.2008612073202181e-01
mHEM,10,300,4.8696752516586312e+03,4.2584952171320744e+01,-2.3936616364222738e-01,4.2585624893782786e+01,-3.2205100162793809e-01
mHEM,10,300,5.0118723362727251e+03,4.2579479449471116e+01,-2.4075875428634988e-01,4.2580160109676648e+01,-3.2396623144728504e-01
mHEM,10,300,5.1582216507230560e+03,4.2573929374675835e+01,-2.4211141509917800e-01,4.2574617794376117e+01,-3.2582880939042302e-01
mHEM,10,300,5.3088444423098845e+03,4.2568300919084088e+01,-2.4342183141712290e-01,4.2568996902977474e+01,-3.2763561760971971e-01
mHEM,10,300,5.4638654988185399e+03,4.2562593044331088e+01,-2.4468761078190759e-01,4.2563296379441894e+01,-3.2938343154526978e-01
mHEM,10,300,5.6234132519034911e+03,4.2556804701693849e+01,-2.4590627517412994e-01,4.2557515156717990e+01,-3.3106890932548788e-01
mHEM,10,300,5.7876198834912084e+03,4.2550934832213784e+01,-2.4707525563616919e-01,4.2551652156846416e+01,-3.3268858437150639e-01
mHEM,10,300,5.9566214352901034e+03,4.2544982366638678e+01,-2.4819189817666865e-01,4.2545706290951578e+01,-3.3423887318397821e-01
mHEM,10,300,6.1305579214982081e+03,4.2538946225857458e+01,-2.4925344298556534e-01,4.2539676459573982e+01,-3.3571604718013570e-01
mHEM,10,300,6.3095734448019302e+03,4.2532825320510952e+01,-2.5025704934517212e-01,4.2533561552447551e+01,-3.3711626606228506e-01
mHEM,10,300,6.4938163157621129e+03,4.2526618551649037e+01,-2.5119976356181495e-01,4.2527360448994166e+01,-3.3843553443538660e-01
mHEM,10,300,6.6834391756861487e+03,4.2520324810610212e+01,-2.5207853217914161e-01,4.2521072018308523e+01,-3.3966971940110524e-01
mHEM,10,300,6.8785991230880745e+03,4.2513942979079907e+01,-2.5289020146316649e-01,4.2514695119246163e+01,-3.4081454965825780e-01
mHEM,10,300,7.0794578438413810e+03,4.2507471929554974e+01,-2.5363150267729767e-01,4.2508228600837441e+01,-3.4186559543938294e-01
mHEM,10,300,7.2861817451322740e+03,4.2500910525322659e+01,-2.5429905689957000e-01,4.2501671302336128e+01,-3.4281827476965981e-01
mHEM,10,300,7.4989420933245583e+03,4.2494257620899141e+01,-2.5488936558172043e-01,4.2495022053648015e+01,-3.4366784049635146e-01
mHEM,10,300,7.7179151558501271e+03,4.2487512061975863e+01,-2.5539881585580254e-01,4.2488279675360886e+01,-3.4440938718888564e-01
mHEM,10,300,7.9432823472428136e+03,4.2480672685976558e+01,-2.5582366690060249e-01,4.2481442979277681e+01,-3.4503783248760833e-01
mHEM,10,300,8.1752303794365016e+03,4.2473738322159470e+01,-2.5616005400624636e-01,4.2474510768607402e+01,-3.4554792230304848e-01
mHEM,10,300,8.4139514164519478e+03,4.2466707792046826e+01,-2.5640397898748968e-01,4.2467481838408212e+01,-3.4593421759093046e-01
mHEM,10,300,8.6596432336006528e+03,4.2459579909654494e+01,-2.5655131046822416e-01,4.2460354975897673e+01,-3.4619109442622920e-01
mHEM,10,300,8.9125093813374588e+03,4.2452353482098140e+01,-2.5659777222468305e-01,4.2453128961075656e+01,-3.4631272794841483e-01
mHEM,10,300,9.1727593538977944e+03,4.2445027309407060e+01,-2.5653895908186719e-01,4.2445802566730173e+01,-3.4629311347873482e-01
mHEM,10,300,9.4406087628592359e+03,4.2437600185871901e+01,-2.5637029972887687e-01,4.2438374559665903e+01,-3.4612601597320963e-01
mHEM,10,300,9.7162795157710570e+03,4.2430070899623786e+01,-2.5608708354788573e-01,4.2430843700561283e+01,-3.4580500586415619e-01
mHEM,10,300,1.0000000000000000e+04,4.2422438233733473e+01,-2.5568443660240914e-01,4.2423208745049592e+01,-3.4532342625272094e-01
mHEM,10,300,1.0292005271944287e+04,4.2414700966264817e+01,-2.5515732879562136e-01,4.2415468443954545e+01,-3.4467440216728323e-01
mHEM,10,300,1.0592537251772897e+04,4.2406857871363606e+01,-2.5450055838192137e-01,4.2407621544437625e+01,-3.4385081921424848e-01
mHEM,10,300,1.0901844923851268e+04,4.2398907719487887e+01,-2.5370875248263303e-01,4.2399666790397490e+01,-3.4284532382576260e-01
mHEM,10,300,1.1220184543019630e+04,4.2390849278042040e+01,-2.5277636712166013e-01,4.2391602923284850e+01,-3.4165032284213398e-01
mHEM,10,300,1.1547819846894581e+04,4.2382681312340289e+01,-2.5169767337410454e-01,4.2383428683179709e+01,-3.4025796430468730e-01
mHEM,10,300,1.1885022274370189e+04,4.2374402586230232e+01,-2.5046675297562615e-01,4.2375142809603147e+01,-3.3866013100670239e-01
mHEM,10,300,1.2232071190499326e+04,4.2366011862875254e+01,-2.4907749532649309e-01,4.2366744042514817e+01,-3.3684843590671038e-01
mHEM,10,300,1.2589254117941662e+04,4.2357507905465567e+01,-2.4752359635956034e-01,4.2358231123269690e+01,-3.3481422004278200e-01
mHEM,10,300,1.2956866975170189e+04,4.2348889478458240e+01,-2.4579854059405504e-01,4.2349602796026659e+01,-3.3254852767655452e-01
mHEM,10,300,1.3335214321633241e+04,4.2340155348251805e+01,-2.4389560600584237e-01,4.2340857808749277e+01,-3.3004211226995134e-01
mHEM,10,300,1.3724609610075626e+04,4.2331304284340113e+01,-2.4180785236236582e-01,4.2331994914613411e+01,-3.2728542006867806e-01
mHEM,10,300,1.4125375446227554e+04,4.2322335060381143e+01,-2.3952811648952516e-01,4.2323012873397325e+01,-3.2426858303278167e-01
mHEM,10,300,1.4537843856076606e+04,4.2313246455284485e+01,-2.3704900686368485e-01,4.2313910452914890e+01,-3.2098141082650955e-01
mHEM,10,300,1.4962356560944329e+04,4.2304037254628120e+01,-2.3436289242924183e-01,4.2304686430776343e+01,-3.1741337495663913e-01
mHEM,10,300,1.5399265260594921e+04,4.2294706251818617e+01,-2.3146190016642537e-01,4.2295339595975030e+01,-3.1355360472679122e-01
mHEM,10,300,1.5848931924611141e+04,4.2285252249533585e+01,-2.2833790591299363e-01,4.2285868750753622e+01,-3.0939087402452592e-01
mHEM,10,300,1.6311729092278396e+04,4.2275674061140997e+01,-2.2498252850780642e-01,4.2276272712503449e+01,-3.0491359257340295e-01
mHEM,10,300,1.6788040181225588e+04,4.2265970512336082e+01,-2.2138712061910354e-01,4.2266550315903935e+01,-3.0010979265759025e-01
mHEM,10,300,1.7278259805078626e+04,4.2256140442838792e+01,-2.1754276050999741e-01,4.2256700415171636e+01,-2.9496711707830864e-01
mHEM,10,300,1.7782794100389227e+04,4.2246182708069739e+01,-2.1344024629319727e-01,4.2246721886346975e+01,-2.8947281044891071e-01
mHEM,10,300,1.8302061063110566e+04,4.2236096181030028e+01,-2.0907008598780125e-01,4.2236613629812631e+01,-2.8361370476076686e-01
mHEM,10,300,1.8836490894898019e+04,4.2225879754374915e+01,-2.0442248909610830e-01,4.2226374573067218e+01,-2.7737620696859494e-01
mHEM,10,300,1.9386526359522057e+04,4.2215532342339600e+01,-1.9948735989526895e-01,4.2216003673416068e+01,-2.7074628886490237e-01
mHEM,10,300,1.9952623149688789e+04,4.2205052883180670e+01,-1.9425428422925575e-01,4.2205499921207171e+01,-2.6370946809137719e-01
mHEM,10,300,2.0535250264571459e+04,4.2194440341248914e+01,-1.8871252781019648e-01,4.2194862342818070e+01,-2.5625080473131129e-01
mHEM,10,300,2.1134890398366475e+04,4.2183693709757883e+01,-1.8285101883703420e-01,4.2184090004334060e+01,-2.4835487657084743e-01
mHEM,10,300,2.1752040340195246e+04,4.2172812013232850e+01,-1.7665834261354141e-01,4.2173182015037611e+01,-2.4000577060550748e-01
mHEM,10,300,2.2387211385683378e+04,4.2161794310316033e+01,-1.7012273187356516e-01,4.2162137531312354e+01,-2.3118706867708114e-01
mHEM,10,300,2.3040929760558447e+04,4.2150639696752478e+01,-1.6323205511100924e-01,4.2150955760804067e+01,-2.2188183035475392e-01
mHEM,10,300,2.3713737056616552e+04,4.2139347308516591e+01,-1.5597380658433013e-01,4.2139635966820180e+01,-2.1207257804555582e-01
mHEM,10,300,2.4406190680419812e+04,4.2127916324960054e+01,-1.4833509677177911e-01,4.2128177472847909e+01,-2.0174128267497834e-01
mHEM,10,300,2.5118864315095823e+04,4.2116345972493249e+01,-1.4030263941031618e-01,4.2116579667695881e+01,-1.9086934467627398e-01
mHEM,10,300,2.5852348395621888e+04,4.2104635528104353e+01,-1.3186274151133801e-01,4.2104842010594297e+01,-1.7943757898359003e-01
mHEM,10,300,2.6607250597988084e+04,4.2092784323184681e+01,-1.2300129350872510e-01,4.2092964036716957e+01,-1.6742620016352186e-01
mHEM,10,300,2.7384196342643612e+04,4.2080791747798358e+01,-1.1370375374062407e-01,4.2080945363254244e+01,-1.5481479979151491e-01
mHEM,10,300,2.8183829312644550e+04,4.2068657254928695e+01,-1.0395513809111409e-01,4.2068785695612846e+01,-1.4158233080606097e-01
mHEM,10,300,2.9006811986931560e+04,4.2056380364976555e+01,-9.3740008531648517e-02,4.2056484834003719e+01,-1.2770709032693983e-01
mHEM,10,300,2.9853826189179570e+04,4.2043960670633318e+01,-8.3042458972639899e-02,4.2044042680548138e+01,-1.1316669877036765e-01
mHEM,10,300,3.0725573652674455e+04,4.2031397841967134e+01,-7.1846102872658912e-02,4.2031459246762033e+01,-9.7938081319553755e-02
mHEM,10,300,3.1622776601683792e+04,4.2018691631757633e+01,-6.0134059808828404e-02,4.2018734661456527e+01,-8.1997447945575161e-02
mHEM,10,300,3.2546178349804602e+04,4.2005841881235909e+01,-4.7888940622314635e-02,4.2005869179223353e+01,-6.5320271452424611e-02
mHEM,10,300,3.3496543915782793e+04,4.1992848525934967e+01,-3.5092835272201549e-02,4.1992863189227833e+01,-4.7881269186548975e-02
mHEM,10,300,3.4474660657314911e+04,4.1979711602116318e+01,-2.1727296686139770e-02,4.1979717224777502e+01,-2.9654379262670921e-02
mHEM,10,300,3.5481338923357529e+04,4.1966431253348112e+01,-7.7733259769011340e-03,4.1966431973263937e+01,-1.0612738630873954e-02
mHEM,10,300,3.6517412725483773e+04,4.1953007737468219e+01,6.7886401345652880e-03,4.1953008286721264e+01,9.2713358570823256e-03
mHEM,10,300,3.7583740428844430e+04,4.1939441434166710e+01,2.1978749514881761e-02,4.1939447193249102e+01,3.0026376790729260e-02
mHEM,10,300,3.8681205463305247e+04,4.1925732852566590e+01,3.7817746162809730e-02,4.1925749908698187e+01,5.1681783733747037e-02
mHEM,10,300,3.9810717055349691e+04,4.1911882639576163e+01,5.4326988600999111e-02,4.1911917849405270e+01,7.4267850097667856e-02
mHEM,10,300,4.0973210981354132e+04,4.1897891588505701e+01,7.1528466709911059e-02,4.1897952645490051e+01,9.7815787873354723e-02
mHEM,10,300,4.2169650342858222e+04,4.1883760648290533e+01,8.9444818455365213e-02,4.1883856155072912e+01,1.2235775218891588e-01
mHEM,10,300,4.3401026364474405e+04,4.1869490933003192e+01,1.0809934700377229e-01,4.1869630479115280e+01,1.4792686635723420e-01
mHEM,10,300,4.4668359215096345e+04,4.1855083732015459e+01,1.2751603831156996e-01,4.1855277977264130e+01,1.7455724751748145e-01
mHEM,10,300,4.5972698853087182e+04,4.1840540520908831e+01,1.4771958149699316e-01,4.1840801284829283e+01,2.0228403601547118e-01
mHEM,10,300,4.7315125896148027e+04,4.1825862972423515e+01,1.6873538457935022e-01,4.1826203330184747e+01,2.3114341835969654e-01
mHEM,10,300,4.8696752516586312e+04,4.1811052968664988e+01,1.9058959680951781e-01,4.1811487353871080e+01,2.6117265909254189e-01
mHEM,10,300,5.0118723362727251e+04,4.1796112613384025e+01,2.1330912530455209e-01,4.1796656928199624e+01,2.9241012473813388e-01
mHEM,10,300,5.1582216507230609e+04,4.1781044245255501e+01,2.3692165699175369e-01,4.1781715978350498e+01,3.2489531487003953e-01
mHEM,10,300,5.3088444423098794e+04,4.1765850451899283e+01,2.6145567874514697e-01,4.1766668804710335e+01,3.5866889052677275e-01
mHEM,10,300,5.4638654988185401e+04,4.1750534084276808e+01,2.8694049691213663e-01,4.1751520106112636e+01,3.9377270158544986e-01
mHEM,10,300,5.6234132519034909e+04,4.1735098272327058e+01,3.1340626079848161e-01,4.1736275004905558e+01,4.3024981932213818e-01
mHEM,10,300,5.7876198834912087e+04,4.1719546441181961e+01,3.4088398325998348e-01,4.1720939073179807e+01,4.6814456473116023e-01
mHEM,10,300,5.9566214352901094e+04,4.1703882328135748e+01,3.6940556225429577e-01,4.1705518360385085e+01,5.0750253784551891e-01
mHEM,10,300,6.1305579214982019e+04,4.1688110000849576e+01,3.9900380493939858e-01,4.1690019422870151e+01,5.4837065019159104e-01
mHEM,10,300,6.3095734448019299e+04,4.1672233876241016e+01,4.2971245013738607e-01,4.1674449354801709e+01,5.9079715459477589e-01
mHEM,10,300,6.4938163157621129e+04,4.1656258740446120e+01,4.6156619118894526e-01,4.1658815820902092e+01,6.3483167505743232e-01
mHEM,10,300,6.6834391756861485e+04,4.1640189769877601e+01,4.9460070077217400e-01,4.1643127091089397e+01,6.8052523881494709e-01
mHEM,10,300,6.8785991230880813e+04,4.1624032553484817e+01,5.2885265567465389e-01,4.1627392077152493e+01,7.2793030774142831e-01
mHEM,10,300,7.0794578438413737e+04,4.1607793115983185e+01,5.6435976117824316e-01,4.1611620371267627e+01,7.7710080856781005e-01
mHEM,10,300,7.2861817451322742e+04,4.1591477942348206e+01,6.0116077522753841e-01,4.1595822286697370e+01,8.2809216206354208e-01
mHEM,10,300,7.4989420933245579e+04,4.1575094003861139e+01,6.3929553657007243e-01,4.1580008901068901e+01,8.8096131685902557e-01
mHEM,10,300,7.7179151558501268e+04,4.1558648785149067e+01,6.7880498868170103e-01,4.1564192101615923e+01,9.3576677655531526e-01
mHEM,10,300,7.9432823472428208e+04,4.1542150312933835e+01,7.1973120766771359e-01,4.1548384633264376e+01,9.9256863128271811e-01
mHEM,10,300,8.1752303794364940e+04,4.1525607186150452e+01,7.6211742878708555e-01,4.1532600149204853e+01,1.0514285862330199e+00
mHEM,10,300,8.4139514164519482e+04,4.1509028607655097e+01,8.0600807346519643e-01,4.1516853264254266e+01,1.1124099896070128e+00
mHEM,10,300,8.6596432336006532e+04,4.1492424417645218e+01,8.5144877722048140e-01,4.1501159611199192e+01,1.1755778604290510e+00
mHEM,10,300,8.9125093813374595e+04,4.1475805128879159e+01,8.9848641859843992e-01,4.1485535900276915e+01,1.2409989162119575e+00
mHEM,10,300,9.1727593538978035e+04,4.1459181963529865e+01,9.4716914610702030e-01,4.1469999981630302e+01,1.3087415961696187e+00
mHEM,10,300,9.4406087628592257e+04,4.1442566892127743e+01,9.9754640748135137e-01,4.1454570911342955e+01,1.3788760857653171e+00
mHEM,10,300,9.7162795157710585e+04,4.1425972674627083e+01,1.0496689794565568e+00,4.1439269021127572e+01,1.4514743398957921e+00
mHEM,10,300,1.0000000000000000e+05,4.1409412903321893e+01,1.1035889956380784e+00,4.1424115991401614e+01,1.5266101011848989e+00
mHEM,10,300,1.0292005271944286e+05,4.1392902048236465e+01,1.1593599772689378e+00,4.1409134928561251e+01,1.6043589197773789e+00
mHEM,10,300,1.0592537251772897e+05,4.1376455504816413e+01,1.2170368619619771e+00,4.1394350446231506e+01,1.6847981675830823e+00
mHEM,10,300,1.0901844923851268e+05,4.1360089644062072e+01,1.2766760341967478e+00,4.1379788750803733e+01,1.7680070519593349e+00
mHEM,10,300,1.1220184543019629e+05,4.1343821865250604e+01,1.3383353548819763e+00,4.1365477731409086e+01,1.8540666248137327e+00
mHEM,10,300,1.1547819846894582e+05,4.1327670651464736e+01,1.4020741915541481e+00,4.1351447054662572e+01,1.9430597889863759e+00
mHEM,10,300,1.1885022274370189e+05,4.1311655627861903e+01,1.4679534479010701e+00,4.1337728264144594e+01,2.0350712997722269e+00
mHEM,10,300,1.2232071190499325e+05,4.1295797623164255e+01,1.5360355948312510e+00,4.1324354885248084e+01,2.1301877642833773e+00
mHEM,10,300,1.2589254117941661e+05,4.1280118734060231e+01,1.6063846991168091e+00,4.1311362535017736e+01,2.2284976327835051e+00
mHEM,10,300,1.2956866975170189e+05,4.1264642393120909e+01,1.6790664541299600e+00,4.1298789037810003e+01,2.3300911878157762e+00
mHEM,10,300,1.3335214321633239e+05,4.1249393440120976e+01,1.7541482082696187e+00,4.1286674546570964e+01,2.4350605245880526e+00
mHEM,10,300,1.3724609610075626e+05,4.1234398197088993e+01,1.8316989951264968e+00,4.1275061670273047e+01,2.5434995277351833e+00
mHEM,10,300,1.4125375446227554e+05,4.1219684547114561e+01,1.9117895614991844e+00,4.1263995607443206e+01,2.6555038385624545e+00
mHEM,10,300,1.4537843856076605e+05,4.1205282017269717e+01,1.9944923956594831e+00,4.1253524286284616e+01,2.7711708155315034e+00
mHEM,10,300,1.4962356560944329e+05,4.1191221865655081e+01,2.0798817545809323e+00,4.1243698511392743e+01,2.8905994856269199e+00
mHEM,10,300,1.5399265260594920e+05,4.1177537173190366e+01,2.1680336919534904e+00,4.1234572117810558e+01,3.0138904884751097e+00
mHEM,10,300,1.5848931924611141e+05,4.1164262939712387e+01,2.2590260826256903e+00,4.1226202131796740e+01,3.1411460065418493e+00
mHEM,10,300,1.6311729092278396e+05,4.1151436185089260e+01,2.3529386478572913e+00,4.1218648939236886e+01,3.2724696867466774e+00
mHEM,10,300,1.6788040181225591e+05,4.1139096055699881e+01,2.4498529795513022e+00,4.1211976461964525e+01,3.4079665501890912e+00
mHEM,10,300,1.7278259805078627e+05,4.1127283936029627e+01,2.5498525622890700e+00,4.1206252341655784e+01,3.5477428875946728e+00
mHEM,10,300,1.7782794100389228e+05,4.1116043565960666e+01,2.6530227938199835e+00,4.1201548131866403e+01,3.6919061405234412e+00
mHEM,10,300,1.8302061063110569e+05,4.1105421164233817e+01,2.7594510046264551e+00,4.1197939498668809e+01,3.8405647682999255e+00
mHEM,10,300,1.8836490894898021e+05,4.1095465557792586e+01,2.8692264749651990e+00,4.1195506429419680e+01,3.9938280975713658e+00
mHEM,10,300,1.9386526359522057e+05,4.1086228318008537e+01,2.9824404498838915e+00,4.1194333450568543e+01,4.1518061541605364e+00
mHEM,10,300,1.9952623149688786e+05,4.1077763903402214e+01,3.0991861516238339e+00,4.1194509853936495e+01,4.3146094754567317e+00
mHEM,10,300,2.0535250264571462e+05,4.1070129809868071e+01,3.2195587898385405e+00,4.1196129932320588e+01,4.4823489028393793e+00
mHEM,10,300,2.1134890398366476e+05,4.1063386728143144e+01,3.3436555681764699e+00,4.1199293223836257e+01,4.6551353511111655e+00
mHEM,10,300,2.1752040340195244e+05,4.1057598709366104e+01,3.4715756880761566e+00,4.1204104765634490e+01,4.8330795549748657e+00
mHEM,10,300,2.2387211385683378e+05,4.1052833338723943e+01,3.6034203484568410e+00,4.1210675356571343e+01,5.0162917896556696e+00
mHEM,10,300,2.3040929760558446e+05,4.1049161917934747e+01,3.7392927419451776e+00,4.1219121829252842e+01,5.2048815653950227e+00
mHEM,10,300,2.3713737056616554e+05,4.1046659656582541e+01,3.8792980458594655e+00,4.1229567330884393e+01,5.3989572922751385e+00
mHEM,10,300,2.4406190680419814e+05,4.1045405873163098e+01,4.0235434092117641e+00,4.1242141613385009e+01,5.5986259159578129e+00
mHEM,10,300,2.5118864315095820e+05,4.1045484205826760e+01,4.1721379331749899e+00,4.1256981331942015e+01,5.8039925197765436e+00
mHEM,10,300,2.5852348395621887e+05,4.1046982833666718e+01,4.3251926466830231e+00,4.1274230352342748e+01,6.0151598944015872e+00
mHEM,10,300,2.6607250597988087e+05,4.1049994708985004e+01,4.4828204752493193e+00,4.1294040066588437e+01,6.2322280714512344e+00
mHEM,10,300,2.7384196342643612e+05,4.1054617800620832e+01,4.6451362021203328e+00,4.1316569715929973e+01,6.4552938189975437e+00
mHEM,10,300,2.8183829312644550e+05,4.1060955349503168e+01,4.8122564223357358e+00,4.1341986721590970e+01,6.6844500988798785e+00
mHEM,10,300,2.9006811986931559e+05,4.1069116136469219e+01,4.9842994877567364e+00,4.1370467021952372e+01,6.9197854825757616e+00
mHEM,10,300,2.9853826189179573e+05,4.1079214763170491e+01,5.1613854432175250e+00,4.1402195415848929e+01,7.1613835253299785e+00
mHEM,10,300,3.0725573652674456e+05,4.1091371946515295e+01,5.3436359521232637e+00,4.1437365910922580e+01,7.4093220959856296e+00
mHEM,10,300,3.1622776601683791e+05,4.1105714827312731e+01,5.5311742110583184e+00,4.1476182076192046e+01,7.6636726618890494e+00
mHEM,10,300,3.2546178349804599e+05,4.1122377293773823e+01,5.7241248522138317e+00,4.1518857397756229e+01,7.9244995274977184e+00
mHEM,10,300,3.3496543915782793e+05,4.1141500320467813e+01,5.9226138328017557e+00,4.1565615636383249e+01,8.1918590261671174e+00
mHEM,10,300,3.4474660657314910e+05,4.1163232323200241e+01,6.1267683092655707e+00,4.1616691185258567e+01,8.4657986631671740e+00
mHEM,10,300,3.5481338923357532e+05,4.1187729531064562e+01,6.3367164968681386e+00,4.1672329427160761e+01,8.7463562120666527e+00
mHEM,10,300,3.6517412725483772e+05,4.1215156375610320e+01,6.5525875108775251e+00,4.1732787088256160e+01,9.0335587614419808e+00
mHEM,10,300,3.7583740428844432e+05,4.1245685898402556e+01,6.7745111897415633e+00,4.1798332587432448e+01,9.3274217148873859e+00
mHEM,10,300,3.8681205463305250e+05,4.1279500177446657e+01,7.0026178976026383e+00,4.1869246378692360e+01,9.6279477439610819e+00
mHEM,10,300,3.9810717055349692e+05,4.1316790773313777e+01,7.2370383043116364e+00,4.1945821284412354e+01,9.9351256954620251e+00
mHEM,10,300,4.0973210981354135e+05,4.1357759195529326e+01,7.4779031413197021e+00,4.2028362816868679e+01,1.0248929455582758e+01
mHEM,10,300,4.2169650342858228e+05,4.1402617390239612e+01,7.7253429309072112e+00,4.2117189485561468e+01,1.0569316773007237e+01
mHEM,10,300,4.3401026364474400e+05,4.1451588249602160e+01,7.9794876866023055e+00,4.2212633087207358e+01,1.0896228044629096e+01
mHEM,10,300,4.4668359215096349e+05,4.1504906143835711e+01,8.2404665818549798e+00,4.2315038975466869e+01,1.1229585067411945e+01
mHEM,10,300,4.5972698853087181e+05,4.1562817476507533e+01,8.5084075844765987e+00,4.2424766307064779e+01,1.1569289761677968e+01
mHEM,10,300,4.7315125896148029e+05,4.1625581263761212e+01,8.7834370533956303e+00,4.2542188260795328e+01,1.1915222870948325e+01
mHEM,10,300,4.8696752516586310e+05,4.1693469738172425e+01,9.0656792945652871e+00,4.2667692225849400e+01,1.2267242645047647e+01
mHEM,10,300,5.0118723362727248e+05,4.1766768977686418e+01,9.3552560721884888e+00,4.2801679955483621e+01,1.2625183513608972e+01
mHEM,10,300,5.1582216507230612e+05,4.1845779560209195e+01,9.6522860709912024e+00,4.2944567682046497e+01,1.2988854757806683e+01
mHEM,10,300,5.3088444423098792e+05,4.1930817244272404e+01,9.9568843055148015e+00,4.3096786189296978e+01,1.3358039189807906e+01
mHEM,10,300,5.4638654988185398e+05,4.2022213676053731e+01,1.0269161471170021e+01,4.3258780837615845e+01,1.3732491849178755e+01
mHEM,10,300,5.6234132519034913e+05,4.2120317122705472e+01,1.0589223231850333e+01,4.3431011537508937e+01,1.4111938726969202e+01
mHEM,10,300,5.7876198834912083e+05,4.2225493232214319e+01,1.0917169438125212e+01,4.3613952667059571e+01,1.4496075528382935e+01
mHEM,10,300,5.9566214352901094e+05,4.2338125819326415e+01,1.1253093270067465e+01,4.3808092928566879e+01,1.4884566486405229e+01
mHEM,10,300,6.1305579214982025e+05,4.2458617676967819e+01,1.1597080296989830e+01,4.4013935139382319e+01,1.5277043237664795e+01
mHEM,10,300,6.3095734448019299e+05,4.2587391412411371e+01,1.1949207447125056e+01,4.4231995952346068e+01,1.5673103773876074e+01
mHEM,10,300,6.4938163157621131e+05,4.2724890306631693e+01,1.2309541878445515e+01,4.4462805500450763e+01,1.6072311481050164e+01
mHEM,10,300,6.6834391756861482e+05,4.2871579195348140e+01,1.2678139741606412e+01,4.4706906960901549e+01,1.6474194279151842e+01
mHEM,10,300,6.8785991230880818e+05,4.3027945369289981e+01,1.3055044825199113e+01,4.4964856033246242e+01,1.6878243874787845e+01
mHEM,10,300,7.0794578438413737e+05,4.3194499490290461e+01,1.3440287071896673e+01,4.5237220325653254e+01,1.7283915138257615e+01
mHEM,10,300,7.2861817451322742e+05,4.3371776520104241e+01,1.3833880954222767e+01,4.5524578644568180e+01,1.7690625616548132e+01
mHEM,10,300,7.4989420933245588e+05,4.3560336656169113e+01,1.4235823696509092e+01,4.5827520180748166e+01,1.8097755192117265e+01
mHEM,10,300,7.7179151558501273e+05,4.3760766269066998e+01,1.4646093329023161e+01,4.6146643586054758e+01,1.8504645896134704e+01
mHEM,10,300,7.9432823472428217e+05,4.3973678833824543e+01,1.5064646559105233e+01,4.6482555933716789e+01,1.8910601883899378e+01
mHEM,10,300,8.1752303794364934e+05,4.4199715846483969e+01,1.5491416442513843e+01,4.6835871554881031e+01,1.9314889577674542e+01
mHEM,10,300,8.4139514164519473e+05,4.4439547714736008e+01,1.5926309837013443e+01,4.7207210742797010e+01,1.9716737980789272e+01
mHEM,10,300,8.6596432336006535e+05,4.4693874609904633e+01,1.6369204619021456e+01,4.7597198315712568e+01,2.0115339164719401e+01
mHEM,10,300,8.9125093813374592e+05,4.4963427264473026e+01,1.6819946642095864e+01,4.8006462027632367e+01,2.0509848928199585e+01
mHEM,10,300,9.1727593538978032e+05,4.5248967696764645e+01,1.7278346415440222e+01,4.8435630815287276e+01,2.0899387625988766e+01
mHEM,10,300,9.4406087628592260e+05,4.5551289840368746e+01,1.7744175478259940e+01,4.8885332867073352e+01,2.1283041161873616e+01
mHEM,10,300,9.7162795157710579e+05,4.5871220052558336e+01,1.8217162445041172e+01,4.9356193498478468e+01,2.1659862138777022e+01
mHEM,10,300,1.0000000000000000e+06,4.6209617470523014e+01,1.8696988695233575e+01,4.9848832815240094e+01,2.2028871156820276e+01
mHEM,10,300,1.0292005271944286e+06,4.6567374179381552e+01,1.9183283679724468e+01,5.0363863143123908e+01,2.2389058248255715e+01
mHEM,10,300,1.0592537251772897e+06,4.6945415149273849e+01,1.9675619815785588e+01,5.0901886199560472e+01,2.2739384437139318e+01
mHEM,10,300,1.0901844923851267e+06,4.7344697891926728e+01,2.0173506941362959e+01,5.1463489978731822e+01,2.3078783410202160e+01
mHEM,10,300,1.1220184543019629e+06,4.7766211778757878e+01,2.0676386300151464e+01,5.2049245317547488e+01,2.3406163285577350e+01
mHEM,10,300,1.1547819846894583e+06,4.8210976953107199e+01,2.1183624028963493e+01,5.2659702104868700e+01,2.3720408465595586e+01
mHEM,10,300,1.1885022274370189e+06,4.8680042758792823e+01,2.1694504121211818e+01,5.3295385091611585e+01,2.4020381561359144e+01
mHEM,10,300,1.2232071190499326e+06,4.9174485594903601e+01,2.2208220842591334e+01,5.3956789253222709e+01,2.4304925378035254e+01
mHEM,10,300,1.2589254117941661e+06,4.9695406093486817e+01,2.2723870579950674e+01,5.4644374650378374e+01,2.4572864952822563e+01
mHEM,10,300,1.2956866975170190e+06,5.0243925501541383e+01,2.3240443110037745e+01,5.5358560726913247e+01,2.4823009640539279e+01
mHEM,10,300,1.3335214321633240e+06,5.0821181132332477e+01,2.3756812284006251e+01,5.6099719977757971e+01,2.5054155246658727e+01
mHEM,10,300,1.3724609610075625e+06,5.1428320732566533e+01,2.4271726134811722e+01,5.6868170912515154e+01,2.5265086212815220e+01
mHEM,10,300,1.4125375446227554e+06,5.2066495592487804e+01,2.4783796430145298e+01,5.7664170233980087e+01,2.5454577866455711e+01
mHEM,10,300,1.4537843856076607e+06,5.2736852204618714e+01,2.5291487713066246e+01,5.8487904144292763e+01,2.5621398753863787e+01
mHEM,10,300,1.4962356560944328e+06,5.3440522255075045e+01,2.5793105897621015e+01,5.9339478686124835e+01,2.5764313084459960e+01
mHEM,10,300,1.5399265260594920e+06,5.4178610708494318e+01,2.6286786518240582e+01,6.0218909021653076e+01,2.5882083324321901e+01
mHEM,10,300,1.5848931924611141e+06,5.4952181725587153e+01,2.6770482770271002e+01,6.1126107549518736e+01,2.5973472987346209e+01
mHEM,10,300,1.6311729092278397e+06,5.5762242130831240e+01,2.7241953527067032e+01,6.2060870759507800e+01,2.6037249685007872e+01
mHEM,10,300,1.6788040181225589e+06,5.6609722129840591e+01,2.7698751576599165e+01,6.3022864727969313e+01,2.6072188508338169e+01
mHEM,10,300,1.7278259805078628e+06,5.7495452961991454e+01,2.8138212389832049e+01,6.4011609164274802e+01,2.6077075829933396e+01
mHEM,10,300,1.7782794100389229e+06,5.8420141167266451e+01,2.8557443815295652e+01,6.5026459931839355e+01,2.6050713628852371e+01
mHEM,10,300,1.8302061063110568e+06,5.9384339150319143e+01,2.8953317190040913e+01,6.6066589987884541e+01,2.5991924456657816e+01
mHEM,10,300,1.8836490894898020e+06,6.0388411742471519e+01,2.9322460468110592e+01,6.7130968715505517e+01,2.5899557179402638e+01
mHEM,10,300,1.9386526359522056e+06,6.1432498500323604e+01,2.9661254093097661e+01,6.8218339662934952e+01,2.5772493646355450e+01
mHEM,10,300,1.9952623149688789e+06,6.2516471541933399e+01,2.9965830481711976e+01,6.9327196759367581e+01,2.5609656452833597e+01
mHEM,10,300,2.0535250264571460e+06,6.3639888816736800e+01,3.0232078137570721e+01,7.0455759148012902e+01,2.5410017979581969e+01
mHEM,10,300,2.1134890398366475e+06,6.4801942840392840e+01,3.0455651576048506e+01,7.1601944867518839e+01,2.5172610905134359e+01
mHEM,10,300,2.1752040340195242e+06,6.6001405109597400e+01,3.0631988405381019e+01,7.2763343725454149e+01,2.4896540398878653e+01
mHEM,10,300,2.2387211385683380e+06,6.7236566654018318e+01,3.0756335067648781e+01,7.3937189845258047e+01,2.4580998209962175e+01
mHEM,10,300,2.3040929760558447e+06,6.8505175491240124e+01,3.0823782883265803e+01,7.5120334532803540e+01,2.4225278869406274e+01
mHEM,10,300,2.3713737056616554e+06,6.9804372134199738e+01,3.0829316147249290e+01,7.6309220302378179e+01,2.3828798217818559e+01
mHEM,10,300,2.4406190680419812e+06,7.1130624764128939e+01,3.0767874072474932e+01,7.7499857124223070e+01,2.3391114456411390e+01
mHEM,10,300,2.5118864315095823e+06,7.2479666226311423e+01,3.0634428337831022e+01,7.8687802205063605e+01,2.2911951892624987e+01
mHEM,10,300,2.5852348395621888e+06,7.3846435625690617e+01,3.0424077844712098e+01,7.9868144884680845e+01,2.2391227510093056e+01
mHEM,10,300,2.6607250597988088e+06,7.5225027979281762e+01,3.0132161977184779e+01,8.1035498517026625e+01,2.1829080433097840e+01
mHEM,10,300,2.7384196342643611e+06,7.6608656095217498e+01,2.9754393160173532e+01,8.2184001490834490e+01,2.1225904274651846e+01
mHEM,10,300,2.8183829312644550e+06,7.7989629551548191e+01,2.9287008778111925e+01,8.3307329814110133e+01,2.0582382251828005e+01
mHEM,10,300,2.9006811986931562e+06,7.9359356281610630e+01,2.8726941520757695e+01,8.4398723915522822e+01,1.9899524818658318e+01
mHEM,10,300,2.9853826189179569e+06,8.0708372756556457e+01,2.8072005943252215e+01,8.5451032472927167e+01,1.9178709403776423e+01
mHEM,10,300,3.0725573652674453e+06,8.2026408993526701e+01,2.7321097464281330e+01,8.6456776131348306e+01,1.8421721644865691e+01
mHEM,10,300,3.1622776601683795e+06,8.3302494497215150e+01,2.6474398209451703e+01,8.7408233879945087e+01,1.7630797284388180e+01
mHEM,10,300,3.2546178349804599e+06,8.4525110647079046e+01,2.5533582106031485e+01,8.8297554581462819e+01,1.6808663630908573e+01
mHEM,10,300,3.3496543915782794e+06,8.5682393862192527e+01,2.4502009566149908e+01,8.9116895652483251e+01,1.5958579198744925e+01
mHEM,10,300,3.4474660657314910e+06,8.6762392026490446e+01,2.3384900123788920e+01,8.9858590151181403e+01,1.5084369816511687e+01
mHEM,10,300,3.5481338923357530e+06,8.7753374102137315e+01,2.2189469729049250e+01,9.0515342529131800e+01,1.4190459142999085e+01
mHEM,10,300,3.6517412725483770e+06,8.8644189630658403e+01,2.0925018295775928e+01,9.1080452051769512e+01,1.3281891144575377e+01
mHEM,10,300,3.7583740428844434e+06,8.9424671042839520e+01,1.9602952800208101e+01,9.1548061419165222e+01,1.2364341666585652e+01
mHEM,10,300,3.8681205463305251e+06,9.0086067592235153e+01,1.8236731965771227e+01,9.1913426478530013e+01,1.1444115760722996e+01
mHEM,10,300,3.9810717055349695e+06,9.0621495613399617e+01,1.6841720501033606e+01,9.2173201184749686e+01,1.0528126894641561e+01
mHEM,10,300,4.0973210981354131e+06,9.1026386077857595e+01,1.5434944026932824e+01,9.2325730213791090e+01,9.6238535475816178e+00
mHEM,10,300,4.2169650342858229e+06,9.1298907499307788e+01,1.4034740128049330e+01,9.2371339933060611e+01,8.7392679668204902e+00
mHEM,10,300,4.3401026364474399e+06,9.1440340508790911e+01,1.2660306114154992e+01,9.2312616815188036e+01,7.8827310180036854e+00
mHEM,10,300,4.4668359215096347e+06,9.1455380150440831e+01,1.1331149647053559e+01,9.2154660819654524e+01,7.0628461357680941e+00
mHEM,10,300,4.5972698853087183e+06,9.1352343221242691e+01,1.0066453828706655e+01,9.1905299655118952e+01,6.2882644658748665e+00
mHEM,10,300,4.7315125896148030e+06,9.1143260632877741e+01,8.8843730877631391e+00,9.1575247987407877e+01,5.5674325975952561e+00
mHEM,10,300,4.8696752516586315e+06,9.0843838385289715e+01,7.8012797544054795e+00,9.1178193327018349e+01,4.9082741990552368e+00
mHEM,10,300,5.0118723362727249e+06,9.0473274652275478e+01,6.8309833007126821e+00,9.0730787272902504e+01,4.3177980062309365e+00
mHEM,10,300,5.1582216507230606e+06,9.0053923877443523e+01,5.9839448941151652e+00,9.0252516874712143e+01,3.8016278656807456e+00
mHEM,10,300,5.3088444423098788e+06,8.9610800836990677e+01,5.2665096371063234e+00,8.9765426253121205e+01,3.3634570250162628e+00
mHEM,10,300,5.4638654988185400e+06,8.9170917677188939e+01,4.6801785921222177e+00,8.9293653923703701e+01,3.0044398237025365e+00
mHEM,10,300,5.6234132519034911e+06,8.8762444695611038e+01,4.2209438372656214e+00,8.8862747848683810e+01,2.7225503030118547e+00
mHEM,10,300,5.7876198834912088e+06,8.8413681464660783e+01,3.8787141978344364e+00,8.8498720295623400e+01,2.5119590654043074e+00
mHEM,10,300,5.9566214352901094e+06,8.8151820110000656e+01,3.6368690343358243e+00,8.8226811146492352e+01,2.3625052579870065e+00
mHEM,10,300,6.1305579214982018e+06,8.8001479796651381e+01,3.4719945634810192e+00,8.8069944888419698e+01,2.2593655583807308e+00
mHEM,10,300,6.3095734448019303e+06,8.7982995117045746e+01,3.3538830240386668e+00,8.8046896374063238e+01,2.1830394037473013e+00
mHEM,10,300,6.4938163157621128e+06,8.8110457544687307e+01,3.2459092861579126e+00,8.8170225449570623e+01,2.1097704572847276e+00
mHEM,10,300,6.6834391756861489e+06,8.8389546824509850e+01,3.1059386329324785e+00,8.8444100100762867e+01,2.0125002409035040e+00
mHEM,10,300,6.8785991230880814e+06,8.8815257445501985e+01,2.8879541509483047e+00,8.8862198005050359e+01,1.8623973936831102e+00
mHEM,10,300,7.0794578438413730e+06,8.9369731424604495e+01,2.5446048831453751e+00,8.9405950075580918e+01,1.6309296055189126e+00
mHEM,10,300,7.2861817451322740e+06,9.0020551658963484e+01,2.0308391276470648e+00,9.0043456333853015e+01,1.2923579658371007e+00
mHEM,10,300,7.4989420933245579e+06,9.0720011693154262e+01,1.3086657936823238e+00,9.0729450167878795e+01,8.2645300729106863e-01
mHEM,10,300,7.7179151558501273e+06,9.1406011218351509e+01,3.5284786471046736e-01,9.1406692252072176e+01,2.2117356146386491e-01
mHEM,10,300,7.9432823472428219e+06,9.2005251517054802e+01,-8.4303241926164807e-01,9.2009113735414502e+01,-5.2497924954138464e-01
mHEM,10,300,8.1752303794364929e+06,9.2439219109204316e+01,-2.2611389791585079e+00,9.2466869629086901e+01,-1.4012222541628285e+00
mHEM,10,300,8.4139514164519478e+06,9.2632966966633006e+01,-3.8559683575956671e+00,9.2713187093401658e+01,-2.3836356180717675e+00
mHEM,10,300,8.6596432336006537e+06,9.2525940253645444e+01,-5.5544752310840986e+00,9.2692512183638073e+01,-3.4354313236306382e+00
mHEM,10,300,8.9125093813374583e+06,9.2083216579201220e+01,-7.2609131856459879e+00,9.2369040461951130e+01,-4.5085378911788423e+00
mHEM,10,300,9.1727593538978025e+06,9.1304867473195856e+01,-8.8666801964301492e+00,9.1734382005895839e+01,-5.5466414185232296e+00
mHEM,10,300,9.4406087628592253e+06,9.0231061572457364e+01,-1.0264208877421623e+01,9.0812986165921956e+01,-6.4897683043543877e+00
mHEM,10,300,9.7162795157710575e+06,8.8941199021537500e+01,-1.1362765142063976e+01,8.9664091558786495e+01,-7.2804368405341604e+00
mHEM,10,300,1.0000000000000000e+07,8.7546610443035590e+01,-1.2103404886139359e+01,8.8379304194491425e+01,-7.8713019309451742e+00
mHEM,10,3000,1.0000000000000000e+02,4.2948124300930220e+02,-2.4428255023879586e-01,4.2948131248143920e+02,-3.2588984631679072e-02
mHEM,10,3000,1.0292005271944286e+02,4.2947873345315838e+02,-2.4885848958076892e-01,4.2947880555281989e+02,-3.3199640500348550e-02
mHEM,10,3000,1.0592537251772886e+02,4.2947618744072776e+02,-2.5355237948939224e-01,4.2947626228632504e+02,-3.3826041972178811e-02
mHEM,10,3000,1.0901844923851279e+02,4.2947360448783212e+02,-2.5832596483291997e-01,4.2947368217863476e+02,-3.4463085935736611e-02
mHEM,10,3000,1.1220184543019630e+02,4.2947098400931912e+02,-2.6322084211697661e-01,4.2947106467274904e+02,-3.5116322187793966e-02
mHEM,10,3000,1.1547819846894582e+02,4.2946832549252633e+02,-2.6821049918155915e-01,4.2946840924359782e+02,-3.5782214226650670e-02
mHEM,10,3000,1.1885022274370189e+02,4.2946562837377689e+02,-2.7330499403176789e-01,4.2946571533721152e+02,-3.6462104367352435e-02
mHEM,10,3000,1.2232071190499313e+02,4.2946289206777533e+02,-2.7852394549748283e-01,4.2946298238475208e+02,-3.7158610505631774e-02
mHEM,10,3000,1.2589254117941675e+02,4.2946011604378214e+02,-2.8383799011670174e-01,4.2946020984061312e+02,-3.7867815714892429e-02
mHEM,10,3000,1.2956866975170189e+02,4.2945729969443767e+02,-2.8927093975130497e-01,4.2945739711700696e+02,-3.8592897335263138e-02
mHEM,10,3000,1.3335214321633239e+02,4.2945444243440403e+02,-2.9482295361368926e-01,4.2945454363322182e+02,-3.9333877177277599e-02
mHEM,10,3000,1.3724609610075626e+02,4.2945154366732731e+02,-3.0049603580509332e-01,4.2945164879892809e+02,-4.0091023203987282e-02
mHEM,10,3000,1.4125375446227540e+02,4.2944860279198923e+02,-3.0628917088390978e-01,4.2944871201698572e+02,-4.0864200541164020e-02
mHEM,10,3000,1.4537843856076620e+02,4.2944561917732767e+02,-3.1221627140757569e-01,4.2944573267131028e+02,-4.1655265990338343e-02
mHEM,10,3000,1.4962356560944329e+02,4.2944259221740327e+02,-3.1826659264716251e-01,4.2944271015355110e+02,-4.2462786669427439e-02
mHEM,10,3000,1.5399265260594919e+02,4.2943952129425332e+02,-3.2443475752615197e-01,4.2943964384689656e+02,-4.3286045823238237e-02
mHEM,10,3000,1.5848931924611142e+02,4.2943640571720118e+02,-3.3075329487151839e-01,4.2943653309080571e+02,-4.4129384133735149e-02
mHEM,10,3000,1.6311729092278381e+02,4.2943324484765787e+02,-3.3721649064314885e-01,4.2943337724884640e+02,-4.4992039988861185e-02
mHEM,10,3000,1.6788040181225605e+02,4.2943003805634618e+02,-3.4380605186137425e-01,4.2943017568363337e+02,-4.5871573453697696e-02
mHEM,10,3000,1.7278259805078628e+02,4.2942678463841298e+02,-3.5054578344703624e-01,4.2942692771556864e+02,-4.6771161405960021e-02
mHEM,10,3000,1.7782794100389228e+02,4.2942348391357029e+02,-3.5743718252076867e-01,4.2942363267268814e+02,-4.7691004421084399e-02
mHEM,10,3000,1.8302061063110568e+02,4.2942013519036072e+02,-3.6448291979621494e-01,4.2942028987311079e+02,-4.8631459688553397e-02
mHEM,10,3000,1.8836490894898000e+02,4.2941673777482470e+02,-3.7168063422177172e-01,4.2941689862843828e+02,-4.9592213056125579e-02
mHEM,10,3000,1.9386526359522077e+02,4.2941329093984507e+02,-3.7904138112667923e-01,4.2941345822896216e+02,-5.0574740505664392e-02
mHEM,10,3000,1.9952623149688787e+02,4.2940979397796104e+02,-3.8655927668224732e-01,4.2940996797031778e+02,-5.1578257909609626e-02
mHEM,10,3000,2.0535250264571459e+02,4.2940624611688247e+02,-3.9425778483552532e-01,4.2940642711002073e+02,-5.2605897021736139e-02
mHEM,10,3000,2.1134890398366477e+02,4.2940264664374160e+02,-4.0212280314939625e-01,4.2940283493172097e+02,-5.3655777185712725e-02
mHEM,10,3000,2.1752040340195222e+02,4.2939899478953475e+02,-4.1016303636442880e-01,4.2939919068388951e+02,-5.4729060928663725e-02
mHEM,10,3000,2.2387211385683401e+02,4.2939528978319504e+02,-4.1838349900973032e-01,4.2939549361019880e+02,-5.5826418443766734e-02
mHEM,10,3000,2.3040929760558447e+02,4.2939153081890140e+02,-4.2680044008361179e-01,4.2939174293134141e+02,-5.6950019045032885e-02
mHEM,10,3000,2.3713737056616552e+02,4.2938771715174886e+02,-4.3539405435018014e-01,4.2938793789389666e+02,-5.8097221213406526e-02
mHEM,10,3000,2.4406190680419814e+02,4.2938384792277571e+02,-4.4419417195724625e-01,4.2938407768038138e+02,-5.9272006578225435e-02
mHEM,10,3000,2.5118864315095797e+02,4.2937992235155326e+02,-4.5318727498047850e-01,4.2938016150881043e+02,-6.0472572638178811e-02
mHEM,10,3000,2.5852348395621914e+02,4.2937593960677236e+02,-4.6237829055225488e-01,4.2937618856532112e+02,-6.1699578162099922e-02
mHEM,10,3000,2.6607250597988087e+02,4.2937189880000574e+02,-4.7179276892270028e-01,4.2937215800228500e+02,-6.2956433946054144e-02
mHEM,10,3000,2.7384196342643611e+02,4.2936779910764761e+02,-4.8141987323752056e-01,4.2936806899866178e+02,-6.4241695368683793e-02
mHEM,10,3000,2.8183829312644548e+02,4.2936363965801200e+02,-4.9126544990707838e-01,4.2936392070377485e+02,-6.5556144064364233e-02
mHEM,10,3000,2.9006811986931530e+02,4.2935941956198792e+02,-5.0133710482479732e-01,4.2935971225244208e+02,-6.6900796528285331e-02
mHEM,10,3000,2.9853826189179603e+02,4.2935513789917945e+02,-5.1164898150598503e-01,4.2935544275705143e+02,-6.8277541755453364e-02
mHEM,10,3000,3.0725573652674456e+02,4.2935079380624040e+02,-5.2218755819050511e-01,4.2935111135514103e+02,-6.9684576989245239e-02
mHEM,10,3000,3.1622776601683796e+02,4.2934638631102382e+02,-5.3297602992215509e-01,4.2934671712007230e+02,-7.1124999263867977e-02
mHEM,10,3000,3.2546178349804603e+02,4.2934191450488362e+02,-5.4400833411979277e-01,4.2934225915437952e+02,-7.2598001339737331e-02
mHEM,10,3000,3.3496543915782757e+02,4.2933737738706054e+02,-5.5530757868883229e-01,4.2933773650601245e+02,-7.4106668844121731e-02
mHEM,10,3000,3.4474660657314945e+02,4.2933277404372541e+02,-5.6685789169941503e-01,4.2933314826128901e+02,-7.5648885593793611e-02
mHEM,10,3000,3.5481338923357532e+02,4.2932810343739993e+02,-5.7868514427290574e-01,4.2932849343789303e+02,-7.7228106170922350e-02
mHEM,10,3000,3.6517412725483769e+02,4.2932336457911907e+02,-5.9079039433383407e-01,4.2932377107123386e+02,-7.8844473882629648e-02
mHEM,10,3000,3.7583740428844430e+02,4.2931855645609977e+02,-6.0317830303677700e-01,4.2931898017862500e+02,-8.0498612973467581e-02
mHEM,10,3000,3.8681205463305207e+02,4.2931367803014393e+02,-6.1585713433356604e-01,4.2931411975822550e+02,-8.2191628596618715e-02
mHEM,10,3000,3.9810717055349733e+02,4.2930872825191068e+02,-6.2883297145942230e-01,4.2930918879541684e+02,-8.3924334971708162e-02
mHEM,10,3000,4.0973210981354134e+02,4.2930370604282467e+02,-6.4211625436409847e-01,4.2930418625420850e+02,-8.5698127871891655e-02
mHEM,10,3000,4.2169650342858228e+02,4.2929861031845928e+02,-6.5571415258427013e-01,4.2929911108970430e+02,-8.7513966713958724e-02
mHEM,10,3000,4.3401026364474399e+02,4.2929343997323866e+02,-6.6963450447606288e-01,4.2929396223849488e+02,-8.9372900288510956e-02
mHEM,10,3000,4.4668359215096302e+02,4.2928819388715760e+02,-6.8388430861438310e-01,4.2928873862313856e+02,-9.1275865419277999e-02
mHEM,10,3000,4.5972698853087229e+02,4.2928287090593540e+02,-6.9847600902533113e-01,4.2928343914245886e+02,-9.3224525842642930e-02
mHEM,10,3000,4.7315125896148027e+02,4.2927746988094367e+02,-7.1341417020865805e-01,4.2927806269032982e+02,-9.5219493764213403e-02
mHEM,10,3000,4.8696752516586309e+02,4.2927198962319102e+02,-7.2871039414128591e-01,4.2927260813367951e+02,-9.7262320802912500e-02
mHEM,10,3000,5.0118723362727246e+02,4.2926642894750267e+02,-7.4436928350410325e-01,4.2926707433365021e+02,-9.9353624509837452e-02
mHEM,10,3000,5.1582216507230555e+02,4.2926078661334867e+02,-7.6040599731401159e-01,4.2926146011631607e+02,-1.0149543156413504e-01
mHEM,10,3000,5.3088444423098849e+02,4.2925506138683050e+02,-7.7682777345370779e-01,4.2925576430328948e+02,-1.0368871154128810e-01
mHEM,10,3000,5.4638654988185397e+02,4.2924925199459597e+02,-7.9364737782228145e-01,4.2924998568908592e+02,-1.0593517203236066e-01
mHEM,10,3000,5.6234132519034904e+02,4.2924335717427721e+02,-8.1086894353933359e-01,4.2924412306598646e+02,-1.0823536849702503e-01
mHEM,10,3000,5.7876198834912088e+02,4.2923737558722570e+02,-8.2851138983616801e-01,4.2923817518032126e+02,-1.1059183021721379e-01
mHEM,10,3000,5.9566214352901034e+02,4.2923130592711527e+02,-8.4657913805901241e-01,4.2923214078646748e+02,-1.1300515146311312e-01
mHEM,10,3000,6.1305579214982083e+02,4.2922514682196163e+02,-8.6508775023212547e-01,4.2922601859760334e+02,-1.1547741377728407e-01
mHEM,10,3000,6.3095734448019300e+02,4.2921889691188670e+02,-8.8404453295534779e-01,4.2921980732602856e+02,-1.1800959691969974e-01
mHEM,10,3000,6.4938163157621136e+02,4.2921255478161214e+02,-9.0346420438994179e-01,4.2921350564692978e+02,-1.2060367019584121e-01
mHEM,10,3000,6.6834391756861487e+02,4.2920611900909989e+02,-9.2335754194814856e-01,4.2920711222439439e+02,-1.2326107708068991e-01
mHEM,10,3000,6.8785991230880745e+02,4.2919958813867510e+02,-9.4373749797364792e-01,4.2920062569720636e+02,-1.2598355159912963e-01
mHEM,10,3000,7.0794578438413805e+02,4.2919296068485659e+02,-9.6461798469284987e-01,4.2919404468059577e+02,-1.2877295614908266e-01
mHEM,10,3000,7.2861817451322736e+02,4.2918623514947899e+02,-9.8601010456650817e-01,4.2918736777508980e+02,-1.3163077827271458e-01
mHEM,10,3000,7.4989420933245583e+02,4.2917940999227039e+02,-1.0079283489949404e+00,4.2918059355109477e+02,-1.3455895817032357e-01
mHEM,10,3000,7.7179151558501269e+02,4.2917248363673036e+02,-1.0303892994123489e+00,4.2917372055267776e+02,-1.3755971533475042e-01
mHEM,10,3000,7.9432823472428129e+02,4.2916545451453459e+02,-1.0534018273397285e+00,4.2916674731865805e+02,-1.4063424023228963e-01
mHEM,10,3000,8.1752303794365014e+02,4.2915832097618568e+02,-1.0769857725605707e+00,4.2915967233822556e+02,-1.4378518791335501e-01
mHEM,10,3000,8.4139514164519471e+02,4.2915108138073992e+02,-1.1011533485392204e+00,4.2915249409616098e+02,-1.4701419557313355e-01
mHEM,10,3000,8.6596432336006535e+02,4.2914373403441812e+02,-1.1259212451168035e+00,4.2914521104126703e+02,-1.5032349833849892e-01
mHEM,10,3000,8.9125093813374588e+02,4.2913627722142076e+02,-1.1513044723746244e+00,4.2913782160216107e+02,-1.5371510739112934e-01
mHEM,10,3000,9.1727593538977942e+02,4.2912870917419059e+02,-1.1773218458731949e+00,4.2913032417231460e+02,-1.5719154233288149e-01
mHEM,10,3000,9.4406087628592354e+02,4.2912102811988166e+02,-1.2039869839062696e+00,4.2912271713266551e+02,-1.6075462919562242e-01
mHEM,10,3000,9.7162795157710582e+02,4.2911323223136742e+02,-1.2313176866971731e+00,4.2911499882816616e+02,-1.6440675272065716e-01
mHEM,10,3000,1.0000000000000000e+03,4.2910531962791191e+02,-1.2593346376019030e+00,4.2910716756621753e+02,-1.6815068300038130e-01
mHEM,10,3000,1.0292005271944286e+03,4.2909728841251786e+02,-1.2880553320429040e+00,4.2909922163704044e+02,-1.7198876487080761e-01
mHEM,10,3000,1.0592537251772887e+03,4.2908913666191370e+02,-1.3174956687150861e+00,4.2909115930779035e+02,-1.7592313035770352e-01
mHEM,10,3000,1.0901844923851279e+03,4.2908086238881299e+02,-1.3476759987047426e+00,4.2908297880354678e+02,-1.7995650642309741e-01
mHEM,10,3000,1.1220184543019629e+03,4.2907246354551125e+02,-1.3786197849132742e+00,4.2907467830847980e+02,-1.8409203602260449e-01
mHEM,10,3000,1.1547819846894581e+03,4.2906393808950639e+02,-1.4103434506559231e+00,4.2906625599961200e+02,-1.8833192256158793e-01
mHEM,10,3000,1.1885022274370190e+03,4.2905528388958646e+02,-1.4428709468925212e+00,4.2905770999964915e+02,-1.9267937513480302e-01
mHEM,10,3000,1.2232071190499314e+03,4.2904649880635941e+02,-1.4762208173781231e+00,4.2904903841623633e+02,-1.9713688127817150e-01
mHEM,10,3000,1.2589254117941675e+03,4.2903758061642696e+02,-1.5104176254066239e+00,4.2904023930466036e+02,-2.0170773291014821e-01
mHEM,10,3000,1.2956866975170190e+03,4.2902852706483418e+02,-1.5454837913397605e+00,4.2903131069371898e+02,-2.0639493634046666e-01
mHEM,10,3000,1.3335214321633241e+03,4.2901933584418828e+02,-1.5814425431885555e+00,4.2902225057531200e+02,-2.1120160631379264e-01
mHEM,10,3000,1.3724609610075624e+03,4.2901000459267823e+02,-1.6183179371065179e+00,4.2901305690334806e+02,-2.1613096877640195e-01
mHEM,10,3000,1.4125375446227540e+03,4.2900053088895788e+02,-1.6561352335405146e+00,4.2900372759093767e+02,-2.2118641114557713e-01
mHEM,10,3000,1.4537843856076622e+03,4.2899091227026588e+02,-1.6949183651431663e+00,4.2899426051957789e+02,-2.2637114415805951e-01
mHEM,10,3000,1.4962356560944329e+03,4.2898114619125818e+02,-1.7346949368591387e+00,4.2898465351815275e+02,-2.3168886970502772e-01
mHEM,10,3000,1.5399265260594921e+03,4.2897123004732919e+02,-1.7754927729850649e+00,4.2897490437426001e+02,-2.3714331970990551e-01
mHEM,10,3000,1.5848931924611140e+03,4.2896116119030518e+02,-1.8173381805370781e+00,4.2896501084330572e+02,-2.4273802418981366e-01
mHEM,10,3000,1.6311729092278381e+03,4.2895093689055125e+02,-1.8602599027246534e+00,4.2895497062767248e+02,-2.4847683933942361e-01
mHEM,10,3000,1.6788040181225606e+03,4.2894055434949001e+02,-1.9042875492631015e+00,4.2894478138417543e+02,-2.5436373791909905e-01
mHEM,10,3000,1.7278259805078626e+03,4.2893001069795486e+02,-1.9494512611156156e+00,4.2893444072208416e+02,-2.6040276451289235e-01
mHEM,10,3000,1.7782794100389228e+03,4.2891930300131094e+02,-1.9957812289560457e+00,4.2892394620706852e+02,-2.6659797123750728e-01
mHEM,10,3000,1.8302061063110568e+03,4.2890842822687176e+02,-2.0433104951357794e+00,4.2891329534280601e+02,-2.7295379208381748e-01
mHEM,10,3000,1.8836490894898002e+03,4.2889738327612554e+02,-2.0920714601566406e+00,4.2890248558862669e+02,-2.7947457628935385e-01
mHEM,10,3000,1.9386526359522077e+03,4.2888616497080534e+02,-2.1420970952366178e+00,4.2889151435220805e+02,-2.8616475035236383e-01
mHEM,10,3000,1.9952623149688789e+03,4.2887477003063759e+02,-2.1934226249504118e+00,4.2888037897722006e+02,-2.9302904287615850e-01
mHEM,10,3000,2.0535250264571459e+03,4.2886319509858515e+02,-2.2460829752385965e+00,4.2886907675757965e+02,-3.0007214369055812e-01
mHEM,10,3000,2.1134890398366479e+03,4.2885143669646510e+02,-2.3001163377330558e+00,4.2885760491308690e+02,-3.0729918010386981e-01
mHEM,10,3000,2.1752040340195222e+03,4.2883949129021448e+02,-2.3555580531139895e+00,4.2884596062431501e+02,-3.1471489975319705e-01
mHEM,10,3000,2.2387211385683399e+03,4.2882735519187850e+02,-2.4124489735160086e+00,4.2883414098099900e+02,-3.2232478793250208e-01
mHEM,10,3000,2.3040929760558447e+03,4.2881502465274042e+02,-2.4708269941399847e+00,4.2882214303131008e+02,-3.3013393620672343e-01
mHEM,10,3000,2.3713737056616551e+03,4.2880249576592399e+02,-2.5307348293582179e+00,4.2880996372969435e+02,-3.3814808146709546e-01
mHEM,10,3000,2.4406190680419813e+03,4.2878976454636842e+02,-2.5922131235340284e+00,4.2879759997999975e+02,-3.4637268549314804e-01
mHEM,10,3000,2.5118864315095798e+03,4.2877682686054789e+02,-2.6553058118896882e+00,4.2878504859842644e+02,-3.5481365134191073e-01
mHEM,10,3000,2.5852348395621912e+03,4.2876367846585805e+02,-2.7200563673482248e+00,4.2877230633311109e+02,-3.6347682191563940e-01
mHEM,10,3000,2.6607250597988086e+03,4.2875031494681247e+02,-2.7865125646248008e+00,4.2875936983261801e+02,-3.7236861668007443e-01
mHEM,10,3000,2.7384196342643613e+03,4.2873673180191747e+02,-2.8547192269668318e+00,4.2874623568966075e+02,-3.8149506246000031e-01
mHEM,10,3000,2.8183829312644548e+03,4.2872292433902425e+02,-2.9247258006935564e+00,4.2873290038765856e+02,-3.9086280576720223e-01
mHEM,10,3000,2.9006811986931530e+03,4.2870888772664074e+02,-2.9965819024306484e+00,4.2871936032667270e+02,-4.0047851784235594e-01
mHEM,10,3000,2.9853826189179604e+03,4.2869461698158352e+02,-3.0703379448768664e+00,4.2870561181780948e+02,-4.1034897836665712e-01
mHEM,10,3000,3.0725573652674452e+03,4.2868010692191763e+02,-3.1460477468389145e+00,4.2869165105820770e+02,-4.2048142442262093e-01
mHEM,10,3000,3.1622776601683795e+03,4.2866535220952017e+02,-3.2237651574062895e+00,4.2867747415359031e+02,-4.3088309941089775e-01
mHEM,10,3000,3.2546178349804600e+03,4.2865034734197241e+02,-3.3035442114732922e+00,4.2866307711389226e+02,-4.4156127392286243e-01
mHEM,10,3000,3.3496543915782759e+03,4.2863508657230642e+02,-3.3854436503215770e+00,4.2864845581147046e+02,-4.5252385013954244e-01
mHEM,10,3000,3.4474660657314944e+03,4.2861956398441561e+02,-3.4695215931207866e+00,4.2863360602066149e+02,-4.6377864970614352e-01
mHEM,10,3000,3.5481338923357530e+03,4.2860377343770830e+02,-3.5558384698924708e+00,4.2861852338911621e+02,-4.7533380592064739e-01
mHEM,10,3000,3.6517412725483769e+03,4.2858770855126880e+02,-3.6444572802477766e+00,4.2860320342957641e+02,-4.8719779849047667e-01
mHEM,10,3000,3.7583740428844430e+03,4.2857136274158484e+02,-3.7354407721832872e+00,4.2858764153897573e+02,-4.9937907651542063e-01
mHEM,10,3000,3.8681205463305209e+03,4.2855472915997302e+02,-3.8288546036572764e+00,4.2857183296730290e+02,-5.1188648131685122e-01
mHEM,10,3000,3.9810717055349733e+03,4.2853780067138274e+02,-3.9247675850374049e+00,4.2855577280543349e+02,-5.2472927906381728e-01
mHEM,10,3000,4.0973210981354132e+03,4.2852056990520140e+02,-4.0232483936274184e+00,4.2853945601253037e+02,-5.3791672166392435e-01
mHEM,10,3000,4.2169650342858222e+03,4.2850302918810883e+02,-4.1243684574747244e+00,4.2852287738061108e+02,-5.5145843253529137e-01
mHEM,10,3000,4.3401026364474401e+03,4.2848517053348280e+02,-4.2282017801125447e+00,4.2850603152978044e+02,-5.6536438339688322e-01
mHEM,10,3000,4.4668359215096307e+03,4.2846698565895639e+02,-4.3348233148181565e+00,4.2848891291705905e+02,-5.7964467708254086e-01
mHEM,10,3000,4.5972698853087231e+03,4.2844846591901188e+02,-4.4443115390713999e+00,4.2847151580170532e+02,-5.9430989205376394e-01
mHEM,10,3000,4.7315125896148029e+03,4.2842960235009696e+02,-4.5567455243612445e+00,4.2845383426879960e+02,-6.0937069077427408e-01
mHEM,10,3000,4.8696752516586312e+03,4.2841038559234727e+02,-4.6722078386193955e+00,4.2843586218881228e+02,-6.2483820813810698e-01
mHEM,10,3000,5.0118723362727251e+03,4.2839080589041612e+02,-4.7907835823655116e+00,4.2841759321808115e+02,-6.4072392285747137e-01
mHEM,10,3000,5.1582216507230560e+03,4.2837085310908003e+02,-4.9125589246339549e+00,4.2839902080722482e+02,-6.5703946191082829e-01
mHEM,10,3000,5.3088444423098845e+03,4.2835051664583347e+02,-5.0376240142120299e+00,4.2838013815589187e+02,-6.7379699026842566e-01
mHEM,10,3000,5.4638654988185399e+03,4.2832978549476803e+02,-5.1660694084489371e+00,4.2836093824615580e+02,-6.9100873349993730e-01
mHEM,10,3000,5.6234132519034911e+03,4.2830864809720788e+02,-5.2979912775525522e+00,4.2834141376527543e+02,-7.0868767434911317e-01
mHEM,10,3000,5.7876198834912084e+03,4.2828709245153595e+02,-5.4334859719563733e+00,4.2832155716283762e+02,-7.2684682632434161e-01
mHEM,10,3000,5.9566214352901034e+03,4.2826510599340241e+02,-5.5726538231366751e+00,4.2830136058874797e+02,-7.4549974258530727e-01
mHEM,10,3000,6.1305579214982081e+03,4.2824267560766697e+02,-5.7155976366161036e+00,4.2828081589998538e+02,-7.6466031474830587e-01
mHEM,10,3000,6.3095734448019302e+03,4.2821978759476906e+02,-5.8624228999518770e+00,4.2825991464292684e+02,-7.8434280115649191e-01
mHEM,10,3000,6.4938163157621129e+03,4.2819642762075154e+02,-6.0132385477664947e+00,4.2823864802818281e+02,-8.0456192973418528e-01
mHEM,10,3000,6.6834391756861487e+03,4.2817258069820389e+02,-6.1681564704298300e+00,4.2821700692056083e+02,-8.2533283275697100e-01
mHEM,10,3000,6.8785991230880745e+03,4.2814823115810128e+02,-6.3272913925362904e+00,4.2819498182507579e+02,-8.4667103112166497e-01
mHEM,10,3000,7.0794578438413810e+03,4.2812336258766084e+02,-6.4907617614675113e+00,4.2817256285475582e+02,-8.6859255385658296e-01
mHEM,10,3000,7.2861817451322740e+03,4.2809795780348713e+02,-6.6586893798516185e+00,4.2814973971704524e+02,-8.9111388955737736e-01
mHEM,10,3000,7.4989420933245583e+03,4.2807199883465415e+02,-6.8311987463236106e+00,4.2812650170552149e+02,-9.1425189878573521e-01
mHEM,10,3000,7.7179151558501271e+03,4.2804546682090506e+02,-7.0084189055442891e+00,4.2810283764707998e+02,-9.3802406244231562e-01
mHEM,10,3000,7.9432823472428136e+03,4.2801834200055322e+02,-7.1904824437838561e+00,4.2807873589641997e+02,-9.6244834807389834e-01
mHEM,10,3000,8.1752303794365016e+03,4.2799060370154763e+02,-7.3775244222533019e+00,4.2805418433116165e+02,-9.8754306783437673e-01
mHEM,10,3000,8.4139514164519478e+03,4.2796223019132265e+02,-7.5696853124515275e+00,4.2802917027471409e+02,-1.0133272723921778e+00
mHEM,10,3000,8.6596432336006528e+03,4.2793319870644859e+02,-7.7671086368996916e+00,4.2800368051187388e+02,-1.0398204359453005e+00
mHEM,10,3000,8.9125093813374588e+03,4.2790348535013715e+02,-7.9699423021792830e+00,4.2797770123581802e+02,-1.0670426357158027e+00
mHEM,10,3000,9.1727593538977944e+03,4.2787306505762746e+02,-8.1783379925308193e+00,4.2795121803089751e+02,-1.0950144717878558e+00
mHEM,10,3000,9.4406087628592359e+03,4.2784191147814835e+02,-8.3924525808967587e+00,4.2792421581116247e+02,-1.1237572572595544e+00
mHEM,10,3000,9.7162795157710570e+03,4.2780999697731767e+02,-8.6124464285013129e+00,4.2789667882237222e+02,-1.1532927916762661e+00
mHEM,10,3000,1.0000000000000000e+04,4.2777729251622645e+02,-8.8384847158700843e+00,4.2786859057961459e+02,-1.1836435406276429e+00
mHEM,10,3000,1.0292005271944287e+04,4.2774376758021748e+02,-9.0707373525141524e+00,4.2783993383020874e+02,-1.2148326250595849e+00
mHEM,10,3000,1.0592537251772897e+04,4.2770939009627654e+02,-9.3093791195014752e+00,4.2781069051172562e+02,-1.2468838418810755e+00
mHEM,10,3000,1.0901844923851268e+04,4.2767412637494908e+02,-9.5545891377594430e+00,4.2778084172174812e+02,-1.2798215943095805e+00
mHEM,10,3000,1.1220184543019630e+04,4.2763794094264495e+02,-9.8065526576994664e+00,4.2775036763127781e+02,-1.3136711334663367e+00
mHEM,10,3000,1.1547819846894581e+04,4.2760079654544523e+02,-1.0065458991806594e+01,4.2771924748719806e+02,-1.3484582831265046e+00
mHEM,10,3000,1.1885022274370189e+04,4.2756265397311466e+02,-1.0331503220379128e+01,4.2768745952076512e+02,-1.3842096703496116e+00
mHEM,10,3000,1.2232071190499326e+04,4.2752347196654193e+02,-1.0604885970275989e+01,4.2765498090022186e+02,-1.4209526979831291e+00
mHEM,10,3000,1.2589254117941662e+04,4.2748320710130940e+02,-1.0885813552793614e+01,4.2762178767028132e+02,-1.4587155654689858e+00
mHEM,10,3000,1.2956866975170189e+04,4.2744181370484637e+02,-1.1174497386040777e+01,4.2758785470955468e+02,-1.4975271938451846e+00
mHEM,10,3000,1.3335214321633241e+04,4.2739924365239426e+02,-1.1471155553252117e+01,4.2755315562438034e+02,-1.5374174374234542e+00
mHEM,10,3000,1.3724609610075626e+04,4.2735544628616617e+02,-1.1776011903633997e+01,4.2751766270740535e+02,-1.5784169660818415e+00
mHEM,10,3000,1.4125375446227554e+04,4.2731036826881177e+02,-1.2089296269358362e+01,4.2748134686125883e+02,-1.6205572974560583e+00
mHEM,10,3000,1.4537843856076606e+04,4.2726395340081137e+02,-1.2411245153952573e+01,4.2744417750387271e+02,-1.6638708926467640e+00
mHEM,10,3000,1.4962356560944329e+04,4.2721614248190883e+02,-1.2742101483964829e+01,4.2740612249633284e+02,-1.7083911265091674e+00
mHEM,10,3000,1.5399265260594921e+04,4.2716687314556395e+02,-1.3082114705044299e+01,4.2736714805669641e+02,-1.7541523044182346e+00
mHEM,10,3000,1.5848931924611141e+04,4.2711607963889105e+02,-1.3431541590557877e+01,4.2732721864584568e+02,-1.8011897750130839e+00
mHEM,10,3000,1.6311729092278396e+04,4.2706369268768833e+02,-1.3790645500914483e+01,4.2728629689632709e+02,-1.8495398352846504e+00
mHEM,10,3000,1.6788040181225588e+04,4.2700963926134733e+02,-1.4159697124584536e+01,4.2724434349066104e+02,-1.8992398349281538e+00
mHEM,10,3000,1.7278259805078626e+04,4.2695384236274407e+02,-1.4538974579519801e+01,4.2720131705103023e+02,-1.9503281952425668e+00
mHEM,10,3000,1.7782794100389227e+04,4.2689622080363870e+02,-1.4928763578404300e+01,4.2715717402193883e+02,-2.0028444370162184e+00
mHEM,10,3000,1.8302061063110566e+04,4.2683668897181536e+02,-1.5329357543256446e+01,4.2711186854864059e+02,-2.0568292020592049e+00
mHEM,10,3000,1.8836490894898019e+04,4.2677515657808704e+02,-1.5741057808701115e+01,4.2706535234456516e+02,-2.1123242871467438e+00
mHEM,10,3000,1.9386526359522057e+04,4.2671152838886599e+02,-1.6164173818902544e+01,4.2701757455075506e+02,-2.1693726776550561e+00
mHEM,10,3000,1.9952623149688789e+04,4.2664570395175019e+02,-1.6599023247961643e+01,4.2696848159234287e+02,-2.2280185714788887e+00
mHEM,10,3000,2.0535250264571459e+04,4.2657757728466845e+02,-1.7045932356996229e+01,4.2691801701494933e+02,-2.2883074354223583e+00
mHEM,10,3000,2.1134890398366475e+04,4.2650703657806838e+02,-1.7505235989360663e+01,4.2686612132804470e+02,-2.3502860136048569e+00
mHEM,10,3000,2.1752040340195246e+04,4.2643396383887784e+02,-1.7977278055413763e+01,4.2681273181761935e+02,-2.4140024024734625e+00
mHEM,10,3000,2.2387211385683378e+04,4.2635823458952626e+02,-1.8462411152625826e+01,4.2675778238699542e+02,-2.4795060102554523e+00
mHEM,10,3000,2.3040929760558447e+04,4.2627971745384411e+02,-1.8960997291422796e+01,4.2670120333884051e+02,-2.5468476660876824e+00
mHEM,10,3000,2.3713737056616552e+04,4.2619827377512212e+02,-1.9473407969852879e+01,4.2664292117279325e+02,-2.6160796424867110e+00
mHEM,10,3000,2.4406190680419812e+04,4.2611375722181521e+02,-2.0000024181309577e+01,4.2658285837682814e+02,-2.6872556697896646e+00
mHEM,10,3000,2.5118864315095823e+04,4.2602601334585711e+02,-2.0541236686470395e+01,4.2652093319317169e+02,-2.7604309872873944e+00
mHEM,10,3000,2.5852348395621888e+04,4.2593487911967043e+02,-2.1097446241292626e+01,4.2645705937244429e+02,-2.8356623896598765e+00
mHEM,10,3000,2.6607250597988084e+04,4.2584018245870232e+02,-2.1669063716001837e+01,4.2639114591978694e+02,-2.9130082600220506e+00
mHEM,10,3000,2.7384196342643612e+04,4.2574174171712423e+02,-2.2256510220919054e+01,4.2632309682627374e+02,-2.9925286052926081e+00
mHEM,10,3000,2.8183829312644550e+04,4.2563936513519957e+02,-2.2860217414775963e+01,4.2625281077424762e+02,-3.0742851177259771e+00
mHEM,10,3000,2.9006811986931560e+04,4.2553285028466217e+02,-2.3480627552168560e+01,4.2618018084095883e+02,-3.1583412029118065e+00
mHEM,10,3000,2.9853826189179570e+04,4.2542198347935687e+02,-2.4118193566904413e+01,4.2610509418269203e+02,-3.2447620143988209e+00
mHEM,10,3000,3.0725573652674455e+04,4.2530653912278427e+02,-2.4773379421038147e+01,4.2602743168549506e+02,-3.3336145261630943e+00
mHEM,10,3000,3.1622776601683792e+04,4.2518627909185835e+02,-2.5446659849611642e+01,4.2594706763338741e+02,-3.4249675255260259e+00
mHEM,10,3000,3.2546178349804602e+04,4.2506095195948382e+02,-2.6138521122879450e+01,4.2586386929063826e+02,-3.5188917459386033e+00
mHEM,10,3000,3.3496543915782793e+04,4.2493029235240670e+02,-2.6849460412166195e+01,4.2577769655434781e+02,-3.6154598133994567e+00
mHEM,10,3000,3.4474660657314911e+04,4.2479402012237523e+02,-2.7579986322323837e+01,4.2568840150662845e+02,-3.7147463533452889e+00
mHEM,10,3000,3.5481338923357529e+04,4.2465183954544790e+02,-2.8330618864308612e+01,4.2559582798068823e+02,-3.8168280247274020e+00
mHEM,10,3000,3.6517412725483773e+04,4.2450343847126942e+02,-2.9101889471861003e+01,4.2549981109838723e+02,-3.9217835631938018e+00
mHEM,10,3000,3.7583740428844430e+04,4.2434848743466802e+02,-2.9894340960893377e+01,4.2540017678601964e+02,-4.0296938198948560e+00
mHEM,10,3000,3.8681205463305247e+04,4.2418663868102061e+02,-3.0708527742520289e+01,4.2529674124264795e+02,-4.1406418384076575e+00
mHEM,10,3000,3.9810717055349691e+04,4.2401752522180448e+02,-3.1545015470422456e+01,4.2518931042096153e+02,-4.2547128588968599e+00
mHEM,10,3000,4.0973210981354132e+04,4.2384075976707948e+02,-3.2404381183333960e+01,4.2507767944201680e+02,-4.3719943937551822e+00
mHEM,10,3000,4.2169650342858222e+04,4.2365593361930229e+02,-3.3287213292446239e+01,4.2496163198531167e+02,-4.4925762869553276e+00
mHEM,10,3000,4.3401026364474405e+04,4.2346261556755189e+02,-3.4194111207146982e+01,4.2484093967573205e+02,-4.6165507292371952e+00
mHEM,10,3000,4.4668359215096345e+04,4.2326035067766503e+02,-3.5125685243739845e+01,4.2471536141234901e+02,-4.7440123171977557e+00
mHEM,10,3000,4.5972698853087182e+04,4.2304865904191900e+02,-3.6082556380993005e+01,4.2458464267110907e+02,-4.8750580974522579e+00
mHEM,10,3000,4.7315125896148027e+04,4.2282703443815222e+02,-3.7065356143683921e+01,4.2444851475511194e+02,-5.0097876346604622e+00
mHEM,10,3000,4.8696752516586312e+04,4.2259494301144082e+02,-3.8074725974619966e+01,4.2430669405146710e+02,-5.1483030166044497e+00
mHEM,10,3000,5.0118723362727251e+04,4.2235182180520923e+02,-3.9111317048605663e+01,4.2415888120308853e+02,-5.2907089269880370e+00
mHEM,10,3000,5.1582216507230609e+04,4.2209707729934422e+02,-4.0175789635794779e+01,4.2400476027694339e+02,-5.4371126646796872e+00
mHEM,10,3000,5.3088444423098794e+04,4.2183008380405215e+02,-4.1268812814291934e+01,4.2384399784972152e+02,-5.5876242193760008e+00
mHEM,10,3000,5.4638654988185401e+04,4.2155018191352877e+02,-4.2391063474807922e+01,4.2367624211637639e+02,-5.7423562595492994e+00
mHEM,10,3000,5.6234132519034909e+04,4.2125667676548954e+02,-4.3543225882350747e+01,4.2350112188723369e+02,-5.9014242067204394e+00
mHEM,10,3000,5.7876198834912087e+04,4.2094883631799593e+02,-4.4725990735274230e+01,4.2331824558448551e+02,-6.0649462515392170e+00
mHEM,10,3000,5.9566214352901094e+04,4.2062588952596218e+02,-4.5940054287192787e+01,4.2312720017438863e+02,-6.2330433900190751e+00
mHEM,10,3000,6.1305579214982019e+04,4.2028702448177552e+02,-4.7186117228475887e+01,4.2292755006838235e+02,-6.4058394390514719e+00
mHEM,10,3000,6.3095734448019299e+04,4.1993138645493178e+02,-4.8464883605059399e+01,4.2271883595696704e+02,-6.5834610703745131e+00
mHEM,10,3000,6.4938163157621129e+04,4.1955807588741988e+02,-4.9777059521496199e+01,4.2250057360548112e+02,-6.7660378290590941e+00
mHEM,10,3000,6.6834391756861485e+04,4.1916614636761386e+02,-5.1123351544508800e+01,4.2227225262124352e+02,-6.9537021257742637e+00
mHEM,10,3000,6.8785991230880813e+04,4.1875460246630274e+02,-5.2504465278931924e+01,4.2203333512998449e+02,-7.1465892692507005e+00
mHEM,10,3000,7.0794578438413737e+04,4.1832239759209858e+02,-5.3921103476018487e+01,4.2178325444151204e+02,-7.3448374513788144e+00
mHEM,10,3000,7.2861817451322742e+04,4.1786843174490741e+02,-5.5373964167379128e+01,4.2152141363940046e+02,-7.5485877544448448e+00
mHEM,10,3000,7.4989420933245579e+04,4.1739154930580395e+02,-5.6863738306417929e+01,4.2124718416397769e+02,-7.7579841095531661e+00
mHEM,10,3000,7.7179151558501268e+04,4.1689053664064932e+02,-5.8391107742401466e+01,4.2095990427107580e+02,-7.9731733225993251e+00
mHEM,10,3000,7.9432823472428208e+04,4.1636411988731720e+02,-5.9956742211523093e+01,4.2065887755538841e+02,-8.1943049851948757e+00
mHEM,10,3000,8.1752303794364940e+04,4.1581096250229058e+02,-6.1561296861425497e+01,4.2034337131485950e+02,-8.4215314839604876e+00
mHEM,10,3000,8.4139514164519482e+04,4.1522966297153170e+02,-6.3205408928319386e+01,4.2001261496441731e+02,-8.6550079160386613e+00
mHEM,10,3000,8.6596432336006532e+04,4.1461875242800596e+02,-6.4889694470747855e+01,4.1966579836038949e+02,-8.8948920389153319e+00
mHEM,10,3000,8.9125093813374595e+04,4.1397669232866872e+02,-6.6614744676923038e+01,4.1930207011146138e+02,-9.1413441880125390e+00
mHEM,10,3000,9.1727593538978035e+04,4.1330187215886178e+02,-6.8381121899899668e+01,4.1892053585651428e+02,-9.3945271849367789e+00
mHEM,10,3000,9.4406087628592257e+04,4.1259260718102479e+02,-7.0189355393740755e+01,4.1852025651218395e+02,-9.6546062339703944e+00
mHEM,10,3000,9.7162795157710585e+04,4.1184713628206441e+02,-7.2039936645792466e+01,4.1810024651471701e+02,-9.9217487929821715e+00
mHEM,10,3000,1.0000000000000000e+05,4.1106361990969668e+02,-7.3933314389096154e+01,4.1765947204609228e+02,-1.0196124431779710e+01
mHEM,10,3000,1.0292005271944286e+05,4.1024013811902205e+02,-7.5869889280973823e+01,4.1719684924915424e+02,-1.0477904677071258e+01
mHEM,10,3000,1.0592537251772897e+05,4.0937468884173978e+02,-7.7850008026622575e+01,4.1671124248574870e+02,-1.0767262812845507e+01
mHEM,10,3000,1.0901844923851268e+05,4.0846518625548811e+02,-7.9873957334576374e+01,4.1620146256712786e+02,-1.1064373692710372e+01
mHEM,10,3000,1.1220184543019629e+05,4.0750945945378623e+02,-8.1941957264472293e+01,4.1566626505485101e+02,-1.1369413501139912e+01
mHEM,10,3000,1.1547819846894582e+05,4.0650525136882015e+02,-8.4054154195411002e+01,4.1510434860156982e+02,-1.1682559496551569e+01
mHEM,10,3000,1.1885022274370189e+05,4.0545021799468230e+02,-8.6210613380842645e+01,4.1451435334791063e+02,-1.2003989731283475e+01
mHEM,10,3000,1.2232071190499325e+05,4.0434192800349956e+02,-8.8411310991235439e+01,4.1389485941815730e+02,-1.2333882733183994e+01
mHEM,10,3000,1.2589254117941661e+05,4.0317786272943044e+02,-9.0656125808354489e+01,4.1324438549319899e+02,-1.2672417171974343e+01
mHEM,10,3000,1.2956866975170189e+05,4.0195541671778892e+02,-9.2944830272391997e+01,4.1256138755721565e+02,-1.3019771464173107e+01
mHEM,10,3000,1.3335214321633239e+05,4.0067189868803638e+02,-9.5277081332558538e+01,4.1184425773042784e+02,-1.3376123381483930e+01
mHEM,10,3000,1.3724609610075626e+05,3.9932453320987793e+02,-9.7652410625580188e+01,4.1109132333859083e+02,-1.3741649588330230e+01
mHEM,10,3000,1.4125375446227554e+05,3.9791046299969787e+02,-1.0007021433310622e+02,4.1030084616206648e+02,-1.4116525157032294e+01
mHEM,10,3000,1.4537843856076605e+05,3.9642675195862472e+02,-1.0252974263819047e+02,4.0947102192208735e+02,-1.4500923043807420e+01
mHEM,10,3000,1.4962356560944329e+05,3.9487038902301884e+02,-1.0503008881585367e+02,4.0859998003408708e+02,-1.4895013524931123e+01
mHEM,10,3000,1.5399265260594920e+05,3.9323829300015694e+02,-1.0757017784798948e+02,4.0768578371575012e+02,-1.5298963568087782e+01
mHEM,10,3000,1.5848931924611141e+05,3.9152731825285741e+02,-1.1014875497711620e+02,4.0672643036970572e+02,-1.5712936194892428e+01
mHEM,10,3000,1.6311729092278396e+05,3.8973426155771375e+02,-1.1276437384812162e+02,4.0571985241209899e+02,-1.6137089769422467e+01
mHEM,10,3000,1.6788040181225591e+05,3.8785587007250200e+02,-1.1541538456379752e+02,4.0466391850980096e+02,-1.6571577251569064e+01
mHEM,10,3000,1.7278259805078627e+05,3.8588885054471274e+02,-1.1809992165290309e+02,4.0355643529640497e+02,-1.7016545401360975e+01
mHEM,10,3000,1.7782794100389228e+05,3.8382987981926379e+02,-1.2081589208271093e+02,4.0239514960025519e+02,-1.7472133939580676e+01
mHEM,10,3000,1.8302061063110569e+05,3.8167561677592084e+02,-1.2356096335380506e+02,4.0117775126021127e+02,-1.7938474652486040e+01
mHEM,10,3000,1.8836490894898021e+05,3.7942271569676717e+02,-1.2633255190441496e+02,3.9990187653647178e+02,-1.8415690457654676e+01
mHEM,10,3000,1.9386526359522057e+05,3.7706784116153085e+02,-1.2912781191695638e+02,3.9856511218203519e+02,-1.8903894423865278e+01
mHEM,10,3000,1.9952623149688786e+05,3.7460768456078824e+02,-1.3194362464231213e+02,3.9716500024013493e+02,-1.9403188738938745e+01
mHEM,10,3000,2.0535250264571462e+05,3.7203898219458614e+02,-1.3477658851032982e+02,3.9569904357082589e+02,-1.9913663643684956e+01
mHEM,10,3000,2.1134890398366476e+05,3.6935853503953757e+02,-1.3762301014377161e+02,3.9416471217954808e+02,-2.0435396322215503e+01
mHEM,10,3000,2.1752040340195244e+05,3.6656323015823637e+02,-1.4047889652133372e+02,3.9255945036630027e+02,-2.0968449759101514e+01
mHEM,10,3000,2.2387211385683378e+05,3.6365006377088798e+02,-1.4333994847154938e+02,3.9088068474714549e+02,-2.1512871560788543e+01
mHEM,10,3000,2.3040929760558446e+05,3.6061616589981099e+02,-1.4620155578023190e+02,3.8912583314506412e+02,-2.2068692755810282e+01
mHEM,10,3000,2.3713737056616554e+05,3.5745882658265481e+02,-1.4905879408989011e+02,3.8729231440525740e+02,-2.2635926567798165e+01
mHEM,10,3000,2.4406190680419814e+05,3.5417552347370668e+02,-1.5190642391721408e+02,3.8537755909651838e+02,-2.3214567183025860e+01
mHEM,10,3000,2.5118864315095820e+05,3.5076395078935963e+02,-1.5473889195460239e+02,3.8337902114839096e+02,-2.3804588503558399e+01
mHEM,10,3000,2.5852348395621887e+05,3.4722204936283850e+02,-1.5755033496689396e+02,3.8129419037261761e+02,-2.4405942906233346e+01
mHEM,10,3000,2.6607250597988087e+05,3.4354803758515493e+02,-1.6033458653644439e+02,3.7912060583463887e+02,-2.5018560019066904e+01
mHEM,10,3000,2.7384196342643612e+05,3.3974044308801467e+02,-1.6308518679856684e+02,3.7685587009195433e+02,-2.5642345506205739e+01
mHEM,10,3000,2.8183829312644550e+05,3.3579813473308832e+02,-1.6579539550423675e+02,3.7449766415910744e+02,-2.6277179897689454e+01
mHEM,10,3000,2.9006811986931559e+05,3.3172035463707147e+02,-1.6845820853596436e+02,3.7204376315655514e+02,-2.6922917463214954e+01
mHEM,10,3000,2.9853826189179573e+05,3.2750674994408388e+02,-1.7106637798545418e+02,3.6949205260194566e+02,-2.7579385129007747e+01
mHEM,10,3000,3.0725573652674456e+05,3.2315740371110621e+02,-1.7361243605506300e+02,3.6684054509592613e+02,-2.8246381485034078e+01
mHEM,10,3000,3.1622776601683791e+05,3.1867286470524476e+02,-1.7608872268838039e+02,3.6408739741643427e+02,-2.8923675855627447e+01
mHEM,10,3000,3.2546178349804599e+05,3.1405417545699203e+02,-1.7848741706207085e+02,3.6123092776153698e+02,-2.9611007474308018e+01
mHEM,10,3000,3.3496543915782793e+05,3.0930289814960111e+02,-1.8080057283725432e+02,3.5826963301684083e+02,-3.0308084761896598e+01
mHEM,10,3000,3.4474660657314910e+05,3.0442113778571280e+02,-1.8302015708150088e+02,3.5520220583336078e+02,-3.1014584726493403e+01
mHEM,10,3000,3.5481338923357532e+05,2.9941156215194206e+02,-1.8513809264554556e+02,3.5202755133468867e+02,-3.1730152489245366e+01
mHEM,10,3000,3.6517412725483772e+05,2.9427741800325288e+02,-1.8714630375996123e+02,3.4874480319809339e+02,-3.2454400955166477e+01
mHEM,10,3000,3.7583740428844432e+05,2.8902254304558517e+02,-1.8903676446545094e+02,3.4535333892711026e+02,-3.3186910625537934e+01
mHEM,10,3000,3.8681205463305250e+05,2.8365137315136030e+02,-1.9080154949181795e+02,3.4185279401978113e+02,-3.3927229572610649e+01
mHEM,10,3000,3.9810717055349692e+05,2.7816894446544882e+02,-1.9243288704092726e+02,3.3824307484400657e+02,-3.4674873568779155e+01
mHEM,10,3000,4.0973210981354135e+05,2.7258088998668245e+02,-1.9392321291186701e+02,3.3452436995231483e+02,-3.5429326378955182e+01
mHEM,10,3000,4.2169650342858228e+05,2.6689343034469090e+02,-1.9526522531206197e+02,3.3069715961484565e+02,-3.6190040212884298e+01
mHEM,10,3000,4.3401026364474400e+05,2.6111335855185973e+02,-1.9645193964841920e+02,3.2676222334575061e+02,-3.6956436334336772e+01
mHEM,10,3000,4.4668359215096349e+05,2.5524801861300409e+02,-1.9747674254186833e+02,3.2272064521937830e+02,-3.7727905819424052e+01
mHEM,10,3000,4.5972698853087181e+05,2.4930527800493874e+02,-1.9833344427490437e+02,3.1857381681341360e+02,-3.8503810449596756e+01
mHEM,10,3000,4.7315125896148029e+05,2.4329349407804810e+02,-1.9901632887752686e+02,3.1432343759349726e+02,-3.9283483730242978e+01
mHEM,10,3000,4.8696752516586310e+05,2.3722147463996956e+02,-1.9952020104074555e+02,3.0997151264866460e+02,-4.0066232009532300e+01
mHEM,10,3000,5.0118723362727248e+05,2.3109843304531762e+02,-1.9984042907889577e+02,3.0552034768643205e+02,-4.0851335674850461e+01
mHEM,10,3000,5.1582216507230612e+05,2.2493393822978055e+02,-1.9997298320159626e+02,3.0097254123608127e+02,-4.1638050400097718e+01
mHEM,10,3000,5.3088444423098792e+05,2.1873786026033653e+02,-1.9991446840995036e+02,2.9633097406599865e+02,-4.2425608409126390e+01
mHEM,10,3000,5.4638654988185398e+05,2.1252031206550245e+02,-1.9966215140987794e+02,2.9159879585834983e+02,-4.3213219716916917e+01
mHEM,10,3000,5.6234132519034913e+05,2.0629158810310781e+02,-1.9921398103432904e+02,2.8677940923582418e+02,-4.4000073305263690e+01
mHEM,10,3000,5.7876198834912083e+05,2.0006210076445188e+02,-1.9856860176364876e+02,2.8187645124886939e+02,-4.4785338187621853e+01
mHEM,10,3000,5.9566214352901094e+05,1.9384231542890947e+02,-1.9772536006290568e+02,2.7689377252449452e+02,-4.5568164306112585e+01
mHEM,10,3000,6.1305579214982025e+05,1.8764268507841953e+02,-1.9668430337566988e+02,2.7183541428189864e+02,-4.6347683202190453e+01
mHEM,10,3000,6.3095734448019299e+05,1.8147358538910694e+02,-1.9544617174648579e+02,2.6670558345174237e+02,-4.7123008397958365e+01
mHEM,10,3000,6.4938163157621131e+05,1.7534525123132465e+02,-1.9401238217416324e+02,2.6150862617946262e+02,-4.7893235415333024e+01
mHEM,10,3000,6.6834391756861482e+05,1.6926771550068543e+02,-1.9238500593419312e+02,2.5624900003535720e+02,-4.8657441350382335e+01
mHEM,10,3000,6.8785991230880818e+05,1.6325075110021831e+02,-1.9056673921835684e+02,2.5093124522686020e+02,-4.9414683918015371e+01
mHEM,10,3000,7.0794578438413737e+05,1.5730381686552340e+02,-1.8856086755436564e+02,2.4555995515009599e+02,-5.0163999866715187e+01
mHEM,10,3000,7.2861817451322742e+05,1.5143600816110251e+02,-1.8637122457389626e+02,2.4013974664129046e+02,-5.0904402647796310e+01
mHEM,10,3000,7.4989420933245588e+05,1.4565601271854288e+02,-1.8400214575765622e+02,2.3467523023209350e+02,-5.1634879215593536e+01
mHEM,10,3000,7.7179151558501273e+05,1.3997207225299780e+02,-1.8145841787007004e+02,2.2917098076917895e+02,-5.2354385806400863e+01
mHEM,10,3000,7.9432823472428217e+05,1.3439195023311396e+02,-1.7874522482183735e+02,2.2363150870141033e+02,-5.3061842525447631e+01
mHEM,10,3000,8.1752303794364934e+05,1.2892290609325937e+02,-1.7586809073110098e+02,2.1806123234755447e+02,-5.3756126536717417e+01
mHEM,10,3000,8.4139514164519473e+05,1.2357167605935474e+02,-1.7283282095537584e+02,2.1246445143484851e+02,-5.4436063611481238e+01
mHEM,10,3000,8.6596432336006535e+05,1.1834446064257018e+02,-1.6964544184645135e+02,2.0684532217108162e+02,-5.5100417742633944e+01
mHEM,10,3000,8.9125093813374592e+05,1.1324691877555853e+02,-1.6631213995643594e+02,2.0120783411449736e+02,-5.5747878465133986e+01
mHEM,10,3000,9.1727593538978032e+05,1.0828416845620455e+02,-1.6283920136572465e+02,1.9555578907227141e+02,-5.6377045443953811e+01
mHEM,10,3000,9.4406087628592260e+05,1.0346079370266567e+02,-1.5923295174976818e+02,1.8989278226549197e+02,-5.6986409783988144e+01
mHEM,10,3000,9.7162795157710579e+05,9.8780857554864326e+01,-1.5549969772476791e+02,1.8422218599226474e+02,-5.7574331381929362e+01
mHEM,10,3000,1.0000000000000000e+06,9.4247920811627552e+01,-1.5164566993242607e+02,1.7854713603575144e+02,-5.8139011465435075e+01
mHEM,10,3000,1.0292005271944286e+06,8.9865066165593447e+01,-1.4767696823822703e+02,1.7287052109882936e+02,-5.8678459237195604e+01
mHEM,10,3000,1.0592537251772897e+06,8.5634927389306597e+01,-1.4359950932966311e+02,1.6719497560839505e+02,-5.9190451243602588e+01
mHEM,10,3000,1.0901844923851267e+06,8.1559723219119491e+01,-1.3941897690038903e+02,1.6152287631023225e+02,-5.9672481698605637e+01
mHEM,10,3000,1.1220184543019629e+06,7.7641295626660622e+01,-1.3514077452968365e+02,1.5585634323655006e+02,-6.0121701472538696e+01
mHEM,10,3000,1.1547819846894583e+06,7.3881152188386594e+01,-1.3076998126305133e+02,1.5019724580771225e+02,-6.0534842768549986e+01
mHEM,10,3000,1.1885022274370189e+06,7.0280512339080545e+01,-1.2631130982639898e+02,1.4454721513991271e+02,-6.0908125579491738e+01
mHEM,10,3000,1.2232071190499326e+06,6.6840357360949611e+01,-1.2176906731729972e+02,1.3890766403429481e+02,-6.1237140765352201e+01
mHEM,10,3000,1.2589254117941661e+06,6.3561484064407480e+01,-1.1714711814923744e+02,1.3327981672834534e+02,-6.1516702878738812e+01
mHEM,10,3000,1.2956866975170190e+06,6.0444562223592669e+01,-1.1244884894568621e+02,1.2766475132788815e+02,-6.1740663514402215e+01
mHEM,10,3000,1.3335214321633240e+06,5.7490195978705557e+01,-1.0767713503001930e+02,1.2206345907741179e+02,-6.1901672697091939e+01
mHEM,10,3000,1.3724609610075625e+06,5.4698989570806745e+01,-1.0283430808878177e+02,1.1647692638529621e+02,-6.1990871270881932e+01
mHEM,10,3000,1.4125375446227554e+06,5.2071617972943152e+01,-9.7922124541740772e+01,1.1090624812465855e+02,-6.1997490852007530e+01
mHEM,10,3000,1.4537843856076607e+06,4.9608903210888194e+01,-9.2941734110504370e+01,1.0535278457285770e+02,-6.1908328857392782e+01
mHEM,10,3000,1.4962356560944328e+06,4.7311897436125392e+01,-8.7893648035151173e+01,9.9818380090710164e+01,-6.1707053280929088e+01
mHEM,10,3000,1.5399265260594920e+06,4.5181974147272761e+01,-8.2777706373174425e+01,9.4305670350452985e+01,-6.1373273679274803e+01
mHEM,10,3000,1.5848931924611141e+06,4.3220929351972650e+01,-7.7593043794075228e+01,8.8818518222707851e+01,-6.0881289183871417e+01
mHEM,10,3000,1.6311729092278397e+06,4.1431094953584662e+01,-7.2338053295615666e+01,8.3362639015642259e+01,-6.0198388939442580e+01
mHEM,10,3000,1.6788040181225589e+06,3.9815467253736685e+01,-6.7010347297825206e+01,7.7946507796106729e+01,-5.9282533579655983e+01
mHEM,10,3000,1.7278259805078628e+06,3.8377854220002760e+01,-6.1606715643965423e+01,7.2582691510911872e+01,-5.8079190639287013e+01
mHEM,10,3000,1.7782794100389229e+06,3.7123046125121171e+01,-5.6123080167194161e+01,6.7289825984774083e+01,-5.6517048147003941e+01
mHEM,10,3000,1.8302061063110568e+06,3.6057015380377813e+01,-5.0554445706834791e+01,6.2095574229296801e+01,-5.4502343923806229e+01
mHEM,10,3000,1.8836490894898020e+06,3.5187152940976894e+01,-4.4894847813846866e+01,5.7041064964814339e+01,-5.1911781112046100e+01
mHEM,10,3000,1.9386526359522056e+06,3.4522550664186028e+01,-3.9137297946177576e+01,5.2187494621692338e+01,-4.8584862498252768e+01
mHEM,10,3000,1.9952623149688789e+06,3.4074341598638696e+01,-3.3273727840491453e+01,4.7625641410733941e+01,-4.4318916947448912e+01
mHEM,10,3000,2.0535250264571460e+06,3.3856113561341772e+01,-2.7294936097411775e+01,4.3488503791694910e+01,-3.8875900972641112e+01
mHEM,10,3000,2.1134890398366475e+06,3.3884415780696678e+01,-2.1190542113221259e+01,3.9964893442261669e+01,-3.2020923038644504e+01
mHEM,10,3000,2.1752040340195242e+06,3.4179384184300005e+01,-1.4948955695442942e+01,3.7305516744876932e+01,-2.3623010842801875e+01
mHEM,10,3000,2.2387211385683380e+06,3.4765518539629227e+01,-8.5573756407758133e+00,3.5803211548500045e+01,-1.3828199620884744e+01
mHEM,10,3000,2.3040929760558447e+06,3.5672654696026534e+01,-2.0018381578031414e+00,3.5728779003374584e+01,-3.2118918028352819e+00
mHEM,10,3000,2.3713737056616554e+06,3.6937188360244519e+01,4.7326522246354248e+00,3.7239144472443641e+01,7.3013571264851027e+00
mHEM,10,3000,2.4406190680419812e+06,3.8603624053707385e+01,1.1661858359354154e+01,4.0326650375075957e+01,1.6809163477249744e+01
mHEM,10,3000,2.5118864315095823e+06,4.0726545112097007e+01,1.8801833389918606e+01,4.4857111092779157e+01,2.4780900280862738e+01
mHEM,10,3000,2.5852348395621888e+06,4.3373128619894878e+01,2.6168106732067589e+01,5.0655681776270917e+01,3.1103644294600709e+01
mHEM,10,3000,2.6607250597988088e+06,4.6626363112709420e+01,3.3774338411391007e+01,5.7573636955167174e+01,3.5918122183597603e+01
mHEM,10,3000,2.7384196342643611e+06,5.0589164707007370e+01,4.1630135105068113e+01,6.5515889176740515e+01,3.9451174669377856e+01
mHEM,10,3000,2.8183829312644550e+06,5.5389621813072985e+01,4.9737543070719077e+01,7.4443491289077016e+01,4.1922500782577131e+01
mHEM,10,3000,2.9006811986931562e+06,6.1187610642708286e+01,5.8085449240439274e+01,8.4367310669638599e+01,4.3510135534358831e+01
mHEM,10,3000,2.9853826189179569e+06,6.8182968046707458e+01,6.6640670880596119e+01,9.5340946854298977e+01,4.4344601103851524e+01
mHEM,10,3000,3.0725573652674453e+06,7.6625183463806948e+01,7.5333806307320117e+01,1.0745511208691235e+02,4.4513101002878329e+01
mHEM,10,3000,3.1622776601683795e+06,8.6823959551320925e+01,8.4036836504801798e+01,1.2083290049446053e+02,4.4065460131714026e+01
mHEM,10,3000,3.2546178349804599e+06,9.9158536568611765e+01,9.2527902218521731e+01,1.3562384769423494e+02,4.3018868992470914e+01
mHEM,10,3000,3.3496543915782794e+06,1.1408047197618274e+02,1.0043669062252424e+02,1.5199303572701371e+02,4.1360759528744232e+01
mHEM,10,3000,3.4474660657314910e+06,1.3209793398762559e+02,1.0716216223217116e+02,1.7009877476946522e+02,3.9050093964758368e+01
mHEM,10,3000,3.5481338923357530e+06,1.5371683569028829e+02,1.1175562044375260e+02,1.9004784733167378e+02,3.6018000547783657e+01
mHEM,10,3000,3.6517412725483770e+06,1.7929263893146535e+02,1.1277405498875017e+02,2.1181085395610501e+02,3.2169660458975514e+01
mHEM,10,3000,3.7583740428844434e+06,2.0871973507361619e+02,1.0814895575925175e+02,2.3507472097402800e+02,2.7391110923287560e+01
mHEM,10,3000,3.8681205463305251e+06,2.4088208359848548e+02,9.5212979735748647e+01,2.5901677495658043e+02,2.1567301586342428e+01
mHEM,10,3000,3.9810717055349695e+06,2.7290291193233469e+02,7.1187094946449605e+01,2.8203475287287284e+02,1.4619897210894388e+01
mHEM,10,3000,4.0973210981354131e+06,2.9961826108370235e+02,3.4505391439309037e+01,3.0159861474019004e+02,6.5694991564872280e+00
mHEM,10,3000,4.2169650342858229e+06,3.1428730247940103e+02,-1.3131011677211113e+01,3.1456149155204230e+02,-2.3924423150155207e+00
mHEM,10,3000,4.3401026364474399e+06,3.1138514276490378e+02,-6.5453637611497584e+01,3.1819001526021640e+02,-1.1870838521307389e+01
mHEM,10,3000,4.4668359215096347e+06,2.9017034282939113e+02,-1.1331521444440045e+02,3.1151110041587094e+02,-2.1331278367300506e+01
mHEM,10,3000,4.5972698853087183e+06,2.5557919934328427e+02,-1.4906751090763433e+02,2.9587472001702326e+02,-3.0253032325224869e+01
mHEM,10,3000,4.7315125896148030e+06,2.1524445703836329e+02,-1.6981974733070851e+02,2.7416951484292616e+02,-3.8272106217550231e+01
mHEM,10,3000,4.8696752516586315e+06,1.7569538713064503e+02,-1.7708995028996966e+02,2.4945885342615352e+02,-4.5226489478527434e+01
mHEM,10,3000,5.0118723362727249e+06,1.4067750296117981e+02,-1.7441327823252664e+02,2.2407621797774414e+02,-5.1111197684249881e+01
mHEM,10,3000,5.1582216507230606e+06,1.1150715473944626e+02,-1.6533985266961355e+02,1.9942696016059696e+02,-5.6003807150710983e+01
mHEM,10,3000,5.3088444423098788e+06,8.8082647037000044e+01,-1.5258263695906618e+02,1.7618176355805647e+02,-6.0003092247736774e+01
mHEM,10,3000,5.4638654988185400e+06,6.9706817556322278e+01,-1.3793497929048203e+02,1.5454804730470104e+02,-6.3189792820578369e+01
mHEM,10,3000,5.6234132519034911e+06,5.5553138716280380e+01,-1.2247367931265687e+02,1.3448402635855979e+02,-6.5601313795133748e+01
mHEM,10,3000,5.7876198834912088e+06,4.4874204230018321e+01,-1.0679186927779649e+02,1.1583694380085900e+02,-6.7207735191210617e+01
mHEM,10,3000,5.9566214352901094e+06,3.7072575255653128e+01,-9.1179530493386849e+01,9.8428058078377873e+01,-6.7873892026576655e+01
mHEM,10,3000,6.1305579214982018e+06,3.1711659179452745e+01,-7.5744806904831805e+01,8.2115194093200714e+01,-6.7282671537907490e+01
mHEM,10,3000,6.3095734448019303e+06,2.8507071464960706e+01,-6.0490797657122748e+01,6.6871441772279326e+01,-6.4767235371189244e+01
mHEM,10,3000,6.4938163157621128e+06,2.7317471546919030e+01,-4.5364222135029266e+01,5.2954290681992994e+01,-5.8944449001212291e+01
mHEM,10,3000,6.6834391756861489e+06,2.8143757923351210e+01,-3.0289613912222908e+01,4.1346484989654456e+01,-4.7103134963369122e+01
mHEM,10,3000,6.8785991230880814e+06,3.1141638338227839e+01,-1.5201134429220071e+01,3.4653659638257572e+01,-2.6018341659560690e+01
mHEM,10,3000,7.0794578438413730e+06,3.6651434650377468e+01,-8.6124014181730990e-02,3.6651535837897825e+01,-1.3463411438638614e-01
mHEM,10,3000,7.2861817451322740e+06,4.5247267942493245e+01,1.4937288227903263e+01,4.7649111595739477e+01,1.8269387036340525e+01
mHEM,10,3000,7.4989420933245579e+06,5.7798825104445420e+01,2.9467349158093786e+01,6.4877028676252436e+01,2.7013673597267179e+01
mHEM,10,3000,7.7179151558501273e+06,7.5503438321101399e+01,4.2514934081456964e+01,8.6650382678087425e+01,2.9383255336161991e+01
mHEM,10,3000,7.9432823472428219e+06,9.9730775003460082e+01,5.1935333905530705e+01,1.1244334747182576e+02,2.7508487484318255e+01
mHEM,10,3000,8.1752303794364929e+06,1.3121878802034595e+02,5.3561933176063512e+01,1.4172949945260365e+02,2.2204692781577929e+01
mHEM,10,3000,8.4139514164519478e+06,1.6769111595488894e+02,4.0714335746712052e+01,1.7256293780963514e+02,1.3646983058146132e+01
mHEM,10,3000,8.6596432336006537e+06,1.9972422068544824e+02,6.9386932725410855e+00,1.9984471419764907e+02,1.9897336856186720e+00
mHEM,10,3000,8.9125093813374583e+06,2.1068591491097942e+02,-4.4572618420344284e+01,2.1534918865582492e+02,-1.1945333989113042e+01
mHEM,10,3000,9.1727593538978025e+06,1.9084829312772123e+02,-9.4652651387564120e+01,2.1303097287591856e+02,-2.6379459348964744e+01
mHEM,10,3000,9.4406087628592253e+06,1.5078593910528318e+02,-1.2375840994782048e+02,1.9507061148382900e+02,-3.9377630970512570e+01
mHEM,10,3000,9.7162795157710575e+06,1.0887951125676335e+02,-1.2925779607489986e+02,1.6900392249191157e+02,-4.9891094781579156e+01
mHEM,10,3000,1.0000000000000000e+07,7.5240513944366327e+01,-1.1934291140622065e+02,1.4108105982563859e+02,-5.7770352250597824e+01
