time_s,quantity,id,value
0.00000000E+00,injectedCurrent,ch-base,0.00000000E+00
0.00000000E+00,voltage,ch-base,-7.56751494E+03
0.00000000E+00,i1,ch_e1,2.47268872E-12
0.00000000E+00,i2,ch_e1,8.33423406E+01
0.00000000E+00,i1,ch_e30,1.15645654E+00
0.00000000E+00,i2,ch_e30,9.26941700E-01
0.00000000E+00,i1,ch_e60,-7.63877604E-02
0.00000000E+00,i2,ch_e60,-3.80508445E-03
0.00000000E+00,i1,ch_e90,-1.94491702E-03
0.00000000E+00,i2,ch_e90,3.16540815E-03
1.00000000E-07,injectedCurrent,ch-base,1.00000000E+03
1.00000000E-07,voltage,ch-base,5.99215174E+05
1.00000000E-07,i1,ch_e1,1.00000000E+03
1.00000000E-07,i2,ch_e1,-4.97557923E+02
1.00000000E-07,i1,ch_e30,-1.43152382E+00
1.00000000E-07,i2,ch_e30,-1.17640218E+00
1.00000000E-07,i1,ch_e60,7.25793061E-02
1.00000000E-07,i2,ch_e60,2.27977463E-02
1.00000000E-07,i1,ch_e90,-9.80475391E-03
1.00000000E-07,i2,ch_e90,7.91074778E-03
2.00000000E-07,injectedCurrent,ch-base,2.00000000E+03
2.00000000E-07,voltage,ch-base,1.37584216E+06
2.00000000E-07,i1,ch_e1,2.00000000E+03
2.00000000E-07,i2,ch_e1,-1.55374475E+03
2.00000000E-07,i1,ch_e30,1.79746833E+00
2.00000000E-07,i2,ch_e30,1.53781582E+00
2.00000000E-07,i1,ch_e60,-1.01968978E-01
2.00000000E-07,i2,ch_e60,-1.22209088E-02
2.00000000E-07,i1,ch_e90,-9.78263726E-04
2.00000000E-07,i2,ch_e90,3.04198357E-03
3.00000000E-07,injectedCurrent,ch-base,3.00000000E+03
3.00000000E-07,voltage,ch-base,2.19817228E+06
3.00000000E-07,i1,ch_e1,3.00000000E+03
3.00000000E-07,i2,ch_e1,-2.45368297E+03
3.00000000E-07,i1,ch_e30,-2.29303372E+00
3.00000000E-07,i2,ch_e30,-2.06931796E+00
3.00000000E-07,i1,ch_e60,1.05671754E-01
3.00000000E-07,i2,ch_e60,3.40269545E-02
3.00000000E-07,i1,ch_e90,-1.13856318E-02
3.00000000E-07,i2,ch_e90,8.37522116E-03
4.00000000E-07,injectedCurrent,ch-base,4.00000000E+03
4.00000000E-07,voltage,ch-base,3.07823841E+06
4.00000000E-07,i1,ch_e1,4.00000000E+03
4.00000000E-07,i2,ch_e1,-3.48724515E+03
4.00000000E-07,i1,ch_e30,2.91788454E+00
4.00000000E-07,i2,ch_e30,2.87255336E+00
4.00000000E-07,i1,ch_e60,-1.43850876E-01
4.00000000E-07,i2,ch_e60,-2.89921489E-02
4.00000000E-07,i1,ch_e90,5.52798147E-04
4.00000000E-07,i2,ch_e90,2.96513520E-03
5.00000000E-07,injectedCurrent,ch-base,5.00000000E+03
5.00000000E-07,voltage,ch-base,3.98009814E+06
5.00000000E-07,i1,ch_e1,5.00000000E+03
5.00000000E-07,i2,ch_e1,-4.41853374E+03
5.00000000E-07,i1,ch_e30,-3.60709537E+00
5.00000000E-07,i2,ch_e30,-4.04677547E+00
5.00000000E-07,i1,ch_e60,1.61196282E-01
5.00000000E-07,i2,ch_e60,5.77885563E-02
5.00000000E-07,i1,ch_e90,-1.37082697E-02
5.00000000E-07,i2,ch_e90,8.75384590E-03
6.00000000E-07,injectedCurrent,ch-base,6.00000000E+03
6.00000000E-07,voltage,ch-base,4.92074439E+06
6.00000000E-07,i1,ch_e1,6.00000000E+03
6.00000000E-07,i2,ch_e1,-5.45313992E+03
6.00000000E-07,i1,ch_e30,4.01094345E+00
6.00000000E-07,i2,ch_e30,5.64123722E+00
6.00000000E-07,i1,ch_e60,-2.16512508E-01
6.00000000E-07,i2,ch_e60,-6.51377698E-02
6.00000000E-07,i1,ch_e90,3.05152026E-03
6.00000000E-07,i2,ch_e90,3.06960400E-03
7.00000000E-07,injectedCurrent,ch-base,7.00000000E+03
7.00000000E-07,voltage,ch-base,5.87302099E+06
7.00000000E-07,i1,ch_e1,7.00000000E+03
7.00000000E-07,i2,ch_e1,-6.38743150E+03
7.00000000E-07,i1,ch_e30,-3.28327398E+00
7.00000000E-07,i2,ch_e30,-7.34608332E+00
7.00000000E-07,i1,ch_e60,2.59305547E-01
7.00000000E-07,i2,ch_e60,1.11400843E-01
7.00000000E-07,i1,ch_e90,-1.73137467E-02
7.00000000E-07,i2,ch_e90,8.82141391E-03
8.00000000E-07,injectedCurrent,ch-base,8.00000000E+03
8.00000000E-07,voltage,ch-base,6.85940314E+06
8.00000000E-07,i1,ch_e1,8.00000000E+03
8.00000000E-07,i2,ch_e1,-7.43644203E+03
8.00000000E-07,i1,ch_e30,-9.79819540E-02
8.00000000E-07,i2,ch_e30,8.08545168E+00
8.00000000E-07,i1,ch_e60,-3.47150109E-01
8.00000000E-07,i2,ch_e60,-1.47712050E-01
8.00000000E-07,i1,ch_e90,7.26808748E-03
8.00000000E-07,i2,ch_e90,3.70153874E-03
9.00000000E-07,injectedCurrent,ch-base,9.00000000E+03
9.00000000E-07,voltage,ch-base,7.84713719E+06
9.00000000E-07,i1,ch_e1,9.00000000E+03
9.00000000E-07,i2,ch_e1,-8.34591167E+03
9.00000000E-07,i1,ch_e30,7.46804282E+00
9.00000000E-07,i2,ch_e30,-5.65834687E+00
9.00000000E-07,i1,ch_e60,4.34212985E-01
9.00000000E-07,i2,ch_e60,2.36182470E-01
9.00000000E-07,i1,ch_e90,-2.32327107E-02
9.00000000E-07,i2,ch_e90,8.02328697E-03
1.00000000E-06,injectedCurrent,ch-base,1.00000000E+04
1.00000000E-06,voltage,ch-base,8.87589727E+06
1.00000000E-06,i1,ch_e1,1.00000000E+04
1.00000000E-06,i2,ch_e1,-9.47839687E+03
1.00000000E-06,i1,ch_e30,-1.74557735E+01
1.00000000E-06,i2,ch_e30,-2.16747214E+00
1.00000000E-06,i1,ch_e60,-5.73127764E-01
1.00000000E-06,i2,ch_e60,-3.36981843E-01
1.00000000E-06,i1,ch_e90,1.46234700E-02
1.00000000E-06,i2,ch_e90,5.72369842E-03
1.10000000E-06,injectedCurrent,ch-base,1.00000000E+04
1.10000000E-06,voltage,ch-base,9.29586069E+06
1.10000000E-06,i1,ch_e1,1.00000000E+04
1.10000000E-06,i2,ch_e1,-9.86457167E+03
1.10000000E-06,i1,ch_e30,2.29771885E+01
1.10000000E-06,i2,ch_e30,1.41587150E+01
1.10000000E-06,i1,ch_e60,7.13170441E-01
1.10000000E-06,i2,ch_e60,5.13306000E-01
1.10000000E-06,i1,ch_e90,-3.34088649E-02
1.10000000E-06,i2,ch_e90,5.01679801E-03
1.20000000E-06,injectedCurrent,ch-base,1.00000000E+04
1.20000000E-06,voltage,ch-base,9.56494339E+06
1.20000000E-06,i1,ch_e1,1.00000000E+04
1.20000000E-06,i2,ch_e1,-9.82556667E+03
1.20000000E-06,i1,ch_e30,-1.42390912E+01
1.20000000E-06,i2,ch_e30,-2.17060601E+01
1.20000000E-06,i1,ch_e60,-8.81218230E-01
1.20000000E-06,i2,ch_e60,-7.26708287E-01
1.20000000E-06,i1,ch_e90,2.77393036E-02
1.20000000E-06,i2,ch_e90,1.11965376E-02
1.30000000E-06,injectedCurrent,ch-base,1.00000000E+04
1.30000000E-06,voltage,ch-base,9.79635930E+06
1.30000000E-06,i1,ch_e1,1.00000000E+04
1.30000000E-06,i2,ch_e1,-9.89090824E+03
1.30000000E-06,i1,ch_e30,-7.16754406E+00
1.30000000E-06,i2,ch_e30,1.32153266E+01
1.30000000E-06,i1,ch_e60,9.86468338E-01
1.30000000E-06,i2,ch_e60,1.01779389E+00
1.30000000E-06,i1,ch_e90,-5.12698231E-02
1.30000000E-06,i2,ch_e90,-3.30806959E-03
1.40000000E-06,injectedCurrent,ch-base,1.00000000E+04
1.40000000E-06,voltage,ch-base,9.98985685E+06
1.40000000E-06,i1,ch_e1,1.00000000E+04
1.40000000E-06,i2,ch_e1,-9.87735245E+03
1.40000000E-06,i1,ch_e30,1.70155694E+01
1.40000000E-06,i2,ch_e30,8.30784065E+00
1.40000000E-06,i1,ch_e60,-9.84632060E-01
1.40000000E-06,i2,ch_e60,-1.30153580E+00
1.40000000E-06,i1,ch_e90,5.09004232E-02
1.40000000E-06,i2,ch_e90,2.46891451E-02
1.50000000E-06,injectedCurrent,ch-base,1.00000000E+04
1.50000000E-06,voltage,ch-base,1.01670453E+07
1.50000000E-06,i1,ch_e1,1.00000000E+04
1.50000000E-06,i2,ch_e1,-9.90895576E+03
1.50000000E-06,i1,ch_e30,6.76796721E+00
1.50000000E-06,i2,ch_e30,-1.49437060E+01
1.50000000E-06,i1,ch_e60,7.14947378E-01
1.50000000E-06,i2,ch_e60,1.52324384E+00
1.50000000E-06,i1,ch_e90,-8.17089960E-02
1.50000000E-06,i2,ch_e90,-2.34312865E-02
1.60000000E-06,injectedCurrent,ch-base,1.00000000E+04
1.60000000E-06,voltage,ch-base,1.03235409E+07
1.60000000E-06,i1,ch_e1,1.00000000E+04
1.60000000E-06,i2,ch_e1,-9.90211456E+03
1.60000000E-06,i1,ch_e30,-3.51369738E+01
1.60000000E-06,i2,ch_e30,-1.28153043E+01
1.60000000E-06,i1,ch_e60,-1.03764495E-01
1.60000000E-06,i2,ch_e60,-1.48208327E+00
1.60000000E-06,i1,ch_e90,8.88441046E-02
1.60000000E-06,i2,ch_e90,5.48730467E-02
1.70000000E-06,injectedCurrent,ch-base,1.00000000E+04
1.70000000E-06,voltage,ch-base,1.04703586E+07
1.70000000E-06,i1,ch_e1,1.00000000E+04
1.70000000E-06,i2,ch_e1,-9.92157469E+03
1.70000000E-06,i1,ch_e30,1.19889104E+01
1.70000000E-06,i2,ch_e30,3.74137383E+01
1.70000000E-06,i1,ch_e60,-8.88188743E-01
1.70000000E-06,i2,ch_e60,1.03738593E+00
1.70000000E-06,i1,ch_e90,-1.27504311E-01
1.70000000E-06,i2,ch_e90,-6.60271220E-02
1.80000000E-06,injectedCurrent,ch-base,1.00000000E+04
1.80000000E-06,voltage,ch-base,1.06031319E+07
1.80000000E-06,i1,ch_e1,1.00000000E+04
1.80000000E-06,i2,ch_e1,-9.91735624E+03
1.80000000E-06,i1,ch_e30,3.28850128E+01
1.80000000E-06,i2,ch_e30,-8.25211593E+00
1.80000000E-06,i1,ch_e60,1.99649718E+00
1.80000000E-06,i2,ch_e60,-7.53598345E-02
1.80000000E-06,i1,ch_e90,1.39113034E-01
1.80000000E-06,i2,ch_e90,1.13047017E-01
1.90000000E-06,injectedCurrent,ch-base,1.00000000E+04
1.90000000E-06,voltage,ch-base,1.07310439E+07
1.90000000E-06,i1,ch_e1,1.00000000E+04
1.90000000E-06,i2,ch_e1,-9.92949729E+03
1.90000000E-06,i1,ch_e30,-7.92881520E+00
1.90000000E-06,i2,ch_e30,-2.70455724E+01
1.90000000E-06,i1,ch_e60,-2.74288194E+00
1.90000000E-06,i2,ch_e60,-1.17168444E+00
1.90000000E-06,i1,ch_e90,-1.75799088E-01
1.90000000E-06,i2,ch_e90,-1.39622968E-01
2.00000000E-06,injectedCurrent,ch-base,1.00000000E+04
2.00000000E-06,voltage,ch-base,1.08485280E+07
2.00000000E-06,i1,ch_e1,1.00000000E+04
2.00000000E-06,i2,ch_e1,-9.92802203E+03
2.00000000E-06,i1,ch_e30,-2.93475914E+01
2.00000000E-06,i2,ch_e30,-9.11661723E+00
2.00000000E-06,i1,ch_e60,2.51831186E+00
2.00000000E-06,i2,ch_e60,2.17652062E+00
2.00000000E-06,i1,ch_e90,1.71840942E-01
2.00000000E-06,i2,ch_e90,1.98528922E-01
2.10000000E-06,injectedCurrent,ch-base,1.00000000E+04
2.10000000E-06,voltage,ch-base,1.09616972E+07
2.10000000E-06,i1,ch_e1,1.00000000E+04
2.10000000E-06,i2,ch_e1,-9.93582182E+03
2.10000000E-06,i1,ch_e30,-3.21436536E+01
2.10000000E-06,i2,ch_e30,2.71798451E+01
2.10000000E-06,i1,ch_e60,-1.20564513E+00
2.10000000E-06,i2,ch_e60,-2.20896905E+00
2.10000000E-06,i1,ch_e90,-1.73662841E-01
2.10000000E-06,i2,ch_e90,-2.24629502E-01
2.20000000E-06,injectedCurrent,ch-base,1.00000000E+04
2.20000000E-06,voltage,ch-base,1.10694580E+07
2.20000000E-06,i1,ch_e1,1.00000000E+04
2.20000000E-06,i2,ch_e1,-9.93412565E+03
2.20000000E-06,i1,ch_e30,6.44923146E+01
2.20000000E-06,i2,ch_e30,4.51021007E+01
2.20000000E-06,i1,ch_e60,-4.32309667E-01
2.20000000E-06,i2,ch_e60,1.05621779E+00
2.20000000E-06,i1,ch_e90,1.10162547E-01
2.20000000E-06,i2,ch_e90,2.61521841E-01
2.30000000E-06,injectedCurrent,ch-base,1.00000000E+04
2.30000000E-06,voltage,ch-base,1.11729620E+07
2.30000000E-06,i1,ch_e1,1.00000000E+04
2.30000000E-06,i2,ch_e1,-9.94134414E+03
2.30000000E-06,i1,ch_e30,7.54674862E+01
2.30000000E-06,i2,ch_e30,-4.87229716E+01
2.30000000E-06,i1,ch_e60,8.85465499E-01
2.30000000E-06,i2,ch_e60,4.89308115E-01
2.30000000E-06,i1,ch_e90,-3.17733407E-02
2.30000000E-06,i2,ch_e90,-2.33461695E-01
2.40000000E-06,injectedCurrent,ch-base,1.00000000E+04
2.40000000E-06,voltage,ch-base,1.12703736E+07
2.40000000E-06,i1,ch_e1,1.00000000E+04
2.40000000E-06,i2,ch_e1,-9.94074869E+03
2.40000000E-06,i1,ch_e30,-2.01118292E+01
2.40000000E-06,i2,ch_e30,-8.50465241E+01
2.40000000E-06,i1,ch_e60,6.77868690E-01
2.40000000E-06,i2,ch_e60,-7.86341968E-01
2.40000000E-06,i1,ch_e90,-1.16635460E-01
2.40000000E-06,i2,ch_e90,1.82409292E-01
2.50000000E-06,injectedCurrent,ch-base,1.00000000E+04
2.50000000E-06,voltage,ch-base,1.13646727E+07
2.50000000E-06,i1,ch_e1,1.00000000E+04
2.50000000E-06,i2,ch_e1,-9.94565870E+03
2.50000000E-06,i1,ch_e30,-5.85121307E+01
2.50000000E-06,i2,ch_e30,-9.05781269E+00
2.50000000E-06,i1,ch_e60,-2.97062256E+00
2.50000000E-06,i2,ch_e60,-1.03018438E+00
2.50000000E-06,i1,ch_e90,2.50711164E-01
2.50000000E-06,i2,ch_e90,-4.51139688E-02
2.60000000E-06,injectedCurrent,ch-base,1.00000000E+04
2.60000000E-06,voltage,ch-base,1.14554720E+07
2.60000000E-06,i1,ch_e1,1.00000000E+04
2.60000000E-06,i2,ch_e1,-9.94459872E+03
2.60000000E-06,i1,ch_e30,-2.13900146E+00
2.60000000E-06,i2,ch_e30,4.50782855E+01
2.60000000E-06,i1,ch_e60,3.01782077E+00
2.60000000E-06,i2,ch_e60,3.48888402E+00
2.60000000E-06,i1,ch_e90,-3.83526569E-01
2.60000000E-06,i2,ch_e90,-1.00388662E-01
2.70000000E-06,injectedCurrent,ch-base,1.00000000E+04
2.70000000E-06,voltage,ch-base,1.15444117E+07
2.70000000E-06,i1,ch_e1,1.00000000E+04
2.70000000E-06,i2,ch_e1,-9.94831465E+03
2.70000000E-06,i1,ch_e30,7.41748875E+01
2.70000000E-06,i2,ch_e30,1.84277105E+01
2.70000000E-06,i1,ch_e60,4.69951875E-01
2.70000000E-06,i2,ch_e60,-3.44260325E+00
2.70000000E-06,i1,ch_e90,4.00120858E-01
2.70000000E-06,i2,ch_e90,2.65641714E-01
2.80000000E-06,injectedCurrent,ch-base,1.00000000E+04
2.80000000E-06,voltage,ch-base,1.16304574E+07
2.80000000E-06,i1,ch_e1,1.00000000E+04
2.80000000E-06,i2,ch_e1,-9.94771911E+03
2.80000000E-06,i1,ch_e30,1.68671327E+02
2.80000000E-06,i2,ch_e30,-4.08910839E+01
2.80000000E-06,i1,ch_e60,-4.36608212E+00
2.80000000E-06,i2,ch_e60,-1.86578806E-01
2.80000000E-06,i1,ch_e90,-3.28989744E-01
2.80000000E-06,i2,ch_e90,-3.26878350E-01
2.90000000E-06,injectedCurrent,ch-base,1.00000000E+04
2.90000000E-06,voltage,ch-base,1.17146283E+07
2.90000000E-06,i1,ch_e1,1.00000000E+04
2.90000000E-06,i2,ch_e1,-9.95087000E+03
2.90000000E-06,i1,ch_e30,2.56331371E+02
2.90000000E-06,i2,ch_e30,-1.34894101E+02
2.90000000E-06,i1,ch_e60,3.86714426E+00
2.90000000E-06,i2,ch_e60,3.88597314E+00
2.90000000E-06,i1,ch_e90,1.37745979E-01
2.90000000E-06,i2,ch_e90,2.98126010E-01
3.00000000E-06,injectedCurrent,ch-base,1.00000000E+04
3.00000000E-06,voltage,ch-base,1.17961767E+07
3.00000000E-06,i1,ch_e1,1.00000000E+04
3.00000000E-06,i2,ch_e1,-9.95059235E+03
3.00000000E-06,i1,ch_e30,2.47884926E+02
3.00000000E-06,i2,ch_e30,-2.48253460E+02
3.00000000E-06,i1,ch_e60,6.71689223E-01
3.00000000E-06,i2,ch_e60,-3.07420390E+00
3.00000000E-06,i1,ch_e90,1.52527798E-02
3.00000000E-06,i2,ch_e90,-1.36835177E-01
3.10000000E-06,injectedCurrent,ch-base,1.00000000E+04
3.10000000E-06,voltage,ch-base,1.18760203E+07
3.10000000E-06,i1,ch_e1,1.00000000E+04
3.10000000E-06,i2,ch_e1,-9.95316573E+03
3.10000000E-06,i1,ch_e30,1.13279145E+02
3.10000000E-06,i2,ch_e30,-2.90269453E+02
3.10000000E-06,i1,ch_e60,-2.92370345E+00
3.10000000E-06,i2,ch_e60,-1.06869148E+00
3.10000000E-06,i1,ch_e90,-6.87746487E-02
3.10000000E-06,i2,ch_e90,1.09032115E-03
3.20000000E-06,injectedCurrent,ch-base,1.00000000E+04
3.20000000E-06,voltage,ch-base,1.19536464E+07
3.20000000E-06,i1,ch_e1,1.00000000E+04
3.20000000E-06,i2,ch_e1,-9.95305358E+03
3.20000000E-06,i1,ch_e30,-1.61172976E+01
3.20000000E-06,i2,ch_e30,-1.93162204E+02
3.20000000E-06,i1,ch_e60,-3.45372007E-02
3.20000000E-06,i2,ch_e60,2.27781439E+00
3.20000000E-06,i1,ch_e90,-8.22822499E-02
3.20000000E-06,i2,ch_e90,3.75636382E-02
3.30000000E-06,injectedCurrent,ch-base,1.00000000E+04
3.30000000E-06,voltage,ch-base,1.20297849E+07
3.30000000E-06,i1,ch_e1,1.00000000E+04
3.30000000E-06,i2,ch_e1,-9.95513912E+03
3.30000000E-06,i1,ch_e30,3.82873314E+01
3.30000000E-06,i2,ch_e30,-4.07323329E+01
3.30000000E-06,i1,ch_e60,1.96970936E+00
3.30000000E-06,i2,ch_e60,8.29677183E-01
3.30000000E-06,i1,ch_e90,2.64286137E-01
3.30000000E-06,i2,ch_e90,1.34067577E-01
3.40000000E-06,injectedCurrent,ch-base,1.00000000E+04
3.40000000E-06,voltage,ch-base,1.21040519E+07
3.40000000E-06,i1,ch_e1,1.00000000E+04
3.40000000E-06,i2,ch_e1,-9.95515656E+03
3.40000000E-06,i1,ch_e30,3.50842491E+02
3.40000000E-06,i2,ch_e30,-8.37226795E+00
3.40000000E-06,i1,ch_e60,1.59868628E+00
3.40000000E-06,i2,ch_e60,-1.46488893E+00
3.40000000E-06,i1,ch_e90,-3.06903380E-01
3.40000000E-06,i2,ch_e90,-3.37689627E-01
3.50000000E-06,injectedCurrent,ch-base,1.00000000E+04
3.50000000E-06,voltage,ch-base,1.21770116E+07
3.50000000E-06,i1,ch_e1,1.00000000E+04
3.50000000E-06,i2,ch_e1,-9.95684231E+03
3.50000000E-06,i1,ch_e30,8.53370167E+02
3.50000000E-06,i2,ch_e30,-2.14040873E+02
3.50000000E-06,i1,ch_e60,-2.97435094E+00
3.50000000E-06,i2,ch_e60,-2.60938431E+00
3.50000000E-06,i1,ch_e90,5.51678433E-03
3.50000000E-06,i2,ch_e90,3.86686710E-01
3.60000000E-06,injectedCurrent,ch-base,1.00000000E+04
3.60000000E-06,voltage,ch-base,1.22483726E+07
3.60000000E-06,i1,ch_e1,1.00000000E+04
3.60000000E-06,i2,ch_e1,-9.95698164E+03
3.60000000E-06,i1,ch_e30,1.44033226E+03
3.60000000E-06,i2,ch_e30,-6.36339586E+02
3.60000000E-06,i1,ch_e60,-3.46358528E+00
3.60000000E-06,i2,ch_e60,2.36580706E+00
3.60000000E-06,i1,ch_e90,4.27654722E-01
3.60000000E-06,i2,ch_e90,-6.90407925E-02
3.70000000E-06,injectedCurrent,ch-base,1.00000000E+04
3.70000000E-06,voltage,ch-base,1.23185588E+07
3.70000000E-06,i1,ch_e1,1.00000000E+04
3.70000000E-06,i2,ch_e1,-9.95833563E+03
3.70000000E-06,i1,ch_e30,2.06524396E+03
3.70000000E-06,i2,ch_e30,-1.17929426E+03
3.70000000E-06,i1,ch_e60,5.57548638E+00
3.70000000E-06,i2,ch_e60,4.70580370E+00
3.70000000E-06,i1,ch_e90,-6.38268003E-01
3.70000000E-06,i2,ch_e90,-3.88653605E-01
3.80000000E-06,injectedCurrent,ch-base,1.00000000E+04
3.80000000E-06,voltage,ch-base,1.23873698E+07
3.80000000E-06,i1,ch_e1,1.00000000E+04
3.80000000E-06,i2,ch_e1,-9.95858607E+03
3.80000000E-06,i1,ch_e30,2.75908207E+03
3.80000000E-06,i2,ch_e30,-1.77348641E+03
3.80000000E-06,i1,ch_e60,4.55562076E+00
3.80000000E-06,i2,ch_e60,-4.47287484E+00
3.80000000E-06,i1,ch_e90,2.81637081E-01
3.80000000E-06,i2,ch_e90,6.10904925E-01
3.90000000E-06,injectedCurrent,ch-base,1.00000000E+04
3.90000000E-06,voltage,ch-base,1.24551160E+07
3.90000000E-06,i1,ch_e1,1.00000000E+04
3.90000000E-06,i2,ch_e1,-9.95964905E+03
3.90000000E-06,i1,ch_e30,3.56730066E+03
3.90000000E-06,i2,ch_e30,-2.42476597E+03
3.90000000E-06,i1,ch_e60,-8.04783721E+00
3.90000000E-06,i2,ch_e60,-6.27627994E+00
3.90000000E-06,i1,ch_e90,3.43568167E-01
3.90000000E-06,i2,ch_e90,-2.59043618E-01
4.00000000E-06,injectedCurrent,ch-base,1.00000000E+04
4.00000000E-06,voltage,ch-base,1.25216767E+07
4.00000000E-06,i1,ch_e1,1.00000000E+04
4.00000000E-06,i2,ch_e1,-9.96001026E+03
4.00000000E-06,i1,ch_e30,4.49176193E+03
4.00000000E-06,i2,ch_e30,-3.17665918E+03
4.00000000E-06,i1,ch_e60,-5.57104339E+00
4.00000000E-06,i2,ch_e60,6.21636289E+00
4.00000000E-06,i1,ch_e90,-6.49648306E-01
4.00000000E-06,i2,ch_e90,-3.38124398E-01
4.10000000E-06,injectedCurrent,ch-base,1.00000000E+04
4.10000000E-06,voltage,ch-base,1.25872570E+07
4.10000000E-06,i1,ch_e1,1.00000000E+04
4.10000000E-06,i2,ch_e1,-9.96081103E+03
4.10000000E-06,i1,ch_e30,5.46996585E+03
4.10000000E-06,i2,ch_e30,-4.05098073E+03
4.10000000E-06,i1,ch_e60,9.94085884E+00
4.10000000E-06,i2,ch_e60,7.67516665E+00
4.10000000E-06,i1,ch_e90,2.39838529E-01
4.10000000E-06,i2,ch_e90,5.93386166E-01
4.20000000E-06,injectedCurrent,ch-base,1.00000000E+04
4.20000000E-06,voltage,ch-base,1.26518125E+07
4.20000000E-06,i1,ch_e1,1.00000000E+04
4.20000000E-06,i2,ch_e1,-9.96129324E+03
4.20000000E-06,i1,ch_e30,6.40433368E+03
4.20000000E-06,i2,ch_e30,-5.01058746E+03
4.20000000E-06,i1,ch_e60,8.74818770E+00
4.20000000E-06,i2,ch_e60,-7.37592731E+00
4.20000000E-06,i1,ch_e90,3.63871389E-01
4.20000000E-06,i2,ch_e90,-1.73195711E-01
4.30000000E-06,injectedCurrent,ch-base,1.00000000E+04
4.30000000E-06,voltage,ch-base,1.27154509E+07
4.30000000E-06,i1,ch_e1,1.00000000E+04
4.30000000E-06,i2,ch_e1,-9.96183912E+03
4.30000000E-06,i1,ch_e30,7.20233294E+03
4.30000000E-06,i2,ch_e30,-5.97095962E+03
4.30000000E-06,i1,ch_e60,-7.33766328E+00
4.30000000E-06,i2,ch_e60,-1.10265944E+01
4.30000000E-06,i1,ch_e90,-4.48612200E-01
4.30000000E-06,i2,ch_e90,-3.52366882E-01
4.40000000E-06,injectedCurrent,ch-base,1.00000000E+04
4.40000000E-06,voltage,ch-base,1.27782093E+07
4.40000000E-06,i1,ch_e1,1.00000000E+04
4.40000000E-06,i2,ch_e1,-9.96246807E+03
4.40000000E-06,i1,ch_e30,7.80990136E+03
4.40000000E-06,i2,ch_e30,-6.83504508E+03
4.40000000E-06,i1,ch_e60,-8.12621451E+00
4.40000000E-06,i2,ch_e60,3.45130182E+00
4.40000000E-06,i1,ch_e90,-6.08597162E-02
4.40000000E-06,i2,ch_e90,3.45591073E-01
4.50000000E-06,injectedCurrent,ch-base,1.00000000E+04
4.50000000E-06,voltage,ch-base,1.28400934E+07
4.50000000E-06,i1,ch_e1,1.00000000E+04
4.50000000E-06,i2,ch_e1,-9.96273509E+03
4.50000000E-06,i1,ch_e30,8.21835836E+03
4.50000000E-06,i2,ch_e30,-7.53112549E+03
4.50000000E-06,i1,ch_e60,8.79774390E+00
4.50000000E-06,i2,ch_e60,9.09229949E+00
4.50000000E-06,i1,ch_e90,3.14274558E-01
4.50000000E-06,i2,ch_e90,1.31458808E-01
4.60000000E-06,injectedCurrent,ch-base,1.00000000E+04
4.60000000E-06,voltage,ch-base,1.29012375E+07
4.60000000E-06,i1,ch_e1,1.00000000E+04
4.60000000E-06,i2,ch_e1,-9.96357953E+03
4.60000000E-06,i1,ch_e30,8.45553867E+03
4.60000000E-06,i2,ch_e30,-8.02990788E+03
4.60000000E-06,i1,ch_e60,1.74179852E+01
4.60000000E-06,i2,ch_e60,-4.65585543E+00
4.60000000E-06,i1,ch_e90,1.75042030E-02
4.60000000E-06,i2,ch_e90,-2.48296197E-01
4.70000000E-06,injectedCurrent,ch-base,1.00000000E+04
4.70000000E-06,voltage,ch-base,1.29615192E+07
4.70000000E-06,i1,ch_e1,1.00000000E+04
4.70000000E-06,i2,ch_e1,-9.96346507E+03
4.70000000E-06,i1,ch_e30,8.56646712E+03
4.70000000E-06,i2,ch_e30,-8.34327062E+03
4.70000000E-06,i1,ch_e60,8.39226404E+00
4.70000000E-06,i2,ch_e60,-1.70147558E+01
4.70000000E-06,i1,ch_e90,-2.67022581E-01
4.70000000E-06,i2,ch_e90,-1.16102367E-01
4.80000000E-06,injectedCurrent,ch-base,1.00000000E+04
4.80000000E-06,voltage,ch-base,1.30212219E+07
4.80000000E-06,i1,ch_e1,1.00000000E+04
4.80000000E-06,i2,ch_e1,-9.96474678E+03
4.80000000E-06,i1,ch_e30,8.59773372E+03
4.80000000E-06,i2,ch_e30,-8.50869118E+03
4.80000000E-06,i1,ch_e60,-5.36490877E-01
4.80000000E-06,i2,ch_e60,-1.26821526E+01
4.80000000E-06,i1,ch_e90,-1.71096217E-01
4.80000000E-06,i2,ch_e90,2.19021837E-01
4.90000000E-06,injectedCurrent,ch-base,1.00000000E+04
4.90000000E-06,voltage,ch-base,1.30799938E+07
4.90000000E-06,i1,ch_e1,1.00000000E+04
4.90000000E-06,i2,ch_e1,-9.96377191E+03
4.90000000E-06,i1,ch_e30,8.58713299E+03
4.90000000E-06,i2,ch_e30,-8.57250725E+03
4.90000000E-06,i1,ch_e60,4.23374244E+00
4.90000000E-06,i2,ch_e60,-3.14979670E+00
4.90000000E-06,i1,ch_e90,4.32991005E-01
4.90000000E-06,i2,ch_e90,2.95616450E-01
5.00000000E-06,injectedCurrent,ch-base,1.00000000E+04
5.00000000E-06,voltage,ch-base,1.31385172E+07
5.00000000E-06,i1,ch_e1,1.00000000E+04
5.00000000E-06,i2,ch_e1,-9.96702133E+03
5.00000000E-06,i1,ch_e30,8.56055017E+03
5.00000000E-06,i2,ch_e30,-8.57687668E+03
5.00000000E-06,i1,ch_e60,1.73424142E+01
5.00000000E-06,i2,ch_e60,-3.46859364E+00
5.00000000E-06,i1,ch_e90,2.34295334E-01
5.00000000E-06,i2,ch_e90,-3.87001531E-01
5.10000000E-06,injectedCurrent,ch-base,9.97777778E+03
5.10000000E-06,voltage,ch-base,1.31826124E+07
5.10000000E-06,i1,ch_e1,9.97777778E+03
5.10000000E-06,i2,ch_e1,-9.95418969E+03
5.10000000E-06,i1,ch_e30,8.53308740E+03
5.10000000E-06,i2,ch_e30,-8.55346700E+03
5.10000000E-06,i1,ch_e60,2.88830541E+01
5.10000000E-06,i2,ch_e60,-1.38643999E+01
5.10000000E-06,i1,ch_e90,-7.64585265E-01
5.10000000E-06,i2,ch_e90,-4.00176901E-01
5.20000000E-06,injectedCurrent,ch-base,9.95555556E+03
5.20000000E-06,voltage,ch-base,1.32223943E+07
5.20000000E-06,i1,ch_e1,9.95555556E+03
5.20000000E-06,i2,ch_e1,-9.93144631E+03
5.20000000E-06,i1,ch_e30,8.51143554E+03
5.20000000E-06,i2,ch_e30,-8.52271385E+03
5.20000000E-06,i1,ch_e60,3.43679835E+01
5.20000000E-06,i2,ch_e60,-2.64690792E+01
5.20000000E-06,i1,ch_e90,-1.97493127E-01
5.20000000E-06,i2,ch_e90,7.04058427E-01
5.30000000E-06,injectedCurrent,ch-base,9.93333333E+03
5.30000000E-06,voltage,ch-base,1.32604851E+07
5.30000000E-06,i1,ch_e1,9.93333333E+03
5.30000000E-06,i2,ch_e1,-9.91135488E+03
5.30000000E-06,i1,ch_e30,8.49775679E+03
5.30000000E-06,i2,ch_e30,-8.49515643E+03
5.30000000E-06,i1,ch_e60,3.21055737E+01
5.30000000E-06,i2,ch_e60,-3.57919011E+01
5.30000000E-06,i1,ch_e90,1.14285767E+00
5.30000000E-06,i2,ch_e90,4.50201783E-01
5.40000000E-06,injectedCurrent,ch-base,9.91111111E+03
5.40000000E-06,voltage,ch-base,1.32968353E+07
5.40000000E-06,i1,ch_e1,9.91111111E+03
5.40000000E-06,i2,ch_e1,-9.88924333E+03
5.40000000E-06,i1,ch_e30,8.49086290E+03
5.40000000E-06,i2,ch_e30,-8.47536752E+03
5.40000000E-06,i1,ch_e60,2.45679281E+01
5.40000000E-06,i2,ch_e60,-3.75297058E+01
5.40000000E-06,i1,ch_e90,7.47064172E-03
5.40000000E-06,i2,ch_e90,-1.09039256E+00
5.50000000E-06,injectedCurrent,ch-base,9.88888889E+03
5.50000000E-06,voltage,ch-base,1.33320324E+07
5.50000000E-06,i1,ch_e1,9.88888889E+03
5.50000000E-06,i2,ch_e1,-9.86824580E+03
5.50000000E-06,i1,ch_e30,8.48964470E+03
5.50000000E-06,i2,ch_e30,-8.46322047E+03
5.50000000E-06,i1,ch_e60,2.43122672E+01
5.50000000E-06,i2,ch_e60,-3.05259544E+01
5.50000000E-06,i1,ch_e90,-1.48584560E+00
5.50000000E-06,i2,ch_e90,-3.53963213E-01
5.60000000E-06,injectedCurrent,ch-base,9.86666667E+03
5.60000000E-06,voltage,ch-base,1.33659976E+07
5.60000000E-06,i1,ch_e1,9.86666667E+03
5.60000000E-06,i2,ch_e1,-9.84631269E+03
5.60000000E-06,i1,ch_e30,8.49165728E+03
5.60000000E-06,i2,ch_e30,-8.45809601E+03
5.60000000E-06,i1,ch_e60,4.51334766E+01
5.60000000E-06,i2,ch_e60,-2.46354469E+01
5.60000000E-06,i1,ch_e90,1.40924396E-01
5.60000000E-06,i2,ch_e90,1.42133116E+00
5.70000000E-06,injectedCurrent,ch-base,9.84444444E+03
5.70000000E-06,voltage,ch-base,1.33990174E+07
5.70000000E-06,i1,ch_e1,9.84444444E+03
5.70000000E-06,i2,ch_e1,-9.82492384E+03
5.70000000E-06,i1,ch_e30,8.49643489E+03
5.70000000E-06,i2,ch_e30,-8.45717197E+03
5.70000000E-06,i1,ch_e60,8.17854743E+01
5.70000000E-06,i2,ch_e60,-3.70467714E+01
5.70000000E-06,i1,ch_e90,1.78266904E+00
5.70000000E-06,i2,ch_e90,3.57413534E-01
5.80000000E-06,injectedCurrent,ch-base,9.82222222E+03
5.80000000E-06,voltage,ch-base,1.34310271E+07
5.80000000E-06,i1,ch_e1,9.82222222E+03
5.80000000E-06,i2,ch_e1,-9.80309684E+03
5.80000000E-06,i1,ch_e30,8.50227107E+03
5.80000000E-06,i2,ch_e30,-8.46017144E+03
5.80000000E-06,i1,ch_e60,1.06977306E+02
5.80000000E-06,i2,ch_e60,-7.14085885E+01
5.80000000E-06,i1,ch_e90,-2.21989017E-01
5.80000000E-06,i2,ch_e90,-1.75218806E+00
5.90000000E-06,injectedCurrent,ch-base,9.80000000E+03
5.90000000E-06,voltage,ch-base,1.34622263E+07
5.90000000E-06,i1,ch_e1,9.80000000E+03
5.90000000E-06,i2,ch_e1,-9.78144610E+03
5.90000000E-06,i1,ch_e30,8.50909247E+03
5.90000000E-06,i2,ch_e30,-8.46443138E+03
5.90000000E-06,i1,ch_e60,9.84097313E+01
5.90000000E-06,i2,ch_e60,-1.05791034E+02
5.90000000E-06,i1,ch_e90,-2.12154797E+00
5.90000000E-06,i2,ch_e90,-3.50970847E-01
6.00000000E-06,injectedCurrent,ch-base,9.77777778E+03
6.00000000E-06,voltage,ch-base,1.34925563E+07
6.00000000E-06,i1,ch_e1,9.77777778E+03
6.00000000E-06,i2,ch_e1,-9.75972308E+03
6.00000000E-06,i1,ch_e30,8.51703635E+03
6.00000000E-06,i2,ch_e30,-8.47051174E+03
6.00000000E-06,i1,ch_e60,6.83039732E+01
6.00000000E-06,i2,ch_e60,-1.11188155E+02
6.00000000E-06,i1,ch_e90,2.04442900E-01
6.00000000E-06,i2,ch_e90,1.98774138E+00
6.10000000E-06,injectedCurrent,ch-base,9.75555556E+03
6.10000000E-06,voltage,ch-base,1.35221160E+07
6.10000000E-06,i1,ch_e1,9.75555556E+03
6.10000000E-06,i2,ch_e1,-9.73788332E+03
6.10000000E-06,i1,ch_e30,8.52418273E+03
6.10000000E-06,i2,ch_e30,-8.47754311E+03
6.10000000E-06,i1,ch_e60,5.80810668E+01
6.10000000E-06,i2,ch_e60,-8.52949461E+01
6.10000000E-06,i1,ch_e90,2.50976239E+00
6.10000000E-06,i2,ch_e90,4.83935524E-01
6.20000000E-06,injectedCurrent,ch-base,9.73333333E+03
6.20000000E-06,voltage,ch-base,1.35509759E+07
6.20000000E-06,i1,ch_e1,9.73333333E+03
6.20000000E-06,i2,ch_e1,-9.71619379E+03
6.20000000E-06,i1,ch_e30,8.53305276E+03
6.20000000E-06,i2,ch_e30,-8.48420380E+03
6.20000000E-06,i1,ch_e60,9.95045870E+01
6.20000000E-06,i2,ch_e60,-6.18604007E+01
6.20000000E-06,i1,ch_e90,5.82613636E-01
6.20000000E-06,i2,ch_e90,-2.34972442E+00
6.30000000E-06,injectedCurrent,ch-base,9.71111111E+03
6.30000000E-06,voltage,ch-base,1.35790927E+07
6.30000000E-06,i1,ch_e1,9.71111111E+03
6.30000000E-06,i2,ch_e1,-9.69425639E+03
6.30000000E-06,i1,ch_e30,8.54144008E+03
6.30000000E-06,i2,ch_e30,-8.49257524E+03
6.30000000E-06,i1,ch_e60,1.80165365E+02
6.30000000E-06,i2,ch_e60,-8.15864314E+01
6.30000000E-06,i1,ch_e90,-1.94994489E+00
6.30000000E-06,i2,ch_e90,-1.38765278E+00
6.40000000E-06,injectedCurrent,ch-base,9.68888889E+03
6.40000000E-06,voltage,ch-base,1.36065468E+07
6.40000000E-06,i1,ch_e1,9.68888889E+03
6.40000000E-06,i2,ch_e1,-9.67262790E+03
6.40000000E-06,i1,ch_e30,8.54913223E+03
6.40000000E-06,i2,ch_e30,-8.50064987E+03
6.40000000E-06,i1,ch_e60,2.50904431E+02
6.40000000E-06,i2,ch_e60,-1.51042854E+02
6.40000000E-06,i1,ch_e90,5.76266962E-02
6.40000000E-06,i2,ch_e90,1.45104764E+00
6.50000000E-06,injectedCurrent,ch-base,9.66666667E+03
6.50000000E-06,voltage,ch-base,1.36333055E+07
6.50000000E-06,i1,ch_e1,9.66666667E+03
6.50000000E-06,i2,ch_e1,-9.65056138E+03
6.50000000E-06,i1,ch_e30,8.55806075E+03
6.50000000E-06,i2,ch_e30,-8.50806417E+03
6.50000000E-06,i1,ch_e60,2.67552085E+02
6.50000000E-06,i2,ch_e60,-2.32809437E+02
6.50000000E-06,i1,ch_e90,3.62139097E+00
6.50000000E-06,i2,ch_e90,5.67067941E-01
6.60000000E-06,injectedCurrent,ch-base,9.64444444E+03
6.60000000E-06,voltage,ch-base,1.36595057E+07
6.60000000E-06,i1,ch_e1,9.64444444E+03
6.60000000E-06,i2,ch_e1,-9.62895814E+03
6.60000000E-06,i1,ch_e30,8.56710575E+03
6.60000000E-06,i2,ch_e30,-8.51664428E+03
6.60000000E-06,i1,ch_e60,2.30799202E+02
6.60000000E-06,i2,ch_e60,-2.75606113E+02
6.60000000E-06,i1,ch_e90,3.50564108E+00
6.60000000E-06,i2,ch_e90,-3.08251217E+00
6.70000000E-06,injectedCurrent,ch-base,9.62222222E+03
6.70000000E-06,voltage,ch-base,1.36850573E+07
6.70000000E-06,i1,ch_e1,9.62222222E+03
6.70000000E-06,i2,ch_e1,-9.60679303E+03
6.70000000E-06,i1,ch_e30,8.57466070E+03
6.70000000E-06,i2,ch_e30,-8.52561615E+03
6.70000000E-06,i1,ch_e60,1.87088155E+02
6.70000000E-06,i2,ch_e60,-2.59476984E+02
6.70000000E-06,i1,ch_e90,8.28073552E-01
6.70000000E-06,i2,ch_e90,-4.20344065E+00
6.80000000E-06,injectedCurrent,ch-base,9.60000000E+03
6.80000000E-06,voltage,ch-base,1.37101059E+07
6.80000000E-06,i1,ch_e1,9.60000000E+03
6.80000000E-06,i2,ch_e1,-9.58523474E+03
6.80000000E-06,i1,ch_e30,8.58218767E+03
6.80000000E-06,i2,ch_e30,-8.53323743E+03
6.80000000E-06,i1,ch_e60,1.93606116E+02
6.80000000E-06,i2,ch_e60,-2.13140529E+02
6.80000000E-06,i1,ch_e90,1.04504783E+00
6.80000000E-06,i2,ch_e90,-1.89386341E+00
6.90000000E-06,injectedCurrent,ch-base,9.57777778E+03
6.90000000E-06,voltage,ch-base,1.37345220E+07
6.90000000E-06,i1,ch_e1,9.57777778E+03
6.90000000E-06,i2,ch_e1,-9.56298962E+03
6.90000000E-06,i1,ch_e30,8.59115207E+03
6.90000000E-06,i2,ch_e30,-8.54051479E+03
6.90000000E-06,i1,ch_e60,2.76630720E+02
6.90000000E-06,i2,ch_e60,-1.93196383E+02
6.90000000E-06,i1,ch_e90,4.91455624E+00
6.90000000E-06,i2,ch_e90,-1.13225933E+00
7.00000000E-06,injectedCurrent,ch-base,9.55555556E+03
7.00000000E-06,voltage,ch-base,1.37584796E+07
7.00000000E-06,i1,ch_e1,9.55555556E+03
7.00000000E-06,i2,ch_e1,-9.54147238E+03
7.00000000E-06,i1,ch_e30,8.59995360E+03
7.00000000E-06,i2,ch_e30,-8.54912539E+03
7.00000000E-06,i1,ch_e60,4.14812763E+02
7.00000000E-06,i2,ch_e60,-2.42012499E+02
7.00000000E-06,i1,ch_e90,7.95567626E+00
7.00000000E-06,i2,ch_e90,-4.18337773E+00
7.10000000E-06,injectedCurrent,ch-base,9.53333333E+03
7.10000000E-06,voltage,ch-base,1.37818224E+07
7.10000000E-06,i1,ch_e1,9.53333333E+03
7.10000000E-06,i2,ch_e1,-9.51915092E+03
7.10000000E-06,i1,ch_e30,8.60709953E+03
7.10000000E-06,i2,ch_e30,-8.55805175E+03
7.10000000E-06,i1,ch_e60,5.58025627E+02
7.10000000E-06,i2,ch_e60,-3.58995279E+02
7.10000000E-06,i1,ch_e90,7.73958489E+00
7.10000000E-06,i2,ch_e90,-7.83860744E+00
7.20000000E-06,injectedCurrent,ch-base,9.51111111E+03
7.20000000E-06,voltage,ch-base,1.38047509E+07
7.20000000E-06,i1,ch_e1,9.51111111E+03
7.20000000E-06,i2,ch_e1,-9.49767089E+03
7.20000000E-06,i1,ch_e30,8.61322967E+03
7.20000000E-06,i2,ch_e30,-8.56558284E+03
7.20000000E-06,i1,ch_e60,6.60961371E+02
7.20000000E-06,i2,ch_e60,-5.04989729E+02
7.20000000E-06,i1,ch_e90,6.66547327E+00
7.20000000E-06,i2,ch_e90,-8.69677480E+00
7.30000000E-06,injectedCurrent,ch-base,9.48888889E+03
7.30000000E-06,voltage,ch-base,1.38270814E+07
7.30000000E-06,i1,ch_e1,9.48888889E+03
7.30000000E-06,i2,ch_e1,-9.47527833E+03
7.30000000E-06,i1,ch_e30,8.62057419E+03
7.30000000E-06,i2,ch_e30,-8.57173515E+03
7.30000000E-06,i1,ch_e60,7.09424218E+02
7.30000000E-06,i2,ch_e60,-6.30193784E+02
7.30000000E-06,i1,ch_e90,7.98467077E+00
7.30000000E-06,i2,ch_e90,-7.78126223E+00
7.40000000E-06,injectedCurrent,ch-base,9.46666667E+03
7.40000000E-06,voltage,ch-base,1.38490378E+07
7.40000000E-06,i1,ch_e1,9.46666667E+03
7.40000000E-06,i2,ch_e1,-9.45383436E+03
7.40000000E-06,i1,ch_e30,8.62926712E+03
7.40000000E-06,i2,ch_e30,-8.57855123E+03
7.40000000E-06,i1,ch_e60,7.23476680E+02
7.40000000E-06,i2,ch_e60,-7.05452397E+02
7.40000000E-06,i1,ch_e90,1.17157500E+01
7.40000000E-06,i2,ch_e90,-8.24707895E+00
7.50000000E-06,injectedCurrent,ch-base,9.44444444E+03
7.50000000E-06,voltage,ch-base,1.38704104E+07
7.50000000E-06,i1,ch_e1,9.44444444E+03
7.50000000E-06,i2,ch_e1,-9.43137541E+03
7.50000000E-06,i1,ch_e30,8.63788007E+03
7.50000000E-06,i2,ch_e30,-8.58683638E+03
7.50000000E-06,i1,ch_e60,7.40104675E+02
7.50000000E-06,i2,ch_e60,-7.35705261E+02
7.50000000E-06,i1,ch_e90,1.57471565E+01
7.50000000E-06,i2,ch_e90,-1.12265129E+01
7.60000000E-06,injectedCurrent,ch-base,9.42222222E+03
7.60000000E-06,voltage,ch-base,1.38914453E+07
7.60000000E-06,i1,ch_e1,9.42222222E+03
7.60000000E-06,i2,ch_e1,-9.40996707E+03
7.60000000E-06,i1,ch_e30,8.64431282E+03
7.60000000E-06,i2,ch_e30,-8.59567355E+03
7.60000000E-06,i1,ch_e60,7.93144073E+02
7.60000000E-06,i2,ch_e60,-7.50689891E+02
7.60000000E-06,i1,ch_e90,1.83568463E+01
7.60000000E-06,i2,ch_e90,-1.53635583E+01
7.70000000E-06,injectedCurrent,ch-base,9.40000000E+03
7.70000000E-06,voltage,ch-base,1.39119079E+07
7.70000000E-06,i1,ch_e1,9.40000000E+03
7.70000000E-06,i2,ch_e1,-9.38744562E+03
7.70000000E-06,i1,ch_e30,8.64885905E+03
7.70000000E-06,i2,ch_e30,-8.60289758E+03
7.70000000E-06,i1,ch_e60,9.02306434E+02
7.70000000E-06,i2,ch_e60,-7.85928768E+02
7.70000000E-06,i1,ch_e90,1.92146489E+01
7.70000000E-06,i2,ch_e90,-1.88268831E+01
7.80000000E-06,injectedCurrent,ch-base,9.37777778E+03
7.80000000E-06,voltage,ch-base,1.39320659E+07
7.80000000E-06,i1,ch_e1,9.37777778E+03
7.80000000E-06,i2,ch_e1,-9.36607249E+03
7.80000000E-06,i1,ch_e30,8.65285297E+03
7.80000000E-06,i2,ch_e30,-8.60803190E+03
7.80000000E-06,i1,ch_e60,1.07478082E+03
7.80000000E-06,i2,ch_e60,-8.67279993E+02
7.80000000E-06,i1,ch_e90,1.95211556E+01
7.80000000E-06,i2,ch_e90,-2.05214145E+01
7.90000000E-06,injectedCurrent,ch-base,9.35555556E+03
7.90000000E-06,voltage,ch-base,1.39516616E+07
7.90000000E-06,i1,ch_e1,9.35555556E+03
7.90000000E-06,i2,ch_e1,-9.34349151E+03
7.90000000E-06,i1,ch_e30,8.65852472E+03
7.90000000E-06,i2,ch_e30,-8.61192967E+03
7.90000000E-06,i1,ch_e60,1.31547112E+03
7.90000000E-06,i2,ch_e60,-1.00669427E+03
7.90000000E-06,i1,ch_e90,2.17362120E+01
7.90000000E-06,i2,ch_e90,-2.08310859E+01
8.00000000E-06,injectedCurrent,ch-base,9.33333333E+03
8.00000000E-06,voltage,ch-base,1.39709832E+07
8.00000000E-06,i1,ch_e1,9.33333333E+03
8.00000000E-06,i2,ch_e1,-9.32215340E+03
8.00000000E-06,i1,ch_e30,8.66608070E+03
8.00000000E-06,i2,ch_e30,-8.61677444E+03
8.00000000E-06,i1,ch_e60,1.63584698E+03
8.00000000E-06,i2,ch_e60,-1.20949016E+03
8.00000000E-06,i1,ch_e90,2.77131327E+01
8.00000000E-06,i2,ch_e90,-2.19040335E+01
8.10000000E-06,injectedCurrent,ch-base,9.31111111E+03
8.10000000E-06,voltage,ch-base,1.39897504E+07
8.10000000E-06,i1,ch_e1,9.31111111E+03
8.10000000E-06,i2,ch_e1,-9.29951542E+03
8.10000000E-06,i1,ch_e30,8.67488947E+03
8.10000000E-06,i2,ch_e30,-8.62344009E+03
8.10000000E-06,i1,ch_e60,2.05332038E+03
8.10000000E-06,i2,ch_e60,-1.48437551E+03
8.10000000E-06,i1,ch_e90,3.58294941E+01
8.10000000E-06,i2,ch_e90,-2.65012959E+01
8.20000000E-06,injectedCurrent,ch-base,9.28888889E+03
8.20000000E-06,voltage,ch-base,1.40082720E+07
8.20000000E-06,i1,ch_e1,9.28888889E+03
8.20000000E-06,i2,ch_e1,-9.27821230E+03
8.20000000E-06,i1,ch_e30,8.68249260E+03
8.20000000E-06,i2,ch_e30,-8.63187055E+03
8.20000000E-06,i1,ch_e60,2.58331361E+03
8.20000000E-06,i2,ch_e60,-1.84687457E+03
8.20000000E-06,i1,ch_e90,4.11664223E+01
8.20000000E-06,i2,ch_e90,-3.45801644E+01
8.30000000E-06,injectedCurrent,ch-base,9.26666667E+03
8.30000000E-06,voltage,ch-base,1.40262457E+07
8.30000000E-06,i1,ch_e1,9.26666667E+03
8.30000000E-06,i2,ch_e1,-9.25551932E+03
8.30000000E-06,i1,ch_e30,8.68733733E+03
8.30000000E-06,i2,ch_e30,-8.64009050E+03
8.30000000E-06,i1,ch_e60,3.22867912E+03
8.30000000E-06,i2,ch_e60,-2.31467719E+03
8.30000000E-06,i1,ch_e90,4.09031014E+01
8.30000000E-06,i2,ch_e90,-4.18189503E+01
8.40000000E-06,injectedCurrent,ch-base,9.24444444E+03
8.40000000E-06,voltage,ch-base,1.40440004E+07
8.40000000E-06,i1,ch_e1,9.24444444E+03
8.40000000E-06,i2,ch_e1,-9.23425122E+03
8.40000000E-06,i1,ch_e30,8.68772786E+03
8.40000000E-06,i2,ch_e30,-8.64638545E+03
8.40000000E-06,i1,ch_e60,3.97175264E+03
8.40000000E-06,i2,ch_e60,-2.89818890E+03
8.40000000E-06,i1,ch_e90,3.88968679E+01
8.40000000E-06,i2,ch_e90,-4.36701501E+01
8.50000000E-06,injectedCurrent,ch-base,9.22222222E+03
8.50000000E-06,voltage,ch-base,1.40612125E+07
8.50000000E-06,i1,ch_e1,9.22222222E+03
8.50000000E-06,i2,ch_e1,-9.21150488E+03
8.50000000E-06,i1,ch_e30,8.68393210E+03
8.50000000E-06,i2,ch_e30,-8.64880923E+03
8.50000000E-06,i1,ch_e60,4.77275756E+03
8.50000000E-06,i2,ch_e60,-3.59068590E+03
8.50000000E-06,i1,ch_e90,4.30146156E+01
8.50000000E-06,i2,ch_e90,-4.13696442E+01
8.60000000E-06,injectedCurrent,ch-base,9.20000000E+03
8.60000000E-06,voltage,ch-base,1.40782305E+07
8.60000000E-06,i1,ch_e1,9.20000000E+03
8.60000000E-06,i2,ch_e1,-9.19027193E+03
8.60000000E-06,i1,ch_e30,8.67601901E+03
8.60000000E-06,i2,ch_e30,-8.64705657E+03
8.60000000E-06,i1,ch_e60,5.57706432E+03
8.60000000E-06,i2,ch_e60,-4.36322848E+03
8.60000000E-06,i1,ch_e90,5.64223157E+01
8.60000000E-06,i2,ch_e90,-4.22948362E+01
8.70000000E-06,injectedCurrent,ch-base,9.17777778E+03
8.70000000E-06,voltage,ch-base,1.40947100E+07
8.70000000E-06,i1,ch_e1,9.17777778E+03
8.70000000E-06,i2,ch_e1,-9.16747358E+03
8.70000000E-06,i1,ch_e30,8.66549317E+03
8.70000000E-06,i2,ch_e30,-8.64096539E+03
8.70000000E-06,i1,ch_e60,6.32698357E+03
8.70000000E-06,i2,ch_e60,-5.16794897E+03
8.70000000E-06,i1,ch_e90,7.24214128E+01
8.70000000E-06,i2,ch_e90,-5.25650949E+01
8.80000000E-06,injectedCurrent,ch-base,9.15555556E+03
8.80000000E-06,voltage,ch-base,1.41110191E+07
8.80000000E-06,i1,ch_e1,9.15555556E+03
8.80000000E-06,i2,ch_e1,-9.14627600E+03
8.80000000E-06,i1,ch_e30,8.65282538E+03
8.80000000E-06,i2,ch_e30,-8.63173513E+03
8.80000000E-06,i1,ch_e60,6.97351696E+03
8.80000000E-06,i2,ch_e60,-5.94796957E+03
8.80000000E-06,i1,ch_e90,8.01363359E+01
8.80000000E-06,i2,ch_e90,-6.91347048E+01
8.90000000E-06,injectedCurrent,ch-base,9.13333333E+03
8.90000000E-06,voltage,ch-base,1.41267927E+07
8.90000000E-06,i1,ch_e1,9.13333333E+03
8.90000000E-06,i2,ch_e1,-9.12342672E+03
8.90000000E-06,i1,ch_e30,8.63941119E+03
8.90000000E-06,i2,ch_e30,-8.61995961E+03
8.90000000E-06,i1,ch_e60,7.48416752E+03
8.90000000E-06,i2,ch_e60,-6.64918102E+03
8.90000000E-06,i1,ch_e90,7.63859494E+01
8.90000000E-06,i2,ch_e90,-8.13526620E+01
9.00000000E-06,injectedCurrent,ch-base,9.11111111E+03
9.00000000E-06,voltage,ch-base,1.41424184E+07
9.00000000E-06,i1,ch_e1,9.11111111E+03
9.00000000E-06,i2,ch_e1,-9.10226478E+03
9.00000000E-06,i1,ch_e30,8.62524122E+03
9.00000000E-06,i2,ch_e30,-8.60698637E+03
9.00000000E-06,i1,ch_e60,7.84694684E+03
9.00000000E-06,i2,ch_e60,-7.23001477E+03
9.00000000E-06,i1,ch_e90,7.06656912E+01
9.00000000E-06,i2,ch_e90,-8.17870535E+01
9.10000000E-06,injectedCurrent,ch-base,9.08888889E+03
9.10000000E-06,voltage,ch-base,1.41575109E+07
9.10000000E-06,i1,ch_e1,9.08888889E+03
9.10000000E-06,i2,ch_e1,-9.07936548E+03
9.10000000E-06,i1,ch_e30,8.61124686E+03
9.10000000E-06,i2,ch_e30,-8.59307528E+03
9.10000000E-06,i1,ch_e60,8.06923806E+03
9.10000000E-06,i2,ch_e60,-7.66769118E+03
9.10000000E-06,i1,ch_e90,7.70021335E+01
9.10000000E-06,i2,ch_e90,-7.51805788E+01
9.20000000E-06,injectedCurrent,ch-base,9.06666667E+03
9.20000000E-06,voltage,ch-base,1.41724768E+07
9.20000000E-06,i1,ch_e1,9.06666667E+03
9.20000000E-06,i2,ch_e1,-9.05823950E+03
9.20000000E-06,i1,ch_e30,8.59696403E+03
9.20000000E-06,i2,ch_e30,-8.57912556E+03
9.20000000E-06,i1,ch_e60,8.17287429E+03
9.20000000E-06,i2,ch_e60,-7.95983207E+03
9.20000000E-06,i1,ch_e90,9.99129772E+01
9.20000000E-06,i2,ch_e90,-7.53362233E+01
9.30000000E-06,injectedCurrent,ch-base,9.04444444E+03
9.30000000E-06,voltage,ch-base,1.41869107E+07
9.30000000E-06,i1,ch_e1,9.04444444E+03
9.30000000E-06,i2,ch_e1,-9.03529088E+03
9.30000000E-06,i1,ch_e30,8.58306945E+03
9.30000000E-06,i2,ch_e30,-8.56491078E+03
9.30000000E-06,i1,ch_e60,8.18674096E+03
9.30000000E-06,i2,ch_e60,-8.12124241E+03
9.30000000E-06,i1,ch_e90,1.28498598E+02
9.30000000E-06,i2,ch_e90,-9.20438095E+01
9.40000000E-06,injectedCurrent,ch-base,9.02222222E+03
9.40000000E-06,voltage,ch-base,1.42012387E+07
9.40000000E-06,i1,ch_e1,9.02222222E+03
9.40000000E-06,i2,ch_e1,-9.01420121E+03
9.40000000E-06,i1,ch_e30,8.56889454E+03
9.40000000E-06,i2,ch_e30,-8.55100240E+03
9.40000000E-06,i1,ch_e60,8.14081292E+03
9.40000000E-06,i2,ch_e60,-8.17748566E+03
9.40000000E-06,i1,ch_e90,1.45374482E+02
9.40000000E-06,i2,ch_e90,-1.20480987E+02
9.50000000E-06,injectedCurrent,ch-base,9.00000000E+03
9.50000000E-06,voltage,ch-base,1.42150352E+07
9.50000000E-06,i1,ch_e1,9.00000000E+03
9.50000000E-06,i2,ch_e1,-8.99120384E+03
9.50000000E-06,i1,ch_e30,8.55507327E+03
9.50000000E-06,i2,ch_e30,-8.53691832E+03
9.50000000E-06,i1,ch_e60,8.06183510E+03
9.50000000E-06,i2,ch_e60,-8.15821480E+03
9.50000000E-06,i1,ch_e90,1.42913587E+02
9.50000000E-06,i2,ch_e90,-1.44238433E+02
9.60000000E-06,injectedCurrent,ch-base,8.97777778E+03
9.60000000E-06,voltage,ch-base,1.42287456E+07
9.60000000E-06,i1,ch_e1,8.97777778E+03
9.60000000E-06,i2,ch_e1,-8.97015088E+03
9.60000000E-06,i1,ch_e30,8.54088137E+03
9.60000000E-06,i2,ch_e30,-8.52313346E+03
9.60000000E-06,i1,ch_e60,7.97128720E+03
9.60000000E-06,i2,ch_e60,-8.09214807E+03
9.60000000E-06,i1,ch_e90,1.31423293E+02
9.60000000E-06,i2,ch_e90,-1.50002181E+02
9.70000000E-06,injectedCurrent,ch-base,8.95555556E+03
9.70000000E-06,voltage,ch-base,1.42419243E+07
9.70000000E-06,i1,ch_e1,8.95555556E+03
9.70000000E-06,i2,ch_e1,-8.94710519E+03
9.70000000E-06,i1,ch_e30,8.52699662E+03
9.70000000E-06,i2,ch_e30,-8.50909147E+03
9.70000000E-06,i1,ch_e60,7.88386904E+03
9.70000000E-06,i2,ch_e60,-8.00384030E+03
9.70000000E-06,i1,ch_e90,1.31355013E+02
9.70000000E-06,i2,ch_e90,-1.40480907E+02
9.80000000E-06,injectedCurrent,ch-base,8.93333333E+03
9.80000000E-06,voltage,ch-base,1.42550359E+07
9.80000000E-06,i1,ch_e1,8.93333333E+03
9.80000000E-06,i2,ch_e1,-8.92608937E+03
9.80000000E-06,i1,ch_e30,8.51267875E+03
9.80000000E-06,i2,ch_e30,-8.49528869E+03
9.80000000E-06,i1,ch_e60,7.80784696E+03
9.80000000E-06,i2,ch_e60,-7.91169565E+03
9.80000000E-06,i1,ch_e90,1.56129168E+02
9.80000000E-06,i2,ch_e90,-1.33322862E+02
9.90000000E-06,injectedCurrent,ch-base,8.91111111E+03
9.90000000E-06,voltage,ch-base,1.42676149E+07
9.90000000E-06,i1,ch_e1,8.91111111E+03
9.90000000E-06,i2,ch_e1,-8.90299570E+03
9.90000000E-06,i1,ch_e30,8.49865844E+03
9.90000000E-06,i2,ch_e30,-8.48115787E+03
9.90000000E-06,i1,ch_e60,7.74616493E+03
9.90000000E-06,i2,ch_e60,-7.82728196E+03
9.90000000E-06,i1,ch_e90,2.00377370E+02
9.90000000E-06,i2,ch_e90,-1.46781461E+02
1.00000000E-05,injectedCurrent,ch-base,8.88888889E+03
1.00000000E-05,voltage,ch-base,1.42801454E+07
1.00000000E-05,i1,ch_e1,8.88888889E+03
1.00000000E-05,i2,ch_e1,-8.88201745E+03
1.00000000E-05,i1,ch_e30,8.48417365E+03
1.00000000E-05,i2,ch_e30,-8.46724064E+03
1.00000000E-05,i1,ch_e60,7.69890229E+03
1.00000000E-05,i2,ch_e60,-7.75616165E+03
1.00000000E-05,i1,ch_e90,2.43376024E+02
1.00000000E-05,i2,ch_e90,-1.84234583E+02
1.01000000E-05,injectedCurrent,ch-base,8.86666667E+03
1.01000000E-05,voltage,ch-base,1.42921420E+07
1.01000000E-05,i1,ch_e1,8.86666667E+03
1.01000000E-05,i2,ch_e1,-8.85887604E+03
1.01000000E-05,i1,ch_e30,8.46999734E+03
1.01000000E-05,i2,ch_e30,-8.45296004E+03
1.01000000E-05,i1,ch_e60,7.66461951E+03
1.01000000E-05,i2,ch_e60,-7.69983506E+03
1.01000000E-05,i1,ch_e90,2.65040872E+02
1.01000000E-05,i2,ch_e90,-2.30624469E+02
1.02000000E-05,injectedCurrent,ch-base,8.84444444E+03
1.02000000E-05,voltage,ch-base,1.43041079E+07
1.02000000E-05,i1,ch_e1,8.84444444E+03
1.02000000E-05,i2,ch_e1,-8.83793581E+03
1.02000000E-05,i1,ch_e30,8.45533650E+03
1.02000000E-05,i2,ch_e30,-8.43889430E+03
1.02000000E-05,i1,ch_e60,7.64141848E+03
1.02000000E-05,i2,ch_e60,-7.65766382E+03
1.02000000E-05,i1,ch_e90,2.61701775E+02
1.02000000E-05,i2,ch_e90,-2.63720678E+02
1.03000000E-05,injectedCurrent,ch-base,8.82222222E+03
1.03000000E-05,voltage,ch-base,1.43155378E+07
1.03000000E-05,i1,ch_e1,8.82222222E+03
1.03000000E-05,i2,ch_e1,-8.81474682E+03
1.03000000E-05,i1,ch_e30,8.44100056E+03
1.03000000E-05,i2,ch_e30,-8.42444665E+03
1.03000000E-05,i1,ch_e60,7.62673428E+03
1.03000000E-05,i2,ch_e60,-7.62798108E+03
1.03000000E-05,i1,ch_e90,2.49446029E+02
1.03000000E-05,i2,ch_e90,-2.71376470E+02
1.04000000E-05,injectedCurrent,ch-base,8.80000000E+03
1.04000000E-05,voltage,ch-base,1.43269546E+07
1.04000000E-05,i1,ch_e1,8.80000000E+03
1.04000000E-05,i2,ch_e1,-8.79384509E+03
1.04000000E-05,i1,ch_e30,8.42616266E+03
1.04000000E-05,i2,ch_e30,-8.41022413E+03
1.04000000E-05,i1,ch_e60,7.61800003E+03
1.04000000E-05,i2,ch_e60,-7.60844648E+03
1.04000000E-05,i1,ch_e90,2.52756015E+02
1.04000000E-05,i2,ch_e90,-2.61111805E+02
1.05000000E-05,injectedCurrent,ch-base,8.77777778E+03
1.05000000E-05,voltage,ch-base,1.43378328E+07
1.05000000E-05,i1,ch_e1,8.77777778E+03
1.05000000E-05,i2,ch_e1,-8.77060864E+03
1.05000000E-05,i1,ch_e30,8.41166767E+03
1.05000000E-05,i2,ch_e30,-8.39560569E+03
1.05000000E-05,i1,ch_e60,7.61288036E+03
1.05000000E-05,i2,ch_e60,-7.59632363E+03
1.05000000E-05,i1,ch_e90,2.87472530E+02
1.05000000E-05,i2,ch_e90,-2.55054504E+02
1.06000000E-05,injectedCurrent,ch-base,8.75555556E+03
1.06000000E-05,voltage,ch-base,1.43487150E+07
1.06000000E-05,i1,ch_e1,8.75555556E+03
1.06000000E-05,i2,ch_e1,-8.74974585E+03
1.06000000E-05,i1,ch_e30,8.39665471E+03
1.06000000E-05,i2,ch_e30,-8.38122512E+03
1.06000000E-05,i1,ch_e60,7.61016599E+03
1.06000000E-05,i2,ch_e60,-7.58903400E+03
1.06000000E-05,i1,ch_e90,3.50356295E+02
1.06000000E-05,i2,ch_e90,-2.74441230E+02
1.07000000E-05,injectedCurrent,ch-base,8.73333333E+03
1.07000000E-05,voltage,ch-base,1.43590556E+07
1.07000000E-05,i1,ch_e1,8.73333333E+03
1.07000000E-05,i2,ch_e1,-8.72646199E+03
1.07000000E-05,i1,ch_e30,8.38200407E+03
1.07000000E-05,i2,ch_e30,-8.36643629E+03
1.07000000E-05,i1,ch_e60,7.60932633E+03
1.07000000E-05,i2,ch_e60,-7.58478399E+03
1.07000000E-05,i1,ch_e90,4.21828320E+02
1.07000000E-05,i2,ch_e90,-3.25384633E+02
1.08000000E-05,injectedCurrent,ch-base,8.71111111E+03
1.08000000E-05,voltage,ch-base,1.43694168E+07
1.08000000E-05,i1,ch_e1,8.71111111E+03
1.08000000E-05,i2,ch_e1,-8.70563863E+03
1.08000000E-05,i1,ch_e30,8.36682057E+03
1.08000000E-05,i2,ch_e30,-8.35189967E+03
1.08000000E-05,i1,ch_e60,7.61036266E+03
1.08000000E-05,i2,ch_e60,-7.58274951E+03
1.08000000E-05,i1,ch_e90,4.78922651E+02
1.08000000E-05,i2,ch_e90,-3.95290711E+02
1.09000000E-05,injectedCurrent,ch-base,8.68888889E+03
1.09000000E-05,voltage,ch-base,1.43792330E+07
1.09000000E-05,i1,ch_e1,8.68888889E+03
1.09000000E-05,i2,ch_e1,-8.68230736E+03
1.09000000E-05,i1,ch_e30,8.35201985E+03
1.09000000E-05,i2,ch_e30,-8.33694379E+03
1.09000000E-05,i1,ch_e60,7.61281399E+03
1.09000000E-05,i2,ch_e60,-7.58270032E+03
1.09000000E-05,i1,ch_e90,5.09497975E+02
1.09000000E-05,i2,ch_e90,-4.61565710E+02
1.10000000E-05,injectedCurrent,ch-base,8.66666667E+03
1.10000000E-05,voltage,ch-base,1.43890861E+07
1.10000000E-05,i1,ch_e1,8.66666667E+03
1.10000000E-05,i2,ch_e1,-8.66152389E+03
1.10000000E-05,i1,ch_e30,8.33667197E+03
1.10000000E-05,i2,ch_e30,-8.32225562E+03
1.10000000E-05,i1,ch_e60,7.61604990E+03
1.10000000E-05,i2,ch_e60,-7.58437661E+03
1.10000000E-05,i1,ch_e90,5.18862810E+02
1.10000000E-05,i2,ch_e90,-5.05904867E+02
1.11000000E-05,injectedCurrent,ch-base,8.64444444E+03
1.11000000E-05,voltage,ch-base,1.43983903E+07
1.11000000E-05,i1,ch_e1,8.64444444E+03
1.11000000E-05,i2,ch_e1,-8.63814520E+03
1.11000000E-05,i1,ch_e30,8.32172775E+03
1.11000000E-05,i2,ch_e30,-8.30713806E+03
1.11000000E-05,i1,ch_e60,7.61917907E+03
1.11000000E-05,i2,ch_e60,-7.58715908E+03
1.11000000E-05,i1,ch_e90,5.25790280E+02
1.11000000E-05,i2,ch_e90,-5.25063369E+02
1.12000000E-05,injectedCurrent,ch-base,8.62222222E+03
1.12000000E-05,voltage,ch-base,1.44077474E+07
1.12000000E-05,i1,ch_e1,8.62222222E+03
1.12000000E-05,i2,ch_e1,-8.61740206E+03
1.12000000E-05,i1,ch_e30,8.30622219E+03
1.12000000E-05,i2,ch_e30,-8.29230430E+03
1.12000000E-05,i1,ch_e60,7.62196536E+03
1.12000000E-05,i2,ch_e60,-7.59022116E+03
1.12000000E-05,i1,ch_e90,5.51434587E+02
1.12000000E-05,i2,ch_e90,-5.31854229E+02
1.13000000E-05,injectedCurrent,ch-base,8.60000000E+03
1.13000000E-05,voltage,ch-base,1.44165514E+07
1.13000000E-05,i1,ch_e1,8.60000000E+03
1.13000000E-05,i2,ch_e1,-8.59397592E+03
1.13000000E-05,i1,ch_e30,8.29114126E+03
1.13000000E-05,i2,ch_e30,-8.27703123E+03
1.13000000E-05,i1,ch_e60,7.62454714E+03
1.13000000E-05,i2,ch_e60,-7.59298906E+03
1.13000000E-05,i1,ch_e90,6.08610387E+02
1.13000000E-05,i2,ch_e90,-5.47079074E+02
1.14000000E-05,injectedCurrent,ch-base,8.57777778E+03
1.14000000E-05,voltage,ch-base,1.44254241E+07
1.14000000E-05,i1,ch_e1,8.57777778E+03
1.14000000E-05,i2,ch_e1,-8.57327354E+03
1.14000000E-05,i1,ch_e30,8.27548462E+03
1.14000000E-05,i2,ch_e30,-8.26205831E+03
1.14000000E-05,i1,ch_e60,7.62764691E+03
1.14000000E-05,i2,ch_e60,-7.59545486E+03
1.14000000E-05,i1,ch_e90,6.97177109E+02
1.14000000E-05,i2,ch_e90,-5.88139656E+02
1.15000000E-05,injectedCurrent,ch-base,8.55555556E+03
1.15000000E-05,voltage,ch-base,1.44337389E+07
1.15000000E-05,i1,ch_e1,8.55555556E+03
1.15000000E-05,i2,ch_e1,-8.54979989E+03
1.15000000E-05,i1,ch_e30,8.26027361E+03
1.15000000E-05,i2,ch_e30,-8.24663608E+03
1.15000000E-05,i1,ch_e60,7.63160463E+03
1.15000000E-05,i2,ch_e60,-7.59810986E+03
1.15000000E-05,i1,ch_e90,8.06843647E+02
1.15000000E-05,i2,ch_e90,-6.61356641E+02
1.16000000E-05,injectedCurrent,ch-base,8.53333333E+03
1.16000000E-05,voltage,ch-base,1.44421380E+07
1.16000000E-05,i1,ch_e1,8.53333333E+03
1.16000000E-05,i2,ch_e1,-8.52913868E+03
1.16000000E-05,i1,ch_e30,8.24447225E+03
1.16000000E-05,i2,ch_e30,-8.23153032E+03
1.16000000E-05,i1,ch_e60,7.63649181E+03
1.16000000E-05,i2,ch_e60,-7.60152073E+03
1.16000000E-05,i1,ch_e90,9.24050712E+02
1.16000000E-05,i2,ch_e90,-7.61237063E+02
1.17000000E-05,injectedCurrent,ch-base,8.51111111E+03
1.17000000E-05,voltage,ch-base,1.44499742E+07
1.17000000E-05,i1,ch_e1,8.51111111E+03
1.17000000E-05,i2,ch_e1,-8.50561746E+03
1.17000000E-05,i1,ch_e30,8.22913744E+03
1.17000000E-05,i2,ch_e30,-8.21596511E+03
1.17000000E-05,i1,ch_e60,7.64159968E+03
1.17000000E-05,i2,ch_e60,-7.60588957E+03
1.17000000E-05,i1,ch_e90,1.03851158E+03
1.17000000E-05,i2,ch_e90,-8.75614427E+02
1.18000000E-05,injectedCurrent,ch-base,8.48888889E+03
1.18000000E-05,voltage,ch-base,1.44579100E+07
1.18000000E-05,i1,ch_e1,8.48888889E+03
1.18000000E-05,i2,ch_e1,-8.48499783E+03
1.18000000E-05,i1,ch_e30,8.21319745E+03
1.18000000E-05,i2,ch_e30,-8.20073263E+03
1.18000000E-05,i1,ch_e60,7.64626767E+03
1.18000000E-05,i2,ch_e60,-7.61085847E+03
1.18000000E-05,i1,ch_e90,1.14621954E+03
1.18000000E-05,i2,ch_e90,-9.92438462E+02
1.19000000E-05,injectedCurrent,ch-base,8.46666667E+03
1.19000000E-05,voltage,ch-base,1.44652776E+07
1.19000000E-05,i1,ch_e1,8.46666667E+03
1.19000000E-05,i2,ch_e1,-8.46142899E+03
1.19000000E-05,i1,ch_e30,8.19774485E+03
1.19000000E-05,i2,ch_e30,-8.18503033E+03
1.19000000E-05,i1,ch_e60,7.64980698E+03
1.19000000E-05,i2,ch_e60,-7.61569831E+03
1.19000000E-05,i1,ch_e90,1.24873824E+03
1.19000000E-05,i2,ch_e90,-1.10460372E+03
1.20000000E-05,injectedCurrent,ch-base,8.44444444E+03
1.20000000E-05,voltage,ch-base,1.44727599E+07
1.20000000E-05,i1,ch_e1,8.44444444E+03
1.20000000E-05,i2,ch_e1,-8.44085126E+03
1.20000000E-05,i1,ch_e30,8.18167195E+03
1.20000000E-05,i2,ch_e30,-8.16967699E+03
1.20000000E-05,i1,ch_e60,7.65231885E+03
1.20000000E-05,i2,ch_e60,-7.61970316E+03
1.20000000E-05,i1,ch_e90,1.35042280E+03
1.20000000E-05,i2,ch_e90,-1.21093526E+03
1.21000000E-05,injectedCurrent,ch-base,8.42222222E+03
1.21000000E-05,voltage,ch-base,1.44796683E+07
1.21000000E-05,i1,ch_e1,8.42222222E+03
1.21000000E-05,i2,ch_e1,-8.41723478E+03
1.21000000E-05,i1,ch_e30,8.16610730E+03
1.21000000E-05,i2,ch_e30,-8.15384327E+03
1.21000000E-05,i1,ch_e60,7.65415987E+03
1.21000000E-05,i2,ch_e60,-7.62257778E+03
1.21000000E-05,i1,ch_e90,1.45616968E+03
1.21000000E-05,i2,ch_e90,-1.31433747E+03
1.22000000E-05,injectedCurrent,ch-base,8.40000000E+03
1.22000000E-05,voltage,ch-base,1.44867062E+07
1.22000000E-05,i1,ch_e1,8.40000000E+03
1.22000000E-05,i2,ch_e1,-8.39669926E+03
1.22000000E-05,i1,ch_e30,8.14990696E+03
1.22000000E-05,i2,ch_e30,-8.13837463E+03
1.22000000E-05,i1,ch_e60,7.65622091E+03
1.22000000E-05,i2,ch_e60,-7.62456998E+03
1.22000000E-05,i1,ch_e90,1.57125189E+03
1.22000000E-05,i2,ch_e90,-1.41909611E+03
1.23000000E-05,injectedCurrent,ch-base,8.37777778E+03
1.23000000E-05,voltage,ch-base,1.44931644E+07
1.23000000E-05,i1,ch_e1,8.37777778E+03
1.23000000E-05,i2,ch_e1,-8.37303512E+03
1.23000000E-05,i1,ch_e30,8.13423561E+03
1.23000000E-05,i2,ch_e30,-8.12241486E+03
1.23000000E-05,i1,ch_e60,7.65899580E+03
1.23000000E-05,i2,ch_e60,-7.62633613E+03
1.23000000E-05,i1,ch_e90,1.70330975E+03
1.23000000E-05,i2,ch_e90,-1.52975136E+03
1.24000000E-05,injectedCurrent,ch-base,8.35555556E+03
1.24000000E-05,voltage,ch-base,1.44997669E+07
1.24000000E-05,i1,ch_e1,8.35555556E+03
1.24000000E-05,i2,ch_e1,-8.35254209E+03
1.24000000E-05,i1,ch_e30,8.11791300E+03
1.24000000E-05,i2,ch_e30,-8.10683624E+03
1.24000000E-05,i1,ch_e60,7.66283880E+03
1.24000000E-05,i2,ch_e60,-7.62859648E+03
1.24000000E-05,i1,ch_e90,1.86470339E+03
1.24000000E-05,i2,ch_e90,-1.65212671E+03
1.25000000E-05,injectedCurrent,ch-base,8.33333333E+03
1.25000000E-05,voltage,ch-base,1.45057836E+07
1.25000000E-05,i1,ch_e1,8.33333333E+03
1.25000000E-05,i2,ch_e1,-8.32883029E+03
1.25000000E-05,i1,ch_e30,8.10214007E+03
1.25000000E-05,i2,ch_e30,-8.09075551E+03
1.25000000E-05,i1,ch_e60,7.66727452E+03
1.25000000E-05,i2,ch_e60,-7.63179479E+03
1.25000000E-05,i1,ch_e90,2.07311671E+03
1.25000000E-05,i2,ch_e90,-1.79581339E+03
1.26000000E-05,injectedCurrent,ch-base,8.31111111E+03
1.26000000E-05,voltage,ch-base,1.45119590E+07
1.26000000E-05,i1,ch_e1,8.31111111E+03
1.26000000E-05,i2,ch_e1,-8.30837995E+03
1.26000000E-05,i1,ch_e30,8.08570004E+03
1.26000000E-05,i2,ch_e30,-8.07507193E+03
1.26000000E-05,i1,ch_e60,7.67167285E+03
1.26000000E-05,i2,ch_e60,-7.63587380E+03
1.26000000E-05,i1,ch_e90,2.34901818E+03
1.26000000E-05,i2,ch_e90,-1.97578684E+03
1.27000000E-05,injectedCurrent,ch-base,8.28888889E+03
1.27000000E-05,voltage,ch-base,1.45175422E+07
1.27000000E-05,i1,ch_e1,8.28888889E+03
1.27000000E-05,i2,ch_e1,-8.28462057E+03
1.27000000E-05,i1,ch_e30,8.06983033E+03
1.27000000E-05,i2,ch_e30,-8.05887509E+03
1.27000000E-05,i1,ch_e60,7.67489095E+03
1.27000000E-05,i2,ch_e60,-7.64027470E+03
1.27000000E-05,i1,ch_e90,2.71049394E+03
1.27000000E-05,i2,ch_e90,-2.21155285E+03
1.28000000E-05,injectedCurrent,ch-base,8.26666667E+03
1.28000000E-05,voltage,ch-base,1.45232985E+07
1.28000000E-05,i1,ch_e1,8.26666667E+03
1.28000000E-05,i2,ch_e1,-8.26421307E+03
1.28000000E-05,i1,ch_e30,8.05327749E+03
1.28000000E-05,i2,ch_e30,-8.04309127E+03
1.28000000E-05,i1,ch_e60,7.67614849E+03
1.28000000E-05,i2,ch_e60,-7.64409576E+03
1.28000000E-05,i1,ch_e90,3.16714205E+03
1.28000000E-05,i2,ch_e90,-2.52313545E+03
1.29000000E-05,injectedCurrent,ch-base,8.24444444E+03
1.29000000E-05,voltage,ch-base,1.45284560E+07
1.29000000E-05,i1,ch_e1,8.24444444E+03
1.29000000E-05,i2,ch_e1,-8.24040619E+03
1.29000000E-05,i1,ch_e30,8.03731551E+03
1.29000000E-05,i2,ch_e30,-8.02678288E+03
1.29000000E-05,i1,ch_e60,7.67463528E+03
1.29000000E-05,i2,ch_e60,-7.64636036E+03
1.29000000E-05,i1,ch_e90,3.71532891E+03
1.29000000E-05,i2,ch_e90,-2.92533336E+03
1.30000000E-05,injectedCurrent,ch-base,8.22222222E+03
1.30000000E-05,voltage,ch-base,1.45338009E+07
1.30000000E-05,i1,ch_e1,8.22222222E+03
1.30000000E-05,i2,ch_e1,-8.22004162E+03
1.30000000E-05,i1,ch_e30,8.02065419E+03
1.30000000E-05,i2,ch_e30,-8.01090333E+03
1.30000000E-05,i1,ch_e60,7.67024222E+03
1.30000000E-05,i2,ch_e60,-7.64625712E+03
1.30000000E-05,i1,ch_e90,4.33633279E+03
1.30000000E-05,i2,ch_e90,-3.42205897E+03
1.31000000E-05,injectedCurrent,ch-base,8.20000000E+03
1.31000000E-05,voltage,ch-base,1.45385402E+07
1.31000000E-05,i1,ch_e1,8.20000000E+03
1.31000000E-05,i2,ch_e1,-8.19618742E+03
1.31000000E-05,i1,ch_e30,8.00460421E+03
1.31000000E-05,i2,ch_e30,-7.99448771E+03
1.31000000E-05,i1,ch_e60,7.66292730E+03
1.31000000E-05,i2,ch_e60,-7.64331737E+03
1.31000000E-05,i1,ch_e90,4.99807510E+03
1.31000000E-05,i2,ch_e90,-4.00291409E+03
1.32000000E-05,injectedCurrent,ch-base,8.17777778E+03
1.32000000E-05,voltage,ch-base,1.45434809E+07
1.32000000E-05,i1,ch_e1,8.17777778E+03
1.32000000E-05,i2,ch_e1,-8.17586578E+03
1.32000000E-05,i1,ch_e30,7.98783851E+03
1.32000000E-05,i2,ch_e30,-7.97851662E+03
1.32000000E-05,i1,ch_e60,7.65326773E+03
1.32000000E-05,i2,ch_e60,-7.63745939E+03
1.32000000E-05,i1,ch_e90,5.65985671E+03
1.32000000E-05,i2,ch_e90,-4.64289588E+03
1.33000000E-05,injectedCurrent,ch-base,8.15555556E+03
1.33000000E-05,voltage,ch-base,1.45478092E+07
1.33000000E-05,i1,ch_e1,8.15555556E+03
1.33000000E-05,i2,ch_e1,-8.15196448E+03
1.33000000E-05,i1,ch_e30,7.97170451E+03
1.33000000E-05,i2,ch_e30,-7.96199786E+03
1.33000000E-05,i1,ch_e60,7.64168020E+03
1.33000000E-05,i2,ch_e60,-7.62895210E+03
1.33000000E-05,i1,ch_e90,6.27903962E+03
1.33000000E-05,i2,ch_e90,-5.30560474E+03
1.34000000E-05,injectedCurrent,ch-base,8.13333333E+03
1.34000000E-05,voltage,ch-base,1.45523525E+07
1.34000000E-05,i1,ch_e1,8.13333333E+03
1.34000000E-05,i2,ch_e1,-8.13168569E+03
1.34000000E-05,i1,ch_e30,7.95483831E+03
1.34000000E-05,i2,ch_e30,-7.94593924E+03
1.34000000E-05,i1,ch_e60,7.62895151E+03
1.34000000E-05,i2,ch_e60,-7.61829409E+03
1.34000000E-05,i1,ch_e90,6.81794950E+03
1.34000000E-05,i2,ch_e90,-5.94892706E+03
1.35000000E-05,injectedCurrent,ch-base,8.11111111E+03
1.35000000E-05,voltage,ch-base,1.45562766E+07
1.35000000E-05,i1,ch_e1,8.11111111E+03
1.35000000E-05,i2,ch_e1,-8.10773759E+03
1.35000000E-05,i1,ch_e30,7.93862406E+03
1.35000000E-05,i2,ch_e30,-7.92932119E+03
1.35000000E-05,i1,ch_e60,7.61546882E+03
1.35000000E-05,i2,ch_e60,-7.60609482E+03
1.35000000E-05,i1,ch_e90,7.24951543E+03
1.35000000E-05,i2,ch_e90,-6.53202190E+03
1.36000000E-05,injectedCurrent,ch-base,8.08888889E+03
1.36000000E-05,voltage,ch-base,1.45604293E+07
1.36000000E-05,i1,ch_e1,8.08888889E+03
1.36000000E-05,i2,ch_e1,-8.08750148E+03
1.36000000E-05,i1,ch_e30,7.92166101E+03
1.36000000E-05,i2,ch_e30,-7.91317877E+03
1.36000000E-05,i1,ch_e60,7.60184200E+03
1.36000000E-05,i2,ch_e60,-7.59294649E+03
1.36000000E-05,i1,ch_e90,7.56031661E+03
1.36000000E-05,i2,ch_e90,-7.02169347E+03
1.37000000E-05,injectedCurrent,ch-base,8.06666667E+03
1.37000000E-05,voltage,ch-base,1.45639557E+07
1.37000000E-05,i1,ch_e1,8.06666667E+03
1.37000000E-05,i2,ch_e1,-8.06350699E+03
1.37000000E-05,i1,ch_e30,7.90537005E+03
1.37000000E-05,i2,ch_e30,-7.89646510E+03
1.37000000E-05,i1,ch_e60,7.58819386E+03
1.37000000E-05,i2,ch_e60,-7.57935513E+03
1.37000000E-05,i1,ch_e90,7.75078480E+03
1.37000000E-05,i2,ch_e90,-7.39696605E+03
1.38000000E-05,injectedCurrent,ch-base,8.04444444E+03
1.38000000E-05,voltage,ch-base,1.45677241E+07
1.38000000E-05,i1,ch_e1,8.04444444E+03
1.38000000E-05,i2,ch_e1,-8.04331326E+03
1.38000000E-05,i1,ch_e30,7.88831363E+03
1.38000000E-05,i2,ch_e30,-7.88024244E+03
1.38000000E-05,i1,ch_e60,7.57487029E+03
1.38000000E-05,i2,ch_e60,-7.56568928E+03
1.38000000E-05,i1,ch_e90,7.83290787E+03
1.38000000E-05,i2,ch_e90,-7.65076517E+03
1.39000000E-05,injectedCurrent,ch-base,8.02222222E+03
1.39000000E-05,voltage,ch-base,1.45708590E+07
1.39000000E-05,i1,ch_e1,8.02222222E+03
1.39000000E-05,i2,ch_e1,-8.01927288E+03
1.39000000E-05,i1,ch_e30,7.87194929E+03
1.39000000E-05,i2,ch_e30,-7.86343659E+03
1.39000000E-05,i1,ch_e60,7.56175751E+03
1.39000000E-05,i2,ch_e60,-7.55218859E+03
1.39000000E-05,i1,ch_e90,7.82657621E+03
1.39000000E-05,i2,ch_e90,-7.78898209E+03
1.40000000E-05,injectedCurrent,ch-base,8.00000000E+03
1.40000000E-05,voltage,ch-base,1.45742492E+07
1.40000000E-05,i1,ch_e1,8.00000000E+03
1.40000000E-05,i2,ch_e1,-7.99912114E+03
1.40000000E-05,i1,ch_e30,7.85480277E+03
1.40000000E-05,i2,ch_e30,-7.84713700E+03
1.40000000E-05,i1,ch_e60,7.54903613E+03
1.40000000E-05,i2,ch_e60,-7.53896853E+03
1.40000000E-05,i1,ch_e90,7.75549771E+03
1.40000000E-05,i2,ch_e90,-7.82741427E+03
1.41000000E-05,injectedCurrent,ch-base,7.97777778E+03
1.41000000E-05,voltage,ch-base,1.45769988E+07
1.41000000E-05,i1,ch_e1,7.97777778E+03
1.41000000E-05,i2,ch_e1,-7.97503549E+03
1.41000000E-05,i1,ch_e30,7.83836816E+03
1.41000000E-05,i2,ch_e30,-7.83024231E+03
1.41000000E-05,i1,ch_e60,7.53647924E+03
1.41000000E-05,i2,ch_e60,-7.52606336E+03
1.41000000E-05,i1,ch_e90,7.64362852E+03
1.41000000E-05,i2,ch_e90,-7.78794700E+03
1.42000000E-05,injectedCurrent,ch-base,7.95555556E+03
1.42000000E-05,voltage,ch-base,1.45800165E+07
1.42000000E-05,i1,ch_e1,7.95555556E+03
1.42000000E-05,i2,ch_e1,-7.95492520E+03
1.42000000E-05,i1,ch_e30,7.82113472E+03
1.42000000E-05,i2,ch_e30,-7.81386891E+03
1.42000000E-05,i1,ch_e60,7.52421580E+03
1.42000000E-05,i2,ch_e60,-7.51344645E+03
1.42000000E-05,i1,ch_e90,7.51240648E+03
1.42000000E-05,i2,ch_e90,-7.69463620E+03
1.43000000E-05,injectedCurrent,ch-base,7.93333333E+03
1.43000000E-05,voltage,ch-base,1.45823866E+07
1.43000000E-05,i1,ch_e1,7.93333333E+03
1.43000000E-05,i2,ch_e1,-7.93079502E+03
1.43000000E-05,i1,ch_e30,7.80463275E+03
1.43000000E-05,i2,ch_e30,-7.79688845E+03
1.43000000E-05,i1,ch_e60,7.51199683E+03
1.43000000E-05,i2,ch_e60,-7.50106993E+03
1.43000000E-05,i1,ch_e90,7.37903520E+03
1.43000000E-05,i2,ch_e90,-7.57055402E+03
1.44000000E-05,injectedCurrent,ch-base,7.91111111E+03
1.44000000E-05,voltage,ch-base,1.45850373E+07
1.44000000E-05,i1,ch_e1,7.91111111E+03
1.44000000E-05,i2,ch_e1,-7.91072552E+03
1.44000000E-05,i1,ch_e30,7.78731532E+03
1.44000000E-05,i2,ch_e30,-7.78044422E+03
1.44000000E-05,i1,ch_e60,7.49996421E+03
1.44000000E-05,i2,ch_e60,-7.48886966E+03
1.44000000E-05,i1,ch_e90,7.25562498E+03
1.44000000E-05,i2,ch_e90,-7.43538030E+03
1.45000000E-05,injectedCurrent,ch-base,7.88888889E+03
1.45000000E-05,voltage,ch-base,1.45870335E+07
1.45000000E-05,i1,ch_e1,7.88888889E+03
1.45000000E-05,i2,ch_e1,-7.88655167E+03
1.45000000E-05,i1,ch_e30,7.77074878E+03
1.45000000E-05,i2,ch_e30,-7.76338102E+03
1.45000000E-05,i1,ch_e60,7.48788189E+03
1.45000000E-05,i2,ch_e60,-7.47679145E+03
1.45000000E-05,i1,ch_e90,7.14925609E+03
1.45000000E-05,i2,ch_e90,-7.30411583E+03
1.46000000E-05,injectedCurrent,ch-base,7.86666667E+03
1.46000000E-05,voltage,ch-base,1.45893226E+07
1.46000000E-05,i1,ch_e1,7.86666667E+03
1.46000000E-05,i2,ch_e1,-7.86652214E+03
1.46000000E-05,i1,ch_e30,7.75335026E+03
1.46000000E-05,i2,ch_e30,-7.74686867E+03
1.46000000E-05,i1,ch_e60,7.47591662E+03
1.46000000E-05,i2,ch_e60,-7.46478467E+03
1.46000000E-05,i1,ch_e90,7.06268942E+03
1.46000000E-05,i2,ch_e90,-7.18658064E+03
1.47000000E-05,injectedCurrent,ch-base,7.84444444E+03
1.47000000E-05,voltage,ch-base,1.45909503E+07
1.47000000E-05,i1,ch_e1,7.84444444E+03
1.47000000E-05,i2,ch_e1,-7.84230565E+03
1.47000000E-05,i1,ch_e30,7.73672165E+03
1.47000000E-05,i2,ch_e30,-7.72972554E+03
1.47000000E-05,i1,ch_e60,7.46384746E+03
1.47000000E-05,i2,ch_e60,-7.45281684E+03
1.47000000E-05,i1,ch_e90,6.99560858E+03
1.47000000E-05,i2,ch_e90,-7.08786556E+03
1.48000000E-05,injectedCurrent,ch-base,7.82222222E+03
1.48000000E-05,voltage,ch-base,1.45928829E+07
1.48000000E-05,i1,ch_e1,7.82222222E+03
1.48000000E-05,i2,ch_e1,-7.82231510E+03
1.48000000E-05,i1,ch_e30,7.71924474E+03
1.48000000E-05,i2,ch_e30,-7.71314773E+03
1.48000000E-05,i1,ch_e60,7.45186345E+03
1.48000000E-05,i2,ch_e60,-7.44085734E+03
1.48000000E-05,i1,ch_e90,6.94587444E+03
1.48000000E-05,i2,ch_e90,-7.00922460E+03
1.49000000E-05,injectedCurrent,ch-base,7.80000000E+03
1.49000000E-05,voltage,ch-base,1.45941473E+07
1.49000000E-05,i1,ch_e1,7.80000000E+03
1.49000000E-05,i2,ch_e1,-7.79805718E+03
1.49000000E-05,i1,ch_e30,7.70255653E+03
1.49000000E-05,i2,ch_e30,-7.69592742E+03
1.49000000E-05,i1,ch_e60,7.43974979E+03
1.49000000E-05,i2,ch_e60,-7.42889071E+03
1.49000000E-05,i1,ch_e90,6.91061891E+03
1.49000000E-05,i2,ch_e90,-6.94942717E+03
1.50000000E-05,injectedCurrent,ch-base,7.77777778E+03
1.50000000E-05,voltage,ch-base,1.45957282E+07
1.50000000E-05,i1,ch_e1,7.77777778E+03
1.50000000E-05,i2,ch_e1,-7.77810443E+03
1.50000000E-05,i1,ch_e30,7.68500389E+03
1.50000000E-05,i2,ch_e30,-7.67928649E+03
1.50000000E-05,i1,ch_e60,7.42770692E+03
1.50000000E-05,i2,ch_e60,-7.41690199E+03
1.50000000E-05,i1,ch_e90,6.88687839E+03
1.50000000E-05,i2,ch_e90,-6.90590534E+03
1.51000000E-05,injectedCurrent,ch-base,7.75555556E+03
1.51000000E-05,voltage,ch-base,1.45966344E+07
1.51000000E-05,i1,ch_e1,7.75555556E+03
1.51000000E-05,i2,ch_e1,-7.75380646E+03
1.51000000E-05,i1,ch_e30,7.66825820E+03
1.51000000E-05,i2,ch_e30,-7.66199161E+03
1.51000000E-05,i1,ch_e60,7.41552154E+03
1.51000000E-05,i2,ch_e60,-7.40488745E+03
1.51000000E-05,i1,ch_e90,6.87193817E+03
1.51000000E-05,i2,ch_e90,-6.87572613E+03
1.52000000E-05,injectedCurrent,ch-base,7.73333333E+03
1.52000000E-05,voltage,ch-base,1.45978683E+07
1.52000000E-05,i1,ch_e1,7.73333333E+03
1.52000000E-05,i2,ch_e1,-7.73389013E+03
1.52000000E-05,i1,ch_e30,7.65063234E+03
1.52000000E-05,i2,ch_e30,-7.64528997E+03
1.52000000E-05,i1,ch_e60,7.40340407E+03
1.52000000E-05,i2,ch_e60,-7.39283727E+03
1.52000000E-05,i1,ch_e90,6.86336173E+03
1.52000000E-05,i2,ch_e90,-6.85598066E+03
1.53000000E-05,injectedCurrent,ch-base,7.71111111E+03
1.53000000E-05,voltage,ch-base,1.45984212E+07
1.53000000E-05,i1,ch_e1,7.71111111E+03
1.53000000E-05,i2,ch_e1,-7.70955371E+03
1.53000000E-05,i1,ch_e30,7.63383140E+03
1.53000000E-05,i2,ch_e30,-7.62792295E+03
1.53000000E-05,i1,ch_e60,7.39113725E+03
1.53000000E-05,i2,ch_e60,-7.38075102E+03
1.53000000E-05,i1,ch_e90,6.85902557E+03
1.53000000E-05,i2,ch_e90,-6.84403753E+03
1.54000000E-05,injectedCurrent,ch-base,7.68888889E+03
1.54000000E-05,voltage,ch-base,1.45993126E+07
1.54000000E-05,i1,ch_e1,7.68888889E+03
1.54000000E-05,i2,ch_e1,-7.68967220E+03
1.54000000E-05,i1,ch_e30,7.61613473E+03
1.54000000E-05,i2,ch_e30,-7.61116260E+03
1.54000000E-05,i1,ch_e60,7.37893595E+03
1.54000000E-05,i2,ch_e60,-7.36862373E+03
1.54000000E-05,i1,ch_e90,6.85713711E+03
1.54000000E-05,i2,ch_e90,-6.83751277E+03
1.55000000E-05,injectedCurrent,ch-base,7.66666667E+03
1.55000000E-05,voltage,ch-base,1.45995169E+07
1.55000000E-05,i1,ch_e1,7.66666667E+03
1.55000000E-05,i2,ch_e1,-7.66529915E+03
1.55000000E-05,i1,ch_e30,7.59928030E+03
1.55000000E-05,i2,ch_e30,-7.59372598E+03
1.55000000E-05,i1,ch_e60,7.36658062E+03
1.55000000E-05,i2,ch_e60,-7.35645818E+03
1.55000000E-05,i1,ch_e90,6.85640021E+03
1.55000000E-05,i2,ch_e90,-6.83440980E+03
1.56000000E-05,injectedCurrent,ch-base,7.64444444E+03
1.56000000E-05,voltage,ch-base,1.46000701E+07
1.56000000E-05,i1,ch_e1,7.64444444E+03
1.56000000E-05,i2,ch_e1,-7.64545060E+03
1.56000000E-05,i1,ch_e30,7.58151529E+03
1.56000000E-05,i2,ch_e30,-7.57690903E+03
1.56000000E-05,i1,ch_e60,7.35429327E+03
1.56000000E-05,i2,ch_e60,-7.34424823E+03
1.56000000E-05,i1,ch_e90,6.85606990E+03
1.56000000E-05,i2,ch_e90,-6.83312043E+03
1.57000000E-05,injectedCurrent,ch-base,7.62222222E+03
1.57000000E-05,voltage,ch-base,1.45999304E+07
1.57000000E-05,i1,ch_e1,7.62222222E+03
1.57000000E-05,i2,ch_e1,-7.62104300E+03
1.57000000E-05,i1,ch_e30,7.56460929E+03
1.57000000E-05,i2,ch_e30,-7.55940495E+03
1.57000000E-05,i1,ch_e60,7.34184840E+03
1.57000000E-05,i2,ch_e60,-7.33199610E+03
1.57000000E-05,i1,ch_e90,6.85594558E+03
1.57000000E-05,i2,ch_e90,-6.83260536E+03
1.58000000E-05,injectedCurrent,ch-base,7.60000000E+03
1.58000000E-05,voltage,ch-base,1.46001494E+07
1.58000000E-05,i1,ch_e1,7.60000000E+03
1.58000000E-05,i2,ch_e1,-7.60122531E+03
1.58000000E-05,i1,ch_e30,7.54677809E+03
1.58000000E-05,i2,ch_e30,-7.54253318E+03
1.58000000E-05,i1,ch_e60,7.32947103E+03
1.58000000E-05,i2,ch_e60,-7.31969862E+03
1.58000000E-05,i1,ch_e90,6.85614258E+03
1.58000000E-05,i2,ch_e90,-6.83234180E+03
1.59000000E-05,injectedCurrent,ch-base,7.57777778E+03
1.59000000E-05,voltage,ch-base,1.45996703E+07
1.59000000E-05,i1,ch_e1,7.57777778E+03
1.59000000E-05,i2,ch_e1,-7.57678548E+03
1.59000000E-05,i1,ch_e30,7.52982204E+03
1.59000000E-05,i2,ch_e30,-7.52496413E+03
1.59000000E-05,i1,ch_e60,7.31693327E+03
1.59000000E-05,i2,ch_e60,-7.30735998E+03
1.59000000E-05,i1,ch_e90,6.85688394E+03
1.59000000E-05,i2,ch_e90,-6.83231916E+03
1.60000000E-05,injectedCurrent,ch-base,7.55555556E+03
1.60000000E-05,voltage,ch-base,1.45995590E+07
1.60000000E-05,i1,ch_e1,7.55555556E+03
1.60000000E-05,i2,ch_e1,-7.55699627E+03
1.60000000E-05,i1,ch_e30,7.51192710E+03
1.60000000E-05,i2,ch_e30,-7.50803927E+03
1.60000000E-05,i1,ch_e60,7.30446698E+03
1.60000000E-05,i2,ch_e60,-7.29497462E+03
1.60000000E-05,i1,ch_e90,6.85824914E+03
1.60000000E-05,i2,ch_e90,-6.83272013E+03
1.61000000E-05,injectedCurrent,ch-base,7.53333333E+03
1.61000000E-05,voltage,ch-base,1.45987450E+07
1.61000000E-05,i1,ch_e1,7.53333333E+03
1.61000000E-05,i2,ch_e1,-7.53252684E+03
1.61000000E-05,i1,ch_e30,7.49492257E+03
1.61000000E-05,i2,ch_e30,-7.49040716E+03
1.61000000E-05,i1,ch_e60,7.29183803E+03
1.61000000E-05,i2,ch_e60,-7.28254526E+03
1.61000000E-05,i1,ch_e90,6.86009882E+03
1.61000000E-05,i2,ch_e90,-6.83374108E+03
1.62000000E-05,injectedCurrent,ch-base,7.51111111E+03
1.62000000E-05,voltage,ch-base,1.45983071E+07
1.62000000E-05,i1,ch_e1,7.51111111E+03
1.62000000E-05,i2,ch_e1,-7.51276342E+03
1.62000000E-05,i1,ch_e30,7.47696585E+03
1.62000000E-05,i2,ch_e30,-7.47343083E+03
1.62000000E-05,i1,ch_e60,7.27928040E+03
1.62000000E-05,i2,ch_e60,-7.27006926E+03
1.62000000E-05,i1,ch_e90,6.86205023E+03
1.62000000E-05,i2,ch_e90,-6.83531976E+03
1.63000000E-05,injectedCurrent,ch-base,7.48888889E+03
1.63000000E-05,voltage,ch-base,1.45971623E+07
1.63000000E-05,i1,ch_e1,7.48888889E+03
1.63000000E-05,i2,ch_e1,-7.48826730E+03
1.63000000E-05,i1,ch_e30,7.45991415E+03
1.63000000E-05,i2,ch_e30,-7.45573813E+03
1.63000000E-05,i1,ch_e60,7.26655782E+03
1.63000000E-05,i2,ch_e60,-7.25755164E+03
1.63000000E-05,i1,ch_e90,6.86365903E+03
1.63000000E-05,i2,ch_e90,-6.83720283E+03
1.64000000E-05,injectedCurrent,ch-base,7.46666667E+03
1.64000000E-05,voltage,ch-base,1.45964014E+07
1.64000000E-05,i1,ch_e1,7.46666667E+03
1.64000000E-05,i2,ch_e1,-7.46852664E+03
1.64000000E-05,i1,ch_e30,7.44189813E+03
1.64000000E-05,i2,ch_e30,-7.43871169E+03
1.64000000E-05,i1,ch_e60,7.25391131E+03
1.64000000E-05,i2,ch_e60,-7.24498703E+03
1.64000000E-05,i1,ch_e90,6.86457773E+03
1.64000000E-05,i2,ch_e90,-6.83895232E+03
1.65000000E-05,injectedCurrent,ch-base,7.44444444E+03
1.65000000E-05,voltage,ch-base,1.45949301E+07
1.65000000E-05,i1,ch_e1,7.44444444E+03
1.65000000E-05,i2,ch_e1,-7.44400716E+03
1.65000000E-05,i1,ch_e30,7.42480045E+03
1.65000000E-05,i2,ch_e30,-7.42096013E+03
1.65000000E-05,i1,ch_e60,7.24109864E+03
1.65000000E-05,i2,ch_e60,-7.23237816E+03
1.65000000E-05,i1,ch_e90,6.86474108E+03
1.65000000E-05,i2,ch_e90,-6.84019664E+03
1.66000000E-05,injectedCurrent,ch-base,7.42222222E+03
1.66000000E-05,voltage,ch-base,1.45938495E+07
1.66000000E-05,i1,ch_e1,7.42222222E+03
1.66000000E-05,i2,ch_e1,-7.42428585E+03
1.66000000E-05,i1,ch_e30,7.40672694E+03
1.66000000E-05,i2,ch_e30,-7.40388508E+03
1.66000000E-05,i1,ch_e60,7.22836187E+03
1.66000000E-05,i2,ch_e60,-7.21972243E+03
1.66000000E-05,i1,ch_e90,6.86434210E+03
1.66000000E-05,i2,ch_e90,-6.84068681E+03
1.67000000E-05,injectedCurrent,ch-base,7.40000000E+03
1.67000000E-05,voltage,ch-base,1.45920558E+07
1.67000000E-05,i1,ch_e1,7.40000000E+03
1.67000000E-05,i2,ch_e1,-7.39974662E+03
1.67000000E-05,i1,ch_e30,7.38958442E+03
1.67000000E-05,i2,ch_e30,-7.38607708E+03
1.67000000E-05,i1,ch_e60,7.21545656E+03
1.67000000E-05,i2,ch_e60,-7.20702573E+03
1.67000000E-05,i1,ch_e90,6.86377230E+03
1.67000000E-05,i2,ch_e90,-6.84048783E+03
1.68000000E-05,injectedCurrent,ch-base,7.37777778E+03
1.68000000E-05,voltage,ch-base,1.45906589E+07
1.68000000E-05,i1,ch_e1,7.37777778E+03
1.68000000E-05,i2,ch_e1,-7.38004093E+03
1.68000000E-05,i1,ch_e30,7.37145594E+03
1.68000000E-05,i2,ch_e30,-7.36895441E+03
1.68000000E-05,i1,ch_e60,7.20263226E+03
1.68000000E-05,i2,ch_e60,-7.19428300E+03
1.68000000E-05,i1,ch_e90,6.86342746E+03
1.68000000E-05,i2,ch_e90,-6.83987073E+03
1.69000000E-05,injectedCurrent,ch-base,7.35555556E+03
1.69000000E-05,voltage,ch-base,1.45885468E+07
1.69000000E-05,i1,ch_e1,7.35555556E+03
1.69000000E-05,i2,ch_e1,-7.35548603E+03
1.69000000E-05,i1,ch_e30,7.35426938E+03
1.69000000E-05,i2,ch_e30,-7.35109160E+03
1.69000000E-05,i1,ch_e60,7.18963954E+03
1.69000000E-05,i2,ch_e60,-7.18149667E+03
1.69000000E-05,i1,ch_e90,6.86359802E+03
1.69000000E-05,i2,ch_e90,-6.83928609E+03
1.70000000E-05,injectedCurrent,ch-base,7.33333333E+03
1.70000000E-05,voltage,ch-base,1.45868365E+07
1.70000000E-05,i1,ch_e1,7.33333333E+03
1.70000000E-05,i2,ch_e1,-7.33579168E+03
1.70000000E-05,i1,ch_e30,7.33608764E+03
1.70000000E-05,i2,ch_e30,-7.33392267E+03
1.70000000E-05,i1,ch_e60,7.17672764E+03
1.70000000E-05,i2,ch_e60,-7.16866372E+03
1.70000000E-05,i1,ch_e90,6.86431266E+03
1.70000000E-05,i2,ch_e90,-6.83908116E+03
1.71000000E-05,injectedCurrent,ch-base,7.31111111E+03
1.71000000E-05,voltage,ch-base,1.45844101E+07
1.71000000E-05,i1,ch_e1,7.31111111E+03
1.71000000E-05,i2,ch_e1,-7.31122561E+03
1.71000000E-05,i1,ch_e30,7.31885802E+03
1.71000000E-05,i2,ch_e30,-7.31600748E+03
1.71000000E-05,i1,ch_e60,7.16364432E+03
1.71000000E-05,i2,ch_e60,-7.15579089E+03
1.71000000E-05,i1,ch_e90,6.86532879E+03
1.71000000E-05,i2,ch_e90,-6.83944572E+03
1.72000000E-05,injectedCurrent,ch-base,7.28888889E+03
1.72000000E-05,voltage,ch-base,1.45823893E+07
1.72000000E-05,i1,ch_e1,7.28888889E+03
1.72000000E-05,i2,ch_e1,-7.29153802E+03
1.72000000E-05,i1,ch_e30,7.30062562E+03
1.72000000E-05,i2,ch_e30,-7.29879289E+03
1.72000000E-05,i1,ch_e60,7.15064664E+03
1.72000000E-05,i2,ch_e60,-7.14287382E+03
1.72000000E-05,i1,ch_e90,6.86613114E+03
1.72000000E-05,i2,ch_e90,-6.84024263E+03
1.73000000E-05,injectedCurrent,ch-base,7.26666667E+03
1.73000000E-05,voltage,ch-base,1.45796524E+07
1.73000000E-05,i1,ch_e1,7.26666667E+03
1.73000000E-05,i2,ch_e1,-7.26696573E+03
1.73000000E-05,i1,ch_e30,7.28335335E+03
1.73000000E-05,i2,ch_e30,-7.28082687E+03
1.73000000E-05,i1,ch_e60,7.13747928E+03
1.73000000E-05,i2,ch_e60,-7.12991459E+03
1.73000000E-05,i1,ch_e90,6.86609534E+03
1.73000000E-05,i2,ch_e90,-6.84112706E+03
1.74000000E-05,injectedCurrent,ch-base,7.24444444E+03
1.74000000E-05,voltage,ch-base,1.45773239E+07
1.74000000E-05,i1,ch_e1,7.24444444E+03
1.74000000E-05,i2,ch_e1,-7.24727967E+03
1.74000000E-05,i1,ch_e30,7.26507195E+03
1.74000000E-05,i2,ch_e30,-7.26356787E+03
1.74000000E-05,i1,ch_e60,7.12439782E+03
1.74000000E-05,i2,ch_e60,-7.11690923E+03
1.74000000E-05,i1,ch_e90,6.86459965E+03
1.74000000E-05,i2,ch_e90,-6.84151933E+03
1.75000000E-05,injectedCurrent,ch-base,7.22222222E+03
1.75000000E-05,voltage,ch-base,1.45742806E+07
1.75000000E-05,i1,ch_e1,7.22222222E+03
1.75000000E-05,i2,ch_e1,-7.22270665E+03
1.75000000E-05,i1,ch_e30,7.24775779E+03
1.75000000E-05,i2,ch_e30,-7.24555349E+03
1.75000000E-05,i1,ch_e60,7.11114282E+03
1.75000000E-05,i2,ch_e60,-7.10386490E+03
1.75000000E-05,i1,ch_e90,6.86118975E+03
1.75000000E-05,i2,ch_e90,-6.84082083E+03
1.76000000E-05,injectedCurrent,ch-base,7.20000000E+03
1.76000000E-05,voltage,ch-base,1.45716469E+07
1.76000000E-05,i1,ch_e1,7.20000000E+03
1.76000000E-05,i2,ch_e1,-7.20301652E+03
1.76000000E-05,i1,ch_e30,7.22943013E+03
1.76000000E-05,i2,ch_e30,-7.22825033E+03
1.76000000E-05,i1,ch_e60,7.09797721E+03
1.76000000E-05,i2,ch_e60,-7.09077856E+03
1.76000000E-05,i1,ch_e90,6.85560475E+03
1.76000000E-05,i2,ch_e90,-6.83844030E+03
1.77000000E-05,injectedCurrent,ch-base,7.17777778E+03
1.77000000E-05,voltage,ch-base,1.45683008E+07
1.77000000E-05,i1,ch_e1,7.17777778E+03
1.77000000E-05,i2,ch_e1,-7.17844876E+03
1.77000000E-05,i1,ch_e30,7.21207414E+03
1.77000000E-05,i2,ch_e30,-7.21018905E+03
1.77000000E-05,i1,ch_e60,7.08464134E+03
1.77000000E-05,i2,ch_e60,-7.07765227E+03
1.77000000E-05,i1,ch_e90,6.84783706E+03
1.77000000E-05,i2,ch_e90,-6.83401667E+03
1.78000000E-05,injectedCurrent,ch-base,7.15555556E+03
1.78000000E-05,voltage,ch-base,1.45653644E+07
1.78000000E-05,i1,ch_e1,7.15555556E+03
1.78000000E-05,i2,ch_e1,-7.15874820E+03
1.78000000E-05,i1,ch_e30,7.19370183E+03
1.78000000E-05,i2,ch_e30,-7.19284281E+03
1.78000000E-05,i1,ch_e60,7.07139647E+03
1.78000000E-05,i2,ch_e60,-7.06448071E+03
1.78000000E-05,i1,ch_e90,6.83807522E+03
1.78000000E-05,i2,ch_e90,-6.82737997E+03
1.79000000E-05,injectedCurrent,ch-base,7.13333333E+03
1.79000000E-05,voltage,ch-base,1.45617195E+07
1.79000000E-05,i1,ch_e1,7.13333333E+03
1.79000000E-05,i2,ch_e1,-7.13419240E+03
1.79000000E-05,i1,ch_e30,7.17630452E+03
1.79000000E-05,i2,ch_e30,-7.17473724E+03
1.79000000E-05,i1,ch_e60,7.05797707E+03
1.79000000E-05,i2,ch_e60,-7.05127057E+03
1.79000000E-05,i1,ch_e90,6.82669742E+03
1.79000000E-05,i2,ch_e90,-6.81865668E+03
1.80000000E-05,injectedCurrent,ch-base,7.11111111E+03
1.80000000E-05,voltage,ch-base,1.45584825E+07
1.80000000E-05,i1,ch_e1,7.11111111E+03
1.80000000E-05,i2,ch_e1,-7.11447462E+03
1.80000000E-05,i1,ch_e30,7.15789051E+03
1.80000000E-05,i2,ch_e30,-7.15734784E+03
1.80000000E-05,i1,ch_e60,7.04464961E+03
1.80000000E-05,i2,ch_e60,-7.03802036E+03
1.80000000E-05,i1,ch_e90,6.81415518E+03
1.80000000E-05,i2,ch_e90,-6.80810914E+03
1.81000000E-05,injectedCurrent,ch-base,7.08888889E+03
1.81000000E-05,voltage,ch-base,1.45545425E+07
1.81000000E-05,i1,ch_e1,7.08888889E+03
1.81000000E-05,i2,ch_e1,-7.08993792E+03
1.81000000E-05,i1,ch_e30,7.14045160E+03
1.81000000E-05,i2,ch_e30,-7.13919934E+03
1.81000000E-05,i1,ch_e60,7.03115157E+03
1.81000000E-05,i2,ch_e60,-7.02473315E+03
1.81000000E-05,i1,ch_e90,6.80092951E+03
1.81000000E-05,i2,ch_e90,-6.79617059E+03
1.82000000E-05,injectedCurrent,ch-base,7.06666667E+03
1.82000000E-05,voltage,ch-base,1.45510072E+07
1.82000000E-05,i1,ch_e1,7.06666667E+03
1.82000000E-05,i2,ch_e1,-7.07019529E+03
1.82000000E-05,i1,ch_e30,7.12199746E+03
1.82000000E-05,i2,ch_e30,-7.12176762E+03
1.82000000E-05,i1,ch_e60,7.01774920E+03
1.82000000E-05,i2,ch_e60,-7.01140238E+03
1.82000000E-05,i1,ch_e90,6.78742326E+03
1.82000000E-05,i2,ch_e90,-6.78326760E+03
1.83000000E-05,injectedCurrent,ch-base,7.04444444E+03
1.83000000E-05,voltage,ch-base,1.45467760E+07
1.83000000E-05,i1,ch_e1,7.04444444E+03
1.83000000E-05,i2,ch_e1,-7.04568580E+03
1.83000000E-05,i1,ch_e30,7.10451712E+03
1.83000000E-05,i2,ch_e30,-7.10357903E+03
1.83000000E-05,i1,ch_e60,7.00417309E+03
1.83000000E-05,i2,ch_e60,-6.99803303E+03
1.83000000E-05,i1,ch_e90,6.77396713E+03
1.83000000E-05,i2,ch_e90,-6.76987153E+03
1.84000000E-05,injectedCurrent,ch-base,7.02222222E+03
1.84000000E-05,voltage,ch-base,1.45429441E+07
1.84000000E-05,i1,ch_e1,7.02222222E+03
1.84000000E-05,i2,ch_e1,-7.02591012E+03
1.84000000E-05,i1,ch_e30,7.08602610E+03
1.84000000E-05,i2,ch_e30,-7.08610468E+03
1.84000000E-05,i1,ch_e60,6.99069048E+03
1.84000000E-05,i2,ch_e60,-6.98462452E+03
1.84000000E-05,i1,ch_e90,6.76077449E+03
1.84000000E-05,i2,ch_e90,-6.75634111E+03
1.85000000E-05,injectedCurrent,ch-base,7.00000000E+03
1.85000000E-05,voltage,ch-base,1.45384255E+07
1.85000000E-05,i1,ch_e1,7.00000000E+03
1.85000000E-05,i2,ch_e1,-7.00143636E+03
1.85000000E-05,i1,ch_e30,7.06850380E+03
1.85000000E-05,i2,ch_e30,-7.06787723E+03
1.85000000E-05,i1,ch_e60,6.97703684E+03
1.85000000E-05,i2,ch_e60,-6.97118198E+03
1.85000000E-05,i1,ch_e90,6.74799005E+03
1.85000000E-05,i2,ch_e90,-6.74299728E+03
1.86000000E-05,injectedCurrent,ch-base,6.97777778E+03
1.86000000E-05,voltage,ch-base,1.45342990E+07
1.86000000E-05,i1,ch_e1,6.97777778E+03
1.86000000E-05,i2,ch_e1,-6.98161853E+03
1.86000000E-05,i1,ch_e30,7.04997743E+03
1.86000000E-05,i2,ch_e30,-7.05036069E+03
1.86000000E-05,i1,ch_e60,6.96348209E+03
1.86000000E-05,i2,ch_e60,-6.95769890E+03
1.86000000E-05,i1,ch_e90,6.73566156E+03
1.86000000E-05,i2,ch_e90,-6.72999543E+03
1.87000000E-05,injectedCurrent,ch-base,6.95555556E+03
1.87000000E-05,voltage,ch-base,1.45294967E+07
1.87000000E-05,i1,ch_e1,6.95555556E+03
1.87000000E-05,i2,ch_e1,-6.95719019E+03
1.87000000E-05,i1,ch_e30,7.03241283E+03
1.87000000E-05,i2,ch_e30,-7.03209757E+03
1.87000000E-05,i1,ch_e60,6.94975653E+03
1.87000000E-05,i2,ch_e60,-6.94417778E+03
1.87000000E-05,i1,ch_e90,6.72378946E+03
1.87000000E-05,i2,ch_e90,-6.71744484E+03
1.88000000E-05,injectedCurrent,ch-base,6.93333333E+03
1.88000000E-05,voltage,ch-base,1.45250769E+07
1.88000000E-05,i1,ch_e1,6.93333333E+03
1.88000000E-05,i2,ch_e1,-6.93732038E+03
1.88000000E-05,i1,ch_e30,7.01385476E+03
1.88000000E-05,i2,ch_e30,-7.01453845E+03
1.88000000E-05,i1,ch_e60,6.93612583E+03
1.88000000E-05,i2,ch_e60,-6.93061721E+03
1.88000000E-05,i1,ch_e90,6.71230502E+03
1.88000000E-05,i2,ch_e90,-6.70532677E+03
1.89000000E-05,injectedCurrent,ch-base,6.91111111E+03
1.89000000E-05,voltage,ch-base,1.45199949E+07
1.89000000E-05,i1,ch_e1,6.91111111E+03
1.89000000E-05,i2,ch_e1,-6.91294762E+03
1.89000000E-05,i1,ch_e30,6.99624720E+03
1.89000000E-05,i2,ch_e30,-6.99624072E+03
1.89000000E-05,i1,ch_e60,6.92232398E+03
1.89000000E-05,i2,ch_e60,-6.91702426E+03
1.89000000E-05,i1,ch_e90,6.70113528E+03
1.89000000E-05,i2,ch_e90,-6.69364138E+03
1.90000000E-05,injectedCurrent,ch-base,6.88888889E+03
1.90000000E-05,voltage,ch-base,1.45152835E+07
1.90000000E-05,i1,ch_e1,6.88888889E+03
1.90000000E-05,i2,ch_e1,-6.89301500E+03
1.90000000E-05,i1,ch_e30,6.97765897E+03
1.90000000E-05,i2,ch_e30,-6.97863887E+03
1.90000000E-05,i1,ch_e60,6.90862144E+03
1.90000000E-05,i2,ch_e60,-6.90339458E+03
1.90000000E-05,i1,ch_e90,6.69019471E+03
1.90000000E-05,i2,ch_e90,-6.68231454E+03
1.91000000E-05,injectedCurrent,ch-base,6.86666667E+03
1.91000000E-05,voltage,ch-base,1.45099257E+07
1.91000000E-05,i1,ch_e1,6.86666667E+03
1.91000000E-05,i2,ch_e1,-6.86870934E+03
1.91000000E-05,i1,ch_e30,6.96000740E+03
1.91000000E-05,i2,ch_e30,-6.96031008E+03
1.91000000E-05,i1,ch_e60,6.89475246E+03
1.91000000E-05,i2,ch_e60,-6.88972914E+03
1.91000000E-05,i1,ch_e90,6.67943679E+03
1.91000000E-05,i2,ch_e90,-6.67130999E+03
1.92000000E-05,injectedCurrent,ch-base,6.84444444E+03
1.92000000E-05,voltage,ch-base,1.45049236E+07
1.92000000E-05,i1,ch_e1,6.84444444E+03
1.92000000E-05,i2,ch_e1,-6.84870223E+03
1.92000000E-05,i1,ch_e30,6.94139300E+03
1.92000000E-05,i2,ch_e30,-6.94266524E+03
1.92000000E-05,i1,ch_e60,6.88098007E+03
1.92000000E-05,i2,ch_e60,-6.87602393E+03
1.92000000E-05,i1,ch_e90,6.66880879E+03
1.92000000E-05,i2,ch_e90,-6.66051448E+03
1.93000000E-05,injectedCurrent,ch-base,6.82222222E+03
1.93000000E-05,voltage,ch-base,1.44992938E+07
1.93000000E-05,i1,ch_e1,6.82222222E+03
1.93000000E-05,i2,ch_e1,-6.82447570E+03
1.93000000E-05,i1,ch_e30,6.92369682E+03
1.93000000E-05,i2,ch_e30,-6.92430644E+03
1.93000000E-05,i1,ch_e60,6.86703844E+03
1.93000000E-05,i2,ch_e60,-6.86228586E+03
1.93000000E-05,i1,ch_e90,6.65827006E+03
1.93000000E-05,i2,ch_e90,-6.64986815E+03
1.94000000E-05,injectedCurrent,ch-base,6.80000000E+03
1.94000000E-05,voltage,ch-base,1.44940023E+07
1.94000000E-05,i1,ch_e1,6.80000000E+03
1.94000000E-05,i2,ch_e1,-6.80438125E+03
1.94000000E-05,i1,ch_e30,6.90505803E+03
1.94000000E-05,i2,ch_e30,-6.90661756E+03
1.94000000E-05,i1,ch_e60,6.85319331E+03
1.94000000E-05,i2,ch_e60,-6.84851378E+03
1.94000000E-05,i1,ch_e90,6.64775638E+03
1.94000000E-05,i2,ch_e90,-6.63928197E+03
1.95000000E-05,injectedCurrent,ch-base,6.77777778E+03
1.95000000E-05,voltage,ch-base,1.44881046E+07
1.95000000E-05,i1,ch_e1,6.77777778E+03
1.95000000E-05,i2,ch_e1,-6.78024752E+03
1.95000000E-05,i1,ch_e30,6.88731521E+03
1.95000000E-05,i2,ch_e30,-6.88823255E+03
1.95000000E-05,i1,ch_e60,6.83918593E+03
1.95000000E-05,i2,ch_e60,-6.83470984E+03
1.95000000E-05,i1,ch_e90,6.63723650E+03
1.95000000E-05,i2,ch_e90,-6.62876408E+03
1.96000000E-05,injectedCurrent,ch-base,6.75555556E+03
1.96000000E-05,voltage,ch-base,1.44825243E+07
1.96000000E-05,i1,ch_e1,6.75555556E+03
1.96000000E-05,i2,ch_e1,-6.76005190E+03
1.96000000E-05,i1,ch_e30,6.86865618E+03
1.96000000E-05,i2,ch_e30,-6.87049970E+03
1.96000000E-05,i1,ch_e60,6.82527613E+03
1.96000000E-05,i2,ch_e60,-6.82086790E+03
1.96000000E-05,i1,ch_e90,6.62669820E+03
1.96000000E-05,i2,ch_e90,-6.61828382E+03
1.97000000E-05,injectedCurrent,ch-base,6.73333333E+03
1.97000000E-05,voltage,ch-base,1.44763627E+07
1.97000000E-05,i1,ch_e1,6.73333333E+03
1.97000000E-05,i2,ch_e1,-6.73602518E+03
1.97000000E-05,i1,ch_e30,6.85086630E+03
1.97000000E-05,i2,ch_e30,-6.85208984E+03
1.97000000E-05,i1,ch_e60,6.81120304E+03
1.97000000E-05,i2,ch_e60,-6.80699177E+03
1.97000000E-05,i1,ch_e90,6.61616886E+03
1.97000000E-05,i2,ch_e90,-6.60784795E+03
1.98000000E-05,injectedCurrent,ch-base,6.71111111E+03
1.98000000E-05,voltage,ch-base,1.44704946E+07
1.98000000E-05,i1,ch_e1,6.71111111E+03
1.98000000E-05,i2,ch_e1,-6.71571320E+03
1.98000000E-05,i1,ch_e30,6.83218944E+03
1.98000000E-05,i2,ch_e30,-6.83431087E+03
1.98000000E-05,i1,ch_e60,6.79722198E+03
1.98000000E-05,i2,ch_e60,-6.79308147E+03
1.98000000E-05,i1,ch_e90,6.60564665E+03
1.98000000E-05,i2,ch_e90,-6.59738092E+03
1.99000000E-05,injectedCurrent,ch-base,6.68888889E+03
1.99000000E-05,voltage,ch-base,1.44640732E+07
1.99000000E-05,i1,ch_e1,6.68888889E+03
1.99000000E-05,i2,ch_e1,-6.69180959E+03
1.99000000E-05,i1,ch_e30,6.81434939E+03
1.99000000E-05,i2,ch_e30,-6.81587980E+03
1.99000000E-05,i1,ch_e60,6.78308207E+03
1.99000000E-05,i2,ch_e60,-6.77914225E+03
1.99000000E-05,i1,ch_e90,6.59511025E+03
1.99000000E-05,i2,ch_e90,-6.58687254E+03
2.00000000E-05,injectedCurrent,ch-base,6.66666667E+03
2.00000000E-05,voltage,ch-base,1.44579174E+07
2.00000000E-05,i1,ch_e1,6.66666667E+03
2.00000000E-05,i2,ch_e1,-6.67136497E+03
2.00000000E-05,i1,ch_e30,6.79565861E+03
2.00000000E-05,i2,ch_e30,-6.79805517E+03
2.00000000E-05,i1,ch_e60,6.76903693E+03
2.00000000E-05,i2,ch_e60,-6.76516947E+03
2.00000000E-05,i1,ch_e90,6.58451281E+03
2.00000000E-05,i2,ch_e90,-6.57630308E+03
2.01000000E-05,injectedCurrent,ch-base,6.64444444E+03
2.01000000E-05,voltage,ch-base,1.44512404E+07
2.01000000E-05,i1,ch_e1,6.64444444E+03
2.01000000E-05,i2,ch_e1,-6.64760124E+03
2.01000000E-05,i1,ch_e30,6.77776800E+03
2.01000000E-05,i2,ch_e30,-6.77960516E+03
2.01000000E-05,i1,ch_e60,6.75483822E+03
2.01000000E-05,i2,ch_e60,-6.75116359E+03
2.01000000E-05,i1,ch_e90,6.57385509E+03
2.01000000E-05,i2,ch_e90,-6.56574468E+03
2.02000000E-05,injectedCurrent,ch-base,6.62222222E+03
2.02000000E-05,voltage,ch-base,1.44447975E+07
2.02000000E-05,i1,ch_e1,6.62222222E+03
2.02000000E-05,i2,ch_e1,-6.62700605E+03
2.02000000E-05,i1,ch_e30,6.75906696E+03
2.02000000E-05,i2,ch_e30,-6.76173168E+03
2.02000000E-05,i1,ch_e60,6.74072794E+03
2.02000000E-05,i2,ch_e60,-6.73712197E+03
2.02000000E-05,i1,ch_e90,6.56316941E+03
2.02000000E-05,i2,ch_e90,-6.55519515E+03
2.03000000E-05,injectedCurrent,ch-base,6.60000000E+03
2.03000000E-05,voltage,ch-base,1.44378694E+07
2.03000000E-05,i1,ch_e1,6.60000000E+03
2.03000000E-05,i2,ch_e1,-6.60340109E+03
2.03000000E-05,i1,ch_e30,6.74112182E+03
2.03000000E-05,i2,ch_e30,-6.74326569E+03
2.03000000E-05,i1,ch_e60,6.72646430E+03
2.03000000E-05,i2,ch_e60,-6.72305038E+03
2.03000000E-05,i1,ch_e90,6.55250266E+03
2.03000000E-05,i2,ch_e90,-6.54464930E+03
2.04000000E-05,injectedCurrent,ch-base,6.57777778E+03
2.04000000E-05,voltage,ch-base,1.44311390E+07
2.04000000E-05,i1,ch_e1,6.57777778E+03
2.04000000E-05,i2,ch_e1,-6.58263628E+03
2.04000000E-05,i1,ch_e30,6.72241376E+03
2.04000000E-05,i2,ch_e30,-6.72534376E+03
2.04000000E-05,i1,ch_e60,6.71228660E+03
2.04000000E-05,i2,ch_e60,-6.70894857E+03
2.04000000E-05,i1,ch_e90,6.54183895E+03
2.04000000E-05,i2,ch_e90,-6.53401620E+03
2.05000000E-05,injectedCurrent,ch-base,6.55555556E+03
2.05000000E-05,voltage,ch-base,1.44239640E+07
2.05000000E-05,i1,ch_e1,6.55555556E+03
2.05000000E-05,i2,ch_e1,-6.55920981E+03
2.05000000E-05,i1,ch_e30,6.70441312E+03
2.05000000E-05,i2,ch_e30,-6.70686559E+03
2.05000000E-05,i1,ch_e60,6.69796503E+03
2.05000000E-05,i2,ch_e60,-6.69481819E+03
2.05000000E-05,i1,ch_e90,6.53112419E+03
2.05000000E-05,i2,ch_e90,-6.52329831E+03
2.06000000E-05,injectedCurrent,ch-base,6.53333333E+03
2.06000000E-05,voltage,ch-base,1.44169463E+07
2.06000000E-05,i1,ch_e1,6.53333333E+03
2.06000000E-05,i2,ch_e1,-6.53825424E+03
2.06000000E-05,i1,ch_e30,6.68570336E+03
2.06000000E-05,i2,ch_e30,-6.68889166E+03
2.06000000E-05,i1,ch_e60,6.68372795E+03
2.06000000E-05,i2,ch_e60,-6.68065427E+03
2.06000000E-05,i1,ch_e90,6.52030682E+03
2.06000000E-05,i2,ch_e90,-6.51251636E+03
2.07000000E-05,injectedCurrent,ch-base,6.51111111E+03
2.07000000E-05,voltage,ch-base,1.44095293E+07
2.07000000E-05,i1,ch_e1,6.51111111E+03
2.07000000E-05,i2,ch_e1,-6.51502834E+03
2.07000000E-05,i1,ch_e30,6.66764316E+03
2.07000000E-05,i2,ch_e30,-6.67040324E+03
2.07000000E-05,i1,ch_e60,6.66934999E+03
2.07000000E-05,i2,ch_e60,-6.66645794E+03
2.07000000E-05,i1,ch_e90,6.50941383E+03
2.07000000E-05,i2,ch_e90,-6.50176668E+03
2.08000000E-05,injectedCurrent,ch-base,6.48888889E+03
2.08000000E-05,voltage,ch-base,1.44022234E+07
2.08000000E-05,i1,ch_e1,6.48888889E+03
2.08000000E-05,i2,ch_e1,-6.49385979E+03
2.08000000E-05,i1,ch_e30,6.64893428E+03
2.08000000E-05,i2,ch_e30,-6.65237660E+03
2.08000000E-05,i1,ch_e60,6.65504692E+03
2.08000000E-05,i2,ch_e60,-6.65222943E+03
2.08000000E-05,i1,ch_e90,6.49851286E+03
2.08000000E-05,i2,ch_e90,-6.49103031E+03
2.09000000E-05,injectedCurrent,ch-base,6.46666667E+03
2.09000000E-05,voltage,ch-base,1.43945687E+07
2.09000000E-05,i1,ch_e1,6.46666667E+03
2.09000000E-05,i2,ch_e1,-6.47085765E+03
2.09000000E-05,i1,ch_e30,6.63081190E+03
2.09000000E-05,i2,ch_e30,-6.63388333E+03
2.09000000E-05,i1,ch_e60,6.64060795E+03
2.09000000E-05,i2,ch_e60,-6.63797392E+03
2.09000000E-05,i1,ch_e90,6.48764630E+03
2.09000000E-05,i2,ch_e90,-6.48025490E+03
2.10000000E-05,injectedCurrent,ch-base,6.44444444E+03
2.10000000E-05,voltage,ch-base,1.43869742E+07
2.10000000E-05,i1,ch_e1,6.44444444E+03
2.10000000E-05,i2,ch_e1,-6.44945127E+03
2.10000000E-05,i1,ch_e30,6.61211061E+03
2.10000000E-05,i2,ch_e30,-6.61580118E+03
2.10000000E-05,i1,ch_e60,6.62624210E+03
2.10000000E-05,i2,ch_e60,-6.62369074E+03
2.10000000E-05,i1,ch_e90,6.47676103E+03
2.10000000E-05,i2,ch_e90,-6.46932599E+03
2.11000000E-05,injectedCurrent,ch-base,6.42222222E+03
2.11000000E-05,voltage,ch-base,1.43790874E+07
2.11000000E-05,i1,ch_e1,6.42222222E+03
2.11000000E-05,i2,ch_e1,-6.42669855E+03
2.11000000E-05,i1,ch_e30,6.59392280E+03
2.11000000E-05,i2,ch_e30,-6.59730457E+03
2.11000000E-05,i1,ch_e60,6.61175249E+03
2.11000000E-05,i2,ch_e60,-6.60937870E+03
2.11000000E-05,i1,ch_e90,6.46576222E+03
2.11000000E-05,i2,ch_e90,-6.45826707E+03
2.12000000E-05,injectedCurrent,ch-base,6.40000000E+03
2.12000000E-05,voltage,ch-base,1.43712030E+07
2.12000000E-05,i1,ch_e1,6.40000000E+03
2.12000000E-05,i2,ch_e1,-6.40502849E+03
2.12000000E-05,i1,ch_e30,6.57523197E+03
2.12000000E-05,i2,ch_e30,-6.57916395E+03
2.12000000E-05,i1,ch_e60,6.59732951E+03
2.12000000E-05,i2,ch_e60,-6.59503336E+03
2.12000000E-05,i1,ch_e90,6.45460539E+03
2.12000000E-05,i2,ch_e90,-6.44714948E+03
2.13000000E-05,injectedCurrent,ch-base,6.37777778E+03
2.13000000E-05,voltage,ch-base,1.43630885E+07
2.13000000E-05,i1,ch_e1,6.37777778E+03
2.13000000E-05,i2,ch_e1,-6.38255248E+03
2.13000000E-05,i1,ch_e30,6.55697364E+03
2.13000000E-05,i2,ch_e30,-6.56066992E+03
2.13000000E-05,i1,ch_e60,6.58278523E+03
2.13000000E-05,i2,ch_e60,-6.58065618E+03
2.13000000E-05,i1,ch_e90,6.44335765E+03
2.13000000E-05,i2,ch_e90,-6.43609089E+03
2.14000000E-05,injectedCurrent,ch-base,6.35555556E+03
2.14000000E-05,voltage,ch-base,1.43549132E+07
2.14000000E-05,i1,ch_e1,6.35555556E+03
2.14000000E-05,i2,ch_e1,-6.36058962E+03
2.14000000E-05,i1,ch_e30,6.53830015E+03
2.14000000E-05,i2,ch_e30,-6.54246939E+03
2.14000000E-05,i1,ch_e60,6.56829477E+03
2.14000000E-05,i2,ch_e60,-6.56625091E+03
2.14000000E-05,i1,ch_e90,6.43212787E+03
2.14000000E-05,i2,ch_e90,-6.42504886E+03
2.15000000E-05,injectedCurrent,ch-base,6.33333333E+03
2.15000000E-05,voltage,ch-base,1.43465769E+07
2.15000000E-05,i1,ch_e1,6.33333333E+03
2.15000000E-05,i2,ch_e1,-6.33842000E+03
2.15000000E-05,i1,ch_e30,6.51996897E+03
2.15000000E-05,i2,ch_e30,-6.52398071E+03
2.15000000E-05,i1,ch_e60,6.55369390E+03
2.15000000E-05,i2,ch_e60,-6.55182189E+03
2.15000000E-05,i1,ch_e90,6.42094835E+03
2.15000000E-05,i2,ch_e90,-6.41391914E+03
2.16000000E-05,injectedCurrent,ch-base,6.31111111E+03
2.16000000E-05,voltage,ch-base,1.43381090E+07
2.16000000E-05,i1,ch_e1,6.31111111E+03
2.16000000E-05,i2,ch_e1,-6.31613422E+03
2.16000000E-05,i1,ch_e30,6.50131766E+03
2.16000000E-05,i2,ch_e30,-6.50571509E+03
2.16000000E-05,i1,ch_e60,6.53914603E+03
2.16000000E-05,i2,ch_e60,-6.53736706E+03
2.16000000E-05,i1,ch_e90,6.40972488E+03
2.16000000E-05,i2,ch_e90,-6.40256917E+03
2.17000000E-05,injectedCurrent,ch-base,6.28888889E+03
2.17000000E-05,voltage,ch-base,1.43295559E+07
2.17000000E-05,i1,ch_e1,6.28888889E+03
2.17000000E-05,i2,ch_e1,-6.29430314E+03
2.17000000E-05,i1,ch_e30,6.48290658E+03
2.17000000E-05,i2,ch_e30,-6.48723649E+03
2.17000000E-05,i1,ch_e60,6.52450258E+03
2.17000000E-05,i2,ch_e60,-6.52288049E+03
2.17000000E-05,i1,ch_e90,6.39832197E+03
2.17000000E-05,i2,ch_e90,-6.39105030E+03
2.18000000E-05,injectedCurrent,ch-base,6.26666667E+03
2.18000000E-05,voltage,ch-base,1.43207933E+07
2.18000000E-05,i1,ch_e1,6.26666667E+03
2.18000000E-05,i2,ch_e1,-6.27166056E+03
2.18000000E-05,i1,ch_e30,6.46428309E+03
2.18000000E-05,i2,ch_e30,-6.46890458E+03
2.18000000E-05,i1,ch_e60,6.50989699E+03
2.18000000E-05,i2,ch_e60,-6.50835974E+03
2.18000000E-05,i1,ch_e90,6.38670917E+03
2.18000000E-05,i2,ch_e90,-6.37949425E+03
2.19000000E-05,injectedCurrent,ch-base,6.24444444E+03
2.19000000E-05,voltage,ch-base,1.43120298E+07
2.19000000E-05,i1,ch_e1,6.24444444E+03
2.19000000E-05,i2,ch_e1,-6.25020219E+03
2.19000000E-05,i1,ch_e30,6.44578912E+03
2.19000000E-05,i2,ch_e30,-6.45044167E+03
2.19000000E-05,i1,ch_e60,6.49519663E+03
2.19000000E-05,i2,ch_e60,-6.49380926E+03
2.19000000E-05,i1,ch_e90,6.37500026E+03
2.19000000E-05,i2,ch_e90,-6.36804608E+03
2.20000000E-05,injectedCurrent,ch-base,6.22222222E+03
2.20000000E-05,voltage,ch-base,1.43029708E+07
2.20000000E-05,i1,ch_e1,6.22222222E+03
2.20000000E-05,i2,ch_e1,-6.22716758E+03
2.20000000E-05,i1,ch_e30,6.42720131E+03
2.20000000E-05,i2,ch_e30,-6.43203787E+03
2.20000000E-05,i1,ch_e60,6.48052035E+03
2.20000000E-05,i2,ch_e60,-6.47923795E+03
2.20000000E-05,i1,ch_e90,6.36335500E+03
2.20000000E-05,i2,ch_e90,-6.35664431E+03
2.21000000E-05,injectedCurrent,ch-base,6.20000000E+03
2.21000000E-05,voltage,ch-base,1.42940024E+07
2.21000000E-05,i1,ch_e1,6.20000000E+03
2.21000000E-05,i2,ch_e1,-6.20611969E+03
2.21000000E-05,i1,ch_e30,6.40861745E+03
2.21000000E-05,i2,ch_e30,-6.41359372E+03
2.21000000E-05,i1,ch_e60,6.46577206E+03
2.21000000E-05,i2,ch_e60,-6.46464568E+03
2.21000000E-05,i1,ch_e90,6.35180129E+03
2.21000000E-05,i2,ch_e90,-6.34512307E+03
2.22000000E-05,injectedCurrent,ch-base,6.17777778E+03
2.22000000E-05,voltage,ch-base,1.42846436E+07
2.22000000E-05,i1,ch_e1,6.17777778E+03
2.22000000E-05,i2,ch_e1,-6.18265397E+03
2.22000000E-05,i1,ch_e30,6.39007000E+03
2.22000000E-05,i2,ch_e30,-6.39511456E+03
2.22000000E-05,i1,ch_e60,6.45104765E+03
2.22000000E-05,i2,ch_e60,-6.45002550E+03
2.22000000E-05,i1,ch_e90,6.34020275E+03
2.22000000E-05,i2,ch_e90,-6.33331358E+03
2.23000000E-05,injectedCurrent,ch-base,6.15555556E+03
2.23000000E-05,voltage,ch-base,1.42754770E+07
2.23000000E-05,i1,ch_e1,6.15555556E+03
2.23000000E-05,i2,ch_e1,-6.16205597E+03
2.23000000E-05,i1,ch_e30,6.37139022E+03
2.23000000E-05,i2,ch_e30,-6.37669690E+03
2.23000000E-05,i1,ch_e60,6.43626330E+03
2.23000000E-05,i2,ch_e60,-6.43536668E+03
2.23000000E-05,i1,ch_e90,6.32836551E+03
2.23000000E-05,i2,ch_e90,-6.32127561E+03
2.24000000E-05,injectedCurrent,ch-base,6.13333333E+03
2.24000000E-05,voltage,ch-base,1.42658164E+07
2.24000000E-05,i1,ch_e1,6.13333333E+03
2.24000000E-05,i2,ch_e1,-6.13811774E+03
2.24000000E-05,i1,ch_e30,6.35289266E+03
2.24000000E-05,i2,ch_e30,-6.35813858E+03
2.24000000E-05,i1,ch_e60,6.42147242E+03
2.24000000E-05,i2,ch_e60,-6.42067413E+03
2.24000000E-05,i1,ch_e90,6.31625234E+03
2.24000000E-05,i2,ch_e90,-6.30920618E+03
2.25000000E-05,injectedCurrent,ch-base,6.11111111E+03
2.25000000E-05,voltage,ch-base,1.42564583E+07
2.25000000E-05,i1,ch_e1,6.11111111E+03
2.25000000E-05,i2,ch_e1,-6.11801368E+03
2.25000000E-05,i1,ch_e30,6.33411145E+03
2.25000000E-05,i2,ch_e30,-6.33975110E+03
2.25000000E-05,i1,ch_e60,6.40662410E+03
2.25000000E-05,i2,ch_e60,-6.40595818E+03
2.25000000E-05,i1,ch_e90,6.30401470E+03
2.25000000E-05,i2,ch_e90,-6.29730324E+03
2.26000000E-05,injectedCurrent,ch-base,6.08888889E+03
2.26000000E-05,voltage,ch-base,1.42464914E+07
2.26000000E-05,i1,ch_e1,6.08888889E+03
2.26000000E-05,i2,ch_e1,-6.09355817E+03
2.26000000E-05,i1,ch_e30,6.31567025E+03
2.26000000E-05,i2,ch_e30,-6.32110658E+03
2.26000000E-05,i1,ch_e60,6.39176204E+03
2.26000000E-05,i2,ch_e60,-6.39123087E+03
2.26000000E-05,i1,ch_e90,6.29188399E+03
2.26000000E-05,i2,ch_e90,-6.28551635E+03
2.27000000E-05,injectedCurrent,ch-base,6.06666667E+03
2.27000000E-05,voltage,ch-base,1.42369485E+07
2.27000000E-05,i1,ch_e1,6.06666667E+03
2.27000000E-05,i2,ch_e1,-6.07399376E+03
2.27000000E-05,i1,ch_e30,6.29677830E+03
2.27000000E-05,i2,ch_e30,-6.30275609E+03
2.27000000E-05,i1,ch_e60,6.37688213E+03
2.27000000E-05,i2,ch_e60,-6.37648134E+03
2.27000000E-05,i1,ch_e90,6.27991498E+03
2.27000000E-05,i2,ch_e90,-6.27361338E+03
2.28000000E-05,injectedCurrent,ch-base,6.04444444E+03
2.28000000E-05,voltage,ch-base,1.42266727E+07
2.28000000E-05,i1,ch_e1,6.04444444E+03
2.28000000E-05,i2,ch_e1,-6.04897227E+03
2.28000000E-05,i1,ch_e30,6.27840177E+03
2.28000000E-05,i2,ch_e30,-6.28402251E+03
2.28000000E-05,i1,ch_e60,6.36198208E+03
2.28000000E-05,i2,ch_e60,-6.36169654E+03
2.28000000E-05,i1,ch_e90,6.26794410E+03
2.28000000E-05,i2,ch_e90,-6.26134989E+03
2.29000000E-05,injectedCurrent,ch-base,6.02222222E+03
2.29000000E-05,voltage,ch-base,1.42169530E+07
2.29000000E-05,i1,ch_e1,6.02222222E+03
2.29000000E-05,i2,ch_e1,-6.02999837E+03
2.29000000E-05,i1,ch_e30,6.25939317E+03
2.29000000E-05,i2,ch_e30,-6.26571652E+03
2.29000000E-05,i1,ch_e60,6.34706556E+03
2.29000000E-05,i2,ch_e60,-6.34686492E+03
2.29000000E-05,i1,ch_e90,6.25569016E+03
2.29000000E-05,i2,ch_e90,-6.24874322E+03
2.30000000E-05,injectedCurrent,ch-base,6.00000000E+03
2.30000000E-05,voltage,ch-base,1.42063632E+07
2.30000000E-05,i1,ch_e1,6.00000000E+03
2.30000000E-05,i2,ch_e1,-6.00435963E+03
2.30000000E-05,i1,ch_e30,6.24109189E+03
2.30000000E-05,i2,ch_e30,-6.24688604E+03
2.30000000E-05,i1,ch_e60,6.33208126E+03
2.30000000E-05,i2,ch_e60,-6.33200494E+03
2.30000000E-05,i1,ch_e90,6.24305865E+03
2.30000000E-05,i2,ch_e90,-6.23604865E+03
2.31000000E-05,injectedCurrent,ch-base,5.97777778E+03
2.31000000E-05,voltage,ch-base,1.41964736E+07
2.31000000E-05,i1,ch_e1,5.97777778E+03
2.31000000E-05,i2,ch_e1,-5.98602972E+03
2.31000000E-05,i1,ch_e30,6.22195726E+03
2.31000000E-05,i2,ch_e30,-6.22862903E+03
2.31000000E-05,i1,ch_e60,6.31709443E+03
2.31000000E-05,i2,ch_e60,-6.31713162E+03
2.31000000E-05,i1,ch_e90,6.23020597E+03
2.31000000E-05,i2,ch_e90,-6.22356334E+03
2.32000000E-05,injectedCurrent,ch-base,5.95555556E+03
2.32000000E-05,voltage,ch-base,1.41855654E+07
2.32000000E-05,i1,ch_e1,5.95555556E+03
2.32000000E-05,i2,ch_e1,-5.95971686E+03
2.32000000E-05,i1,ch_e30,6.20373850E+03
2.32000000E-05,i2,ch_e30,-6.20969539E+03
2.32000000E-05,i1,ch_e60,6.30204594E+03
2.32000000E-05,i2,ch_e60,-6.30225443E+03
2.32000000E-05,i1,ch_e90,6.21746234E+03
2.32000000E-05,i2,ch_e90,-6.21132191E+03
2.33000000E-05,injectedCurrent,ch-base,5.93333333E+03
2.33000000E-05,voltage,ch-base,1.41755154E+07
2.33000000E-05,i1,ch_e1,5.93333333E+03
2.33000000E-05,i2,ch_e1,-5.94208904E+03
2.33000000E-05,i1,ch_e30,6.18446749E+03
2.33000000E-05,i2,ch_e30,-6.19149742E+03
2.33000000E-05,i1,ch_e60,6.28704959E+03
2.33000000E-05,i2,ch_e60,-6.28734604E+03
2.33000000E-05,i1,ch_e90,6.20497709E+03
2.33000000E-05,i2,ch_e90,-6.19905436E+03
2.34000000E-05,injectedCurrent,ch-base,5.91111111E+03
2.34000000E-05,voltage,ch-base,1.41642838E+07
2.34000000E-05,i1,ch_e1,5.91111111E+03
2.34000000E-05,i2,ch_e1,-5.91504286E+03
2.34000000E-05,i1,ch_e30,6.16634330E+03
2.34000000E-05,i2,ch_e30,-6.17245559E+03
2.34000000E-05,i1,ch_e60,6.27196669E+03
2.34000000E-05,i2,ch_e60,-6.27239040E+03
2.34000000E-05,i1,ch_e90,6.19261764E+03
2.34000000E-05,i2,ch_e90,-6.18639539E+03
2.35000000E-05,injectedCurrent,ch-base,5.88888889E+03
2.35000000E-05,voltage,ch-base,1.41540808E+07
2.35000000E-05,i1,ch_e1,5.88888889E+03
2.35000000E-05,i2,ch_e1,-5.89817995E+03
2.35000000E-05,i1,ch_e30,6.14692857E+03
2.35000000E-05,i2,ch_e30,-6.15432341E+03
2.35000000E-05,i1,ch_e60,6.25692112E+03
2.35000000E-05,i2,ch_e60,-6.25738147E+03
2.35000000E-05,i1,ch_e90,6.18000027E+03
2.35000000E-05,i2,ch_e90,-6.17321944E+03
2.36000000E-05,injectedCurrent,ch-base,5.86666667E+03
2.36000000E-05,voltage,ch-base,1.41425193E+07
2.36000000E-05,i1,ch_e1,5.86666667E+03
2.36000000E-05,i2,ch_e1,-5.87033491E+03
2.36000000E-05,i1,ch_e30,6.12891030E+03
2.36000000E-05,i2,ch_e30,-6.13516269E+03
2.36000000E-05,i1,ch_e60,6.24172834E+03
2.36000000E-05,i2,ch_e60,-6.24235627E+03
2.36000000E-05,i1,ch_e90,6.16689088E+03
2.36000000E-05,i2,ch_e90,-6.15977490E+03
2.37000000E-05,injectedCurrent,ch-base,5.84444444E+03
2.37000000E-05,voltage,ch-base,1.41321736E+07
2.37000000E-05,i1,ch_e1,5.84444444E+03
2.37000000E-05,i2,ch_e1,-5.85430325E+03
2.37000000E-05,i1,ch_e30,6.10933810E+03
2.37000000E-05,i2,ch_e30,-6.11710328E+03
2.37000000E-05,i1,ch_e60,6.22661153E+03
2.37000000E-05,i2,ch_e60,-6.22733058E+03
2.37000000E-05,i1,ch_e90,6.15335637E+03
2.37000000E-05,i2,ch_e90,-6.14648487E+03
2.38000000E-05,injectedCurrent,ch-base,5.82222222E+03
2.38000000E-05,voltage,ch-base,1.41202770E+07
2.38000000E-05,i1,ch_e1,5.82222222E+03
2.38000000E-05,i2,ch_e1,-5.82559020E+03
2.38000000E-05,i1,ch_e30,6.09143477E+03
2.38000000E-05,i2,ch_e30,-6.09781769E+03
2.38000000E-05,i1,ch_e60,6.21137115E+03
2.38000000E-05,i2,ch_e60,-6.21230548E+03
2.38000000E-05,i1,ch_e90,6.13981038E+03
2.38000000E-05,i2,ch_e90,-6.13359146E+03
2.39000000E-05,injectedCurrent,ch-base,5.80000000E+03
2.39000000E-05,voltage,ch-base,1.41097980E+07
2.39000000E-05,i1,ch_e1,5.80000000E+03
2.39000000E-05,i2,ch_e1,-5.81046296E+03
2.39000000E-05,i1,ch_e30,6.07169436E+03
2.39000000E-05,i2,ch_e30,-6.07984385E+03
2.39000000E-05,i1,ch_e60,6.19627158E+03
2.39000000E-05,i2,ch_e60,-6.19723284E+03
2.39000000E-05,i1,ch_e90,6.12658200E+03
2.39000000E-05,i2,ch_e90,-6.12090370E+03
2.40000000E-05,injectedCurrent,ch-base,5.77777778E+03
2.40000000E-05,voltage,ch-base,1.40975580E+07
2.40000000E-05,i1,ch_e1,5.77777778E+03
2.40000000E-05,i2,ch_e1,-5.78080719E+03
2.40000000E-05,i1,ch_e30,6.05392279E+03
2.40000000E-05,i2,ch_e30,-6.06042536E+03
2.40000000E-05,i1,ch_e60,6.18099261E+03
2.40000000E-05,i2,ch_e60,-6.18209693E+03
2.40000000E-05,i1,ch_e90,6.11370677E+03
2.40000000E-05,i2,ch_e90,-6.10795281E+03
2.41000000E-05,injectedCurrent,ch-base,5.75555556E+03
2.41000000E-05,voltage,ch-base,1.40869557E+07
2.41000000E-05,i1,ch_e1,5.75555556E+03
2.41000000E-05,i2,ch_e1,-5.76666095E+03
2.41000000E-05,i1,ch_e30,6.03400385E+03
2.41000000E-05,i2,ch_e30,-6.04254308E+03
2.41000000E-05,i1,ch_e60,6.16582026E+03
2.41000000E-05,i2,ch_e60,-6.16690099E+03
2.41000000E-05,i1,ch_e90,6.10076778E+03
2.41000000E-05,i2,ch_e90,-6.09434205E+03
2.42000000E-05,injectedCurrent,ch-base,5.73333333E+03
2.42000000E-05,voltage,ch-base,1.40743659E+07
2.42000000E-05,i1,ch_e1,5.73333333E+03
2.42000000E-05,i2,ch_e1,-5.73598146E+03
2.42000000E-05,i1,ch_e30,6.01637481E+03
2.42000000E-05,i2,ch_e30,-6.02297768E+03
2.42000000E-05,i1,ch_e60,6.15039789E+03
2.42000000E-05,i2,ch_e60,-6.15170350E+03
2.42000000E-05,i1,ch_e90,6.08732698E+03
2.42000000E-05,i2,ch_e90,-6.08013418E+03
2.43000000E-05,injectedCurrent,ch-base,5.71111111E+03
2.43000000E-05,voltage,ch-base,1.40636524E+07
2.43000000E-05,i1,ch_e1,5.71111111E+03
2.43000000E-05,i2,ch_e1,-5.72290018E+03
2.43000000E-05,i1,ch_e30,5.99625851E+03
2.43000000E-05,i2,ch_e30,-6.00519785E+03
2.43000000E-05,i1,ch_e60,6.13515434E+03
2.43000000E-05,i2,ch_e60,-6.13651801E+03
2.43000000E-05,i1,ch_e90,6.07318492E+03
2.43000000E-05,i2,ch_e90,-6.06578158E+03
2.44000000E-05,injectedCurrent,ch-base,5.68888889E+03
2.44000000E-05,voltage,ch-base,1.40507039E+07
2.44000000E-05,i1,ch_e1,5.68888889E+03
2.44000000E-05,i2,ch_e1,-5.69111160E+03
2.44000000E-05,i1,ch_e30,5.97878545E+03
2.44000000E-05,i2,ch_e30,-5.98548100E+03
2.44000000E-05,i1,ch_e60,6.11970271E+03
2.44000000E-05,i2,ch_e60,-6.12133504E+03
2.44000000E-05,i1,ch_e90,6.05868975E+03
2.44000000E-05,i2,ch_e90,-6.05183068E+03
2.45000000E-05,injectedCurrent,ch-base,5.66666667E+03
2.45000000E-05,voltage,ch-base,1.40398895E+07
2.45000000E-05,i1,ch_e1,5.66666667E+03
2.45000000E-05,i2,ch_e1,-5.67918472E+03
2.45000000E-05,i1,ch_e30,5.95846209E+03
2.45000000E-05,i2,ch_e30,-5.96781925E+03
2.45000000E-05,i1,ch_e60,6.10450336E+03
2.45000000E-05,i2,ch_e60,-6.10608286E+03
2.45000000E-05,i1,ch_e90,6.04435291E+03
2.45000000E-05,i2,ch_e90,-6.03840095E+03
2.46000000E-05,injectedCurrent,ch-base,5.64444444E+03
2.46000000E-05,voltage,ch-base,1.40265730E+07
2.46000000E-05,i1,ch_e1,5.64444444E+03
2.46000000E-05,i2,ch_e1,-5.64619328E+03
2.46000000E-05,i1,ch_e30,5.94116625E+03
2.46000000E-05,i2,ch_e30,-5.94793669E+03
2.46000000E-05,i1,ch_e60,6.08900230E+03
2.46000000E-05,i2,ch_e60,-6.09074771E+03
2.46000000E-05,i1,ch_e90,6.03056890E+03
2.46000000E-05,i2,ch_e90,-6.02512947E+03
2.47000000E-05,injectedCurrent,ch-base,5.62222222E+03
2.47000000E-05,voltage,ch-base,1.40156714E+07
2.47000000E-05,i1,ch_e1,5.62222222E+03
2.47000000E-05,i2,ch_e1,-5.63551637E+03
2.47000000E-05,i1,ch_e30,5.92061891E+03
2.47000000E-05,i2,ch_e30,-5.93039671E+03
2.47000000E-05,i1,ch_e60,6.07369889E+03
2.47000000E-05,i2,ch_e60,-6.07534287E+03
2.47000000E-05,i1,ch_e90,6.01713023E+03
2.47000000E-05,i2,ch_e90,-6.01134077E+03
2.48000000E-05,injectedCurrent,ch-base,5.60000000E+03
2.48000000E-05,voltage,ch-base,1.40019781E+07
2.48000000E-05,i1,ch_e1,5.60000000E+03
2.48000000E-05,i2,ch_e1,-5.60122311E+03
2.48000000E-05,i1,ch_e30,5.90350951E+03
2.48000000E-05,i2,ch_e30,-5.91033294E+03
2.48000000E-05,i1,ch_e60,6.05801149E+03
2.48000000E-05,i2,ch_e60,-6.05995251E+03
2.48000000E-05,i1,ch_e90,6.00350565E+03
2.48000000E-05,i2,ch_e90,-5.99666734E+03
2.49000000E-05,injectedCurrent,ch-base,5.57777778E+03
2.49000000E-05,voltage,ch-base,1.39910021E+07
2.49000000E-05,i1,ch_e1,5.57777778E+03
2.49000000E-05,i2,ch_e1,-5.59190040E+03
2.49000000E-05,i1,ch_e30,5.88271573E+03
2.49000000E-05,i2,ch_e30,-5.89293435E+03
2.49000000E-05,i1,ch_e60,6.04263324E+03
2.49000000E-05,i2,ch_e60,-6.04458949E+03
2.49000000E-05,i1,ch_e90,5.98907934E+03
2.49000000E-05,i2,ch_e90,-5.98125161E+03
2.50000000E-05,injectedCurrent,ch-base,5.55555556E+03
2.50000000E-05,voltage,ch-base,1.39769198E+07
2.50000000E-05,i1,ch_e1,5.55555556E+03
2.50000000E-05,i2,ch_e1,-5.55619839E+03
2.50000000E-05,i1,ch_e30,5.86581482E+03
2.50000000E-05,i2,ch_e30,-5.87268646E+03
2.50000000E-05,i1,ch_e60,6.02693554E+03
2.50000000E-05,i2,ch_e60,-6.02923490E+03
2.50000000E-05,i1,ch_e90,5.97381008E+03
2.50000000E-05,i2,ch_e90,-5.96578740E+03
2.51000000E-05,injectedCurrent,ch-base,5.53333333E+03
2.51000000E-05,voltage,ch-base,1.39658831E+07
2.51000000E-05,i1,ch_e1,5.53333333E+03
2.51000000E-05,i2,ch_e1,-5.54833967E+03
2.51000000E-05,i1,ch_e30,5.84476616E+03
2.51000000E-05,i2,ch_e30,-5.85544336E+03
2.51000000E-05,i1,ch_e60,6.01163665E+03
2.51000000E-05,i2,ch_e60,-6.01378645E+03
2.51000000E-05,i1,ch_e90,5.95811564E+03
2.51000000E-05,i2,ch_e90,-5.95087480E+03
2.52000000E-05,injectedCurrent,ch-base,5.51111111E+03
2.52000000E-05,voltage,ch-base,1.39514013E+07
2.52000000E-05,i1,ch_e1,5.51111111E+03
2.52000000E-05,i2,ch_e1,-5.51111337E+03
2.52000000E-05,i1,ch_e30,5.82809694E+03
2.52000000E-05,i2,ch_e30,-5.83498567E+03
2.52000000E-05,i1,ch_e60,5.99588304E+03
2.52000000E-05,i2,ch_e60,-5.99822481E+03
2.52000000E-05,i1,ch_e90,5.94276775E+03
2.52000000E-05,i2,ch_e90,-5.93669280E+03
2.53000000E-05,injectedCurrent,ch-base,5.48888889E+03
2.53000000E-05,voltage,ch-base,1.39403202E+07
2.53000000E-05,i1,ch_e1,5.48888889E+03
2.53000000E-05,i2,ch_e1,-5.50483808E+03
2.53000000E-05,i1,ch_e30,5.80676516E+03
2.53000000E-05,i2,ch_e30,-5.81790182E+03
2.53000000E-05,i1,ch_e60,5.98044360E+03
2.53000000E-05,i2,ch_e60,-5.98256645E+03
2.53000000E-05,i1,ch_e90,5.92810637E+03
2.53000000E-05,i2,ch_e90,-5.92266868E+03
2.54000000E-05,injectedCurrent,ch-base,5.46666667E+03
2.54000000E-05,voltage,ch-base,1.39254264E+07
2.54000000E-05,i1,ch_e1,5.46666667E+03
2.54000000E-05,i2,ch_e1,-5.46596541E+03
2.54000000E-05,i1,ch_e30,5.79033584E+03
2.54000000E-05,i2,ch_e30,-5.79722344E+03
2.54000000E-05,i1,ch_e60,5.96443678E+03
2.54000000E-05,i2,ch_e60,-5.96692662E+03
2.54000000E-05,i1,ch_e90,5.91396381E+03
2.54000000E-05,i2,ch_e90,-5.90803618E+03
2.55000000E-05,injectedCurrent,ch-base,5.44444444E+03
2.55000000E-05,voltage,ch-base,1.39143154E+07
2.55000000E-05,i1,ch_e1,5.44444444E+03
2.55000000E-05,i2,ch_e1,-5.46140160E+03
2.55000000E-05,i1,ch_e30,5.76869837E+03
2.55000000E-05,i2,ch_e30,-5.78033096E+03
2.55000000E-05,i1,ch_e60,5.94888933E+03
2.55000000E-05,i2,ch_e60,-5.95132632E+03
2.55000000E-05,i1,ch_e90,5.89952584E+03
2.55000000E-05,i2,ch_e90,-5.89220291E+03
2.56000000E-05,injectedCurrent,ch-base,5.42222222E+03
2.56000000E-05,voltage,ch-base,1.38989947E+07
2.56000000E-05,i1,ch_e1,5.42222222E+03
2.56000000E-05,i2,ch_e1,-5.42074943E+03
2.56000000E-05,i1,ch_e30,5.75254462E+03
2.56000000E-05,i2,ch_e30,-5.75942549E+03
2.56000000E-05,i1,ch_e60,5.93286774E+03
2.56000000E-05,i2,ch_e60,-5.93574547E+03
2.56000000E-05,i1,ch_e90,5.88414057E+03
2.56000000E-05,i2,ch_e90,-5.87540225E+03
2.57000000E-05,injectedCurrent,ch-base,5.40000000E+03
2.57000000E-05,voltage,ch-base,1.38878717E+07
2.57000000E-05,i1,ch_e1,5.40000000E+03
2.57000000E-05,i2,ch_e1,-5.41803287E+03
2.57000000E-05,i1,ch_e30,5.73059248E+03
2.57000000E-05,i2,ch_e30,-5.74273064E+03
2.57000000E-05,i1,ch_e60,5.91743258E+03
2.57000000E-05,i2,ch_e60,-5.92004344E+03
2.57000000E-05,i1,ch_e90,5.86755364E+03
2.57000000E-05,i2,ch_e90,-5.85834341E+03
2.58000000E-05,injectedCurrent,ch-base,5.37777778E+03
2.58000000E-05,voltage,ch-base,1.38721115E+07
2.58000000E-05,i1,ch_e1,5.37777778E+03
2.58000000E-05,i2,ch_e1,-5.37545929E+03
2.58000000E-05,i1,ch_e30,5.71473463E+03
2.58000000E-05,i2,ch_e30,-5.72155946E+03
2.58000000E-05,i1,ch_e60,5.90135293E+03
2.58000000E-05,i2,ch_e60,-5.90418173E+03
2.58000000E-05,i1,ch_e90,5.85038234E+03
2.58000000E-05,i2,ch_e90,-5.84195860E+03
2.59000000E-05,injectedCurrent,ch-base,5.35555556E+03
2.59000000E-05,voltage,ch-base,1.38609955E+07
2.59000000E-05,i1,ch_e1,5.35555556E+03
2.59000000E-05,i2,ch_e1,-5.37473826E+03
2.59000000E-05,i1,ch_e30,5.69242346E+03
2.59000000E-05,i2,ch_e30,-5.70507277E+03
2.59000000E-05,i1,ch_e60,5.88573426E+03
2.59000000E-05,i2,ch_e60,-5.88816781E+03
2.59000000E-05,i1,ch_e90,5.83343014E+03
2.59000000E-05,i2,ch_e90,-5.82648361E+03
2.60000000E-05,injectedCurrent,ch-base,5.33333333E+03
2.60000000E-05,voltage,ch-base,1.38447782E+07
2.60000000E-05,i1,ch_e1,5.33333333E+03
2.60000000E-05,i2,ch_e1,-5.33009229E+03
2.60000000E-05,i1,ch_e30,5.67687228E+03
2.60000000E-05,i2,ch_e30,-5.68363457E+03
2.60000000E-05,i1,ch_e60,5.86929702E+03
2.60000000E-05,i2,ch_e60,-5.87215859E+03
2.60000000E-05,i1,ch_e90,5.81741066E+03
2.60000000E-05,i2,ch_e90,-5.81152285E+03
2.61000000E-05,injectedCurrent,ch-base,5.31111111E+03
2.61000000E-05,voltage,ch-base,1.38336864E+07
2.61000000E-05,i1,ch_e1,5.31111111E+03
2.61000000E-05,i2,ch_e1,-5.33152396E+03
2.61000000E-05,i1,ch_e30,5.65418489E+03
2.61000000E-05,i2,ch_e30,-5.66739989E+03
2.61000000E-05,i1,ch_e60,5.85348757E+03
2.61000000E-05,i2,ch_e60,-5.85620740E+03
2.61000000E-05,i1,ch_e90,5.80211797E+03
2.61000000E-05,i2,ch_e90,-5.79599237E+03
2.62000000E-05,injectedCurrent,ch-base,5.28888889E+03
2.62000000E-05,voltage,ch-base,1.38169949E+07
2.62000000E-05,i1,ch_e1,5.28888889E+03
2.62000000E-05,i2,ch_e1,-5.28464046E+03
2.62000000E-05,i1,ch_e30,5.63899313E+03
2.62000000E-05,i2,ch_e30,-5.64567738E+03
2.62000000E-05,i1,ch_e60,5.83699873E+03
2.62000000E-05,i2,ch_e60,-5.84032020E+03
2.62000000E-05,i1,ch_e90,5.78684397E+03
2.62000000E-05,i2,ch_e90,-5.77914556E+03
2.63000000E-05,injectedCurrent,ch-base,5.26666667E+03
2.63000000E-05,voltage,ch-base,1.38059506E+07
2.63000000E-05,i1,ch_e1,5.26666667E+03
2.63000000E-05,i2,ch_e1,-5.28839283E+03
2.63000000E-05,i1,ch_e30,5.61591421E+03
2.63000000E-05,i2,ch_e30,-5.62968972E+03
2.63000000E-05,i1,ch_e60,5.82135464E+03
2.63000000E-05,i2,ch_e60,-5.82431843E+03
2.63000000E-05,i1,ch_e90,5.77049488E+03
2.63000000E-05,i2,ch_e90,-5.76075793E+03
2.64000000E-05,injectedCurrent,ch-base,5.24444444E+03
2.64000000E-05,voltage,ch-base,1.37887688E+07
2.64000000E-05,i1,ch_e1,5.24444444E+03
2.64000000E-05,i2,ch_e1,-5.23909794E+03
2.64000000E-05,i1,ch_e30,5.60109375E+03
2.64000000E-05,i2,ch_e30,-5.60763354E+03
2.64000000E-05,i1,ch_e60,5.80486478E+03
2.64000000E-05,i2,ch_e60,-5.80812161E+03
2.64000000E-05,i1,ch_e90,5.75267729E+03
2.64000000E-05,i2,ch_e90,-5.74165434E+03
2.65000000E-05,injectedCurrent,ch-base,5.22222222E+03
2.65000000E-05,voltage,ch-base,1.37777934E+07
2.65000000E-05,i1,ch_e1,5.22222222E+03
2.65000000E-05,i2,ch_e1,-5.24535471E+03
2.65000000E-05,i1,ch_e30,5.57756118E+03
2.65000000E-05,i2,ch_e30,-5.59191754E+03
2.65000000E-05,i1,ch_e60,5.78905581E+03
2.65000000E-05,i2,ch_e60,-5.79169306E+03
2.65000000E-05,i1,ch_e90,5.73361303E+03
2.65000000E-05,i2,ch_e90,-5.72281522E+03
2.66000000E-05,injectedCurrent,ch-base,5.20000000E+03
2.66000000E-05,voltage,ch-base,1.37600978E+07
2.66000000E-05,i1,ch_e1,5.20000000E+03
2.66000000E-05,i2,ch_e1,-5.19346125E+03
2.66000000E-05,i1,ch_e30,5.56313284E+03
2.66000000E-05,i2,ch_e30,-5.56953803E+03
2.66000000E-05,i1,ch_e60,5.77211411E+03
2.66000000E-05,i2,ch_e60,-5.77522296E+03
2.66000000E-05,i1,ch_e90,5.71440678E+03
2.66000000E-05,i2,ch_e90,-5.70513187E+03
2.67000000E-05,injectedCurrent,ch-base,5.17777778E+03
2.67000000E-05,voltage,ch-base,1.37492127E+07
2.67000000E-05,i1,ch_e1,5.17777778E+03
2.67000000E-05,i2,ch_e1,-5.20241462E+03
2.67000000E-05,i1,ch_e30,5.53913964E+03
2.67000000E-05,i2,ch_e30,-5.55414633E+03
2.67000000E-05,i1,ch_e60,5.75598948E+03
2.67000000E-05,i2,ch_e60,-5.75882013E+03
2.67000000E-05,i1,ch_e90,5.69592894E+03
2.67000000E-05,i2,ch_e90,-5.68838328E+03
2.68000000E-05,injectedCurrent,ch-base,5.15555556E+03
2.68000000E-05,voltage,ch-base,1.37309843E+07
2.68000000E-05,i1,ch_e1,5.15555556E+03
2.68000000E-05,i2,ch_e1,-5.14771853E+03
2.68000000E-05,i1,ch_e30,5.52517302E+03
2.68000000E-05,i2,ch_e30,-5.53140783E+03
2.68000000E-05,i1,ch_e60,5.73890131E+03
2.68000000E-05,i2,ch_e60,-5.74256398E+03
2.68000000E-05,i1,ch_e90,5.67866312E+03
2.68000000E-05,i2,ch_e90,-5.67178270E+03
2.69000000E-05,injectedCurrent,ch-base,5.13333333E+03
2.69000000E-05,voltage,ch-base,1.37202196E+07
2.69000000E-05,i1,ch_e1,5.13333333E+03
2.69000000E-05,i2,ch_e1,-5.15957733E+03
2.69000000E-05,i1,ch_e30,5.50068891E+03
2.69000000E-05,i2,ch_e30,-5.51632199E+03
2.69000000E-05,i1,ch_e60,5.72299282E+03
2.69000000E-05,i2,ch_e60,-5.72626090E+03
2.69000000E-05,i1,ch_e90,5.66191463E+03
2.69000000E-05,i2,ch_e90,-5.65396648E+03
2.70000000E-05,injectedCurrent,ch-base,5.11111111E+03
2.70000000E-05,voltage,ch-base,1.37014365E+07
2.70000000E-05,i1,ch_e1,5.11111111E+03
2.70000000E-05,i2,ch_e1,-5.10186611E+03
2.70000000E-05,i1,ch_e30,5.48718314E+03
2.70000000E-05,i2,ch_e30,-5.49316648E+03
2.70000000E-05,i1,ch_e60,5.70603376E+03
2.70000000E-05,i2,ch_e60,-5.70976913E+03
2.70000000E-05,i1,ch_e90,5.64467833E+03
2.70000000E-05,i2,ch_e90,-5.63433121E+03
2.71000000E-05,injectedCurrent,ch-base,5.08888889E+03
2.71000000E-05,voltage,ch-base,1.36908148E+07
2.71000000E-05,i1,ch_e1,5.08888889E+03
2.71000000E-05,i2,ch_e1,-5.11685645E+03
2.71000000E-05,i1,ch_e30,5.46212860E+03
2.71000000E-05,i2,ch_e30,-5.47843228E+03
2.71000000E-05,i1,ch_e60,5.69009444E+03
2.71000000E-05,i2,ch_e60,-5.69294440E+03
2.71000000E-05,i1,ch_e90,5.62575281E+03
2.71000000E-05,i2,ch_e90,-5.61288147E+03
2.72000000E-05,injectedCurrent,ch-base,5.06666667E+03
2.72000000E-05,voltage,ch-base,1.36714470E+07
2.72000000E-05,i1,ch_e1,5.06666667E+03
2.72000000E-05,i2,ch_e1,-5.05589683E+03
2.72000000E-05,i1,ch_e30,5.44912248E+03
2.72000000E-05,i2,ch_e30,-5.45488455E+03
2.72000000E-05,i1,ch_e60,5.67265132E+03
2.72000000E-05,i2,ch_e60,-5.67595895E+03
2.72000000E-05,i1,ch_e90,5.60499215E+03
2.72000000E-05,i2,ch_e90,-5.59080301E+03
2.73000000E-05,injectedCurrent,ch-base,5.04444444E+03
2.73000000E-05,voltage,ch-base,1.36609980E+07
2.73000000E-05,i1,ch_e1,5.04444444E+03
2.73000000E-05,i2,ch_e1,-5.07425383E+03
2.73000000E-05,i1,ch_e30,5.42350431E+03
2.73000000E-05,i2,ch_e30,-5.44056317E+03
2.73000000E-05,i1,ch_e60,5.65622555E+03
2.73000000E-05,i2,ch_e60,-5.65897387E+03
2.73000000E-05,i1,ch_e90,5.58287041E+03
2.73000000E-05,i2,ch_e90,-5.56916607E+03
2.74000000E-05,injectedCurrent,ch-base,5.02222222E+03
2.74000000E-05,voltage,ch-base,1.36410257E+07
2.74000000E-05,i1,ch_e1,5.02222222E+03
2.74000000E-05,i2,ch_e1,-5.00979587E+03
2.74000000E-05,i1,ch_e30,5.41108541E+03
2.74000000E-05,i2,ch_e30,-5.41656319E+03
2.74000000E-05,i1,ch_e60,5.63839895E+03
2.74000000E-05,i2,ch_e60,-5.64220797E+03
2.74000000E-05,i1,ch_e90,5.56077018E+03
2.74000000E-05,i2,ch_e90,-5.54890800E+03
2.75000000E-05,injectedCurrent,ch-base,5.00000000E+03
2.75000000E-05,voltage,ch-base,1.36307852E+07
2.75000000E-05,i1,ch_e1,5.00000000E+03
2.75000000E-05,i2,ch_e1,-5.03178020E+03
2.75000000E-05,i1,ch_e30,5.38485246E+03
2.75000000E-05,i2,ch_e30,-5.40261879E+03
2.75000000E-05,i1,ch_e60,5.62211413E+03
2.75000000E-05,i2,ch_e60,-5.62553131E+03
2.75000000E-05,i1,ch_e90,5.53957220E+03
2.75000000E-05,i2,ch_e90,-5.52959961E+03
2.76000000E-05,injectedCurrent,ch-base,4.97777778E+03
2.76000000E-05,voltage,ch-base,1.36101760E+07
2.76000000E-05,i1,ch_e1,4.97777778E+03
2.76000000E-05,i2,ch_e1,-4.96356319E+03
2.76000000E-05,i1,ch_e30,5.37300382E+03
2.76000000E-05,i2,ch_e30,-5.37809653E+03
2.76000000E-05,i1,ch_e60,5.60453691E+03
2.76000000E-05,i2,ch_e60,-5.60877730E+03
2.76000000E-05,i1,ch_e90,5.51973528E+03
2.76000000E-05,i2,ch_e90,-5.51035733E+03
2.77000000E-05,injectedCurrent,ch-base,4.95555556E+03
2.77000000E-05,voltage,ch-base,1.36001681E+07
2.77000000E-05,i1,ch_e1,4.95555556E+03
2.77000000E-05,i2,ch_e1,-4.98945046E+03
2.77000000E-05,i1,ch_e30,5.34605468E+03
2.77000000E-05,i2,ch_e30,-5.36459908E+03
2.77000000E-05,i1,ch_e60,5.58849508E+03
2.77000000E-05,i2,ch_e60,-5.59163681E+03
2.77000000E-05,i1,ch_e90,5.50035818E+03
2.77000000E-05,i2,ch_e90,-5.48958357E+03
2.78000000E-05,injectedCurrent,ch-base,4.93333333E+03
2.78000000E-05,voltage,ch-base,1.35788878E+07
2.78000000E-05,i1,ch_e1,4.93333333E+03
2.78000000E-05,i2,ch_e1,-4.91718320E+03
2.78000000E-05,i1,ch_e30,5.33483506E+03
2.78000000E-05,i2,ch_e30,-5.33959746E+03
2.78000000E-05,i1,ch_e60,5.57058178E+03
2.78000000E-05,i2,ch_e60,-5.57415665E+03
2.78000000E-05,i1,ch_e90,5.48033532E+03
2.78000000E-05,i2,ch_e90,-5.46661720E+03
2.79000000E-05,injectedCurrent,ch-base,4.91111111E+03
2.79000000E-05,voltage,ch-base,1.35691557E+07
2.79000000E-05,i1,ch_e1,4.91111111E+03
2.79000000E-05,i2,ch_e1,-4.94726300E+03
2.79000000E-05,i1,ch_e30,5.30719214E+03
2.79000000E-05,i2,ch_e30,-5.32662267E+03
2.79000000E-05,i1,ch_e60,5.55395747E+03
2.79000000E-05,i2,ch_e60,-5.55646202E+03
2.79000000E-05,i1,ch_e90,5.45825335E+03
2.79000000E-05,i2,ch_e90,-5.44127352E+03
2.80000000E-05,injectedCurrent,ch-base,4.88888889E+03
2.80000000E-05,voltage,ch-base,1.35471820E+07
2.80000000E-05,i1,ch_e1,4.88888889E+03
2.80000000E-05,i2,ch_e1,-4.87064199E+03
2.80000000E-05,i1,ch_e30,5.29671390E+03
2.80000000E-05,i2,ch_e30,-5.30105639E+03
2.80000000E-05,i1,ch_e60,5.53528997E+03
2.80000000E-05,i2,ch_e60,-5.53893351E+03
2.80000000E-05,i1,ch_e90,5.43389490E+03
2.80000000E-05,i2,ch_e90,-5.41479138E+03
2.81000000E-05,injectedCurrent,ch-base,4.86666667E+03
2.81000000E-05,voltage,ch-base,1.35377641E+07
2.81000000E-05,i1,ch_e1,4.86666667E+03
2.81000000E-05,i2,ch_e1,-4.90523923E+03
2.81000000E-05,i1,ch_e30,5.26830607E+03
2.81000000E-05,i2,ch_e30,-5.28854694E+03
2.81000000E-05,i1,ch_e60,5.51846419E+03
2.81000000E-05,i2,ch_e60,-5.52162556E+03
2.81000000E-05,i1,ch_e90,5.40758043E+03
2.81000000E-05,i2,ch_e90,-5.38825330E+03
2.82000000E-05,injectedCurrent,ch-base,4.84444444E+03
2.82000000E-05,voltage,ch-base,1.35150496E+07
2.82000000E-05,i1,ch_e1,4.84444444E+03
2.82000000E-05,i2,ch_e1,-4.82394208E+03
2.82000000E-05,i1,ch_e30,5.25853510E+03
2.82000000E-05,i2,ch_e30,-5.26232492E+03
2.82000000E-05,i1,ch_e60,5.49994555E+03
2.82000000E-05,i2,ch_e60,-5.50449705E+03
2.82000000E-05,i1,ch_e90,5.38078455E+03
2.82000000E-05,i2,ch_e90,-5.36294194E+03
2.83000000E-05,injectedCurrent,ch-base,4.82222222E+03
2.83000000E-05,voltage,ch-base,1.35059746E+07
2.83000000E-05,i1,ch_e1,4.82222222E+03
2.83000000E-05,i2,ch_e1,-4.86339059E+03
2.83000000E-05,i1,ch_e30,5.22922940E+03
2.83000000E-05,i2,ch_e30,-5.25037374E+03
2.83000000E-05,i1,ch_e60,5.48365823E+03
2.83000000E-05,i2,ch_e60,-5.48711982E+03
2.83000000E-05,i1,ch_e90,5.35449998E+03
2.83000000E-05,i2,ch_e90,-5.33865822E+03
2.84000000E-05,injectedCurrent,ch-base,4.80000000E+03
2.84000000E-05,voltage,ch-base,1.34824841E+07
2.84000000E-05,i1,ch_e1,4.80000000E+03
2.84000000E-05,i2,ch_e1,-4.77705528E+03
2.84000000E-05,i1,ch_e30,5.22024068E+03
2.84000000E-05,i2,ch_e30,-5.22356204E+03
2.84000000E-05,i1,ch_e60,5.46522280E+03
2.84000000E-05,i2,ch_e60,-5.46931544E+03
2.84000000E-05,i1,ch_e90,5.32957286E+03
2.84000000E-05,i2,ch_e90,-5.31485273E+03
2.85000000E-05,injectedCurrent,ch-base,4.77777778E+03
2.85000000E-05,voltage,ch-base,1.34738125E+07
2.85000000E-05,i1,ch_e1,4.77777778E+03
2.85000000E-05,i2,ch_e1,-4.82171444E+03
2.85000000E-05,i1,ch_e30,5.19007569E+03
2.85000000E-05,i2,ch_e30,-5.21227196E+03
2.85000000E-05,i1,ch_e60,5.44860326E+03
2.85000000E-05,i2,ch_e60,-5.45096721E+03
2.85000000E-05,i1,ch_e90,5.30533819E+03
2.85000000E-05,i2,ch_e90,-5.28979268E+03
2.86000000E-05,injectedCurrent,ch-base,4.75555556E+03
2.86000000E-05,voltage,ch-base,1.34495178E+07
2.86000000E-05,i1,ch_e1,4.75555556E+03
2.86000000E-05,i2,ch_e1,-4.72997356E+03
2.86000000E-05,i1,ch_e30,5.18201904E+03
2.86000000E-05,i2,ch_e30,-5.18476231E+03
2.86000000E-05,i1,ch_e60,5.42917150E+03
2.86000000E-05,i2,ch_e60,-5.43246980E+03
2.86000000E-05,i1,ch_e90,5.28089527E+03
2.86000000E-05,i2,ch_e90,-5.26255740E+03
2.87000000E-05,injectedCurrent,ch-base,4.73333333E+03
2.87000000E-05,voltage,ch-base,1.34412881E+07
2.87000000E-05,i1,ch_e1,4.73333333E+03
2.87000000E-05,i2,ch_e1,-4.78024590E+03
2.87000000E-05,i1,ch_e30,5.15090985E+03
2.87000000E-05,i2,ch_e30,-5.17404532E+03
2.87000000E-05,i1,ch_e60,5.41177617E+03
2.87000000E-05,i2,ch_e60,-5.41408403E+03
2.87000000E-05,i1,ch_e90,5.25455122E+03
2.87000000E-05,i2,ch_e90,-5.23225360E+03
2.88000000E-05,injectedCurrent,ch-base,4.71111111E+03
2.88000000E-05,voltage,ch-base,1.34161233E+07
2.88000000E-05,i1,ch_e1,4.71111111E+03
2.88000000E-05,i2,ch_e1,-4.68269833E+03
2.88000000E-05,i1,ch_e30,5.14373202E+03
2.88000000E-05,i2,ch_e30,-5.14570397E+03
2.88000000E-05,i1,ch_e60,5.39189728E+03
2.88000000E-05,i2,ch_e60,-5.39611446E+03
2.88000000E-05,i1,ch_e90,5.22566804E+03
2.88000000E-05,i2,ch_e90,-5.19967097E+03
2.89000000E-05,injectedCurrent,ch-base,4.68888889E+03
2.89000000E-05,voltage,ch-base,1.34083733E+07
2.89000000E-05,i1,ch_e1,4.68888889E+03
2.89000000E-05,i2,ch_e1,-4.73898840E+03
2.89000000E-05,i1,ch_e30,5.11149403E+03
2.89000000E-05,i2,ch_e30,-5.13566597E+03
2.89000000E-05,i1,ch_e60,5.37492853E+03
2.89000000E-05,i2,ch_e60,-5.37827271E+03
2.89000000E-05,i1,ch_e90,5.19385706E+03
2.89000000E-05,i2,ch_e90,-5.16553408E+03
2.90000000E-05,injectedCurrent,ch-base,4.66666667E+03
2.90000000E-05,voltage,ch-base,1.33823051E+07
2.90000000E-05,i1,ch_e1,4.66666667E+03
2.90000000E-05,i2,ch_e1,-4.63518724E+03
2.90000000E-05,i1,ch_e30,5.10527118E+03
2.90000000E-05,i2,ch_e30,-5.10659004E+03
2.90000000E-05,i1,ch_e60,5.35554597E+03
2.90000000E-05,i2,ch_e60,-5.36027392E+03
2.90000000E-05,i1,ch_e90,5.16024586E+03
2.90000000E-05,i2,ch_e90,-5.13151589E+03
2.91000000E-05,injectedCurrent,ch-base,4.64444444E+03
2.91000000E-05,voltage,ch-base,1.33751151E+07
2.91000000E-05,i1,ch_e1,4.64444444E+03
2.91000000E-05,i2,ch_e1,-4.69794283E+03
2.91000000E-05,i1,ch_e30,5.07195627E+03
2.91000000E-05,i2,ch_e30,-5.09738971E+03
2.91000000E-05,i1,ch_e60,5.33896731E+03
2.91000000E-05,i2,ch_e60,-5.34160342E+03
2.91000000E-05,i1,ch_e90,5.12573045E+03
2.91000000E-05,i2,ch_e90,-5.09799600E+03
2.92000000E-05,injectedCurrent,ch-base,4.62222222E+03
2.92000000E-05,voltage,ch-base,1.33481035E+07
2.92000000E-05,i1,ch_e1,4.62222222E+03
2.92000000E-05,i2,ch_e1,-4.58744186E+03
2.92000000E-05,i1,ch_e30,5.06689999E+03
2.92000000E-05,i2,ch_e30,-5.06746784E+03
2.92000000E-05,i1,ch_e60,5.31898121E+03
2.92000000E-05,i2,ch_e60,-5.32233573E+03
2.92000000E-05,i1,ch_e90,5.09175682E+03
2.92000000E-05,i2,ch_e90,-5.06542022E+03
2.93000000E-05,injectedCurrent,ch-base,4.60000000E+03
2.93000000E-05,voltage,ch-base,1.33415105E+07
2.93000000E-05,i1,ch_e1,4.60000000E+03
2.93000000E-05,i2,ch_e1,-4.65715824E+03
2.93000000E-05,i1,ch_e30,5.03243404E+03
2.93000000E-05,i2,ch_e30,-5.05898381E+03
2.93000000E-05,i1,ch_e60,5.30138766E+03
2.93000000E-05,i2,ch_e60,-5.30263346E+03
2.93000000E-05,i1,ch_e90,5.05838308E+03
2.93000000E-05,i2,ch_e90,-5.03252490E+03
2.94000000E-05,injectedCurrent,ch-base,4.57777778E+03
2.94000000E-05,voltage,ch-base,1.33134705E+07
2.94000000E-05,i1,ch_e1,4.57777778E+03
2.94000000E-05,i2,ch_e1,-4.53945736E+03
2.94000000E-05,i1,ch_e30,5.02848283E+03
2.94000000E-05,i2,ch_e30,-5.02800561E+03
2.94000000E-05,i1,ch_e60,5.28005635E+03
2.94000000E-05,i2,ch_e60,-5.28312966E+03
2.94000000E-05,i1,ch_e90,5.02559797E+03
2.94000000E-05,i2,ch_e90,-4.99856534E+03
2.95000000E-05,injectedCurrent,ch-base,4.55555555E+03
2.95000000E-05,voltage,ch-base,1.33075280E+07
2.95000000E-05,i1,ch_e1,4.55555555E+03
2.95000000E-05,i2,ch_e1,-4.61662695E+03
2.95000000E-05,i1,ch_e30,4.99260343E+03
2.95000000E-05,i2,ch_e30,-5.02032491E+03
2.95000000E-05,i1,ch_e60,5.26196790E+03
2.95000000E-05,i2,ch_e60,-5.26397960E+03
2.95000000E-05,i1,ch_e90,4.99195576E+03
2.95000000E-05,i2,ch_e90,-4.96186050E+03
2.96000000E-05,injectedCurrent,ch-base,4.53333333E+03
2.96000000E-05,voltage,ch-base,1.32784292E+07
2.96000000E-05,i1,ch_e1,4.53333333E+03
2.96000000E-05,i2,ch_e1,-4.49117745E+03
2.96000000E-05,i1,ch_e30,4.98979945E+03
2.96000000E-05,i2,ch_e30,-4.98841092E+03
2.96000000E-05,i1,ch_e60,5.24072851E+03
2.96000000E-05,i2,ch_e60,-5.24525957E+03
2.96000000E-05,i1,ch_e90,4.95663613E+03
2.96000000E-05,i2,ch_e90,-4.92225765E+03
2.97000000E-05,injectedCurrent,ch-base,4.51111111E+03
2.97000000E-05,voltage,ch-base,1.32732388E+07
2.97000000E-05,i1,ch_e1,4.51111111E+03
2.97000000E-05,i2,ch_e1,-4.57635844E+03
2.97000000E-05,i1,ch_e30,4.95254861E+03
2.97000000E-05,i2,ch_e30,-4.98178274E+03
2.97000000E-05,i1,ch_e60,5.22354272E+03
2.97000000E-05,i2,ch_e60,-5.22634013E+03
2.97000000E-05,i1,ch_e90,4.91823929E+03
2.97000000E-05,i2,ch_e90,-4.87918317E+03
2.98000000E-05,injectedCurrent,ch-base,4.48888889E+03
2.98000000E-05,voltage,ch-base,1.32430235E+07
2.98000000E-05,i1,ch_e1,4.48888889E+03
2.98000000E-05,i2,ch_e1,-4.44261635E+03
2.98000000E-05,i1,ch_e30,4.95118884E+03
2.98000000E-05,i2,ch_e30,-4.94886063E+03
2.98000000E-05,i1,ch_e60,5.20270558E+03
2.98000000E-05,i2,ch_e60,-5.20686345E+03
2.98000000E-05,i1,ch_e90,4.87684707E+03
2.98000000E-05,i2,ch_e90,-4.83377107E+03
2.99000000E-05,injectedCurrent,ch-base,4.46666666E+03
2.99000000E-05,voltage,ch-base,1.32386195E+07
2.99000000E-05,i1,ch_e1,4.46666666E+03
2.99000000E-05,i2,ch_e1,-4.53641648E+03
2.99000000E-05,i1,ch_e30,4.91254697E+03
2.99000000E-05,i2,ch_e30,-4.94314727E+03
2.99000000E-05,i1,ch_e60,5.18537534E+03
2.99000000E-05,i2,ch_e60,-5.18638545E+03
2.99000000E-05,i1,ch_e90,4.83225252E+03
2.99000000E-05,i2,ch_e90,-4.78625766E+03
3.00000000E-05,injectedCurrent,ch-base,4.44444444E+03
3.00000000E-05,voltage,ch-base,1.32071802E+07
3.00000000E-05,i1,ch_e1,4.44444444E+03
3.00000000E-05,i2,ch_e1,-4.39375882E+03
3.00000000E-05,i1,ch_e30,4.91259708E+03
3.00000000E-05,i2,ch_e30,-4.90888825E+03
3.00000000E-05,i1,ch_e60,5.16312169E+03
3.00000000E-05,i2,ch_e60,-5.16530070E+03
3.00000000E-05,i1,ch_e90,4.78565420E+03
3.00000000E-05,i2,ch_e90,-4.73806107E+03
3.01000000E-05,injectedCurrent,ch-base,4.42222222E+03
3.01000000E-05,voltage,ch-base,1.32036373E+07
3.01000000E-05,i1,ch_e1,4.42222222E+03
3.01000000E-05,i2,ch_e1,-4.49677875E+03
3.01000000E-05,i1,ch_e30,4.87219999E+03
3.01000000E-05,i2,ch_e30,-4.90408880E+03
3.01000000E-05,i1,ch_e60,5.14427379E+03
3.01000000E-05,i2,ch_e60,-5.14395107E+03
3.01000000E-05,i1,ch_e90,4.73737606E+03
3.01000000E-05,i2,ch_e90,-4.68900196E+03
3.02000000E-05,injectedCurrent,ch-base,4.39999999E+03
3.02000000E-05,voltage,ch-base,1.31709492E+07
3.02000000E-05,i1,ch_e1,4.39999999E+03
3.02000000E-05,i2,ch_e1,-4.34453141E+03
3.02000000E-05,i1,ch_e30,4.87360429E+03
3.02000000E-05,i2,ch_e30,-4.86858482E+03
3.02000000E-05,i1,ch_e60,5.12056708E+03
3.02000000E-05,i2,ch_e60,-5.12307764E+03
3.02000000E-05,i1,ch_e90,4.68860198E+03
3.02000000E-05,i2,ch_e90,-4.63981112E+03
3.03000000E-05,injectedCurrent,ch-base,4.37777777E+03
3.03000000E-05,voltage,ch-base,1.31683972E+07
3.03000000E-05,i1,ch_e1,4.37777777E+03
3.03000000E-05,i2,ch_e1,-4.45746516E+03
3.03000000E-05,i1,ch_e30,4.83141399E+03
3.03000000E-05,i2,ch_e30,-4.86506245E+03
3.03000000E-05,i1,ch_e60,5.10161139E+03
3.03000000E-05,i2,ch_e60,-5.10263018E+03
3.03000000E-05,i1,ch_e90,4.63906660E+03
3.03000000E-05,i2,ch_e90,-4.58940821E+03
3.04000000E-05,injectedCurrent,ch-base,4.35555554E+03
3.04000000E-05,voltage,ch-base,1.31343824E+07
3.04000000E-05,i1,ch_e1,4.35555554E+03
3.04000000E-05,i2,ch_e1,-4.29496426E+03
3.04000000E-05,i1,ch_e30,4.83455165E+03
3.04000000E-05,i2,ch_e30,-4.82836273E+03
3.04000000E-05,i1,ch_e60,5.07837537E+03
3.04000000E-05,i2,ch_e60,-5.08250245E+03
3.04000000E-05,i1,ch_e90,4.58920113E+03
3.04000000E-05,i2,ch_e90,-4.53784835E+03
3.05000000E-05,injectedCurrent,ch-base,4.33333331E+03
3.05000000E-05,voltage,ch-base,1.31328518E+07
3.05000000E-05,i1,ch_e1,4.33333331E+03
3.05000000E-05,i2,ch_e1,-4.41856023E+03
3.05000000E-05,i1,ch_e30,4.79066629E+03
3.05000000E-05,i2,ch_e30,-4.82605557E+03
3.05000000E-05,i1,ch_e60,5.06052648E+03
3.05000000E-05,i2,ch_e60,-5.06181642E+03
3.05000000E-05,i1,ch_e90,4.53790257E+03
3.05000000E-05,i2,ch_e90,-4.48347856E+03
3.06000000E-05,injectedCurrent,ch-base,4.31111108E+03
3.06000000E-05,voltage,ch-base,1.30973712E+07
3.06000000E-05,i1,ch_e1,4.31111108E+03
3.06000000E-05,i2,ch_e1,-4.24503339E+03
3.06000000E-05,i1,ch_e30,4.79563144E+03
3.06000000E-05,i2,ch_e30,-4.78772802E+03
3.06000000E-05,i1,ch_e60,5.03736908E+03
3.06000000E-05,i2,ch_e60,-5.04024621E+03
3.06000000E-05,i1,ch_e90,4.48501199E+03
3.06000000E-05,i2,ch_e90,-4.42615869E+03
3.07000000E-05,injectedCurrent,ch-base,4.28888885E+03
3.07000000E-05,voltage,ch-base,1.30969575E+07
3.07000000E-05,i1,ch_e1,4.28888885E+03
3.07000000E-05,i2,ch_e1,-4.38002528E+03
3.07000000E-05,i1,ch_e30,4.74962983E+03
3.07000000E-05,i2,ch_e30,-4.78647486E+03
3.07000000E-05,i1,ch_e60,5.01882561E+03
3.07000000E-05,i2,ch_e60,-5.01739923E+03
3.07000000E-05,i1,ch_e90,4.42897347E+03
3.07000000E-05,i2,ch_e90,-4.36417990E+03
3.08000000E-05,injectedCurrent,ch-base,4.26666661E+03
3.08000000E-05,voltage,ch-base,1.30599909E+07
3.08000000E-05,i1,ch_e1,4.26666661E+03
3.08000000E-05,i2,ch_e1,-4.19463993E+03
3.08000000E-05,i1,ch_e30,4.75622948E+03
3.08000000E-05,i2,ch_e30,-4.74646611E+03
3.08000000E-05,i1,ch_e60,4.99354267E+03
3.08000000E-05,i2,ch_e60,-4.99392107E+03
3.08000000E-05,i1,ch_e90,4.36952047E+03
3.08000000E-05,i2,ch_e90,-4.29777286E+03
3.09000000E-05,injectedCurrent,ch-base,4.24444436E+03
3.09000000E-05,voltage,ch-base,1.30608636E+07
3.09000000E-05,i1,ch_e1,4.24444436E+03
3.09000000E-05,i2,ch_e1,-4.34188520E+03
3.09000000E-05,i1,ch_e30,4.70787978E+03
3.09000000E-05,i2,ch_e30,-4.74669731E+03
3.09000000E-05,i1,ch_e60,4.97309069E+03
3.09000000E-05,i2,ch_e60,-4.97022409E+03
3.09000000E-05,i1,ch_e90,4.30516923E+03
3.09000000E-05,i2,ch_e90,-4.22578672E+03
3.10000000E-05,injectedCurrent,ch-base,4.22222211E+03
3.10000000E-05,voltage,ch-base,1.30223180E+07
3.10000000E-05,i1,ch_e1,4.22222211E+03
3.10000000E-05,i2,ch_e1,-4.14382918E+03
3.10000000E-05,i1,ch_e30,4.71649762E+03
3.10000000E-05,i2,ch_e30,-4.70524970E+03
3.10000000E-05,i1,ch_e60,4.94617510E+03
3.10000000E-05,i2,ch_e60,-4.94716430E+03
3.10000000E-05,i1,ch_e90,4.23614403E+03
3.10000000E-05,i2,ch_e90,-4.14944981E+03
3.11000000E-05,injectedCurrent,ch-base,4.19999985E+03
3.11000000E-05,voltage,ch-base,1.30245083E+07
3.11000000E-05,i1,ch_e1,4.19999985E+03
3.11000000E-05,i2,ch_e1,-4.30425454E+03
3.11000000E-05,i1,ch_e30,4.66603756E+03
3.11000000E-05,i2,ch_e30,-4.70714800E+03
3.11000000E-05,i1,ch_e60,4.92580686E+03
3.11000000E-05,i2,ch_e60,-4.92455742E+03
3.11000000E-05,i1,ch_e90,4.16167941E+03
3.11000000E-05,i2,ch_e90,-4.06861746E+03
3.12000000E-05,injectedCurrent,ch-base,4.17777758E+03
3.12000000E-05,voltage,ch-base,1.29842011E+07
3.12000000E-05,i1,ch_e1,4.17777758E+03
3.12000000E-05,i2,ch_e1,-4.09257651E+03
3.12000000E-05,i1,ch_e30,4.67704229E+03
3.12000000E-05,i2,ch_e30,-4.66385461E+03
3.12000000E-05,i1,ch_e60,4.89951250E+03
3.12000000E-05,i2,ch_e60,-4.90226630E+03
3.12000000E-05,i1,ch_e90,4.08308340E+03
3.12000000E-05,i2,ch_e90,-3.98555608E+03
3.13000000E-05,injectedCurrent,ch-base,4.15555529E+03
3.13000000E-05,voltage,ch-base,1.29878201E+07
3.13000000E-05,i1,ch_e1,4.15555529E+03
3.13000000E-05,i2,ch_e1,-4.26708049E+03
3.13000000E-05,i1,ch_e30,4.62414771E+03
3.13000000E-05,i2,ch_e30,-4.66708500E+03
3.13000000E-05,i1,ch_e60,4.88042929E+03
3.13000000E-05,i2,ch_e60,-4.87921738E+03
3.13000000E-05,i1,ch_e90,4.00060964E+03
3.13000000E-05,i2,ch_e90,-3.90052601E+03
3.14000000E-05,injectedCurrent,ch-base,4.13333298E+03
3.14000000E-05,voltage,ch-base,1.29457322E+07
3.14000000E-05,i1,ch_e1,4.13333298E+03
3.14000000E-05,i2,ch_e1,-4.04074633E+03
3.14000000E-05,i1,ch_e30,4.63726422E+03
3.14000000E-05,i2,ch_e30,-4.62156179E+03
3.14000000E-05,i1,ch_e60,4.85406488E+03
3.14000000E-05,i2,ch_e60,-4.85508577E+03
3.14000000E-05,i1,ch_e90,3.91642232E+03
3.14000000E-05,i2,ch_e90,-3.81557269E+03
3.15000000E-05,injectedCurrent,ch-base,4.11111063E+03
3.15000000E-05,voltage,ch-base,1.29510060E+07
3.15000000E-05,i1,ch_e1,4.11111063E+03
3.15000000E-05,i2,ch_e1,-4.23038158E+03
3.15000000E-05,i1,ch_e30,4.58137996E+03
3.15000000E-05,i2,ch_e30,-4.62640204E+03
3.15000000E-05,i1,ch_e60,4.83405831E+03
3.15000000E-05,i2,ch_e60,-4.82934849E+03
3.15000000E-05,i1,ch_e90,3.83087623E+03
3.15000000E-05,i2,ch_e90,-3.72964426E+03
3.16000000E-05,injectedCurrent,ch-base,4.08888825E+03
3.16000000E-05,voltage,ch-base,1.29070385E+07
3.16000000E-05,i1,ch_e1,4.08888825E+03
3.16000000E-05,i2,ch_e1,-3.98839558E+03
3.16000000E-05,i1,ch_e30,4.59677607E+03
3.16000000E-05,i2,ch_e30,-4.57898654E+03
3.16000000E-05,i1,ch_e60,4.80503370E+03
3.16000000E-05,i2,ch_e60,-4.80275118E+03
3.16000000E-05,i1,ch_e90,3.74547938E+03
3.16000000E-05,i2,ch_e90,-3.64288299E+03
3.17000000E-05,injectedCurrent,ch-base,4.06666582E+03
3.17000000E-05,voltage,ch-base,1.29140048E+07
3.17000000E-05,i1,ch_e1,4.06666582E+03
3.17000000E-05,i2,ch_e1,-4.19431735E+03
3.17000000E-05,i1,ch_e30,4.53810790E+03
3.17000000E-05,i2,ch_e30,-4.58599950E+03
3.17000000E-05,i1,ch_e60,4.78263725E+03
3.17000000E-05,i2,ch_e60,-4.77567775E+03
3.17000000E-05,i1,ch_e90,3.65891099E+03
3.17000000E-05,i2,ch_e90,-3.55184269E+03
3.18000000E-05,injectedCurrent,ch-base,4.04444331E+03
3.18000000E-05,voltage,ch-base,1.28679116E+07
3.18000000E-05,i1,ch_e1,4.04444331E+03
3.18000000E-05,i2,ch_e1,-3.93551663E+03
3.18000000E-05,i1,ch_e30,4.55647161E+03
3.18000000E-05,i2,ch_e30,-4.53658196E+03
3.18000000E-05,i1,ch_e60,4.75136286E+03
3.18000000E-05,i2,ch_e60,-4.74920252E+03
3.18000000E-05,i1,ch_e90,3.57054567E+03
3.18000000E-05,i2,ch_e90,-3.45481598E+03
3.19000000E-05,injectedCurrent,ch-base,4.02222073E+03
3.19000000E-05,voltage,ch-base,1.28766807E+07
3.19000000E-05,i1,ch_e1,4.02222073E+03
3.19000000E-05,i2,ch_e1,-4.15882882E+03
3.19000000E-05,i1,ch_e30,4.49502223E+03
3.19000000E-05,i2,ch_e30,-4.54547707E+03
3.19000000E-05,i1,ch_e60,4.72871562E+03
3.19000000E-05,i2,ch_e60,-4.72317937E+03
3.19000000E-05,i1,ch_e90,3.47676853E+03
3.19000000E-05,i2,ch_e90,-3.34735327E+03
3.20000000E-05,injectedCurrent,ch-base,3.99999803E+03
3.20000000E-05,voltage,ch-base,1.28284317E+07
3.20000000E-05,i1,ch_e1,3.99999803E+03
3.20000000E-05,i2,ch_e1,-3.88191908E+03
3.20000000E-05,i1,ch_e30,4.51627145E+03
3.20000000E-05,i2,ch_e30,-4.49329459E+03
3.20000000E-05,i1,ch_e60,4.69780348E+03
3.20000000E-05,i2,ch_e60,-4.69767236E+03
3.20000000E-05,i1,ch_e90,3.37548005E+03
3.20000000E-05,i2,ch_e90,-3.22847109E+03
3.21000000E-05,injectedCurrent,ch-base,3.97777519E+03
3.21000000E-05,voltage,ch-base,1.28393106E+07
3.21000000E-05,i1,ch_e1,3.97777519E+03
3.21000000E-05,i2,ch_e1,-4.12390027E+03
3.21000000E-05,i1,ch_e30,4.45123225E+03
3.21000000E-05,i2,ch_e30,-4.50388973E+03
3.21000000E-05,i1,ch_e60,4.67661470E+03
3.21000000E-05,i2,ch_e60,-4.67147998E+03
3.21000000E-05,i1,ch_e90,3.26273653E+03
3.21000000E-05,i2,ch_e90,-3.09585194E+03
3.22000000E-05,injectedCurrent,ch-base,3.95555216E+03
3.22000000E-05,voltage,ch-base,1.27888314E+07
3.22000000E-05,i1,ch_e1,3.95555216E+03
3.22000000E-05,i2,ch_e1,-3.82765164E+03
3.22000000E-05,i1,ch_e30,4.47511256E+03
3.22000000E-05,i2,ch_e30,-4.44898896E+03
3.22000000E-05,i1,ch_e60,4.64581317E+03
3.22000000E-05,i2,ch_e60,-4.64422604E+03
3.22000000E-05,i1,ch_e90,3.13787923E+03
3.22000000E-05,i2,ch_e90,-2.95209861E+03
3.23000000E-05,injectedCurrent,ch-base,3.93332889E+03
3.23000000E-05,voltage,ch-base,1.28018950E+07
3.23000000E-05,i1,ch_e1,3.93332889E+03
3.23000000E-05,i2,ch_e1,-4.08975007E+03
3.23000000E-05,i1,ch_e30,4.40626290E+03
3.23000000E-05,i2,ch_e30,-4.46207684E+03
3.23000000E-05,i1,ch_e60,4.62401250E+03
3.23000000E-05,i2,ch_e60,-4.61500060E+03
3.23000000E-05,i1,ch_e90,2.99974257E+03
3.23000000E-05,i2,ch_e90,-2.79868926E+03
3.24000000E-05,injectedCurrent,ch-base,3.91110532E+03
3.24000000E-05,voltage,ch-base,1.27488615E+07
3.24000000E-05,i1,ch_e1,3.91110532E+03
3.24000000E-05,i2,ch_e1,-3.77275817E+03
3.24000000E-05,i1,ch_e30,4.43351157E+03
3.24000000E-05,i2,ch_e30,-4.40486848E+03
3.24000000E-05,i1,ch_e60,4.59035816E+03
3.24000000E-05,i2,ch_e60,-4.58440817E+03
3.24000000E-05,i1,ch_e90,2.85152358E+03
3.24000000E-05,i2,ch_e90,-2.64165493E+03
3.25000000E-05,injectedCurrent,ch-base,3.88888137E+03
3.25000000E-05,voltage,ch-base,1.27641884E+07
3.25000000E-05,i1,ch_e1,3.88888137E+03
3.25000000E-05,i2,ch_e1,-4.05634656E+03
3.25000000E-05,i1,ch_e30,4.36124207E+03
3.25000000E-05,i2,ch_e30,-4.42071013E+03
3.25000000E-05,i1,ch_e60,4.56564836E+03
3.25000000E-05,i2,ch_e60,-4.55258690E+03
3.25000000E-05,i1,ch_e90,2.69572286E+03
3.25000000E-05,i2,ch_e90,-2.48406392E+03
3.26000000E-05,injectedCurrent,ch-base,3.86665692E+03
3.26000000E-05,voltage,ch-base,1.27085186E+07
3.26000000E-05,i1,ch_e1,3.86665692E+03
3.26000000E-05,i2,ch_e1,-3.71698881E+03
3.26000000E-05,i1,ch_e30,4.39240279E+03
3.26000000E-05,i2,ch_e30,-4.36047463E+03
3.26000000E-05,i1,ch_e60,4.52853695E+03
3.26000000E-05,i2,ch_e60,-4.52085299E+03
3.26000000E-05,i1,ch_e90,2.53831514E+03
3.26000000E-05,i2,ch_e90,-2.33152098E+03
3.27000000E-05,injectedCurrent,ch-base,3.84443185E+03
3.27000000E-05,voltage,ch-base,1.27265037E+07
3.27000000E-05,i1,ch_e1,3.84443185E+03
3.27000000E-05,i2,ch_e1,-4.02360263E+03
3.27000000E-05,i1,ch_e30,4.31614921E+03
3.27000000E-05,i2,ch_e30,-4.37845456E+03
3.27000000E-05,i1,ch_e60,4.50235682E+03
3.27000000E-05,i2,ch_e60,-4.48924931E+03
3.27000000E-05,i1,ch_e90,2.38245483E+03
3.27000000E-05,i2,ch_e90,-2.18401054E+03
3.28000000E-05,injectedCurrent,ch-base,3.82220601E+03
3.28000000E-05,voltage,ch-base,1.26681816E+07
3.28000000E-05,i1,ch_e1,3.82220601E+03
3.28000000E-05,i2,ch_e1,-3.66033658E+03
3.28000000E-05,i1,ch_e30,4.35077179E+03
3.28000000E-05,i2,ch_e30,-4.31447882E+03
3.28000000E-05,i1,ch_e60,4.46440296E+03
3.28000000E-05,i2,ch_e60,-4.45838265E+03
3.28000000E-05,i1,ch_e90,2.23257582E+03
3.28000000E-05,i2,ch_e90,-2.04241339E+03
3.29000000E-05,injectedCurrent,ch-base,3.79997918E+03
3.29000000E-05,voltage,ch-base,1.26889933E+07
3.29000000E-05,i1,ch_e1,3.79997918E+03
3.29000000E-05,i2,ch_e1,-3.99178764E+03
3.29000000E-05,i1,ch_e30,4.26959726E+03
3.29000000E-05,i2,ch_e30,-4.33497035E+03
3.29000000E-05,i1,ch_e60,4.43931186E+03
3.29000000E-05,i2,ch_e60,-4.42719001E+03
3.29000000E-05,i1,ch_e90,2.08785785E+03
3.29000000E-05,i2,ch_e90,-1.90083192E+03
3.30000000E-05,injectedCurrent,ch-base,3.77775112E+03
3.30000000E-05,voltage,ch-base,1.26276217E+07
3.30000000E-05,i1,ch_e1,3.77775112E+03
3.30000000E-05,i2,ch_e1,-3.60293502E+03
3.30000000E-05,i1,ch_e30,4.30784775E+03
3.30000000E-05,i2,ch_e30,-4.26780019E+03
3.30000000E-05,i1,ch_e60,4.40162812E+03
3.30000000E-05,i2,ch_e60,-4.39544345E+03
3.30000000E-05,i1,ch_e90,1.94747185E+03
3.30000000E-05,i2,ch_e90,-1.75501846E+03
3.31000000E-05,injectedCurrent,ch-base,3.75552152E+03
3.31000000E-05,voltage,ch-base,1.26512698E+07
3.31000000E-05,i1,ch_e1,3.75552152E+03
3.31000000E-05,i2,ch_e1,-3.96096218E+03
3.31000000E-05,i1,ch_e30,4.22196837E+03
3.31000000E-05,i2,ch_e30,-4.29185505E+03
3.31000000E-05,i1,ch_e60,4.37683478E+03
3.31000000E-05,i2,ch_e60,-4.36174312E+03
3.31000000E-05,i1,ch_e90,1.80482808E+03
3.31000000E-05,i2,ch_e90,-1.59546054E+03
3.32000000E-05,injectedCurrent,ch-base,3.73329002E+03
3.32000000E-05,voltage,ch-base,1.25866345E+07
3.32000000E-05,i1,ch_e1,3.73329002E+03
3.32000000E-05,i2,ch_e1,-3.54450137E+03
3.32000000E-05,i1,ch_e30,4.26498648E+03
3.32000000E-05,i2,ch_e30,-4.22156295E+03
3.32000000E-05,i1,ch_e60,4.33694487E+03
3.32000000E-05,i2,ch_e60,-4.32629999E+03
3.32000000E-05,i1,ch_e90,1.65462537E+03
3.32000000E-05,i2,ch_e90,-1.41744667E+03
3.33000000E-05,injectedCurrent,ch-base,3.71105614E+03
3.33000000E-05,voltage,ch-base,1.26135727E+07
3.33000000E-05,i1,ch_e1,3.71105614E+03
3.33000000E-05,i2,ch_e1,-3.93092990E+03
3.33000000E-05,i1,ch_e30,4.17464586E+03
3.33000000E-05,i2,ch_e30,-4.24893849E+03
3.33000000E-05,i1,ch_e60,4.30949912E+03
3.33000000E-05,i2,ch_e60,-4.28853924E+03
3.33000000E-05,i1,ch_e90,1.48788618E+03
3.33000000E-05,i2,ch_e90,-1.21398299E+03
3.34000000E-05,injectedCurrent,ch-base,3.68881934E+03
3.34000000E-05,voltage,ch-base,1.25457506E+07
3.34000000E-05,i1,ch_e1,3.68881934E+03
3.34000000E-05,i2,ch_e1,-3.48487841E+03
3.34000000E-05,i1,ch_e30,4.22265149E+03
3.34000000E-05,i2,ch_e30,-4.17429854E+03
3.34000000E-05,i1,ch_e60,4.26510788E+03
3.34000000E-05,i2,ch_e60,-4.24966159E+03
3.34000000E-05,i1,ch_e90,1.30025706E+03
3.34000000E-05,i2,ch_e90,-9.86289406E+02
3.35000000E-05,injectedCurrent,ch-base,3.66657893E+03
3.35000000E-05,voltage,ch-base,1.25763585E+07
3.35000000E-05,i1,ch_e1,3.66657893E+03
3.35000000E-05,i2,ch_e1,-3.90193819E+03
3.35000000E-05,i1,ch_e30,4.12672464E+03
3.35000000E-05,i2,ch_e30,-4.20440857E+03
3.35000000E-05,i1,ch_e60,4.23439635E+03
3.35000000E-05,i2,ch_e60,-4.20964850E+03
3.35000000E-05,i1,ch_e90,1.08672697E+03
3.35000000E-05,i2,ch_e90,-7.35173902E+02
3.36000000E-05,injectedCurrent,ch-base,3.64433409E+03
3.36000000E-05,voltage,ch-base,1.25049713E+07
3.36000000E-05,i1,ch_e1,3.64433409E+03
3.36000000E-05,i2,ch_e1,-3.42429180E+03
3.36000000E-05,i1,ch_e30,4.17911262E+03
3.36000000E-05,i2,ch_e30,-4.12502041E+03
3.36000000E-05,i1,ch_e60,4.18655467E+03
3.36000000E-05,i2,ch_e60,-4.16979387E+03
3.36000000E-05,i1,ch_e90,8.49901125E+02
3.36000000E-05,i2,ch_e90,-4.70899872E+02
3.37000000E-05,injectedCurrent,ch-base,3.62208383E+03
3.37000000E-05,voltage,ch-base,1.25392134E+07
3.37000000E-05,i1,ch_e1,3.62208383E+03
3.37000000E-05,i2,ch_e1,-3.87423747E+03
3.37000000E-05,i1,ch_e30,4.07670598E+03
3.37000000E-05,i2,ch_e30,-4.15881638E+03
3.37000000E-05,i1,ch_e60,4.15483575E+03
3.37000000E-05,i2,ch_e60,-4.12953031E+03
3.37000000E-05,i1,ch_e90,5.93116734E+02
3.37000000E-05,i2,ch_e90,-2.02316994E+02
3.38000000E-05,injectedCurrent,ch-base,3.59982695E+03
3.38000000E-05,voltage,ch-base,1.24638118E+07
3.38000000E-05,i1,ch_e1,3.59982695E+03
3.38000000E-05,i2,ch_e1,-3.36253971E+03
3.38000000E-05,i1,ch_e30,4.13415788E+03
3.38000000E-05,i2,ch_e30,-4.07545893E+03
3.38000000E-05,i1,ch_e60,4.10581281E+03
3.38000000E-05,i2,ch_e60,-4.08941583E+03
3.38000000E-05,i1,ch_e90,3.27808592E+02
3.38000000E-05,i2,ch_e90,5.39272860E+01
3.39000000E-05,injectedCurrent,ch-base,3.57756203E+03
3.39000000E-05,voltage,ch-base,1.25020750E+07
3.39000000E-05,i1,ch_e1,3.57756203E+03
3.39000000E-05,i2,ch_e1,-3.84757048E+03
3.39000000E-05,i1,ch_e30,4.02582760E+03
3.39000000E-05,i2,ch_e30,-4.11398618E+03
3.39000000E-05,i1,ch_e60,4.07454175E+03
3.39000000E-05,i2,ch_e60,-4.04806615E+03
3.39000000E-05,i1,ch_e90,6.45866820E+01
3.39000000E-05,i2,ch_e90,2.86072402E+02
3.40000000E-05,injectedCurrent,ch-base,3.55528736E+03
3.40000000E-05,voltage,ch-base,1.24227450E+07
3.40000000E-05,i1,ch_e1,3.55528736E+03
3.40000000E-05,i2,ch_e1,-3.29923611E+03
3.40000000E-05,i1,ch_e30,4.08976701E+03
3.40000000E-05,i2,ch_e30,-4.02628122E+03
3.40000000E-05,i1,ch_e60,4.02424577E+03
3.40000000E-05,i2,ch_e60,-4.00564020E+03
3.40000000E-05,i1,ch_e90,-1.80089972E+02
3.40000000E-05,i2,ch_e90,4.77726316E+02
3.41000000E-05,injectedCurrent,ch-base,3.53300092E+03
3.41000000E-05,voltage,ch-base,1.24656862E+07
3.41000000E-05,i1,ch_e1,3.53300092E+03
3.41000000E-05,i2,ch_e1,-3.82201889E+03
3.41000000E-05,i1,ch_e30,3.97546071E+03
3.41000000E-05,i2,ch_e30,-4.06895267E+03
3.41000000E-05,i1,ch_e60,3.99199960E+03
3.41000000E-05,i2,ch_e60,-3.96065198E+03
3.41000000E-05,i1,ch_e90,-3.94228314E+02
3.41000000E-05,i2,ch_e90,6.21294354E+02
3.42000000E-05,injectedCurrent,ch-base,3.51070031E+03
3.42000000E-05,voltage,ch-base,1.23821991E+07
3.42000000E-05,i1,ch_e1,3.51070031E+03
3.42000000E-05,i2,ch_e1,-3.23459123E+03
3.42000000E-05,i1,ch_e30,4.04576974E+03
3.42000000E-05,i2,ch_e30,-3.97536110E+03
3.42000000E-05,i1,ch_e60,3.93802875E+03
3.42000000E-05,i2,ch_e60,-3.91365409E+03
3.42000000E-05,i1,ch_e90,-5.63255219E+02
3.42000000E-05,i2,ch_e90,7.06975693E+02
3.43000000E-05,injectedCurrent,ch-base,3.48838271E+03
3.43000000E-05,voltage,ch-base,1.24298521E+07
3.43000000E-05,i1,ch_e1,3.48838271E+03
3.43000000E-05,i2,ch_e1,-3.79806409E+03
3.43000000E-05,i1,ch_e30,3.92381314E+03
3.43000000E-05,i2,ch_e30,-4.02171941E+03
3.43000000E-05,i1,ch_e60,3.90239243E+03
3.43000000E-05,i2,ch_e60,-3.86363537E+03
3.43000000E-05,i1,ch_e90,-6.80627461E+02
3.43000000E-05,i2,ch_e90,7.36084973E+02
3.44000000E-05,injectedCurrent,ch-base,3.46604477E+03
3.44000000E-05,voltage,ch-base,1.23414542E+07
3.44000000E-05,i1,ch_e1,3.46604477E+03
3.44000000E-05,i2,ch_e1,-3.16864911E+03
3.44000000E-05,i1,ch_e30,3.99983953E+03
3.44000000E-05,i2,ch_e30,-3.92200306E+03
3.44000000E-05,i1,ch_e60,3.84282169E+03
3.44000000E-05,i2,ch_e60,-3.81178167E+03
3.44000000E-05,i1,ch_e90,-7.39329743E+02
3.44000000E-05,i2,ch_e90,7.07929346E+02
3.45000000E-05,injectedCurrent,ch-base,3.44368262E+03
3.45000000E-05,voltage,ch-base,1.23939298E+07
3.45000000E-05,i1,ch_e1,3.44368262E+03
3.45000000E-05,i2,ch_e1,-3.77556933E+03
3.45000000E-05,i1,ch_e30,3.86940536E+03
3.45000000E-05,i2,ch_e30,-3.97338770E+03
3.45000000E-05,i1,ch_e60,3.80298507E+03
3.45000000E-05,i2,ch_e60,-3.75745041E+03
3.45000000E-05,i1,ch_e90,-7.42057885E+02
3.45000000E-05,i2,ch_e90,6.32910508E+02
3.46000000E-05,injectedCurrent,ch-base,3.42129170E+03
3.46000000E-05,voltage,ch-base,1.23004447E+07
3.46000000E-05,i1,ch_e1,3.42129170E+03
3.46000000E-05,i2,ch_e1,-3.10081977E+03
3.46000000E-05,i1,ch_e30,3.95236647E+03
3.46000000E-05,i2,ch_e30,-3.86843849E+03
3.46000000E-05,i1,ch_e60,3.73797003E+03
3.46000000E-05,i2,ch_e60,-3.70213304E+03
3.46000000E-05,i1,ch_e90,-6.90816613E+02
3.46000000E-05,i2,ch_e90,5.17407486E+02
3.47000000E-05,injectedCurrent,ch-base,3.39886674E+03
3.47000000E-05,voltage,ch-base,1.23585821E+07
3.47000000E-05,i1,ch_e1,3.39886674E+03
3.47000000E-05,i2,ch_e1,-3.75427495E+03
3.47000000E-05,i1,ch_e30,3.81424635E+03
3.47000000E-05,i2,ch_e30,-3.92603140E+03
3.47000000E-05,i1,ch_e60,3.69505304E+03
3.47000000E-05,i2,ch_e60,-3.64511168E+03
3.47000000E-05,i1,ch_e90,-5.96716595E+02
3.47000000E-05,i2,ch_e90,3.77210873E+02
3.48000000E-05,injectedCurrent,ch-base,3.37640163E+03
3.48000000E-05,voltage,ch-base,1.22600543E+07
3.48000000E-05,i1,ch_e1,3.37640163E+03
3.48000000E-05,i2,ch_e1,-3.03099935E+03
3.48000000E-05,i1,ch_e30,3.90581471E+03
3.48000000E-05,i2,ch_e30,-3.81523669E+03
3.48000000E-05,i1,ch_e60,3.62606022E+03
3.48000000E-05,i2,ch_e60,-3.58773906E+03
3.48000000E-05,i1,ch_e90,-4.67950094E+02
3.48000000E-05,i2,ch_e90,2.20995851E+02
3.49000000E-05,injectedCurrent,ch-base,3.35388931E+03
3.49000000E-05,voltage,ch-base,1.23242771E+07
3.49000000E-05,i1,ch_e1,3.35388931E+03
3.49000000E-05,i2,ch_e1,-3.73469400E+03
3.49000000E-05,i1,ch_e30,3.75962863E+03
3.49000000E-05,i2,ch_e30,-3.87829595E+03
3.49000000E-05,i1,ch_e60,3.58167732E+03
3.49000000E-05,i2,ch_e60,-3.52880964E+03
3.49000000E-05,i1,ch_e90,-3.19822789E+02
3.49000000E-05,i2,ch_e90,6.48743830E+01
3.50000000E-05,injectedCurrent,ch-base,3.33132168E+03
3.50000000E-05,voltage,ch-base,1.22198809E+07
3.50000000E-05,i1,ch_e1,3.33132168E+03
3.50000000E-05,i2,ch_e1,-2.95951700E+03
3.50000000E-05,i1,ch_e30,3.85948800E+03
3.50000000E-05,i2,ch_e30,-3.75971467E+03
3.50000000E-05,i1,ch_e60,3.50980097E+03
3.50000000E-05,i2,ch_e60,-3.46921624E+03
3.50000000E-05,i1,ch_e90,-1.61741554E+02
3.50000000E-05,i2,ch_e90,-8.49632602E+01
3.51000000E-05,injectedCurrent,ch-base,3.30868950E+03
3.51000000E-05,voltage,ch-base,1.22900225E+07
3.51000000E-05,i1,ch_e1,3.30868950E+03
3.51000000E-05,i2,ch_e1,-3.71709347E+03
3.51000000E-05,i1,ch_e30,3.70310335E+03
3.51000000E-05,i2,ch_e30,-3.82768387E+03
3.51000000E-05,i1,ch_e60,3.46440954E+03
3.51000000E-05,i2,ch_e60,-3.40706144E+03
3.51000000E-05,i1,ch_e90,-8.23112343E+00
3.51000000E-05,i2,ch_e90,-2.15977696E+02
3.52000000E-05,injectedCurrent,ch-base,3.28598221E+03
3.52000000E-05,voltage,ch-base,1.21789935E+07
3.52000000E-05,i1,ch_e1,3.28598221E+03
3.52000000E-05,i2,ch_e1,-2.88587745E+03
3.52000000E-05,i1,ch_e30,3.81062904E+03
3.52000000E-05,i2,ch_e30,-3.70093261E+03
3.52000000E-05,i1,ch_e60,3.38891604E+03
3.52000000E-05,i2,ch_e60,-3.34278919E+03
3.52000000E-05,i1,ch_e90,1.34523144E+02
3.52000000E-05,i2,ch_e90,-3.27217891E+02
3.53000000E-05,injectedCurrent,ch-base,3.26318784E+03
3.53000000E-05,voltage,ch-base,1.22556997E+07
3.53000000E-05,i1,ch_e1,3.26318784E+03
3.53000000E-05,i2,ch_e1,-3.70095268E+03
3.53000000E-05,i1,ch_e30,3.64309756E+03
3.53000000E-05,i2,ch_e30,-3.77545748E+03
3.53000000E-05,i1,ch_e60,3.34073463E+03
3.53000000E-05,i2,ch_e60,-3.27408904E+03
3.53000000E-05,i1,ch_e90,2.56170756E+02
3.53000000E-05,i2,ch_e90,-4.11108440E+02
3.54000000E-05,injectedCurrent,ch-base,3.24029285E+03
3.54000000E-05,voltage,ch-base,1.21381604E+07
3.54000000E-05,i1,ch_e1,3.24029285E+03
3.54000000E-05,i2,ch_e1,-2.80938634E+03
3.54000000E-05,i1,ch_e30,3.75981567E+03
3.54000000E-05,i2,ch_e30,-3.64162718E+03
3.54000000E-05,i1,ch_e60,3.25862988E+03
3.54000000E-05,i2,ch_e60,-3.20156132E+03
3.54000000E-05,i1,ch_e90,3.55912925E+02
3.54000000E-05,i2,ch_e90,-4.72104415E+02
3.55000000E-05,injectedCurrent,ch-base,3.21728203E+03
3.55000000E-05,voltage,ch-base,1.22224825E+07
3.55000000E-05,i1,ch_e1,3.21728203E+03
3.55000000E-05,i2,ch_e1,-3.68634967E+03
3.55000000E-05,i1,ch_e30,3.58190337E+03
3.55000000E-05,i2,ch_e30,-3.72432987E+03
3.55000000E-05,i1,ch_e60,3.20419106E+03
3.55000000E-05,i2,ch_e60,-3.12331946E+03
3.55000000E-05,i1,ch_e90,4.28392810E+02
3.55000000E-05,i2,ch_e90,-5.06642780E+02
3.56000000E-05,injectedCurrent,ch-base,3.19413833E+03
3.56000000E-05,voltage,ch-base,1.20980220E+07
3.56000000E-05,i1,ch_e1,3.19413833E+03
3.56000000E-05,i2,ch_e1,-2.73029272E+03
3.56000000E-05,i1,ch_e30,3.70981751E+03
3.56000000E-05,i2,ch_e30,-3.58280504E+03
3.56000000E-05,i1,ch_e60,3.11197561E+03
3.56000000E-05,i2,ch_e60,-3.04102423E+03
3.56000000E-05,i1,ch_e90,4.77859490E+02
3.56000000E-05,i2,ch_e90,-5.22909700E+02
3.57000000E-05,injectedCurrent,ch-base,3.17084272E+03
3.57000000E-05,voltage,ch-base,1.21899862E+07
3.57000000E-05,i1,ch_e1,3.17084272E+03
3.57000000E-05,i2,ch_e1,-3.67399440E+03
3.57000000E-05,i1,ch_e30,3.52109528E+03
3.57000000E-05,i2,ch_e30,-3.67295877E+03
3.57000000E-05,i1,ch_e60,3.04897447E+03
3.57000000E-05,i2,ch_e60,-2.95386671E+03
3.57000000E-05,i1,ch_e90,5.02630683E+02
3.57000000E-05,i2,ch_e90,-5.19198768E+02
3.58000000E-05,injectedCurrent,ch-base,3.14737406E+03
3.58000000E-05,voltage,ch-base,1.20572639E+07
3.58000000E-05,i1,ch_e1,3.14737406E+03
3.58000000E-05,i2,ch_e1,-2.64862168E+03
3.58000000E-05,i1,ch_e30,3.66019161E+03
3.58000000E-05,i2,ch_e30,-3.52130619E+03
3.58000000E-05,i1,ch_e60,2.94602359E+03
3.58000000E-05,i2,ch_e60,-2.86470766E+03
3.58000000E-05,i1,ch_e90,5.10098906E+02
3.58000000E-05,i2,ch_e90,-5.05225646E+02
3.59000000E-05,injectedCurrent,ch-base,3.12370900E+03
3.59000000E-05,voltage,ch-base,1.21568698E+07
3.59000000E-05,i1,ch_e1,3.12370900E+03
3.59000000E-05,i2,ch_e1,-3.66365407E+03
3.59000000E-05,i1,ch_e30,3.45828416E+03
3.59000000E-05,i2,ch_e30,-3.61807776E+03
3.59000000E-05,i1,ch_e60,2.87628330E+03
3.59000000E-05,i2,ch_e60,-2.77322858E+03
3.59000000E-05,i1,ch_e90,5.00032578E+02
3.59000000E-05,i2,ch_e90,-4.79062984E+02
3.60000000E-05,injectedCurrent,ch-base,3.09982181E+03
3.60000000E-05,voltage,ch-base,1.20153521E+07
3.60000000E-05,i1,ch_e1,3.09982181E+03
3.60000000E-05,i2,ch_e1,-2.56331085E+03
3.60000000E-05,i1,ch_e30,3.60788989E+03
3.60000000E-05,i2,ch_e30,-3.45541369E+03
3.60000000E-05,i1,ch_e60,2.76631284E+03
3.60000000E-05,i2,ch_e60,-2.68224063E+03
3.60000000E-05,i1,ch_e90,4.80813913E+02
3.60000000E-05,i2,ch_e90,-4.50307537E+02
3.61000000E-05,injectedCurrent,ch-base,3.07568433E+03
3.61000000E-05,voltage,ch-base,1.21238459E+07
3.61000000E-05,i1,ch_e1,3.07568433E+03
3.61000000E-05,i2,ch_e1,-3.65466128E+03
3.61000000E-05,i1,ch_e30,3.39116270E+03
3.61000000E-05,i2,ch_e30,-3.56049319E+03
3.61000000E-05,i1,ch_e60,2.69490083E+03
3.61000000E-05,i2,ch_e60,-2.59024566E+03
3.61000000E-05,i1,ch_e90,4.51740714E+02
3.61000000E-05,i2,ch_e90,-4.15577956E+02
3.62000000E-05,injectedCurrent,ch-base,3.05126586E+03
3.62000000E-05,voltage,ch-base,1.19736675E+07
3.62000000E-05,i1,ch_e1,3.05126586E+03
3.62000000E-05,i2,ch_e1,-2.47378739E+03
3.62000000E-05,i1,ch_e30,3.55257427E+03
3.62000000E-05,i2,ch_e30,-3.38790165E+03
3.62000000E-05,i1,ch_e60,2.58247172E+03
3.62000000E-05,i2,ch_e60,-2.49841345E+03
3.62000000E-05,i1,ch_e90,4.20734121E+02
3.62000000E-05,i2,ch_e90,-3.83667319E+02
3.63000000E-05,injectedCurrent,ch-base,3.02653307E+03
3.63000000E-05,voltage,ch-base,1.20920227E+07
3.63000000E-05,i1,ch_e1,3.02653307E+03
3.63000000E-05,i2,ch_e1,-3.64749304E+03
3.63000000E-05,i1,ch_e30,3.32137762E+03
3.63000000E-05,i2,ch_e30,-3.50350328E+03
3.63000000E-05,i1,ch_e60,2.51215038E+03
3.63000000E-05,i2,ch_e60,-2.40303577E+03
3.63000000E-05,i1,ch_e90,3.85614191E+02
3.63000000E-05,i2,ch_e90,-3.49424596E+02
3.64000000E-05,injectedCurrent,ch-base,3.00145002E+03
3.64000000E-05,voltage,ch-base,1.19320674E+07
3.64000000E-05,i1,ch_e1,3.00145002E+03
3.64000000E-05,i2,ch_e1,-2.38043028E+03
3.64000000E-05,i1,ch_e30,3.49715507E+03
3.64000000E-05,i2,ch_e30,-3.32072084E+03
3.64000000E-05,i1,ch_e60,2.39642058E+03
3.64000000E-05,i2,ch_e60,-2.30362492E+03
3.64000000E-05,i1,ch_e90,3.53347429E+02
3.64000000E-05,i2,ch_e90,-3.20920895E+02
3.65000000E-05,injectedCurrent,ch-base,2.97597809E+03
3.65000000E-05,voltage,ch-base,1.20599940E+07
3.65000000E-05,i1,ch_e1,2.97597809E+03
3.65000000E-05,i2,ch_e1,-3.64274499E+03
3.65000000E-05,i1,ch_e30,3.25151275E+03
3.65000000E-05,i2,ch_e30,-3.44675456E+03
3.65000000E-05,i1,ch_e60,2.32256412E+03
3.65000000E-05,i2,ch_e60,-2.19538893E+03
3.65000000E-05,i1,ch_e90,3.20124137E+02
3.65000000E-05,i2,ch_e90,-2.91465987E+02
3.66000000E-05,injectedCurrent,ch-base,2.95007607E+03
3.66000000E-05,voltage,ch-base,1.18885496E+07
3.66000000E-05,i1,ch_e1,2.95007607E+03
3.66000000E-05,i2,ch_e1,-2.28269385E+03
3.66000000E-05,i1,ch_e30,3.44268815E+03
3.66000000E-05,i2,ch_e30,-3.25126492E+03
3.66000000E-05,i1,ch_e60,2.19520121E+03
3.66000000E-05,i2,ch_e60,-2.07833327E+03
3.66000000E-05,i1,ch_e90,2.92135357E+02
3.66000000E-05,i2,ch_e90,-2.68818258E+02
3.67000000E-05,injectedCurrent,ch-base,2.92370018E+03
3.67000000E-05,voltage,ch-base,1.20264419E+07
3.67000000E-05,i1,ch_e1,2.92370018E+03
3.67000000E-05,i2,ch_e1,-3.63965905E+03
3.67000000E-05,i1,ch_e30,3.18032452E+03
3.67000000E-05,i2,ch_e30,-3.38673320E+03
3.67000000E-05,i1,ch_e60,2.10789177E+03
3.67000000E-05,i2,ch_e60,-1.94923644E+03
3.67000000E-05,i1,ch_e90,2.64238574E+02
3.67000000E-05,i2,ch_e90,-2.45110883E+02
3.68000000E-05,injectedCurrent,ch-base,2.89680423E+03
3.68000000E-05,voltage,ch-base,1.18431658E+07
3.68000000E-05,i1,ch_e1,2.89680423E+03
3.68000000E-05,i2,ch_e1,-2.17905191E+03
3.68000000E-05,i1,ch_e30,3.38621570E+03
3.68000000E-05,i2,ch_e30,-3.17661991E+03
3.68000000E-05,i1,ch_e60,1.95939547E+03
3.68000000E-05,i2,ch_e60,-1.81110497E+03
3.68000000E-05,i1,ch_e90,2.42271341E+02
3.68000000E-05,i2,ch_e90,-2.28201522E+02
3.69000000E-05,injectedCurrent,ch-base,2.86933971E+03
3.69000000E-05,voltage,ch-base,1.19927773E+07
3.69000000E-05,i1,ch_e1,2.86933971E+03
3.69000000E-05,i2,ch_e1,-3.63758462E+03
3.69000000E-05,i1,ch_e30,3.10426838E+03
3.69000000E-05,i2,ch_e30,-3.32246357E+03
3.69000000E-05,i1,ch_e60,1.85271354E+03
3.69000000E-05,i2,ch_e60,-1.66387122E+03
3.69000000E-05,i1,ch_e90,2.20125157E+02
3.69000000E-05,i2,ch_e90,-2.09331087E+02
3.70000000E-05,injectedCurrent,ch-base,2.84125612E+03
3.70000000E-05,voltage,ch-base,1.17975572E+07
3.70000000E-05,i1,ch_e1,2.84125612E+03
3.70000000E-05,i2,ch_e1,-2.06905363E+03
3.70000000E-05,i1,ch_e30,3.32536091E+03
3.70000000E-05,i2,ch_e30,-3.09790531E+03
3.70000000E-05,i1,ch_e60,1.68235647E+03
3.70000000E-05,i2,ch_e60,-1.51369120E+03
3.70000000E-05,i1,ch_e90,2.03667867E+02
3.70000000E-05,i2,ch_e90,-1.96768589E+02
3.71000000E-05,injectedCurrent,ch-base,2.81250112E+03
3.71000000E-05,voltage,ch-base,1.19597372E+07
3.71000000E-05,i1,ch_e1,2.81250112E+03
3.71000000E-05,i2,ch_e1,-3.63729751E+03
3.71000000E-05,i1,ch_e30,3.02307089E+03
3.71000000E-05,i2,ch_e30,-3.25661313E+03
3.71000000E-05,i1,ch_e60,1.56221599E+03
3.71000000E-05,i2,ch_e60,-1.36211210E+03
3.71000000E-05,i1,ch_e90,1.86094799E+02
3.71000000E-05,i2,ch_e90,-1.81045234E+02
3.72000000E-05,injectedCurrent,ch-base,2.78302095E+03
3.72000000E-05,voltage,ch-base,1.17507211E+07
3.72000000E-05,i1,ch_e1,2.78302095E+03
3.72000000E-05,i2,ch_e1,-1.95300887E+03
3.72000000E-05,i1,ch_e30,3.26223847E+03
3.72000000E-05,i2,ch_e30,-3.01794132E+03
3.72000000E-05,i1,ch_e60,1.38134408E+03
3.72000000E-05,i2,ch_e60,-1.21550809E+03
3.72000000E-05,i1,ch_e90,1.73586095E+02
3.72000000E-05,i2,ch_e90,-1.71076288E+02
3.73000000E-05,injectedCurrent,ch-base,2.75276078E+03
3.73000000E-05,voltage,ch-base,1.19250499E+07
3.73000000E-05,i1,ch_e1,2.75276078E+03
3.73000000E-05,i2,ch_e1,-3.63920936E+03
3.73000000E-05,i1,ch_e30,2.94003064E+03
3.73000000E-05,i2,ch_e30,-3.19103474E+03
3.73000000E-05,i1,ch_e60,1.26287413E+03
3.73000000E-05,i2,ch_e60,-1.07331345E+03
3.73000000E-05,i1,ch_e90,1.58820068E+02
3.73000000E-05,i2,ch_e90,-1.56801265E+02
3.74000000E-05,injectedCurrent,ch-base,2.72166517E+03
3.74000000E-05,voltage,ch-base,1.17001694E+07
3.74000000E-05,i1,ch_e1,2.72166517E+03
3.74000000E-05,i2,ch_e1,-1.82982332E+03
3.74000000E-05,i1,ch_e30,3.19988354E+03
3.74000000E-05,i2,ch_e30,-2.93668108E+03
3.74000000E-05,i1,ch_e60,1.08645623E+03
3.74000000E-05,i2,ch_e60,-9.38548633E+02
3.74000000E-05,i1,ch_e90,1.48505336E+02
3.74000000E-05,i2,ch_e90,-1.47968057E+02
3.75000000E-05,injectedCurrent,ch-base,2.68967858E+03
3.75000000E-05,voltage,ch-base,1.18874959E+07
3.75000000E-05,i1,ch_e1,2.68967858E+03
3.75000000E-05,i2,ch_e1,-3.64221228E+03
3.75000000E-05,i1,ch_e30,2.85620292E+03
3.75000000E-05,i2,ch_e30,-3.12388429E+03
3.75000000E-05,i1,ch_e60,9.81351883E+02
3.75000000E-05,i2,ch_e60,-8.05973298E+02
3.75000000E-05,i1,ch_e90,1.34922458E+02
3.75000000E-05,i2,ch_e90,-1.33982475E+02
3.76000000E-05,injectedCurrent,ch-base,2.65674594E+03
3.76000000E-05,voltage,ch-base,1.16464371E+07
3.76000000E-05,i1,ch_e1,2.65674594E+03
3.76000000E-05,i2,ch_e1,-1.69761391E+03
3.76000000E-05,i1,ch_e30,3.13696842E+03
3.76000000E-05,i2,ch_e30,-2.85096388E+03
3.76000000E-05,i1,ch_e60,8.13974500E+02
3.76000000E-05,i2,ch_e60,-6.74461585E+02
3.76000000E-05,i1,ch_e90,1.25468628E+02
3.76000000E-05,i2,ch_e90,-1.25542450E+02
3.77000000E-05,injectedCurrent,ch-base,2.62281328E+03
3.77000000E-05,voltage,ch-base,1.18490533E+07
3.77000000E-05,i1,ch_e1,2.62281328E+03
3.77000000E-05,i2,ch_e1,-3.64574787E+03
3.77000000E-05,i1,ch_e30,2.76819172E+03
3.77000000E-05,i2,ch_e30,-3.05193627E+03
3.77000000E-05,i1,ch_e60,7.18557933E+02
3.77000000E-05,i2,ch_e60,-5.35327680E+02
3.77000000E-05,i1,ch_e90,1.12074731E+02
3.77000000E-05,i2,ch_e90,-1.11483311E+02
3.78000000E-05,injectedCurrent,ch-base,2.58782840E+03
3.78000000E-05,voltage,ch-base,1.15914450E+07
3.78000000E-05,i1,ch_e1,2.58782840E+03
3.78000000E-05,i2,ch_e1,-1.55598742E+03
3.78000000E-05,i1,ch_e30,3.06968985E+03
3.78000000E-05,i2,ch_e30,-2.75845525E+03
3.78000000E-05,i1,ch_e60,5.47715007E+02
3.78000000E-05,i2,ch_e60,-3.86475961E+02
3.78000000E-05,i1,ch_e90,1.02909012E+02
3.78000000E-05,i2,ch_e90,-1.03473581E+02
3.79000000E-05,injectedCurrent,ch-base,2.55174159E+03
3.79000000E-05,voltage,ch-base,1.18103618E+07
3.79000000E-05,i1,ch_e1,2.55174159E+03
3.79000000E-05,i2,ch_e1,-3.65091771E+03
3.79000000E-05,i1,ch_e30,2.67311488E+03
3.79000000E-05,i2,ch_e30,-2.97470461E+03
3.79000000E-05,i1,ch_e60,4.43557935E+02
3.79000000E-05,i2,ch_e60,-2.20264202E+02
3.79000000E-05,i1,ch_e90,8.95072510E+01
3.79000000E-05,i2,ch_e90,-8.96421948E+01
3.80000000E-05,injectedCurrent,ch-base,2.51450638E+03
3.80000000E-05,voltage,ch-base,1.15337465E+07
3.80000000E-05,i1,ch_e1,2.51450638E+03
3.80000000E-05,i2,ch_e1,-1.40527663E+03
3.80000000E-05,i1,ch_e30,2.99733404E+03
3.80000000E-05,i2,ch_e30,-2.66044241E+03
3.80000000E-05,i1,ch_e60,2.48054909E+02
3.80000000E-05,i2,ch_e60,-3.86239354E+01
3.80000000E-05,i1,ch_e90,8.07995601E+01
3.80000000E-05,i2,ch_e90,-8.25787714E+01
3.81000000E-05,injectedCurrent,ch-base,2.47608035E+03
3.81000000E-05,voltage,ch-base,1.17686368E+07
3.81000000E-05,i1,ch_e1,2.47608035E+03
3.81000000E-05,i2,ch_e1,-3.65828299E+03
3.81000000E-05,i1,ch_e30,2.57215141E+03
3.81000000E-05,i2,ch_e30,-2.89483685E+03
3.81000000E-05,i1,ch_e60,1.16806330E+02
3.81000000E-05,i2,ch_e60,1.60613908E+02
3.81000000E-05,i1,ch_e90,6.77891013E+01
3.81000000E-05,i2,ch_e90,-6.95212467E+01
3.82000000E-05,injectedCurrent,ch-base,2.43642588E+03
3.82000000E-05,voltage,ch-base,1.14704579E+07
3.82000000E-05,i1,ch_e1,2.43642588E+03
3.82000000E-05,i2,ch_e1,-1.24418863E+03
3.82000000E-05,i1,ch_e30,2.92238836E+03
3.82000000E-05,i2,ch_e30,-2.55959837E+03
3.82000000E-05,i1,ch_e60,-1.14865239E+02
3.82000000E-05,i2,ch_e60,3.68465507E+02
3.82000000E-05,i1,ch_e90,6.00933664E+01
3.82000000E-05,i2,ch_e90,-6.39241684E+01
3.83000000E-05,injectedCurrent,ch-base,2.39551103E+03
3.83000000E-05,voltage,ch-base,1.17226076E+07
3.83000000E-05,i1,ch_e1,2.39551103E+03
3.83000000E-05,i2,ch_e1,-3.66677622E+03
3.83000000E-05,i1,ch_e30,2.46758977E+03
3.83000000E-05,i2,ch_e30,-2.81404697E+03
3.83000000E-05,i1,ch_e60,-2.73249847E+02
3.83000000E-05,i2,ch_e60,5.80715376E+02
3.83000000E-05,i1,ch_e90,4.80073525E+01
3.83000000E-05,i2,ch_e90,-5.19663215E+01
3.84000000E-05,injectedCurrent,ch-base,2.35331027E+03
3.84000000E-05,voltage,ch-base,1.14024000E+07
3.84000000E-05,i1,ch_e1,2.35331027E+03
3.84000000E-05,i2,ch_e1,-1.07064547E+03
3.84000000E-05,i1,ch_e30,2.84628099E+03
3.84000000E-05,i2,ch_e30,-2.45566719E+03
3.84000000E-05,i1,ch_e60,-5.28505346E+02
3.84000000E-05,i2,ch_e60,7.82660490E+02
3.84000000E-05,i1,ch_e90,4.17718817E+01
3.84000000E-05,i2,ch_e90,-4.79668780E+01
3.85000000E-05,injectedCurrent,ch-base,2.30980529E+03
3.85000000E-05,voltage,ch-base,1.16748872E+07
3.85000000E-05,i1,ch_e1,2.30980529E+03
3.85000000E-05,i2,ch_e1,-3.67604439E+03
3.85000000E-05,i1,ch_e30,2.35928840E+03
3.85000000E-05,i2,ch_e30,-2.73028934E+03
3.85000000E-05,i1,ch_e60,-6.88049764E+02
3.85000000E-05,i2,ch_e60,9.67135324E+02
3.85000000E-05,i1,ch_e90,3.08381972E+01
3.85000000E-05,i2,ch_e90,-3.69460351E+01
3.86000000E-05,injectedCurrent,ch-base,2.26498576E+03
3.86000000E-05,voltage,ch-base,1.13322678E+07
3.86000000E-05,i1,ch_e1,2.26498576E+03
3.86000000E-05,i2,ch_e1,-8.84306823E+02
3.86000000E-05,i1,ch_e30,2.76779729E+03
3.86000000E-05,i2,ch_e30,-2.34522858E+03
3.86000000E-05,i1,ch_e60,-9.30756056E+02
3.86000000E-05,i2,ch_e60,1.11856716E+03
3.86000000E-05,i1,ch_e90,2.60777131E+01
3.86000000E-05,i2,ch_e90,-3.41768037E+01
3.87000000E-05,injectedCurrent,ch-base,2.21885000E+03
3.87000000E-05,voltage,ch-base,1.16268997E+07
3.87000000E-05,i1,ch_e1,2.21885000E+03
3.87000000E-05,i2,ch_e1,-3.68774386E+03
3.87000000E-05,i1,ch_e30,2.24504134E+03
3.87000000E-05,i2,ch_e30,-2.64007246E+03
3.87000000E-05,i1,ch_e60,-1.04830200E+03
3.87000000E-05,i2,ch_e60,1.23238671E+03
3.87000000E-05,i1,ch_e90,1.60335294E+01
3.87000000E-05,i2,ch_e90,-2.34932679E+01
3.88000000E-05,injectedCurrent,ch-base,2.17140561E+03
3.88000000E-05,voltage,ch-base,1.12591241E+07
3.88000000E-05,i1,ch_e1,2.17140561E+03
3.88000000E-05,i2,ch_e1,-6.85888411E+02
3.88000000E-05,i1,ch_e30,2.68451864E+03
3.88000000E-05,i2,ch_e30,-2.22542427E+03
3.88000000E-05,i1,ch_e60,-1.23451827E+03
3.88000000E-05,i2,ch_e60,1.29743919E+03
3.88000000E-05,i1,ch_e90,1.22915476E+01
3.88000000E-05,i2,ch_e90,-2.12733132E+01
3.89000000E-05,injectedCurrent,ch-base,2.12267004E+03
3.89000000E-05,voltage,ch-base,1.15760320E+07
3.89000000E-05,i1,ch_e1,2.12267004E+03
3.89000000E-05,i2,ch_e1,-3.70326907E+03
3.89000000E-05,i1,ch_e30,2.12213541E+03
3.89000000E-05,i2,ch_e30,-2.54199280E+03
3.89000000E-05,i1,ch_e60,-1.26983063E+03
3.89000000E-05,i2,ch_e60,1.31612501E+03
3.89000000E-05,i1,ch_e90,2.48109311E+00
3.89000000E-05,i2,ch_e90,-1.01594865E+01
3.90000000E-05,injectedCurrent,ch-base,2.07267104E+03
3.90000000E-05,voltage,ch-base,1.11798523E+07
3.90000000E-05,i1,ch_e1,2.07267104E+03
3.90000000E-05,i2,ch_e1,-4.74538124E+02
3.90000000E-05,i1,ch_e30,2.59411530E+03
3.90000000E-05,i2,ch_e30,-2.09604635E+03
3.90000000E-05,i1,ch_e60,-1.36909041E+03
3.90000000E-05,i2,ch_e60,1.28450098E+03
3.90000000E-05,i1,ch_e90,-9.59421578E-01
3.90000000E-05,i2,ch_e90,-7.79541754E+00
3.91000000E-05,injectedCurrent,ch-base,2.02144698E+03
3.91000000E-05,voltage,ch-base,1.15206814E+07
3.91000000E-05,i1,ch_e1,2.02144698E+03
3.91000000E-05,i2,ch_e1,-3.72223959E+03
3.91000000E-05,i1,ch_e30,1.98861715E+03
3.91000000E-05,i2,ch_e30,-2.43703448E+03
3.91000000E-05,i1,ch_e60,-1.30402817E+03
3.91000000E-05,i2,ch_e60,1.21295555E+03
3.91000000E-05,i1,ch_e90,-1.12962880E+01
3.91000000E-05,i2,ch_e90,4.39339129E+00
3.92000000E-05,injectedCurrent,ch-base,1.96904713E+03
3.92000000E-05,voltage,ch-base,1.10951245E+07
3.92000000E-05,i1,ch_e1,1.96904713E+03
3.92000000E-05,i2,ch_e1,-2.48251895E+02
3.92000000E-05,i1,ch_e30,2.49597123E+03
3.92000000E-05,i2,ch_e30,-1.95856473E+03
3.92000000E-05,i1,ch_e60,-1.31362471E+03
3.92000000E-05,i2,ch_e60,1.10385266E+03
3.92000000E-05,i1,ch_e90,-1.50939055E+01
3.92000000E-05,i2,ch_e90,7.35505887E+00
3.93000000E-05,injectedCurrent,ch-base,1.91553174E+03
3.93000000E-05,voltage,ch-base,1.14639643E+07
3.93000000E-05,i1,ch_e1,1.91553174E+03
3.93000000E-05,i2,ch_e1,-3.74465643E+03
3.93000000E-05,i1,ch_e30,1.84518234E+03
3.93000000E-05,i2,ch_e30,-2.32715521E+03
3.93000000E-05,i1,ch_e60,-1.15972231E+03
3.93000000E-05,i2,ch_e60,9.73096061E+02
3.93000000E-05,i1,ch_e90,-2.65271902E+01
3.93000000E-05,i2,ch_e90,2.09492873E+01
3.94000000E-05,injectedCurrent,ch-base,1.86097200E+03
3.94000000E-05,voltage,ch-base,1.10088629E+07
3.94000000E-05,i1,ch_e1,1.86097200E+03
3.94000000E-05,i2,ch_e1,-6.61389820E+00
3.94000000E-05,i1,ch_e30,2.39255144E+03
3.94000000E-05,i2,ch_e30,-1.81475224E+03
3.94000000E-05,i1,ch_e60,-1.10498923E+03
3.94000000E-05,i2,ch_e60,8.25644270E+02
3.94000000E-05,i1,ch_e90,-3.10567943E+01
3.94000000E-05,i2,ch_e90,2.46104172E+01
3.95000000E-05,injectedCurrent,ch-base,1.80544985E+03
3.95000000E-05,voltage,ch-base,1.14091876E+07
3.95000000E-05,i1,ch_e1,1.80544985E+03
3.95000000E-05,i2,ch_e1,-3.77281338E+03
3.95000000E-05,i1,ch_e30,1.69489523E+03
3.95000000E-05,i2,ch_e30,-2.21380980E+03
3.95000000E-05,i1,ch_e60,-8.96982507E+02
3.95000000E-05,i2,ch_e60,6.78682326E+02
3.95000000E-05,i1,ch_e90,-4.38318285E+01
3.95000000E-05,i2,ch_e90,3.96059873E+01
3.96000000E-05,injectedCurrent,ch-base,1.74905772E+03
3.96000000E-05,voltage,ch-base,1.09220549E+07
3.96000000E-05,i1,ch_e1,1.74905772E+03
3.96000000E-05,i2,ch_e1,2.49130154E+02
3.96000000E-05,i1,ch_e30,2.28677835E+03
3.96000000E-05,i2,ch_e30,-1.66462896E+03
3.96000000E-05,i1,ch_e60,-8.19508999E+02
3.96000000E-05,i2,ch_e60,5.35477589E+02
3.96000000E-05,i1,ch_e90,-4.91348330E+01
3.96000000E-05,i2,ch_e90,4.37809413E+01
3.97000000E-05,injectedCurrent,ch-base,1.69189797E+03
3.97000000E-05,voltage,ch-base,1.13551881E+07
3.97000000E-05,i1,ch_e1,1.69189797E+03
3.97000000E-05,i2,ch_e1,-3.80953380E+03
3.97000000E-05,i1,ch_e30,1.53858261E+03
3.97000000E-05,i2,ch_e30,-2.09517151E+03
3.97000000E-05,i1,ch_e60,-6.00170648E+02
3.97000000E-05,i2,ch_e60,4.10817454E+02
3.97000000E-05,i1,ch_e90,-6.31888713E+01
3.97000000E-05,i2,ch_e90,5.99617592E+01
3.98000000E-05,injectedCurrent,ch-base,1.63408235E+03
3.98000000E-05,voltage,ch-base,1.08319844E+07
3.98000000E-05,i1,ch_e1,1.63408235E+03
3.98000000E-05,i2,ch_e1,5.18785324E+02
3.98000000E-05,i1,ch_e30,2.17695094E+03
3.98000000E-05,i2,ch_e30,-1.50366050E+03
3.98000000E-05,i1,ch_e60,-5.41365214E+02
3.98000000E-05,i2,ch_e60,3.03411974E+02
3.98000000E-05,i1,ch_e90,-6.90397074E+01
3.98000000E-05,i2,ch_e90,6.43214964E+01
3.99000000E-05,injectedCurrent,ch-base,1.57573120E+03
3.99000000E-05,voltage,ch-base,1.12998353E+07
3.99000000E-05,i1,ch_e1,1.57573120E+03
3.99000000E-05,i2,ch_e1,-3.85590788E+03
3.99000000E-05,i1,ch_e30,1.37132199E+03
3.99000000E-05,i2,ch_e30,-1.96480170E+03
3.99000000E-05,i1,ch_e60,-3.45789737E+02
3.99000000E-05,i2,ch_e60,2.23930316E+02
3.99000000E-05,i1,ch_e90,-8.41116389E+01
3.99000000E-05,i2,ch_e90,8.13980068E+01
4.00000000E-05,injectedCurrent,ch-base,1.51697255E+03
4.00000000E-05,voltage,ch-base,1.07382415E+07
4.00000000E-05,i1,ch_e1,1.51697255E+03
4.00000000E-05,i2,ch_e1,8.03940390E+02
4.00000000E-05,i1,ch_e30,2.05645135E+03
4.00000000E-05,i2,ch_e30,-1.32444585E+03
4.00000000E-05,i1,ch_e60,-3.33620812E+02
4.00000000E-05,i2,ch_e60,1.65813595E+02
4.00000000E-05,i1,ch_e90,-9.01629833E+01
4.00000000E-05,i2,ch_e90,8.55928152E+01
4.01000000E-05,injectedCurrent,ch-base,1.45794116E+03
4.01000000E-05,voltage,ch-base,1.12455860E+07
4.01000000E-05,i1,ch_e1,1.45794116E+03
4.01000000E-05,i2,ch_e1,-3.91244074E+03
4.01000000E-05,i1,ch_e30,1.18581511E+03
4.01000000E-05,i2,ch_e30,-1.81694534E+03
4.01000000E-05,i1,ch_e60,-1.79694946E+02
4.01000000E-05,i2,ch_e60,1.35992007E+02
4.01000000E-05,i1,ch_e90,-1.05955905E+02
4.01000000E-05,i2,ch_e90,1.03312843E+02
4.02000000E-05,injectedCurrent,ch-base,1.39877733E+03
4.02000000E-05,voltage,ch-base,1.06451372E+07
4.02000000E-05,i1,ch_e1,1.39877733E+03
4.02000000E-05,i2,ch_e1,1.10558215E+03
4.02000000E-05,i1,ch_e30,1.91984263E+03
4.02000000E-05,i2,ch_e30,-1.12453544E+03
4.02000000E-05,i1,ch_e60,-2.23596241E+02
4.02000000E-05,i2,ch_e60,1.23757981E+02
4.02000000E-05,i1,ch_e90,-1.11887008E+02
4.02000000E-05,i2,ch_e90,1.07070951E+02
4.03000000E-05,injectedCurrent,ch-base,1.33962573E+03
4.03000000E-05,voltage,ch-base,1.11976578E+07
4.03000000E-05,i1,ch_e1,1.33962573E+03
4.03000000E-05,i2,ch_e1,-3.98152523E+03
4.03000000E-05,i1,ch_e30,9.79285095E+02
4.03000000E-05,i2,ch_e30,-1.65424065E+03
4.03000000E-05,i1,ch_e60,-1.11334466E+02
4.03000000E-05,i2,ch_e60,1.34105319E+02
4.03000000E-05,i1,ch_e90,-1.28174687E+02
4.03000000E-05,i2,ch_e90,1.25295533E+02
4.04000000E-05,injectedCurrent,ch-base,1.28063407E+03
4.04000000E-05,voltage,ch-base,1.05565690E+07
4.04000000E-05,i1,ch_e1,1.28063407E+03
4.04000000E-05,i2,ch_e1,1.42275261E+03
4.04000000E-05,i1,ch_e30,1.76847190E+03
4.04000000E-05,i2,ch_e30,-9.10819726E+02
4.04000000E-05,i1,ch_e60,-2.05339987E+02
4.04000000E-05,i2,ch_e60,1.54174146E+02
4.04000000E-05,i1,ch_e90,-1.33747088E+02
4.04000000E-05,i2,ch_e90,1.28458472E+02
4.05000000E-05,injectedCurrent,ch-base,1.22195177E+03
4.05000000E-05,voltage,ch-base,1.11580409E+07
4.05000000E-05,i1,ch_e1,1.22195177E+03
4.05000000E-05,i2,ch_e1,-4.06709865E+03
4.05000000E-05,i1,ch_e30,7.56218255E+02
4.05000000E-05,i2,ch_e30,-1.48642554E+03
4.05000000E-05,i1,ch_e60,-1.22709786E+02
4.05000000E-05,i2,ch_e60,1.89107188E+02
4.05000000E-05,i1,ch_e90,-1.50395400E+02
4.05000000E-05,i2,ch_e90,1.47152126E+02
4.06000000E-05,injectedCurrent,ch-base,1.16372856E+03
4.06000000E-05,voltage,ch-base,1.04719169E+07
4.06000000E-05,i1,ch_e1,1.16372856E+03
4.06000000E-05,i2,ch_e1,1.75440661E+03
4.06000000E-05,i1,ch_e30,1.60967992E+03
4.06000000E-05,i2,ch_e30,-6.92178238E+02
4.06000000E-05,i1,ch_e60,-2.52736517E+02
4.06000000E-05,i2,ch_e60,2.25596461E+02
4.06000000E-05,i1,ch_e90,-1.55463420E+02
4.06000000E-05,i2,ch_e90,1.49634264E+02
4.07000000E-05,injectedCurrent,ch-base,1.10611304E+03
4.07000000E-05,voltage,ch-base,1.11250461E+07
4.07000000E-05,i1,ch_e1,1.10611304E+03
4.07000000E-05,i2,ch_e1,-4.17220782E+03
4.07000000E-05,i1,ch_e30,5.24184797E+02
4.07000000E-05,i2,ch_e30,-1.31887853E+03
4.07000000E-05,i1,ch_e60,-1.83271522E+02
4.07000000E-05,i2,ch_e60,2.70321432E+02
4.07000000E-05,i1,ch_e90,-1.72441919E+02
4.07000000E-05,i2,ch_e90,1.68822818E+02
4.08000000E-05,injectedCurrent,ch-base,1.04925136E+03
4.08000000E-05,voltage,ch-base,1.03892799E+07
4.08000000E-05,i1,ch_e1,1.04925136E+03
4.08000000E-05,i2,ch_e1,2.10137825E+03
4.08000000E-05,i1,ch_e30,1.44998162E+03
4.08000000E-05,i2,ch_e30,-4.67494496E+02
4.08000000E-05,i1,ch_e60,-3.34256959E+02
4.08000000E-05,i2,ch_e60,3.10333081E+02
4.08000000E-05,i1,ch_e90,-1.76954518E+02
4.08000000E-05,i2,ch_e90,1.70586228E+02
4.09000000E-05,injectedCurrent,ch-base,9.93285738E+02
4.09000000E-05,voltage,ch-base,1.10986540E+07
4.09000000E-05,i1,ch_e1,9.93285738E+02
4.09000000E-05,i2,ch_e1,-4.29837195E+03
4.09000000E-05,i1,ch_e30,2.85530200E+02
4.09000000E-05,i2,ch_e30,-1.14401634E+03
4.09000000E-05,i1,ch_e60,-2.63171798E+02
4.09000000E-05,i2,ch_e60,3.54377692E+02
4.09000000E-05,i1,ch_e90,-1.94311736E+02
4.09000000E-05,i2,ch_e90,1.90347055E+02
4.10000000E-05,injectedCurrent,ch-base,9.38353227E+02
4.10000000E-05,voltage,ch-base,1.03105360E+07
4.10000000E-05,i1,ch_e1,9.38353227E+02
4.10000000E-05,i2,ch_e1,2.46557572E+03
4.10000000E-05,i1,ch_e30,1.28684013E+03
4.10000000E-05,i2,ch_e30,-2.23269440E+02
4.10000000E-05,i1,ch_e60,-4.23852373E+02
4.10000000E-05,i2,ch_e60,3.89964389E+02
4.10000000E-05,i1,ch_e90,-1.98256710E+02
4.10000000E-05,i2,ch_e90,1.91385953E+02
4.11000000E-05,injectedCurrent,ch-base,8.84584406E+02
4.11000000E-05,voltage,ch-base,1.10831864E+07
4.11000000E-05,i1,ch_e1,8.84584406E+02
4.11000000E-05,i2,ch_e1,-4.44742434E+03
4.11000000E-05,i1,ch_e30,3.11929155E+01
4.11000000E-05,i2,ch_e30,-9.46043721E+02
4.11000000E-05,i1,ch_e60,-3.41262983E+02
4.11000000E-05,i2,ch_e60,4.27921866E+02
4.11000000E-05,i1,ch_e90,-2.16054843E+02
4.11000000E-05,i2,ch_e90,2.11812377E+02
4.12000000E-05,injectedCurrent,ch-base,8.32102236E+02
4.12000000E-05,voltage,ch-base,1.02406663E+07
4.12000000E-05,i1,ch_e1,8.32102236E+02
4.12000000E-05,i2,ch_e1,2.84802200E+03
4.12000000E-05,i1,ch_e30,1.10669000E+03
4.12000000E-05,i2,ch_e30,5.56118696E+01
4.12000000E-05,i1,ch_e60,-5.05786461E+02
4.12000000E-05,i2,ch_e60,4.55918672E+02
4.12000000E-05,i1,ch_e90,-2.19414075E+02
4.12000000E-05,i2,ch_e90,2.12102856E+02
4.13000000E-05,injectedCurrent,ch-base,7.81020996E+02
4.13000000E-05,voltage,ch-base,1.10837796E+07
4.13000000E-05,i1,ch_e1,7.81020996E+02
4.13000000E-05,i2,ch_e1,-4.62283848E+03
4.13000000E-05,i1,ch_e30,-2.55345286E+02
4.13000000E-05,i2,ch_e30,-7.15143871E+02
4.13000000E-05,i1,ch_e60,-4.06826046E+02
4.13000000E-05,i2,ch_e60,4.86573469E+02
4.13000000E-05,i1,ch_e90,-2.37722164E+02
4.13000000E-05,i2,ch_e90,2.33266340E+02
4.14000000E-05,injectedCurrent,ch-base,7.31445345E+02
4.14000000E-05,voltage,ch-base,1.01829446E+07
4.14000000E-05,i1,ch_e1,7.31445345E+02
4.14000000E-05,i2,ch_e1,3.24870308E+03
4.14000000E-05,i1,ch_e30,8.95289316E+02
4.14000000E-05,i2,ch_e30,3.71547997E+02
4.14000000E-05,i1,ch_e60,-5.73756823E+02
4.14000000E-05,i2,ch_e60,5.07170059E+02
4.14000000E-05,i1,ch_e90,-2.40488079E+02
4.14000000E-05,i2,ch_e90,2.32761691E+02
4.15000000E-05,injectedCurrent,ch-base,6.83469520E+02
4.15000000E-05,voltage,ch-base,1.11022083E+07
4.15000000E-05,i1,ch_e1,6.83469520E+02
4.15000000E-05,i2,ch_e1,-4.82883372E+03
4.15000000E-05,i1,ch_e30,-5.82828035E+02
4.15000000E-05,i2,ch_e30,-4.58761059E+02
4.15000000E-05,i1,ch_e60,-4.56973629E+02
4.15000000E-05,i2,ch_e60,5.31717553E+02
4.15000000E-05,i1,ch_e90,-2.59391222E+02
4.15000000E-05,i2,ch_e90,2.54738958E+02
4.16000000E-05,injectedCurrent,ch-base,6.37176677E+02
4.16000000E-05,voltage,ch-base,1.01368406E+07
4.16000000E-05,i1,ch_e1,6.37176677E+02
4.16000000E-05,i2,ch_e1,3.66814231E+03
4.16000000E-05,i1,ch_e30,6.54262958E+02
4.16000000E-05,i2,ch_e30,7.08608669E+02
4.16000000E-05,i1,ch_e60,-6.27617819E+02
4.16000000E-05,i2,ch_e60,5.46613302E+02
4.16000000E-05,i1,ch_e90,-2.61545601E+02
4.16000000E-05,i2,ch_e90,2.53399005E+02
4.17000000E-05,injectedCurrent,ch-base,5.92638379E+02
4.17000000E-05,voltage,ch-base,1.11373967E+07
4.17000000E-05,i1,ch_e1,5.92638379E+02
4.17000000E-05,i2,ch_e1,-5.06884379E+03
4.17000000E-05,i1,ch_e30,-9.39256312E+02
4.17000000E-05,i2,ch_e30,-1.99867291E+02
4.17000000E-05,i1,ch_e60,-4.93517453E+02
4.17000000E-05,i2,ch_e60,5.67060744E+02
4.17000000E-05,i1,ch_e90,-2.81103719E+02
4.17000000E-05,i2,ch_e90,2.76275595E+02
4.18000000E-05,injectedCurrent,ch-base,5.49914252E+02
4.18000000E-05,voltage,ch-base,1.01006659E+07
4.18000000E-05,i1,ch_e1,5.49914252E+02
4.18000000E-05,i2,ch_e1,4.10846719E+03
4.18000000E-05,i1,ch_e30,4.05855780E+02
4.18000000E-05,i2,ch_e30,1.04209263E+03
4.18000000E-05,i1,ch_e60,-6.70747797E+02
4.18000000E-05,i2,ch_e60,5.78307240E+02
4.18000000E-05,i1,ch_e90,-2.82587735E+02
4.18000000E-05,i2,ch_e90,2.74037751E+02
4.19000000E-05,injectedCurrent,ch-base,5.09051780E+02
4.19000000E-05,voltage,ch-base,1.11891049E+07
4.19000000E-05,i1,ch_e1,5.09051780E+02
4.19000000E-05,i2,ch_e1,-5.34527607E+03
4.19000000E-05,i1,ch_e30,-1.29807980E+03
4.19000000E-05,i2,ch_e30,3.93603900E+01
4.19000000E-05,i1,ch_e60,-5.20717451E+02
4.19000000E-05,i2,ch_e60,5.96746346E+02
4.19000000E-05,i1,ch_e90,-3.02845980E+02
4.19000000E-05,i2,ch_e90,2.97874023E+02
4.20000000E-05,injectedCurrent,ch-base,4.70086271E+02
4.20000000E-05,voltage,ch-base,1.00750335E+07
4.20000000E-05,i1,ch_e1,4.70086271E+02
4.20000000E-05,i2,ch_e1,4.57299683E+03
4.20000000E-05,i1,ch_e30,1.76263376E+02
4.20000000E-05,i2,ch_e30,1.35888168E+03
4.20000000E-05,i1,ch_e60,-7.07859806E+02
4.20000000E-05,i2,ch_e60,6.06253433E+02
4.20000000E-05,i1,ch_e90,-3.03604772E+02
4.20000000E-05,i2,ch_e90,2.94646238E+02
4.21000000E-05,injectedCurrent,ch-base,4.33040961E+02
4.21000000E-05,voltage,ch-base,1.12602094E+07
4.21000000E-05,i1,ch_e1,4.33040961E+02
4.21000000E-05,i2,ch_e1,-5.66044422E+03
4.21000000E-05,i1,ch_e30,-1.64157525E+03
4.21000000E-05,i2,ch_e30,2.57648351E+02
4.21000000E-05,i1,ch_e60,-5.42975374E+02
4.21000000E-05,i2,ch_e60,6.24367234E+02
4.21000000E-05,i1,ch_e90,-3.24638453E+02
4.21000000E-05,i2,ch_e90,3.19510811E+02
4.22000000E-05,injectedCurrent,ch-base,3.97927271E+02
4.22000000E-05,voltage,ch-base,1.00634805E+07
4.22000000E-05,i1,ch_e1,3.97927271E+02
4.22000000E-05,i2,ch_e1,5.06524640E+03
4.22000000E-05,i1,ch_e30,-2.83297201E+01
4.22000000E-05,i2,ch_e30,1.67226545E+03
4.22000000E-05,i1,ch_e60,-7.42746520E+02
4.22000000E-05,i2,ch_e60,6.33307915E+02
4.22000000E-05,i1,ch_e90,-3.24626940E+02
4.22000000E-05,i2,ch_e90,3.15219548E+02
4.23000000E-05,injectedCurrent,ch-base,3.64745187E+02
4.23000000E-05,voltage,ch-base,1.13557085E+07
4.23000000E-05,i1,ch_e1,3.64745187E+02
4.23000000E-05,i2,ch_e1,-6.01751431E+03
4.23000000E-05,i1,ch_e30,-1.97883603E+03
4.23000000E-05,i2,ch_e30,4.79557619E+02
4.23000000E-05,i1,ch_e60,-5.63056589E+02
4.23000000E-05,i2,ch_e60,6.51782574E+02
4.23000000E-05,i1,ch_e90,-3.46504049E+02
4.23000000E-05,i2,ch_e90,3.41213885E+02
4.24000000E-05,injectedCurrent,ch-base,3.33483773E+02
4.24000000E-05,voltage,ch-base,1.00701973E+07
4.24000000E-05,i1,ch_e1,3.33483773E+02
4.24000000E-05,i2,ch_e1,5.58833868E+03
4.24000000E-05,i1,ch_e30,-2.28699236E+02
4.24000000E-05,i2,ch_e30,2.01428843E+03
4.24000000E-05,i1,ch_e60,-7.77372238E+02
4.24000000E-05,i2,ch_e60,6.60252970E+02
4.24000000E-05,i1,ch_e90,-3.45636754E+02
4.24000000E-05,i2,ch_e90,3.35780928E+02
4.25000000E-05,injectedCurrent,ch-base,3.04121784E+02
4.25000000E-05,voltage,ch-base,1.14797206E+07
4.25000000E-05,i1,ch_e1,3.04121784E+02
4.25000000E-05,i2,ch_e1,-6.42084206E+03
4.25000000E-05,i1,ch_e30,-2.33961568E+03
4.25000000E-05,i2,ch_e30,7.35511627E+02
4.25000000E-05,i1,ch_e60,-5.82113045E+02
4.25000000E-05,i2,ch_e60,6.78887429E+02
4.25000000E-05,i1,ch_e90,-3.68402726E+02
4.25000000E-05,i2,ch_e90,3.62988514E+02
4.26000000E-05,injectedCurrent,ch-base,2.76628373E+02
4.26000000E-05,voltage,ch-base,1.00968641E+07
4.26000000E-05,i1,ch_e1,2.76628373E+02
4.26000000E-05,i2,ch_e1,6.14512624E+03
4.26000000E-05,i1,ch_e30,-4.54574019E+02
4.26000000E-05,i2,ch_e30,2.40703373E+03
4.26000000E-05,i1,ch_e60,-8.12490560E+02
4.26000000E-05,i2,ch_e60,6.86463731E+02
4.26000000E-05,i1,ch_e90,-3.66589680E+02
4.26000000E-05,i2,ch_e90,3.56294068E+02
4.27000000E-05,injectedCurrent,ch-base,2.50963886E+02
4.27000000E-05,voltage,ch-base,1.16328052E+07
4.27000000E-05,i1,ch_e1,2.50963887E+02
4.27000000E-05,i2,ch_e1,-6.87556847E+03
4.27000000E-05,i1,ch_e30,-2.74851783E+03
4.27000000E-05,i2,ch_e30,1.03041177E+03
4.27000000E-05,i1,ch_e60,-6.00358463E+02
4.27000000E-05,i2,ch_e60,7.04946935E+02
4.27000000E-05,i1,ch_e90,-3.90330593E+02
4.27000000E-05,i2,ch_e90,3.84794321E+02
4.28000000E-05,injectedCurrent,ch-base,2.27080708E+02
4.28000000E-05,voltage,ch-base,1.01410749E+07
4.28000000E-05,i1,ch_e1,2.27080708E+02
4.28000000E-05,i2,ch_e1,6.73908541E+03
4.28000000E-05,i1,ch_e30,-7.16455883E+02
4.28000000E-05,i2,ch_e30,2.83564863E+03
4.28000000E-05,i1,ch_e60,-8.47992831E+02
4.28000000E-05,i2,ch_e60,7.11352091E+02
4.28000000E-05,i1,ch_e90,-3.87513499E+02
4.28000000E-05,i2,ch_e90,3.76731647E+02
4.29000000E-05,injectedCurrent,ch-base,2.04924157E+02
4.29000000E-05,voltage,ch-base,1.18120936E+07
4.29000000E-05,i1,ch_e1,2.04924157E+02
4.29000000E-05,i2,ch_e1,-7.38654406E+03
4.29000000E-05,i1,ch_e30,-3.19994336E+03
4.29000000E-05,i2,ch_e30,1.32717449E+03
4.29000000E-05,i1,ch_e60,-6.17090752E+02
4.29000000E-05,i2,ch_e60,7.29589736E+02
4.29000000E-05,i1,ch_e90,-4.12334413E+02
4.29000000E-05,i2,ch_e90,4.06653788E+02
4.30000000E-05,injectedCurrent,ch-base,1.84433413E+02
4.30000000E-05,voltage,ch-base,1.01984886E+07
4.30000000E-05,i1,ch_e1,1.84433413E+02
4.30000000E-05,i2,ch_e1,7.37561303E+03
4.30000000E-05,i1,ch_e30,-9.88029767E+02
4.30000000E-05,i2,ch_e30,3.24603605E+03
4.30000000E-05,i1,ch_e60,-8.82968906E+02
4.30000000E-05,i2,ch_e60,7.34679169E+02
4.30000000E-05,i1,ch_e90,-4.08418790E+02
4.30000000E-05,i2,ch_e90,3.97132603E+02
4.31000000E-05,injectedCurrent,ch-base,1.65542453E+02
4.31000000E-05,voltage,ch-base,1.20153772E+07
4.31000000E-05,i1,ch_e1,1.65542453E+02
4.31000000E-05,i2,ch_e1,-7.95741103E+03
4.31000000E-05,i1,ch_e30,-3.65071527E+03
4.31000000E-05,i2,ch_e30,1.55891396E+03
4.31000000E-05,i1,ch_e60,-6.31216320E+02
4.31000000E-05,i2,ch_e60,7.52653292E+02
4.31000000E-05,i1,ch_e90,-4.34386981E+02
4.31000000E-05,i2,ch_e90,4.28604423E+02
4.32000000E-05,injectedCurrent,ch-base,1.48180992E+02
4.32000000E-05,voltage,ch-base,1.02680931E+07
4.32000000E-05,i1,ch_e1,1.48180992E+02
4.32000000E-05,i2,ch_e1,8.06246321E+03
4.32000000E-05,i1,ch_e30,-1.20996696E+03
4.32000000E-05,i2,ch_e30,3.56889691E+03
4.32000000E-05,i1,ch_e60,-9.16842400E+02
4.32000000E-05,i2,ch_e60,7.56408248E+02
4.32000000E-05,i1,ch_e90,-4.29242952E+02
4.32000000E-05,i2,ch_e90,4.17481303E+02
4.33000000E-05,injectedCurrent,ch-base,1.32275401E+02
4.33000000E-05,voltage,ch-base,1.22462606E+07
4.33000000E-05,i1,ch_e1,1.32275401E+02
4.33000000E-05,i2,ch_e1,-8.59126295E+03
4.33000000E-05,i1,ch_e30,-4.03459355E+03
4.33000000E-05,i2,ch_e30,1.66014370E+03
4.33000000E-05,i1,ch_e60,-6.42685185E+02
4.33000000E-05,i2,ch_e60,7.74425224E+02
4.33000000E-05,i1,ch_e90,-4.56453149E+02
4.33000000E-05,i2,ch_e90,4.50602433E+02
4.34000000E-05,injectedCurrent,ch-base,1.17749600E+02
4.34000000E-05,voltage,ch-base,1.03555663E+07
4.34000000E-05,i1,ch_e1,1.17749600E+02
4.34000000E-05,i2,ch_e1,8.80825759E+03
4.34000000E-05,i1,ch_e30,-1.31333689E+03
4.34000000E-05,i2,ch_e30,3.75277916E+03
4.34000000E-05,i1,ch_e60,-9.50493503E+02
4.34000000E-05,i2,ch_e60,7.77334900E+02
4.34000000E-05,i1,ch_e90,-4.49991762E+02
4.34000000E-05,i2,ch_e90,4.37719394E+02
4.35000000E-05,injectedCurrent,ch-base,1.04525915E+02
4.35000000E-05,voltage,ch-base,1.25142919E+07
4.35000000E-05,i1,ch_e1,1.04525915E+02
4.35000000E-05,i2,ch_e1,-9.29306128E+03
4.35000000E-05,i1,ch_e30,-4.29178559E+03
4.35000000E-05,i2,ch_e30,1.59680187E+03
4.35000000E-05,i1,ch_e60,-6.52742439E+02
4.35000000E-05,i2,ch_e60,7.96264794E+02
4.35000000E-05,i1,ch_e90,-4.78593629E+02
4.35000000E-05,i2,ch_e90,4.72641477E+02
4.36000000E-05,injectedCurrent,ch-base,9.25258791E+01
4.36000000E-05,voltage,ch-base,1.04693805E+07
4.36000000E-05,i1,ch_e1,9.25258791E+01
4.36000000E-05,i2,ch_e1,9.62012820E+03
4.36000000E-05,i1,ch_e30,-1.25142619E+03
4.36000000E-05,i2,ch_e30,3.78750180E+03
4.36000000E-05,i1,ch_e60,-9.85509295E+02
4.36000000E-05,i2,ch_e60,7.99170756E+02
4.36000000E-05,i1,ch_e90,-4.70714796E+02
4.36000000E-05,i2,ch_e90,4.57879519E+02
4.37000000E-05,injectedCurrent,ch-base,8.16709834E+01
4.37000000E-05,voltage,ch-base,1.28275026E+07
4.37000000E-05,i1,ch_e1,8.16709834E+01
4.37000000E-05,i2,ch_e1,-1.00715842E+04
4.37000000E-05,i1,ch_e30,-4.39881131E+03
4.37000000E-05,i2,ch_e30,1.38083071E+03
4.37000000E-05,i1,ch_e60,-6.62568994E+02
4.37000000E-05,i2,ch_e60,8.19866059E+02
4.37000000E-05,i1,ch_e90,-5.00822112E+02
4.37000000E-05,i2,ch_e90,4.94790403E+02
4.38000000E-05,injectedCurrent,ch-base,7.18833581E+01
4.38000000E-05,voltage,ch-base,1.06114082E+07
4.38000000E-05,i1,ch_e1,7.18833581E+01
4.38000000E-05,i2,ch_e1,1.05033631E+04
4.38000000E-05,i1,ch_e30,-1.02323587E+03
4.38000000E-05,i2,ch_e30,3.70897959E+03
4.38000000E-05,i1,ch_e60,-1.02292845E+03
4.38000000E-05,i2,ch_e60,8.23182032E+02
4.38000000E-05,i1,ch_e90,-4.91352676E+02
4.38000000E-05,i2,ch_e90,4.77987379E+02
4.39000000E-05,injectedCurrent,ch-base,6.30863899E+01
4.39000000E-05,voltage,ch-base,1.31837696E+07
4.39000000E-05,i1,ch_e1,6.30863899E+01
4.39000000E-05,i2,ch_e1,-1.09382900E+04
4.39000000E-05,i1,ch_e30,-4.38205047E+03
4.39000000E-05,i2,ch_e30,1.06522776E+03
4.39000000E-05,i1,ch_e60,-6.72727091E+02
4.39000000E-05,i2,ch_e60,8.45875065E+02
4.39000000E-05,i1,ch_e90,-5.23067916E+02
4.39000000E-05,i2,ch_e90,5.17030087E+02
4.40000000E-05,injectedCurrent,ch-base,5.52052668E+01
4.40000000E-05,voltage,ch-base,1.07718543E+07
4.40000000E-05,i1,ch_e1,5.52052668E+01
4.40000000E-05,i2,ch_e1,1.14644717E+04
4.40000000E-05,i1,ch_e30,-6.74836172E+02
4.40000000E-05,i2,ch_e30,3.58539124E+03
4.40000000E-05,i1,ch_e60,-1.06353511E+03
4.40000000E-05,i2,ch_e60,8.49450872E+02
4.40000000E-05,i1,ch_e90,-5.11854670E+02
4.40000000E-05,i2,ch_e90,4.97962309E+02
4.41000000E-05,injectedCurrent,ch-base,4.81674499E+01
4.41000000E-05,voltage,ch-base,1.35715910E+07
4.41000000E-05,i1,ch_e1,4.81674499E+01
4.41000000E-05,i2,ch_e1,-1.19035920E+04
4.41000000E-05,i1,ch_e30,-4.30682114E+03
4.41000000E-05,i2,ch_e30,7.22891266E+02
4.41000000E-05,i1,ch_e60,-6.83906689E+02
4.41000000E-05,i2,ch_e60,8.74122390E+02
4.41000000E-05,i1,ch_e90,-5.45365576E+02
4.41000000E-05,i2,ch_e90,5.39304703E+02
4.42000000E-05,injectedCurrent,ch-base,4.19030734E+01
4.42000000E-05,voltage,ch-base,1.09365145E+07
4.42000000E-05,i1,ch_e1,4.19030735E+01
4.42000000E-05,i2,ch_e1,1.25151390E+04
4.42000000E-05,i1,ch_e30,-2.78037662E+02
4.42000000E-05,i2,ch_e30,3.49116471E+03
4.42000000E-05,i1,ch_e60,-1.10840585E+03
4.42000000E-05,i2,ch_e60,8.77861266E+02
4.42000000E-05,i1,ch_e90,-5.32292357E+02
4.42000000E-05,i2,ch_e90,5.17789254E+02
4.43000000E-05,injectedCurrent,ch-base,3.63452727E+01
4.43000000E-05,voltage,ch-base,1.39826798E+07
4.43000000E-05,i1,ch_e1,3.63452728E+01
4.43000000E-05,i2,ch_e1,-1.29745920E+04
4.43000000E-05,i1,ch_e30,-4.24938390E+03
4.43000000E-05,i2,ch_e30,4.18763872E+02
4.43000000E-05,i1,ch_e60,-6.96764812E+02
4.43000000E-05,i2,ch_e60,9.04727306E+02
4.43000000E-05,i1,ch_e90,-5.67795753E+02
4.43000000E-05,i2,ch_e90,5.61685237E+02
4.44000000E-05,injectedCurrent,ch-base,3.14304439E+01
4.44000000E-05,voltage,ch-base,1.11015676E+07
4.44000000E-05,i1,ch_e1,3.14304440E+01
4.44000000E-05,i2,ch_e1,1.36726348E+04
4.44000000E-05,i1,ch_e30,9.98346720E+01
4.44000000E-05,i2,ch_e30,3.48079118E+03
4.44000000E-05,i1,ch_e60,-1.15803695E+03
4.44000000E-05,i2,ch_e60,9.08651294E+02
4.44000000E-05,i1,ch_e90,-5.52661156E+02
4.44000000E-05,i2,ch_e90,5.37541340E+02
4.45000000E-05,injectedCurrent,ch-base,2.70984374E+01
4.45000000E-05,voltage,ch-base,1.44248990E+07
4.45000000E-05,i1,ch_e1,2.70984374E+01
4.45000000E-05,i2,ch_e1,-1.41577482E+04
4.45000000E-05,i1,ch_e30,-4.26903159E+03
4.45000000E-05,i2,ch_e30,1.88500846E+02
4.45000000E-05,i1,ch_e60,-7.10829374E+02
4.45000000E-05,i2,ch_e60,9.37802031E+02
4.45000000E-05,i1,ch_e90,-5.90294479E+02
4.45000000E-05,i2,ch_e90,5.84222618E+02
4.46000000E-05,injectedCurrent,ch-base,2.32926903E+01
4.46000000E-05,voltage,ch-base,1.12804301E+07
4.46000000E-05,i1,ch_e1,2.32926903E+01
4.46000000E-05,i2,ch_e1,1.49553958E+04
4.46000000E-05,i1,ch_e30,4.18159911E+02
4.46000000E-05,i2,ch_e30,3.57490480E+03
4.46000000E-05,i1,ch_e60,-1.21174229E+03
4.46000000E-05,i2,ch_e60,9.41524705E+02
4.46000000E-05,i1,ch_e90,-5.72847436E+02
4.46000000E-05,i2,ch_e90,5.57166675E+02
4.47000000E-05,injectedCurrent,ch-base,1.99603026E+01
4.47000000E-05,voltage,ch-base,1.49203068E+07
4.47000000E-05,i1,ch_e1,1.99603027E+01
4.47000000E-05,i2,ch_e1,-1.54649707E+04
4.47000000E-05,i1,ch_e30,-4.39371456E+03
4.47000000E-05,i2,ch_e30,3.30663408E+01
4.47000000E-05,i1,ch_e60,-7.24857594E+02
4.47000000E-05,i2,ch_e60,9.72619905E+02
4.47000000E-05,i1,ch_e90,-6.12815779E+02
4.47000000E-05,i2,ch_e90,6.06831659E+02
4.48000000E-05,injectedCurrent,ch-base,1.70520617E+01
4.48000000E-05,voltage,ch-base,1.14922699E+07
4.48000000E-05,i1,ch_e1,1.70520618E+01
4.48000000E-05,i2,ch_e1,1.63779268E+04
4.48000000E-05,i1,ch_e30,6.69223484E+02
4.48000000E-05,i2,ch_e30,3.76322342E+03
4.48000000E-05,i1,ch_e60,-1.26891885E+03
4.48000000E-05,i2,ch_e60,9.75513369E+02
4.48000000E-05,i1,ch_e90,-5.92873415E+02
4.48000000E-05,i2,ch_e90,5.76566816E+02
4.49000000E-05,injectedCurrent,ch-base,1.45224213E+01
4.49000000E-05,voltage,ch-base,1.54863227E+07
4.49000000E-05,i1,ch_e1,1.45224213E+01
4.49000000E-05,i2,ch_e1,-1.69173905E+04
4.49000000E-05,i1,ch_e30,-4.62132819E+03
4.49000000E-05,i2,ch_e30,-7.16691202E+01
4.49000000E-05,i1,ch_e60,-7.38397623E+02
4.49000000E-05,i2,ch_e60,1.00839939E+03
4.49000000E-05,i1,ch_e90,-6.35475689E+02
4.49000000E-05,i2,ch_e90,6.29517411E+02
4.50000000E-05,injectedCurrent,ch-base,1.23294404E+01
4.50000000E-05,voltage,ch-base,1.17400024E+07
4.50000000E-05,i1,ch_e1,1.23294404E+01
4.50000000E-05,i2,ch_e1,1.79508723E+04
4.50000000E-05,i1,ch_e30,8.71266199E+02
4.50000000E-05,i2,ch_e30,4.01850063E+03
4.50000000E-05,i1,ch_e60,-1.33011602E+03
4.50000000E-05,i2,ch_e60,1.01034009E+03
4.50000000E-05,i1,ch_e90,-6.12821668E+02
4.50000000E-05,i2,ch_e90,5.95805482E+02
4.51000000E-05,injectedCurrent,ch-base,1.04346883E+01
4.51000000E-05,voltage,ch-base,1.61163143E+07
4.51000000E-05,i1,ch_e1,1.04346883E+01
4.51000000E-05,i2,ch_e1,-1.85425878E+04
4.51000000E-05,i1,ch_e30,-4.93050957E+03
4.51000000E-05,i2,ch_e30,-1.59420358E+02
4.51000000E-05,i1,ch_e60,-7.51803829E+02
4.51000000E-05,i2,ch_e60,1.04552197E+03
4.51000000E-05,i1,ch_e90,-6.58300578E+02
4.51000000E-05,i2,ch_e90,6.52404832E+02
4.52000000E-05,injectedCurrent,ch-base,8.80312118E+00
4.52000000E-05,voltage,ch-base,1.19986913E+07
4.52000000E-05,i1,ch_e1,8.80312120E+00
4.52000000E-05,i2,ch_e1,1.96875958E+04
4.52000000E-05,i1,ch_e30,1.05597316E+03
4.52000000E-05,i2,ch_e30,4.31137817E+03
4.52000000E-05,i1,ch_e60,-1.39604089E+03
4.52000000E-05,i2,ch_e60,1.04680274E+03
4.52000000E-05,i1,ch_e90,-6.32586030E+02
4.52000000E-05,i2,ch_e90,6.14923235E+02
4.53000000E-05,injectedCurrent,ch-base,7.40293491E+00
4.53000000E-05,voltage,ch-base,1.67797742E+07
4.53000000E-05,i1,ch_e1,7.40293493E+00
4.53000000E-05,i2,ch_e1,-2.03674240E+04
4.53000000E-05,i1,ch_e30,-5.29344629E+03
4.53000000E-05,i2,ch_e30,-2.61125989E+02
4.53000000E-05,i1,ch_e60,-7.64808643E+02
4.53000000E-05,i2,ch_e60,1.08484039E+03
4.53000000E-05,i1,ch_e90,-6.81170693E+02
4.53000000E-05,i2,ch_e90,6.75465611E+02
4.54000000E-05,injectedCurrent,ch-base,6.20540069E+00
4.54000000E-05,voltage,ch-base,1.22282720E+07
4.54000000E-05,i1,ch_e1,6.20540072E+00
4.54000000E-05,i2,ch_e1,2.16121068E+04
4.54000000E-05,i1,ch_e30,1.25682952E+03
4.54000000E-05,i2,ch_e30,4.61956211E+03
4.54000000E-05,i1,ch_e60,-1.46654441E+03
4.54000000E-05,i2,ch_e60,1.08536155E+03
4.54000000E-05,i1,ch_e90,-6.52063248E+02
4.54000000E-05,i2,ch_e90,6.33776785E+02
4.55000000E-05,injectedCurrent,ch-base,5.18468710E+00
4.55000000E-05,voltage,ch-base,1.74456794E+07
4.55000000E-05,i1,ch_e1,5.18468709E+00
4.55000000E-05,i2,ch_e1,-2.24135012E+04
4.55000000E-05,i1,ch_e30,-5.68581175E+03
4.55000000E-05,i2,ch_e30,-3.99288827E+02
4.55000000E-05,i1,ch_e60,-7.76496326E+02
4.55000000E-05,i2,ch_e60,1.12631257E+03
4.55000000E-05,i1,ch_e90,-7.04135444E+02
4.55000000E-05,i2,ch_e90,6.98600241E+02
4.56000000E-05,injectedCurrent,ch-base,4.31767352E+00
4.56000000E-05,voltage,ch-base,1.24023313E+07
4.56000000E-05,i1,ch_e1,4.31767362E+00
4.56000000E-05,i2,ch_e1,2.37613095E+04
4.56000000E-05,i1,ch_e30,1.50159151E+03
4.56000000E-05,i2,ch_e30,4.93056387E+03
4.56000000E-05,i1,ch_e60,-1.54162983E+03
4.56000000E-05,i2,ch_e60,1.12556679E+03
4.56000000E-05,i1,ch_e90,-6.71365444E+02
4.56000000E-05,i2,ch_e90,6.52318859E+02
4.57000000E-05,injectedCurrent,ch-base,3.58375859E+00
4.57000000E-05,voltage,ch-base,1.81104035E+07
4.57000000E-05,i1,ch_e1,3.58375859E+00
4.57000000E-05,i2,ch_e1,-2.47005864E+04
4.57000000E-05,i1,ch_e30,-6.09213929E+03
4.57000000E-05,i2,ch_e30,-5.87702200E+02
4.57000000E-05,i1,ch_e60,-7.86757431E+02
4.57000000E-05,i2,ch_e60,1.16953499E+03
4.57000000E-05,i1,ch_e90,-7.27360607E+02
4.57000000E-05,i2,ch_e90,7.21922810E+02
4.58000000E-05,injectedCurrent,ch-base,2.96466732E+00
4.58000000E-05,voltage,ch-base,1.25280763E+07
4.58000000E-05,i1,ch_e1,2.96466736E+00
4.58000000E-05,i2,ch_e1,2.61794241E+04
4.58000000E-05,i1,ch_e30,1.80920550E+03
4.58000000E-05,i2,ch_e30,5.24054917E+03
4.58000000E-05,i1,ch_e60,-1.62254327E+03
4.58000000E-05,i2,ch_e60,1.16738933E+03
4.58000000E-05,i1,ch_e90,-6.90520988E+02
4.58000000E-05,i2,ch_e90,6.70676982E+02
4.59000000E-05,injectedCurrent,ch-base,2.44425981E+00
4.59000000E-05,voltage,ch-base,1.88048765E+07
4.59000000E-05,i1,ch_e1,2.44425983E+00
4.59000000E-05,i2,ch_e1,-2.72565199E+04
4.59000000E-05,i1,ch_e30,-6.50737961E+03
4.59000000E-05,i2,ch_e30,-8.33562878E+02
4.59000000E-05,i1,ch_e60,-7.96337617E+02
4.59000000E-05,i2,ch_e60,1.21511627E+03
4.59000000E-05,i1,ch_e90,-7.50784789E+02
4.59000000E-05,i2,ch_e90,7.45563107E+02
4.60000000E-05,injectedCurrent,ch-base,2.00834405E+00
4.60000000E-05,voltage,ch-base,1.26377092E+07
4.60000000E-05,i1,ch_e1,2.00834416E+00
4.60000000E-05,i2,ch_e1,2.89095435E+04
4.60000000E-05,i1,ch_e30,2.18977845E+03
4.60000000E-05,i2,ch_e30,5.55219356E+03
4.60000000E-05,i1,ch_e60,-1.71071957E+03
4.60000000E-05,i2,ch_e60,1.21184491E+03
4.60000000E-05,i1,ch_e90,-7.09329168E+02
4.60000000E-05,i2,ch_e90,6.88802532E+02
4.61000000E-05,injectedCurrent,ch-base,1.64449492E+00
4.61000000E-05,voltage,ch-base,1.95714642E+07
4.61000000E-05,i1,ch_e1,1.64449500E+00
4.61000000E-05,i2,ch_e1,-3.01264942E+04
4.61000000E-05,i1,ch_e30,-6.93620973E+03
4.61000000E-05,i2,ch_e30,-1.13958299E+03
4.61000000E-05,i1,ch_e60,-8.05158263E+02
4.61000000E-05,i2,ch_e60,1.26416761E+03
4.61000000E-05,i1,ch_e90,-7.74290530E+02
4.61000000E-05,i2,ch_e90,7.69406975E+02
4.62000000E-05,injectedCurrent,ch-base,1.34188107E+00
4.62000000E-05,voltage,ch-base,1.27542722E+07
4.62000000E-05,i1,ch_e1,1.34188114E+00
4.62000000E-05,i2,ch_e1,3.19901787E+04
4.62000000E-05,i1,ch_e30,2.64636157E+03
4.62000000E-05,i2,ch_e30,5.87315753E+03
4.62000000E-05,i1,ch_e60,-1.80637128E+03
4.62000000E-05,i2,ch_e60,1.25957679E+03
4.62000000E-05,i1,ch_e90,-7.27743631E+02
4.62000000E-05,i2,ch_e90,7.06492312E+02
4.63000000E-05,injectedCurrent,ch-base,1.09110096E+00
4.63000000E-05,voltage,ch-base,2.04257775E+07
4.63000000E-05,i1,ch_e1,1.09110105E+00
4.63000000E-05,i2,ch_e1,-3.33751080E+04
4.63000000E-05,i1,ch_e30,-7.39072442E+03
4.63000000E-05,i2,ch_e30,-1.50545626E+03
4.63000000E-05,i1,ch_e60,-8.11863692E+02
4.63000000E-05,i2,ch_e60,1.31670740E+03
4.63000000E-05,i1,ch_e90,-7.98044792E+02
4.63000000E-05,i2,ch_e90,7.93402899E+02
4.64000000E-05,injectedCurrent,ch-base,8.84028855E-01
4.64000000E-05,voltage,ch-base,1.28561524E+07
4.64000000E-05,i1,ch_e1,8.84029027E-01
4.64000000E-05,i2,ch_e1,3.54610182E+04
4.64000000E-05,i1,ch_e30,3.17853417E+03
4.64000000E-05,i2,ch_e30,6.21485506E+03
4.64000000E-05,i1,ch_e60,-1.90927345E+03
4.64000000E-05,i2,ch_e60,1.30991273E+03
4.64000000E-05,i1,ch_e90,-7.45926778E+02
4.64000000E-05,i2,ch_e90,7.23778986E+02
4.65000000E-05,injectedCurrent,ch-base,7.13671570E-01
4.65000000E-05,voltage,ch-base,2.13316355E+07
4.65000000E-05,i1,ch_e1,7.13671630E-01
4.65000000E-05,i2,ch_e1,-3.70805114E+04
4.65000000E-05,i1,ch_e30,-7.88630381E+03
4.65000000E-05,i2,ch_e30,-1.92979359E+03
4.65000000E-05,i1,ch_e60,-8.15389122E+02
4.65000000E-05,i2,ch_e60,1.37187473E+03
4.65000000E-05,i1,ch_e90,-8.22216955E+02
4.65000000E-05,i2,ch_e90,8.17769738E+02
4.66000000E-05,injectedCurrent,ch-base,5.74036066E-01
4.66000000E-05,voltage,ch-base,1.28667840E+07
4.66000000E-05,i1,ch_e1,5.74036110E-01
4.66000000E-05,i2,ch_e1,3.93754033E+04
4.66000000E-05,i1,ch_e30,3.78765014E+03
4.66000000E-05,i2,ch_e30,6.59010494E+03
4.66000000E-05,i1,ch_e60,-2.02035988E+03
4.66000000E-05,i2,ch_e60,1.36212944E+03
4.66000000E-05,i1,ch_e90,-7.63806574E+02
4.66000000E-05,i2,ch_e90,7.40799204E+02
4.67000000E-05,injectedCurrent,ch-base,4.60008117E-01
4.67000000E-05,voltage,ch-base,2.22089325E+07
4.67000000E-05,i1,ch_e1,4.60008222E-01
4.67000000E-05,i2,ch_e1,-4.13261647E+04
4.67000000E-05,i1,ch_e30,-8.43676572E+03
4.67000000E-05,i2,ch_e30,-2.41360904E+03
4.67000000E-05,i1,ch_e60,-8.15702074E+02
4.67000000E-05,i2,ch_e60,1.42960471E+03
4.67000000E-05,i1,ch_e90,-8.46676889E+02
4.67000000E-05,i2,ch_e90,8.42601485E+02
4.68000000E-05,injectedCurrent,ch-base,3.67241846E-01
4.68000000E-05,voltage,ch-base,1.26788299E+07
4.68000000E-05,i1,ch_e1,3.67241927E-01
4.68000000E-05,i2,ch_e1,4.38127162E+04
4.68000000E-05,i1,ch_e30,4.48143562E+03
4.68000000E-05,i2,ch_e30,7.00960900E+03
4.68000000E-05,i1,ch_e60,-2.14129114E+03
4.68000000E-05,i2,ch_e60,1.41667409E+03
4.68000000E-05,i1,ch_e90,-7.81130016E+02
4.68000000E-05,i2,ch_e90,7.57392269E+02
4.69000000E-05,injectedCurrent,ch-base,2.92059850E-01
4.69000000E-05,voltage,ch-base,2.29718571E+07
4.69000000E-05,i1,ch_e1,2.92059862E-01
4.69000000E-05,i2,ch_e1,-4.61975814E+04
4.69000000E-05,i1,ch_e30,-9.05213688E+03
4.69000000E-05,i2,ch_e30,-2.96402158E+03
4.69000000E-05,i1,ch_e60,-8.12327781E+02
4.69000000E-05,i2,ch_e60,1.49077615E+03
4.69000000E-05,i1,ch_e90,-8.71394945E+02
4.69000000E-05,i2,ch_e90,8.67740681E+02
4.70000000E-05,injectedCurrent,ch-base,2.31363493E-01
4.70000000E-05,voltage,ch-base,1.21992112E+07
4.70000000E-05,i1,ch_e1,2.31363531E-01
4.70000000E-05,i2,ch_e1,4.88848733E+04
4.70000000E-05,i1,ch_e30,5.27442508E+03
4.70000000E-05,i2,ch_e30,7.47996297E+03
4.70000000E-05,i1,ch_e60,-2.27274652E+03
4.70000000E-05,i2,ch_e60,1.47414517E+03
4.70000000E-05,i1,ch_e90,-7.97956627E+02
4.70000000E-05,i2,ch_e90,7.73349914E+02
4.71000000E-05,injectedCurrent,ch-base,1.82552826E-01
4.71000000E-05,voltage,ch-base,2.35756319E+07
4.71000000E-05,i1,ch_e1,1.82552897E-01
4.71000000E-05,i2,ch_e1,-5.17882481E+04
4.71000000E-05,i1,ch_e30,-9.74168576E+03
4.71000000E-05,i2,ch_e30,-3.59477980E+03
4.71000000E-05,i1,ch_e60,-8.03146547E+02
4.71000000E-05,i2,ch_e60,1.55553320E+03
4.71000000E-05,i1,ch_e90,-8.96710121E+02
4.71000000E-05,i2,ch_e90,8.93263272E+02
4.72000000E-05,injectedCurrent,ch-base,1.43455549E-01
4.72000000E-05,voltage,ch-base,1.13888706E+07
4.72000000E-05,i1,ch_e1,1.43455639E-01
4.72000000E-05,i2,ch_e1,5.47360117E+04
4.72000000E-05,i1,ch_e30,6.18364839E+03
4.72000000E-05,i2,ch_e30,8.00628198E+03
4.72000000E-05,i1,ch_e60,-2.41441256E+03
4.72000000E-05,i2,ch_e60,1.53376355E+03
4.72000000E-05,i1,ch_e90,-8.14505039E+02
4.72000000E-05,i2,ch_e90,7.88821672E+02
4.73000000E-05,injectedCurrent,ch-base,1.12264350E-01
4.73000000E-05,voltage,ch-base,2.40460112E+07
4.73000000E-05,i1,ch_e1,1.12264356E-01
4.73000000E-05,i2,ch_e1,-5.82136946E+04
4.73000000E-05,i1,ch_e30,-1.05202120E+04
4.73000000E-05,i2,ch_e30,-4.32210460E+03
4.73000000E-05,i1,ch_e60,-7.85451225E+02
4.73000000E-05,i2,ch_e60,1.62265770E+03
4.73000000E-05,i1,ch_e90,-9.22840372E+02
4.73000000E-05,i2,ch_e90,9.19535340E+02
4.74000000E-05,injectedCurrent,ch-base,8.74819725E-02
4.74000000E-05,voltage,ch-base,1.02757692E+07
4.74000000E-05,i1,ch_e1,8.74819753E-02
4.74000000E-05,i2,ch_e1,6.15395122E+04
4.74000000E-05,i1,ch_e30,7.22415044E+03
4.74000000E-05,i2,ch_e30,8.59856565E+03
4.74000000E-05,i1,ch_e60,-2.56673540E+03
4.74000000E-05,i2,ch_e60,1.59392539E+03
4.74000000E-05,i1,ch_e90,-8.30622514E+02
4.74000000E-05,i2,ch_e90,8.03961859E+02
4.75000000E-05,injectedCurrent,ch-base,6.78733111E-02
4.75000000E-05,voltage,ch-base,2.44775559E+07
4.75000000E-05,i1,ch_e1,6.78733792E-02
4.75000000E-05,i2,ch_e1,-6.56291898E+04
4.75000000E-05,i1,ch_e30,-1.14115790E+04
4.75000000E-05,i2,ch_e30,-5.15943602E+03
4.75000000E-05,i1,ch_e60,-7.57415843E+02
4.75000000E-05,i2,ch_e60,1.69104680E+03
4.75000000E-05,i1,ch_e90,-9.49662803E+02
4.75000000E-05,i2,ch_e90,9.46665686E+02
4.76000000E-05,injectedCurrent,ch-base,5.24238825E-02
4.76000000E-05,voltage,ch-base,8.93599655E+06
4.76000000E-05,i1,ch_e1,5.24238861E-02
4.76000000E-05,i2,ch_e1,6.94986891E+04
4.76000000E-05,i1,ch_e30,8.41030840E+03
4.76000000E-05,i2,ch_e30,9.27627452E+03
4.76000000E-05,i1,ch_e60,-2.73160793E+03
4.76000000E-05,i2,ch_e60,1.65388079E+03
4.76000000E-05,i1,ch_e90,-8.46023654E+02
4.76000000E-05,i2,ch_e90,8.18528354E+02
4.77000000E-05,injectedCurrent,ch-base,4.03040091E-02
4.77000000E-05,voltage,ch-base,2.50047962E+07
4.77000000E-05,i1,ch_e1,4.03039879E-02
4.77000000E-05,i2,ch_e1,-7.42467072E+04
4.77000000E-05,i1,ch_e30,-1.24456051E+04
4.77000000E-05,i2,ch_e30,-6.11729299E+03
4.77000000E-05,i1,ch_e60,-7.17509510E+02
4.77000000E-05,i2,ch_e60,1.76083708E+03
4.77000000E-05,i1,ch_e90,-9.77290842E+02
4.77000000E-05,i2,ch_e90,9.74524367E+02
4.78000000E-05,injectedCurrent,ch-base,3.08381013E-02
4.78000000E-05,voltage,ch-base,7.45460557E+06
4.78000000E-05,i1,ch_e1,3.08380736E-02
4.78000000E-05,i2,ch_e1,7.88562672E+04
4.78000000E-05,i1,ch_e30,9.76355766E+03
4.78000000E-05,i2,ch_e30,1.00662287E+04
4.78000000E-05,i1,ch_e60,-2.91102901E+03
4.78000000E-05,i2,ch_e60,1.71377311E+03
4.78000000E-05,i1,ch_e90,-8.60841468E+02
4.78000000E-05,i2,ch_e90,8.32322244E+02
4.79000000E-05,injectedCurrent,ch-base,2.34784485E-02
4.79000000E-05,voltage,ch-base,2.57635003E+07
4.79000000E-05,i1,ch_e1,2.34785275E-02
4.79000000E-05,i2,ch_e1,-8.43500332E+04
4.79000000E-05,i1,ch_e30,-1.36517897E+04
4.79000000E-05,i2,ch_e30,-7.21035820E+03
4.79000000E-05,i1,ch_e60,-6.62763297E+02
4.79000000E-05,i2,ch_e60,1.83239979E+03
4.79000000E-05,i1,ch_e90,-1.00626208E+03
4.79000000E-05,i2,ch_e90,1.00335082E+03
4.80000000E-05,injectedCurrent,ch-base,1.77829763E-02
4.80000000E-05,voltage,ch-base,5.88551767E+06
4.80000000E-05,i1,ch_e1,1.77831010E-02
4.80000000E-05,i2,ch_e1,8.99148546E+04
4.80000000E-05,i1,ch_e30,1.13199408E+04
4.80000000E-05,i2,ch_e30,1.09957242E+04
4.80000000E-05,i1,ch_e60,-3.10604201E+03
4.80000000E-05,i2,ch_e60,1.77302755E+03
4.80000000E-05,i1,ch_e90,-8.75299769E+02
4.80000000E-05,i2,ch_e90,8.45576961E+02
4.81000000E-05,injectedCurrent,ch-base,1.33964660E-02
4.81000000E-05,voltage,ch-base,2.68613009E+07
4.81000000E-05,i1,ch_e1,1.33964894E-02
4.81000000E-05,i2,ch_e1,-9.63111058E+04
4.81000000E-05,i1,ch_e30,-1.50582792E+04
4.81000000E-05,i2,ch_e30,-8.46631585E+03
4.81000000E-05,i1,ch_e60,-5.88485234E+02
4.81000000E-05,i2,ch_e60,1.90489638E+03
4.81000000E-05,i1,ch_e90,-1.03689354E+03
4.81000000E-05,i2,ch_e90,1.03367747E+03
4.82000000E-05,injectedCurrent,ch-base,1.00347800E-02
4.82000000E-05,voltage,ch-base,4.22623354E+06
4.82000000E-05,i1,ch_e1,1.00348596E-02
4.82000000E-05,i2,ch_e1,1.03068460E+05
4.82000000E-05,i1,ch_e30,1.31300774E+04
4.82000000E-05,i2,ch_e30,1.20890282E+04
4.82000000E-05,i1,ch_e60,-3.31770860E+03
4.82000000E-05,i2,ch_e60,1.82964261E+03
4.82000000E-05,i1,ch_e90,-8.89115726E+02
4.82000000E-05,i2,ch_e90,8.58430511E+02
4.83000000E-05,injectedCurrent,ch-base,7.47167881E-03
4.83000000E-05,voltage,ch-base,2.83692172E+07
4.83000000E-05,i1,ch_e1,7.47174543E-03
4.83000000E-05,i2,ch_e1,-1.10613979E+05
4.83000000E-05,i1,ch_e30,-1.67007813E+04
4.83000000E-05,i2,ch_e30,-9.92818343E+03
4.83000000E-05,i1,ch_e60,-4.89600798E+02
4.83000000E-05,i2,ch_e60,1.97665168E+03
4.83000000E-05,i1,ch_e90,-1.06912622E+03
4.83000000E-05,i2,ch_e90,1.06566965E+03
4.84000000E-05,injectedCurrent,ch-base,5.52786144E-03
4.84000000E-05,voltage,ch-base,2.41241159E+06
4.84000000E-05,i1,ch_e1,5.52800931E-03
4.84000000E-05,i2,ch_e1,1.18845476E+05
4.84000000E-05,i1,ch_e30,1.52518522E+04
4.84000000E-05,i2,ch_e30,1.33737639E+04
4.84000000E-05,i1,ch_e60,-3.54877492E+03
4.84000000E-05,i2,ch_e60,1.88137529E+03
4.84000000E-05,i1,ch_e90,-9.01874651E+02
4.84000000E-05,i2,ch_e90,8.70520825E+02
4.85000000E-05,injectedCurrent,ch-base,4.06189855E-03
4.85000000E-05,voltage,ch-base,3.03344599E+07
4.85000000E-05,i1,ch_e1,4.06198847E-03
4.85000000E-05,i2,ch_e1,-1.27894701E+05
4.85000000E-05,i1,ch_e30,-1.86366714E+04
4.85000000E-05,i2,ch_e30,-1.16480608E+04
4.85000000E-05,i1,ch_e60,-3.61378517E+02
4.85000000E-05,i2,ch_e60,2.04673076E+03
4.85000000E-05,i1,ch_e90,-1.10325905E+03
4.85000000E-05,i2,ch_e90,1.09925179E+03
4.86000000E-05,injectedCurrent,ch-base,2.96277089E-03
4.86000000E-05,voltage,ch-base,3.26598196E+05
4.86000000E-05,i1,ch_e1,2.96296867E-03
4.86000000E-05,i2,ch_e1,1.37967006E+05
4.86000000E-05,i1,ch_e30,1.77450964E+04
4.86000000E-05,i2,ch_e30,1.48947179E+04
4.86000000E-05,i1,ch_e60,-3.80392992E+03
4.86000000E-05,i2,ch_e60,1.92695356E+03
4.86000000E-05,i1,ch_e90,-9.13660536E+02
4.86000000E-05,i2,ch_e90,8.81573754E+02
4.87000000E-05,injectedCurrent,ch-base,2.14375934E-03
4.87000000E-05,voltage,ch-base,3.28069569E+07
4.87000000E-05,i1,ch_e1,2.14394948E-03
4.87000000E-05,i2,ch_e1,-1.49007081E+05
4.87000000E-05,i1,ch_e30,-2.09540530E+04
4.87000000E-05,i2,ch_e30,-1.36799688E+04
4.87000000E-05,i1,ch_e60,-1.98353093E+02
4.87000000E-05,i2,ch_e60,2.11547666E+03
4.87000000E-05,i1,ch_e90,-1.14013835E+03
4.87000000E-05,i2,ch_e90,1.13484251E+03
4.88000000E-05,injectedCurrent,ch-base,1.53746725E-03
4.88000000E-05,voltage,ch-base,-2.19037665E+06
4.88000000E-05,i1,ch_e1,1.53773127E-03
4.88000000E-05,i2,ch_e1,1.61430760E+05
4.88000000E-05,i1,ch_e30,2.06783837E+04
4.88000000E-05,i2,ch_e30,1.67252206E+04
4.88000000E-05,i1,ch_e60,-4.08884346E+03
4.88000000E-05,i2,ch_e60,1.96561774E+03
4.88000000E-05,i1,ch_e90,-9.24624645E+02
4.88000000E-05,i2,ch_e90,8.91830964E+02
4.89000000E-05,injectedCurrent,ch-base,1.09178592E-03
4.89000000E-05,voltage,ch-base,3.58706587E+07
4.89000000E-05,i1,ch_e1,1.09196658E-03
4.89000000E-05,i2,ch_e1,-1.75128250E+05
4.89000000E-05,i1,ch_e30,-2.37704958E+04
4.89000000E-05,i2,ch_e30,-1.60828695E+04
4.89000000E-05,i1,ch_e60,7.28944672E+00
4.89000000E-05,i2,ch_e60,2.18350592E+03
4.89000000E-05,i1,ch_e90,-1.18039336E+03
4.89000000E-05,i2,ch_e90,1.17323234E+03
4.90000000E-05,injectedCurrent,ch-base,7.66641190E-04
4.90000000E-05,voltage,ch-base,-5.33672808E+06
4.90000000E-05,i1,ch_e1,7.66849802E-04
4.90000000E-05,i2,ch_e1,1.90640425E+05
4.90000000E-05,i1,ch_e30,2.41492672E+04
4.90000000E-05,i2,ch_e30,1.89686483E+04
4.90000000E-05,i1,ch_e60,-4.40984787E+03
4.90000000E-05,i2,ch_e60,1.99573746E+03
4.90000000E-05,i1,ch_e90,-9.34253154E+02
4.90000000E-05,i2,ch_e90,9.01401632E+02
4.91000000E-05,injectedCurrent,ch-base,5.31383599E-04
4.91000000E-05,voltage,ch-base,3.96751757E+07
4.91000000E-05,i1,ch_e1,5.31612162E-04
4.91000000E-05,i2,ch_e1,-2.07927810E+05
4.91000000E-05,i1,ch_e30,-2.72278283E+04
4.91000000E-05,i2,ch_e30,-1.89380788E+04
4.91000000E-05,i1,ch_e60,2.66294340E+02
4.91000000E-05,i2,ch_e60,2.25078399E+03
4.91000000E-05,i1,ch_e90,-1.22424203E+03
4.91000000E-05,i2,ch_e90,1.21479748E+03
4.92000000E-05,injectedCurrent,ch-base,3.62705596E-04
4.92000000E-05,voltage,ch-base,-9.36408979E+06
4.92000000E-05,i1,ch_e1,3.63098135E-04
4.92000000E-05,i2,ch_e1,2.27616276E+05
4.92000000E-05,i1,ch_e30,2.83092050E+04
4.92000000E-05,i2,ch_e30,2.17535582E+04
4.92000000E-05,i1,ch_e60,-4.77519074E+03
4.92000000E-05,i2,ch_e60,2.01425437E+03
4.92000000E-05,i1,ch_e90,-9.41746817E+02
4.92000000E-05,i2,ch_e90,9.09757230E+02
4.93000000E-05,injectedCurrent,ch-base,2.42988161E-04
4.93000000E-05,voltage,ch-base,4.44708404E+07
4.93000000E-05,i1,ch_e1,2.43152405E-04
4.93000000E-05,i2,ch_e1,-2.49845743E+05
4.93000000E-05,i1,ch_e30,-3.14973021E+04
4.93000000E-05,i2,ch_e30,-2.23745619E+04
4.93000000E-05,i1,ch_e60,5.92050529E+02
4.93000000E-05,i2,ch_e60,2.31707559E+03
4.93000000E-05,i1,ch_e90,-1.27235967E+03
4.93000000E-05,i2,ch_e90,1.25961268E+03
4.94000000E-05,injectedCurrent,ch-base,1.58995327E-04
4.94000000E-05,voltage,ch-base,-1.46156661E+07
4.94000000E-05,i1,ch_e1,1.59336636E-04
4.94000000E-05,i2,ch_e1,2.75352911E+05
4.94000000E-05,i1,ch_e30,3.33832285E+04
4.94000000E-05,i2,ch_e30,2.52358993E+04
4.94000000E-05,i1,ch_e60,-5.19709209E+03
4.94000000E-05,i2,ch_e60,2.01731809E+03
4.94000000E-05,i1,ch_e90,-9.46766947E+02
4.94000000E-05,i2,ch_e90,9.16379576E+02
4.95000000E-05,injectedCurrent,ch-base,1.00848968E-04
4.95000000E-05,voltage,ch-base,5.06590007E+07
4.95000000E-05,i1,ch_e1,1.01270800E-04
4.95000000E-05,i2,ch_e1,-3.04568991E+05
4.95000000E-05,i1,ch_e30,-3.68069901E+04
4.95000000E-05,i2,ch_e30,-2.65918115E+04
4.95000000E-05,i1,ch_e60,1.00081176E+03
4.95000000E-05,i2,ch_e60,2.38332510E+03
4.95000000E-05,i1,ch_e90,-1.32623733E+03
4.95000000E-05,i2,ch_e90,1.30832710E+03
4.96000000E-05,injectedCurrent,ch-base,6.12281596E-05
4.96000000E-05,voltage,ch-base,-2.15991485E+07
4.96000000E-05,i1,ch_e1,6.17488475E-05
4.96000000E-05,i2,ch_e1,3.38453758E+05
4.96000000E-05,i1,ch_e30,3.96846404E+04
4.96000000E-05,i2,ch_e30,2.96222860E+04
4.96000000E-05,i1,ch_e60,-5.69355997E+03
4.96000000E-05,i2,ch_e60,2.00098351E+03
4.96000000E-05,i1,ch_e90,-9.48998367E+02
4.96000000E-05,i2,ch_e90,9.21328877E+02
4.97000000E-05,injectedCurrent,ch-base,3.47474365E-05
4.97000000E-05,voltage,ch-base,5.88810794E+07
4.97000000E-05,i1,ch_e1,3.52220063E-05
4.97000000E-05,i2,ch_e1,-3.77893657E+05
4.97000000E-05,i1,ch_e30,-4.34939111E+04
4.97000000E-05,i2,ch_e30,-3.18781896E+04
4.97000000E-05,i1,ch_e60,1.51347785E+03
4.97000000E-05,i2,ch_e60,2.45279123E+03
4.97000000E-05,i1,ch_e90,-1.38739678E+03
4.97000000E-05,i2,ch_e90,1.36214643E+03
4.98000000E-05,injectedCurrent,ch-base,1.74767835E-05
4.98000000E-05,voltage,ch-base,-3.11207995E+07
4.98000000E-05,i1,ch_e1,1.79860024E-05
4.98000000E-05,i2,ch_e1,4.24317558E+05
4.98000000E-05,i1,ch_e30,4.76400619E+04
4.98000000E-05,i2,ch_e30,3.52206159E+04
4.98000000E-05,i1,ch_e60,-6.28989164E+03
4.98000000E-05,i2,ch_e60,1.96083227E+03
4.98000000E-05,i1,ch_e90,-9.47150702E+02
4.98000000E-05,i2,ch_e90,9.24573626E+02
4.99000000E-05,injectedCurrent,ch-base,6.57325339E-06
4.99000000E-05,voltage,ch-base,7.01935520E+07
4.99000000E-05,i1,ch_e1,7.15700478E-06
4.99000000E-05,i2,ch_e1,-4.79386831E+05
4.99000000E-05,i1,ch_e30,-5.20778439E+04
4.99000000E-05,i2,ch_e30,-3.86383417E+04
4.99000000E-05,i1,ch_e60,2.15914733E+03
4.99000000E-05,i2,ch_e60,2.53146403E+03
4.99000000E-05,i1,ch_e90,-1.45705662E+03
4.99000000E-05,i2,ch_e90,1.42191500E+03
5.00000000E-05,injectedCurrent,ch-base,3.34070086E-19
5.00000000E-05,voltage,ch-base,-4.45464989E+07
5.00000000E-05,i1,ch_e1,6.23411036E-07
5.00000000E-05,i2,ch_e1,5.45511522E+05
5.00000000E-05,i1,ch_e30,5.78516765E+04
5.00000000E-05,i2,ch_e30,4.25185208E+04
5.00000000E-05,i1,ch_e60,-7.02085424E+03
5.00000000E-05,i2,ch_e60,1.89022075E+03
5.00000000E-05,i1,ch_e90,-9.39059593E+02
5.00000000E-05,i2,ch_e90,9.25255027E+02
5.01000000E-05,injectedCurrent,ch-base,0.00000000E+00
5.01000000E-05,voltage,ch-base,8.64367986E+07
5.01000000E-05,i1,ch_e1,6.94529668E-07
5.01000000E-05,i2,ch_e1,-6.25847627E+05
5.01000000E-05,i1,ch_e30,-6.33620634E+04
5.01000000E-05,i2,ch_e30,-4.74587156E+04
5.01000000E-05,i1,ch_e60,2.98026457E+03
5.01000000E-05,i2,ch_e60,2.62834062E+03
5.01000000E-05,i1,ch_e90,-1.53714176E+03
5.01000000E-05,i2,ch_e90,1.48802016E+03
5.02000000E-05,injectedCurrent,ch-base,0.00000000E+00
5.02000000E-05,voltage,ch-base,-6.43603642E+07
5.02000000E-05,i1,ch_e1,8.88665340E-07
5.02000000E-05,i2,ch_e1,7.24947259E+05
5.02000000E-05,i1,ch_e30,7.12309145E+04
5.02000000E-05,i2,ch_e30,5.22984952E+04
5.02000000E-05,i1,ch_e60,-7.93533207E+03
5.02000000E-05,i2,ch_e60,1.77744655E+03
5.02000000E-05,i1,ch_e90,-9.22437361E+02
5.02000000E-05,i2,ch_e90,9.22239598E+02
5.03000000E-05,injectedCurrent,ch-base,0.00000000E+00
5.03000000E-05,voltage,ch-base,1.11083321E+08
5.03000000E-05,i1,ch_e1,8.39534809E-07
5.03000000E-05,i2,ch_e1,-8.49267181E+05
5.03000000E-05,i1,ch_e30,-7.85931873E+04
5.03000000E-05,i2,ch_e30,-5.92546134E+04
5.03000000E-05,i1,ch_e60,4.03951169E+03
5.03000000E-05,i2,ch_e60,2.75694510E+03
5.03000000E-05,i1,ch_e90,-1.63117736E+03
5.03000000E-05,i2,ch_e90,1.56135279E+03
5.04000000E-05,injectedCurrent,ch-base,0.00000000E+00
5.04000000E-05,voltage,ch-base,-9.55117202E+07
5.04000000E-05,i1,ch_e1,9.07184112E-07
5.04000000E-05,i2,ch_e1,1.00853681E+06
5.04000000E-05,i1,ch_e30,8.92534489E+04
5.04000000E-05,i2,ch_e30,6.58311963E+04
5.04000000E-05,i1,ch_e60,-9.10580786E+03
5.04000000E-05,i2,ch_e60,1.60208372E+03
5.04000000E-05,i1,ch_e90,-8.94425853E+02
5.04000000E-05,i2,ch_e90,9.14961852E+02
5.05000000E-05,injectedCurrent,ch-base,0.00000000E+00
5.05000000E-05,voltage,ch-base,1.51446989E+08
5.05000000E-05,i1,ch_e1,6.68460354E-07
5.05000000E-05,i2,ch_e1,-1.21775027E+06
5.05000000E-05,i1,ch_e30,-9.97637331E+04
5.05000000E-05,i2,ch_e30,-7.55716174E+04
5.05000000E-05,i1,ch_e60,5.43015869E+03
5.05000000E-05,i2,ch_e60,2.94009468E+03
5.05000000E-05,i1,ch_e90,-1.74398691E+03
5.05000000E-05,i2,ch_e90,1.64357135E+03
5.06000000E-05,injectedCurrent,ch-base,0.00000000E+00
5.06000000E-05,voltage,ch-base,-1.49214902E+08
5.06000000E-05,i1,ch_e1,5.92416196E-07
5.06000000E-05,i2,ch_e1,1.50144929E+06
5.06000000E-05,i1,ch_e30,1.14437858E+05
5.06000000E-05,i2,ch_e30,8.52623235E+04
5.06000000E-05,i1,ch_e60,-1.06454681E+04
5.06000000E-05,i2,ch_e60,1.32959349E+03
5.06000000E-05,i1,ch_e90,-8.49951404E+02
5.06000000E-05,i2,ch_e90,9.03026439E+02
5.07000000E-05,injectedCurrent,ch-base,0.00000000E+00
5.07000000E-05,voltage,ch-base,2.25589076E+08
5.07000000E-05,i1,ch_e1,8.48811104E-07
5.07000000E-05,i2,ch_e1,-1.90209879E+06
5.07000000E-05,i1,ch_e30,-1.30242264E+05
5.07000000E-05,i2,ch_e30,-9.92052058E+04
5.07000000E-05,i1,ch_e60,7.29506044E+03
5.07000000E-05,i2,ch_e60,3.22040611E+03
5.07000000E-05,i1,ch_e90,-1.88161731E+03
5.07000000E-05,i2,ch_e90,1.73606645E+03
5.08000000E-05,injectedCurrent,ch-base,0.00000000E+00
5.08000000E-05,voltage,ch-base,-2.56407116E+08
5.08000000E-05,i1,ch_e1,7.35633113E-07
5.08000000E-05,i2,ch_e1,2.49973725E+06
5.08000000E-05,i1,ch_e30,1.51299388E+05
5.08000000E-05,i2,ch_e30,1.14483240E+05
5.08000000E-05,i1,ch_e60,-1.27373514E+04
5.08000000E-05,i2,ch_e60,9.00129355E+02
5.08000000E-05,i1,ch_e90,-7.80543227E+02
5.08000000E-05,i2,ch_e90,8.85352501E+02
5.09000000E-05,injectedCurrent,ch-base,0.00000000E+00
5.09000000E-05,voltage,ch-base,3.91042348E+08
5.09000000E-05,i1,ch_e1,4.79146696E-07
5.09000000E-05,i2,ch_e1,-3.46261084E+06
5.09000000E-05,i1,ch_e30,-1.76152466E+05
5.09000000E-05,i2,ch_e30,-1.35582139E+05
5.09000000E-05,i1,ch_e60,9.86499849E+03
5.09000000E-05,i2,ch_e60,3.68063478E+03
5.09000000E-05,i1,ch_e90,-2.05317864E+03
5.09000000E-05,i2,ch_e90,1.83918025E+03
5.10000000E-05,injectedCurrent,ch-base,0.00000000E+00
5.10000000E-05,voltage,ch-base,-5.37135229E+08
5.10000000E-05,i1,ch_e1,7.02964234E-07
5.10000000E-05,i2,ch_e1,5.20656158E+06
5.10000000E-05,i1,ch_e30,2.08417668E+05
5.10000000E-05,i2,ch_e30,1.61265640E+05
5.10000000E-05,i1,ch_e60,-1.56866208E+04
5.10000000E-05,i2,ch_e60,2.01308793E+02
5.10000000E-05,i1,ch_e90,-6.73619017E+02
5.10000000E-05,i2,ch_e90,8.60727801E+02
5.11000000E-05,injectedCurrent,ch-base,0.00000000E+00
5.11000000E-05,voltage,ch-base,9.45857526E+08
5.11000000E-05,i1,ch_e1,7.40527879E-07
5.11000000E-05,i2,ch_e1,-9.05715889E+06
5.11000000E-05,i1,ch_e30,-2.49513166E+05
5.11000000E-05,i2,ch_e30,-1.96220494E+05
5.11000000E-05,i1,ch_e60,1.35360714E+04
5.11000000E-05,i2,ch_e60,4.48513563E+03
5.11000000E-05,i1,ch_e90,-2.27412963E+03
5.11000000E-05,i2,ch_e90,1.95241764E+03
