time_s,quantity,id,value
0.00000000E+00,injectedCurrent,ch-base,0.00000000E+00
0.00000000E+00,voltage,ch-base,3.92901711E-10
0.00000000E+00,i1,ch_e1,5.82313585E+01
0.00000000E+00,i2,ch_e1,1.74103272E+02
0.00000000E+00,i1,ch_e31,3.95869644E+00
0.00000000E+00,i2,ch_e31,-8.69852954E+00
0.00000000E+00,i1,ch_e61,-2.87329060E+00
0.00000000E+00,i2,ch_e61,2.71967606E+00
0.00000000E+00,i1,ch_e91,1.40027674E+00
0.00000000E+00,i2,ch_e91,-5.26801318E-01
1.00000000E-07,injectedCurrent,ch-base,5.00000000E+05
1.00000000E-07,voltage,ch-base,5.00000000E+05
1.00000000E-07,i1,ch_e1,2.23418802E+03
1.00000000E-07,i2,ch_e1,-1.16535969E+03
1.00000000E-07,i1,ch_e31,-5.03953291E+00
1.00000000E-07,i2,ch_e31,1.06603058E+01
1.00000000E-07,i1,ch_e61,3.11830122E+00
1.00000000E-07,i2,ch_e61,-2.93208149E+00
1.00000000E-07,i1,ch_e91,-1.58829595E+00
1.00000000E-07,i2,ch_e91,6.33841458E-01
2.00000000E-07,injectedCurrent,ch-base,1.00000000E+06
2.00000000E-07,voltage,ch-base,1.00000000E+06
2.00000000E-07,i1,ch_e1,3.65337119E+03
2.00000000E-07,i2,ch_e1,-2.89652990E+03
2.00000000E-07,i1,ch_e31,6.32960876E+00
2.00000000E-07,i2,ch_e31,-1.30817328E+01
2.00000000E-07,i1,ch_e61,-3.62073876E+00
2.00000000E-07,i2,ch_e61,3.39128862E+00
2.00000000E-07,i1,ch_e91,1.66925714E+00
2.00000000E-07,i2,ch_e91,-6.26170010E-01
3.00000000E-07,injectedCurrent,ch-base,1.50000000E+06
3.00000000E-07,voltage,ch-base,1.50000000E+06
3.00000000E-07,i1,ch_e1,5.11275122E+03
3.00000000E-07,i2,ch_e1,-4.15973777E+03
3.00000000E-07,i1,ch_e31,-8.55559840E+00
3.00000000E-07,i2,ch_e31,1.67694599E+01
3.00000000E-07,i1,ch_e61,4.01296678E+00
3.00000000E-07,i2,ch_e61,-3.72879940E+00
3.00000000E-07,i1,ch_e91,-1.88298899E+00
3.00000000E-07,i2,ch_e91,7.36804302E-01
4.00000000E-07,injectedCurrent,ch-base,2.00000000E+06
4.00000000E-07,voltage,ch-base,2.00000000E+06
4.00000000E-07,i1,ch_e1,6.38741662E+03
4.00000000E-07,i2,ch_e1,-5.59401825E+03
4.00000000E-07,i1,ch_e31,1.19333802E+01
4.00000000E-07,i2,ch_e31,-2.20081164E+01
4.00000000E-07,i1,ch_e61,-4.69358715E+00
4.00000000E-07,i2,ch_e61,4.33485925E+00
4.00000000E-07,i1,ch_e91,2.00971695E+00
4.00000000E-07,i2,ch_e91,-7.48359223E-01
5.00000000E-07,injectedCurrent,ch-base,2.50000000E+06
5.00000000E-07,voltage,ch-base,2.50000000E+06
5.00000000E-07,i1,ch_e1,7.70658645E+03
5.00000000E-07,i2,ch_e1,-6.77122452E+03
5.00000000E-07,i1,ch_e31,-1.83716543E+01
5.00000000E-07,i2,ch_e31,3.05856805E+01
5.00000000E-07,i1,ch_e61,5.32918648E+00
5.00000000E-07,i2,ch_e61,-4.87176080E+00
5.00000000E-07,i1,ch_e91,-2.26315491E+00
5.00000000E-07,i2,ch_e91,8.67558654E-01
6.00000000E-07,injectedCurrent,ch-base,3.00000000E+06
6.00000000E-07,voltage,ch-base,3.00000000E+06
6.00000000E-07,i1,ch_e1,8.90204368E+03
6.00000000E-07,i2,ch_e1,-8.10617245E+03
6.00000000E-07,i1,ch_e31,3.14038470E+01
6.00000000E-07,i2,ch_e31,-4.49079973E+01
6.00000000E-07,i1,ch_e61,-6.31831874E+00
6.00000000E-07,i2,ch_e61,5.72075912E+00
6.00000000E-07,i1,ch_e91,2.45026521E+00
6.00000000E-07,i2,ch_e91,-9.01721069E-01
7.00000000E-07,injectedCurrent,ch-base,3.50000000E+06
7.00000000E-07,voltage,ch-base,3.50000000E+06
7.00000000E-07,i1,ch_e1,1.01553362E+04
7.00000000E-07,i2,ch_e1,-9.21271786E+03
7.00000000E-07,i1,ch_e31,-6.26510477E+01
7.00000000E-07,i2,ch_e31,7.08223392E+01
7.00000000E-07,i1,ch_e61,7.38912568E+00
7.00000000E-07,i2,ch_e61,-6.59416627E+00
7.00000000E-07,i1,ch_e91,-2.76385504E+00
7.00000000E-07,i2,ch_e91,1.03565033E+00
8.00000000E-07,injectedCurrent,ch-base,4.00000000E+06
8.00000000E-07,voltage,ch-base,4.00000000E+06
8.00000000E-07,i1,ch_e1,1.12895031E+04
8.00000000E-07,i2,ch_e1,-1.05172050E+04
8.00000000E-07,i1,ch_e31,1.40947633E+02
8.00000000E-07,i2,ch_e31,-1.13182484E+02
8.00000000E-07,i1,ch_e61,-8.96554155E+00
8.00000000E-07,i2,ch_e61,7.87448481E+00
8.00000000E-07,i1,ch_e91,3.03490264E+00
8.00000000E-07,i2,ch_e91,-1.09793743E+00
9.00000000E-07,injectedCurrent,ch-base,4.50000000E+06
9.00000000E-07,voltage,ch-base,4.50000000E+06
9.00000000E-07,i1,ch_e1,1.25193465E+04
9.00000000E-07,i2,ch_e1,-1.15209992E+04
9.00000000E-07,i1,ch_e31,-2.95132765E+02
9.00000000E-07,i2,ch_e31,1.34623307E+02
9.00000000E-07,i1,ch_e61,1.09032582E+01
9.00000000E-07,i2,ch_e61,-9.35849885E+00
9.00000000E-07,i1,ch_e91,-3.44037602E+00
9.00000000E-07,i2,ch_e91,1.25494973E+00
1.00000000E-06,injectedCurrent,ch-base,5.00000000E+06
1.00000000E-06,voltage,ch-base,5.00000000E+06
1.00000000E-06,i1,ch_e1,1.35594091E+04
1.00000000E-06,i2,ch_e1,-1.29620161E+04
1.00000000E-06,i1,ch_e31,1.96527423E+02
1.00000000E-06,i2,ch_e31,1.50263589E+02
1.00000000E-06,i1,ch_e61,-1.37529156E+01
1.00000000E-06,i2,ch_e61,1.14680938E+01
1.00000000E-06,i1,ch_e91,3.83471378E+00
1.00000000E-06,i2,ch_e91,-1.35409695E+00
1.10000000E-06,injectedCurrent,ch-base,5.00000000E+06
1.10000000E-06,voltage,ch-base,5.00000000E+06
1.10000000E-06,i1,ch_e1,1.25371109E+04
1.10000000E-06,i2,ch_e1,-1.27049032E+04
1.10000000E-06,i1,ch_e31,1.42036972E+03
1.10000000E-06,i2,ch_e31,-1.04756189E+03
1.10000000E-06,i1,ch_e61,1.76975889E+01
1.10000000E-06,i2,ch_e61,-1.41449248E+01
1.10000000E-06,i1,ch_e91,-4.38442046E+00
1.10000000E-06,i2,ch_e91,1.54569532E+00
1.20000000E-06,injectedCurrent,ch-base,5.00000000E+06
1.20000000E-06,voltage,ch-base,5.00000000E+06
1.20000000E-06,i1,ch_e1,1.22140782E+04
1.20000000E-06,i2,ch_e1,-1.21423258E+04
1.20000000E-06,i1,ch_e31,2.59809636E+03
1.20000000E-06,i2,ch_e31,-2.15544069E+03
1.20000000E-06,i1,ch_e61,-2.37950360E+01
1.20000000E-06,i2,ch_e61,1.79168943E+01
1.20000000E-06,i1,ch_e91,4.97001231E+00
1.20000000E-06,i2,ch_e91,-1.69439430E+00
1.30000000E-06,injectedCurrent,ch-base,5.00000000E+06
1.30000000E-06,voltage,ch-base,5.00000000E+06
1.30000000E-06,i1,ch_e1,1.18836005E+04
1.30000000E-06,i2,ch_e1,-1.19331845E+04
1.30000000E-06,i1,ch_e31,3.82738781E+03
1.30000000E-06,i2,ch_e31,-3.45858320E+03
1.30000000E-06,i1,ch_e61,3.32642943E+01
1.30000000E-06,i2,ch_e61,-2.28423044E+01
1.30000000E-06,i1,ch_e91,-5.75632121E+00
1.30000000E-06,i2,ch_e91,1.93638383E+00
1.40000000E-06,injectedCurrent,ch-base,5.00000000E+06
1.40000000E-06,voltage,ch-base,5.00000000E+06
1.40000000E-06,i1,ch_e1,1.16800316E+04
1.40000000E-06,i2,ch_e1,-1.16492772E+04
1.40000000E-06,i1,ch_e31,4.93599943E+03
1.40000000E-06,i2,ch_e31,-4.51323270E+03
1.40000000E-06,i1,ch_e61,-4.88181924E+01
1.40000000E-06,i2,ch_e61,2.90065620E+01
1.40000000E-06,i1,ch_e91,6.65848584E+00
1.40000000E-06,i2,ch_e91,-2.15130124E+00
1.50000000E-06,injectedCurrent,ch-base,5.00000000E+06
1.50000000E-06,voltage,ch-base,5.00000000E+06
1.50000000E-06,i1,ch_e1,1.14719752E+04
1.50000000E-06,i2,ch_e1,-1.14971428E+04
1.50000000E-06,i1,ch_e31,6.12195952E+03
1.50000000E-06,i2,ch_e31,-5.76488071E+03
1.50000000E-06,i1,ch_e61,7.34563571E+01
1.50000000E-06,i2,ch_e61,-3.38404647E+01
1.50000000E-06,i1,ch_e91,-7.85593488E+00
1.50000000E-06,i2,ch_e91,2.46011622E+00
1.60000000E-06,injectedCurrent,ch-base,5.00000000E+06
1.60000000E-06,voltage,ch-base,5.00000000E+06
1.60000000E-06,i1,ch_e1,1.13234257E+04
1.60000000E-06,i2,ch_e1,-1.13058312E+04
1.60000000E-06,i1,ch_e31,7.16383166E+03
1.60000000E-06,i2,ch_e31,-6.74882883E+03
1.60000000E-06,i1,ch_e61,-1.06000401E+02
1.60000000E-06,i2,ch_e61,2.68704127E+01
1.60000000E-06,i1,ch_e91,9.32010309E+00
1.60000000E-06,i2,ch_e91,-2.75033397E+00
1.70000000E-06,injectedCurrent,ch-base,5.00000000E+06
1.70000000E-06,voltage,ch-base,5.00000000E+06
1.70000000E-06,i1,ch_e1,1.11714639E+04
1.70000000E-06,i2,ch_e1,-1.11869196E+04
1.70000000E-06,i1,ch_e31,8.37887760E+03
1.70000000E-06,i2,ch_e31,-8.02259965E+03
1.70000000E-06,i1,ch_e61,1.16242782E+02
1.70000000E-06,i2,ch_e61,2.51879146E+01
1.70000000E-06,i1,ch_e91,-1.12816027E+01
1.70000000E-06,i2,ch_e91,3.11435272E+00
1.80000000E-06,injectedCurrent,ch-base,5.00000000E+06
1.80000000E-06,voltage,ch-base,5.00000000E+06
1.80000000E-06,i1,ch_e1,1.10548220E+04
1.80000000E-06,i2,ch_e1,-1.10433586E+04
1.80000000E-06,i1,ch_e31,9.24016832E+03
1.80000000E-06,i2,ch_e31,-8.87259999E+03
1.80000000E-06,i1,ch_e61,7.25031333E+00
1.80000000E-06,i2,ch_e61,-1.81518683E+02
1.80000000E-06,i1,ch_e91,1.38176735E+01
1.80000000E-06,i2,ch_e91,-3.40906789E+00
1.90000000E-06,injectedCurrent,ch-base,5.00000000E+06
1.90000000E-06,voltage,ch-base,5.00000000E+06
1.90000000E-06,i1,ch_e1,1.09355786E+04
1.90000000E-06,i2,ch_e1,-1.09460487E+04
1.90000000E-06,i1,ch_e31,1.07735878E+04
1.90000000E-06,i2,ch_e31,-1.02525935E+04
1.90000000E-06,i1,ch_e61,-3.80546600E+02
1.90000000E-06,i2,ch_e61,3.88817141E+02
1.90000000E-06,i1,ch_e91,-1.72741507E+01
1.90000000E-06,i2,ch_e91,3.60692155E+00
2.00000000E-06,injectedCurrent,ch-base,5.00000000E+06
2.00000000E-06,voltage,ch-base,5.00000000E+06
2.00000000E-06,i1,ch_e1,1.08398530E+04
2.00000000E-06,i2,ch_e1,-1.08318126E+04
2.00000000E-06,i1,ch_e31,1.13247886E+04
2.00000000E-06,i2,ch_e31,-1.12795686E+04
2.00000000E-06,i1,ch_e61,3.32463529E+02
2.00000000E-06,i2,ch_e61,-5.42724818E+01
2.00000000E-06,i1,ch_e91,2.18765092E+01
2.00000000E-06,i2,ch_e91,-3.30694596E+00
2.10000000E-06,injectedCurrent,ch-base,5.00000000E+06
2.10000000E-06,voltage,ch-base,5.00000000E+06
2.10000000E-06,i1,ch_e1,1.07421269E+04
2.10000000E-06,i2,ch_e1,-1.07496542E+04
2.10000000E-06,i1,ch_e31,1.11817349E+04
2.10000000E-06,i2,ch_e31,-1.11979866E+04
2.10000000E-06,i1,ch_e61,1.28229811E+03
2.10000000E-06,i2,ch_e61,-9.12664513E+02
2.10000000E-06,i1,ch_e91,-2.79663327E+01
2.10000000E-06,i2,ch_e91,1.81000573E+00
2.20000000E-06,injectedCurrent,ch-base,5.00000000E+06
2.20000000E-06,voltage,ch-base,5.00000000E+06
2.20000000E-06,i1,ch_e1,1.06611812E+04
2.20000000E-06,i2,ch_e1,-1.06552716E+04
2.20000000E-06,i1,ch_e31,1.10263392E+04
2.20000000E-06,i2,ch_e31,-1.10780909E+04
2.20000000E-06,i1,ch_e61,2.53725476E+03
2.20000000E-06,i2,ch_e61,-2.14482698E+03
2.20000000E-06,i1,ch_e91,3.51267080E+01
2.20000000E-06,i2,ch_e91,2.85749208E+00
2.30000000E-06,injectedCurrent,ch-base,5.00000000E+06
2.30000000E-06,voltage,ch-base,5.00000000E+06
2.30000000E-06,i1,ch_e1,1.05786864E+04
2.30000000E-06,i2,ch_e1,-1.05843141E+04
2.30000000E-06,i1,ch_e31,1.08680912E+04
2.30000000E-06,i2,ch_e31,-1.08849730E+04
2.30000000E-06,i1,ch_e61,3.55548271E+03
2.30000000E-06,i2,ch_e61,-3.18750625E+03
2.30000000E-06,i1,ch_e91,-4.07683434E+01
2.30000000E-06,i2,ch_e91,-1.49432115E+01
2.40000000E-06,injectedCurrent,ch-base,5.00000000E+06
2.40000000E-06,voltage,ch-base,5.00000000E+06
2.40000000E-06,i1,ch_e1,1.05087331E+04
2.40000000E-06,i2,ch_e1,-1.05042512E+04
2.40000000E-06,i1,ch_e31,1.07583959E+04
2.40000000E-06,i2,ch_e31,-1.07890517E+04
2.40000000E-06,i1,ch_e61,4.80117672E+03
2.40000000E-06,i2,ch_e61,-4.40852238E+03
2.40000000E-06,i1,ch_e91,3.54321372E+01
2.40000000E-06,i2,ch_e91,4.31397476E+01
2.50000000E-06,injectedCurrent,ch-base,5.00000000E+06
2.50000000E-06,voltage,ch-base,5.00000000E+06
2.50000000E-06,i1,ch_e1,1.04375770E+04
2.50000000E-06,i2,ch_e1,-1.04418990E+04
2.50000000E-06,i1,ch_e31,1.06460795E+04
2.50000000E-06,i2,ch_e31,-1.06571520E+04
2.50000000E-06,i1,ch_e61,5.71502706E+03
2.50000000E-06,i2,ch_e61,-5.38798930E+03
2.50000000E-06,i1,ch_e91,4.14190048E+00
2.50000000E-06,i2,ch_e91,-9.96863682E+01
2.60000000E-06,injectedCurrent,ch-base,5.00000000E+06
2.60000000E-06,voltage,ch-base,5.00000000E+06
2.60000000E-06,i1,ch_e1,1.03761107E+04
2.60000000E-06,i2,ch_e1,-1.03726382E+04
2.60000000E-06,i1,ch_e31,1.05609656E+04
2.60000000E-06,i2,ch_e31,-1.05817534E+04
2.60000000E-06,i1,ch_e61,7.02004128E+03
2.60000000E-06,i2,ch_e61,-6.57662965E+03
2.60000000E-06,i1,ch_e91,-1.12597248E+02
2.60000000E-06,i2,ch_e91,1.84731579E+02
2.70000000E-06,injectedCurrent,ch-base,5.00000000E+06
2.70000000E-06,voltage,ch-base,5.00000000E+06
2.70000000E-06,i1,ch_e1,1.03137124E+04
2.70000000E-06,i2,ch_e1,-1.03170935E+04
2.70000000E-06,i1,ch_e31,1.04727855E+04
2.70000000E-06,i2,ch_e31,-1.04809718E+04
2.70000000E-06,i1,ch_e61,7.80608301E+03
2.70000000E-06,i2,ch_e61,-7.58811905E+03
2.70000000E-06,i1,ch_e91,2.72810808E+02
2.70000000E-06,i2,ch_e91,-2.32094226E+02
2.80000000E-06,injectedCurrent,ch-base,5.00000000E+06
2.80000000E-06,voltage,ch-base,5.00000000E+06
2.80000000E-06,i1,ch_e1,1.02589885E+04
2.80000000E-06,i2,ch_e1,-1.02562597E+04
2.80000000E-06,i1,ch_e31,1.04023624E+04
2.80000000E-06,i2,ch_e31,-1.04175817E+04
2.80000000E-06,i1,ch_e61,9.01870644E+03
2.80000000E-06,i2,ch_e61,-8.48517948E+03
2.80000000E-06,i1,ch_e91,-2.54585677E+02
2.80000000E-06,i2,ch_e91,6.07106002E+01
2.90000000E-06,injectedCurrent,ch-base,5.00000000E+06
2.90000000E-06,voltage,ch-base,5.00000000E+06
2.90000000E-06,i1,ch_e1,1.02035482E+04
2.90000000E-06,i2,ch_e1,-1.02062257E+04
2.90000000E-06,i1,ch_e31,1.03294574E+04
2.90000000E-06,i2,ch_e31,-1.03358726E+04
2.90000000E-06,i1,ch_e61,1.03904355E+04
2.90000000E-06,i2,ch_e61,-1.00448020E+04
2.90000000E-06,i1,ch_e91,-2.47472882E+02
2.90000000E-06,i2,ch_e91,3.37680344E+02
3.00000000E-06,injectedCurrent,ch-base,5.00000000E+06
3.00000000E-06,voltage,ch-base,5.00000000E+06
3.00000000E-06,i1,ch_e1,1.01543036E+04
3.00000000E-06,i2,ch_e1,-1.01521411E+04
3.00000000E-06,i1,ch_e31,1.02690905E+04
3.00000000E-06,i2,ch_e31,-1.02807727E+04
3.00000000E-06,i1,ch_e61,1.07702113E+04
3.00000000E-06,i2,ch_e61,-1.06918237E+04
3.00000000E-06,i1,ch_e91,2.59550938E+02
3.00000000E-06,i2,ch_e91,-3.53998126E+01
3.10000000E-06,injectedCurrent,ch-base,5.00000000E+06
3.10000000E-06,voltage,ch-base,5.00000000E+06
3.10000000E-06,i1,ch_e1,1.01045170E+04
3.10000000E-06,i2,ch_e1,-1.01066524E+04
3.10000000E-06,i1,ch_e31,1.02068622E+04
3.10000000E-06,i2,ch_e31,-1.02120752E+04
3.10000000E-06,i1,ch_e61,1.07775156E+04
3.10000000E-06,i2,ch_e61,-1.07987990E+04
3.10000000E-06,i1,ch_e91,1.36121468E+03
3.10000000E-06,i2,ch_e91,-9.63273402E+02
3.20000000E-06,injectedCurrent,ch-base,5.00000000E+06
3.20000000E-06,voltage,ch-base,5.00000000E+06
3.20000000E-06,i1,ch_e1,1.00598085E+04
3.20000000E-06,i2,ch_e1,-1.00580893E+04
3.20000000E-06,i1,ch_e31,1.01539052E+04
3.20000000E-06,i2,ch_e31,-1.01631710E+04
3.20000000E-06,i1,ch_e61,1.06178095E+04
3.20000000E-06,i2,ch_e61,-1.06529479E+04
3.20000000E-06,i1,ch_e91,2.34471997E+03
3.20000000E-06,i2,ch_e91,-2.02853406E+03
3.30000000E-06,injectedCurrent,ch-base,5.00000000E+06
3.30000000E-06,voltage,ch-base,5.00000000E+06
3.30000000E-06,i1,ch_e1,1.00147010E+04
3.30000000E-06,i2,ch_e1,-1.00164081E+04
3.30000000E-06,i1,ch_e31,1.00996152E+04
3.30000000E-06,i2,ch_e31,-1.01039620E+04
3.30000000E-06,i1,ch_e61,1.05174602E+04
3.30000000E-06,i2,ch_e61,-1.05467773E+04
3.30000000E-06,i1,ch_e91,3.57773278E+03
3.30000000E-06,i2,ch_e91,-3.13683159E+03
3.40000000E-06,injectedCurrent,ch-base,5.00000000E+06
3.40000000E-06,voltage,ch-base,5.00000000E+06
3.40000000E-06,i1,ch_e1,9.97380661E+03
3.40000000E-06,i2,ch_e1,-9.97244232E+03
3.40000000E-06,i1,ch_e31,1.00523828E+04
3.40000000E-06,i2,ch_e31,-1.00599119E+04
3.40000000E-06,i1,ch_e61,1.03968173E+04
3.40000000E-06,i2,ch_e61,-1.04204448E+04
3.40000000E-06,i1,ch_e91,4.52871043E+03
3.40000000E-06,i2,ch_e91,-4.26289085E+03
3.50000000E-06,injectedCurrent,ch-base,5.00000000E+06
3.50000000E-06,voltage,ch-base,5.00000000E+06
3.50000000E-06,i1,ch_e1,9.93263135E+03
3.50000000E-06,i2,ch_e1,-9.93399260E+03
3.50000000E-06,i1,ch_e31,1.00042528E+04
3.50000000E-06,i2,ch_e31,-1.00079500E+04
3.50000000E-06,i1,ch_e61,1.03225706E+04
3.50000000E-06,i2,ch_e61,-1.03425241E+04
3.50000000E-06,i1,ch_e91,5.67923928E+03
3.50000000E-06,i2,ch_e91,-5.20881440E+03
3.60000000E-06,injectedCurrent,ch-base,5.00000000E+06
3.60000000E-06,voltage,ch-base,5.00000000E+06
3.60000000E-06,i1,ch_e1,9.89498609E+03
3.60000000E-06,i2,ch_e1,-9.89391185E+03
3.60000000E-06,i1,ch_e31,9.96159284E+03
3.60000000E-06,i2,ch_e31,-9.96782610E+03
3.60000000E-06,i1,ch_e61,1.02323867E+04
3.60000000E-06,i2,ch_e61,-1.02490922E+04
3.60000000E-06,i1,ch_e91,6.78852054E+03
3.60000000E-06,i2,ch_e91,-6.52637431E+03
3.70000000E-06,injectedCurrent,ch-base,5.00000000E+06
3.70000000E-06,voltage,ch-base,5.00000000E+06
3.70000000E-06,i1,ch_e1,9.85715831E+03
3.70000000E-06,i2,ch_e1,-9.85823512E+03
3.70000000E-06,i1,ch_e31,9.91839618E+03
3.70000000E-06,i2,ch_e31,-9.92159167E+03
3.70000000E-06,i1,ch_e61,1.01725253E+04
3.70000000E-06,i2,ch_e61,-1.01874002E+04
3.70000000E-06,i1,ch_e91,7.50025091E+03
3.70000000E-06,i2,ch_e91,-7.17063512E+03
3.80000000E-06,injectedCurrent,ch-base,5.00000000E+06
3.80000000E-06,voltage,ch-base,5.00000000E+06
3.80000000E-06,i1,ch_e1,9.82231242E+03
3.80000000E-06,i2,ch_e1,-9.82147934E+03
3.80000000E-06,i1,ch_e31,9.87947985E+03
3.80000000E-06,i2,ch_e31,-9.88471749E+03
3.80000000E-06,i1,ch_e61,1.01002098E+04
3.80000000E-06,i2,ch_e61,-1.01129413E+04
3.80000000E-06,i1,ch_e91,8.99154296E+03
3.80000000E-06,i2,ch_e91,-8.47267491E+03
3.90000000E-06,injectedCurrent,ch-base,5.00000000E+06
3.90000000E-06,voltage,ch-base,5.00000000E+06
3.90000000E-06,i1,ch_e1,9.78736586E+03
3.90000000E-06,i2,ch_e1,-9.78820483E+03
3.90000000E-06,i1,ch_e31,9.84033144E+03
3.90000000E-06,i2,ch_e31,-9.84313055E+03
3.90000000E-06,i1,ch_e61,1.00493436E+04
3.90000000E-06,i2,ch_e61,-1.00610565E+04
3.90000000E-06,i1,ch_e91,1.00728226E+04
3.90000000E-06,i2,ch_e91,-9.79191139E+03
4.00000000E-06,injectedCurrent,ch-base,5.00000000E+06
4.00000000E-06,voltage,ch-base,5.00000000E+06
4.00000000E-06,i1,ch_e1,9.75495556E+03
4.00000000E-06,i2,ch_e1,-9.75432616E+03
4.00000000E-06,i1,ch_e31,9.80453937E+03
4.00000000E-06,i2,ch_e31,-9.80899394E+03
4.00000000E-06,i1,ch_e61,9.98893234E+03
4.00000000E-06,i2,ch_e61,-9.99906676E+03
4.00000000E-06,i1,ch_e91,1.04991500E+04
4.00000000E-06,i2,ch_e91,-1.04107607E+04
4.10000000E-06,injectedCurrent,ch-base,5.00000000E+06
4.10000000E-06,voltage,ch-base,5.00000000E+06
4.10000000E-06,i1,ch_e1,9.72251258E+03
4.10000000E-06,i2,ch_e1,-9.72314972E+03
4.10000000E-06,i1,ch_e31,9.76877853E+03
4.10000000E-06,i2,ch_e31,-9.77125862E+03
4.10000000E-06,i1,ch_e61,9.94436745E+03
4.10000000E-06,i2,ch_e61,-9.95392331E+03
4.10000000E-06,i1,ch_e91,1.04907944E+04
4.10000000E-06,i2,ch_e91,-1.05082135E+04
4.20000000E-06,injectedCurrent,ch-base,5.00000000E+06
4.20000000E-06,voltage,ch-base,5.00000000E+06
4.20000000E-06,i1,ch_e1,9.69223979E+03
4.20000000E-06,i2,ch_e1,-9.69178482E+03
4.20000000E-06,i1,ch_e31,9.73563401E+03
4.20000000E-06,i2,ch_e31,-9.73946064E+03
4.20000000E-06,i1,ch_e61,9.89251694E+03
4.20000000E-06,i2,ch_e61,-9.90081947E+03
4.20000000E-06,i1,ch_e91,1.04021810E+04
4.20000000E-06,i2,ch_e91,-1.04290525E+04
4.30000000E-06,injectedCurrent,ch-base,5.00000000E+06
4.30000000E-06,voltage,ch-base,5.00000000E+06
4.30000000E-06,i1,ch_e1,9.66199030E+03
4.30000000E-06,i2,ch_e1,-9.66245388E+03
4.30000000E-06,i1,ch_e31,9.70275408E+03
4.30000000E-06,i2,ch_e31,-9.70497339E+03
4.30000000E-06,i1,ch_e61,9.85266723E+03
4.30000000E-06,i2,ch_e61,-9.86066588E+03
4.30000000E-06,i1,ch_e91,1.02786933E+04
4.30000000E-06,i2,ch_e91,-1.03113250E+04
4.40000000E-06,injectedCurrent,ch-base,5.00000000E+06
4.40000000E-06,voltage,ch-base,5.00000000E+06
4.40000000E-06,i1,ch_e1,9.63360795E+03
4.40000000E-06,i2,ch_e1,-9.63330428E+03
4.40000000E-06,i1,ch_e31,9.67188124E+03
4.40000000E-06,i2,ch_e31,-9.67519608E+03
4.40000000E-06,i1,ch_e61,9.80729704E+03
4.40000000E-06,i2,ch_e61,-9.81423949E+03
4.40000000E-06,i1,ch_e91,1.01955847E+04
4.40000000E-06,i2,ch_e91,-1.02164890E+04
4.50000000E-06,injectedCurrent,ch-base,5.00000000E+06
4.50000000E-06,voltage,ch-base,5.00000000E+06
4.50000000E-06,i1,ch_e1,9.60529417E+03
4.50000000E-06,i2,ch_e1,-9.60560672E+03
4.50000000E-06,i1,ch_e31,9.64148503E+03
4.50000000E-06,i2,ch_e31,-9.64348828E+03
4.50000000E-06,i1,ch_e61,9.77113141E+03
4.50000000E-06,i2,ch_e61,-9.77796099E+03
4.50000000E-06,i1,ch_e91,1.01037815E+04
4.50000000E-06,i2,ch_e91,-1.01266186E+04
4.60000000E-06,injectedCurrent,ch-base,5.00000000E+06
4.60000000E-06,voltage,ch-base,5.00000000E+06
4.60000000E-06,i1,ch_e1,9.57859555E+03
4.60000000E-06,i2,ch_e1,-9.57842459E+03
4.60000000E-06,i1,ch_e31,9.61258136E+03
4.60000000E-06,i2,ch_e31,-9.61547326E+03
4.60000000E-06,i1,ch_e61,9.73085429E+03
4.60000000E-06,i2,ch_e61,-9.73674824E+03
4.60000000E-06,i1,ch_e91,1.00406835E+04
4.60000000E-06,i2,ch_e91,-1.00558650E+04
4.70000000E-06,injectedCurrent,ch-base,5.00000000E+06
4.70000000E-06,voltage,ch-base,5.00000000E+06
4.70000000E-06,i1,ch_e1,9.55200077E+03
4.70000000E-06,i2,ch_e1,-9.55218046E+03
4.70000000E-06,i1,ch_e31,9.58435175E+03
4.70000000E-06,i2,ch_e31,-9.58617387E+03
4.70000000E-06,i1,ch_e61,9.69765536E+03
4.70000000E-06,i2,ch_e61,-9.70358210E+03
4.70000000E-06,i1,ch_e91,9.96896338E+03
4.70000000E-06,i2,ch_e91,-9.98600551E+03
4.80000000E-06,injectedCurrent,ch-base,5.00000000E+06
4.80000000E-06,voltage,ch-base,5.00000000E+06
4.80000000E-06,i1,ch_e1,9.52681143E+03
4.80000000E-06,i2,ch_e1,-9.52675809E+03
4.80000000E-06,i1,ch_e31,9.55716943E+03
4.80000000E-06,i2,ch_e31,-9.55970770E+03
4.80000000E-06,i1,ch_e61,9.66149903E+03
4.80000000E-06,i2,ch_e61,-9.66656049E+03
4.80000000E-06,i1,ch_e91,9.91729612E+03
4.80000000E-06,i2,ch_e91,-9.92923609E+03
4.90000000E-06,injectedCurrent,ch-base,5.00000000E+06
4.90000000E-06,voltage,ch-base,5.00000000E+06
4.90000000E-06,i1,ch_e1,9.50175163E+03
4.90000000E-06,i2,ch_e1,-9.50181330E+03
4.90000000E-06,i1,ch_e31,9.53084941E+03
4.90000000E-06,i2,ch_e31,-9.53251807E+03
4.90000000E-06,i1,ch_e61,9.63074209E+03
4.90000000E-06,i2,ch_e61,-9.63595686E+03
4.90000000E-06,i1,ch_e91,9.85834226E+03
4.90000000E-06,i2,ch_e91,-9.87168585E+03
5.00000000E-06,injectedCurrent,ch-base,5.00000000E+06
5.00000000E-06,voltage,ch-base,5.00000000E+06
5.00000000E-06,i1,ch_e1,9.47792326E+03
5.00000000E-06,i2,ch_e1,-9.47797513E+03
5.00000000E-06,i1,ch_e31,9.50518218E+03
5.00000000E-06,i2,ch_e31,-9.50742180E+03
5.00000000E-06,i1,ch_e61,9.59799935E+03
5.00000000E-06,i2,ch_e61,-9.60238344E+03
5.00000000E-06,i1,ch_e91,9.81408327E+03
5.00000000E-06,i2,ch_e91,-9.82394898E+03
5.10000000E-06,injectedCurrent,ch-base,5.00000000E+06
5.10000000E-06,voltage,ch-base,5.00000000E+06
5.10000000E-06,i1,ch_e1,9.45424073E+03
5.10000000E-06,i2,ch_e1,-9.45419664E+03
5.10000000E-06,i1,ch_e31,9.48056101E+03
5.10000000E-06,i2,ch_e31,-9.48209834E+03
5.10000000E-06,i1,ch_e61,9.56928539E+03
5.10000000E-06,i2,ch_e61,-9.57393004E+03
5.10000000E-06,i1,ch_e91,9.76407283E+03
5.10000000E-06,i2,ch_e91,-9.77482574E+03
5.20000000E-06,injectedCurrent,ch-base,5.00000000E+06
5.20000000E-06,voltage,ch-base,5.00000000E+06
5.20000000E-06,i1,ch_e1,9.43164643E+03
5.20000000E-06,i2,ch_e1,-9.43179322E+03
5.20000000E-06,i1,ch_e31,9.45623467E+03
5.20000000E-06,i2,ch_e31,-9.45821990E+03
5.20000000E-06,i1,ch_e61,9.53942734E+03
5.20000000E-06,i2,ch_e61,-9.54324827E+03
5.20000000E-06,i1,ch_e91,9.72505875E+03
5.20000000E-06,i2,ch_e91,-9.73349569E+03
5.30000000E-06,injectedCurrent,ch-base,5.00000000E+06
5.30000000E-06,voltage,ch-base,5.00000000E+06
5.30000000E-06,i1,ch_e1,9.40920487E+03
5.30000000E-06,i2,ch_e1,-9.40906523E+03
5.30000000E-06,i1,ch_e31,9.43313789E+03
5.30000000E-06,i2,ch_e31,-9.43456177E+03
5.30000000E-06,i1,ch_e61,9.51244293E+03
5.30000000E-06,i2,ch_e61,-9.51662613E+03
5.30000000E-06,i1,ch_e91,9.68171373E+03
5.30000000E-06,i2,ch_e91,-9.69053605E+03
5.40000000E-06,injectedCurrent,ch-base,5.00000000E+06
5.40000000E-06,voltage,ch-base,5.00000000E+06
5.40000000E-06,i1,ch_e1,9.38773545E+03
5.40000000E-06,i2,ch_e1,-9.38796849E+03
5.40000000E-06,i1,ch_e31,9.41000336E+03
5.40000000E-06,i2,ch_e31,-9.41177033E+03
5.40000000E-06,i1,ch_e61,9.48506550E+03
5.40000000E-06,i2,ch_e61,-9.48840890E+03
5.40000000E-06,i1,ch_e91,9.64662120E+03
5.40000000E-06,i2,ch_e91,-9.65403276E+03
5.50000000E-06,injectedCurrent,ch-base,5.00000000E+06
5.50000000E-06,voltage,ch-base,5.00000000E+06
5.50000000E-06,i1,ch_e1,9.36641602E+03
5.50000000E-06,i2,ch_e1,-9.36618947E+03
5.50000000E-06,i1,ch_e31,9.38828552E+03
5.50000000E-06,i2,ch_e31,-9.38961044E+03
5.50000000E-06,i1,ch_e61,9.45955730E+03
5.50000000E-06,i2,ch_e61,-9.46336472E+03
5.50000000E-06,i1,ch_e91,9.60846837E+03
5.50000000E-06,i2,ch_e91,-9.61578202E+03
5.60000000E-06,injectedCurrent,ch-base,5.00000000E+06
5.60000000E-06,voltage,ch-base,5.00000000E+06
5.60000000E-06,i1,ch_e1,9.34597723E+03
5.60000000E-06,i2,ch_e1,-9.34628914E+03
5.60000000E-06,i1,ch_e31,9.36621353E+03
5.60000000E-06,i2,ch_e31,-9.36779215E+03
5.60000000E-06,i1,ch_e61,9.43434696E+03
5.60000000E-06,i2,ch_e61,-9.43727764E+03
5.60000000E-06,i1,ch_e91,9.57641369E+03
5.60000000E-06,i2,ch_e91,-9.58307576E+03
5.70000000E-06,injectedCurrent,ch-base,5.00000000E+06
5.70000000E-06,voltage,ch-base,5.00000000E+06
5.70000000E-06,i1,ch_e1,9.32567538E+03
5.70000000E-06,i2,ch_e1,-9.32536932E+03
5.70000000E-06,i1,ch_e31,9.34575281E+03
5.70000000E-06,i2,ch_e31,-9.34699056E+03
5.70000000E-06,i1,ch_e61,9.41010436E+03
5.70000000E-06,i2,ch_e61,-9.41360559E+03
5.70000000E-06,i1,ch_e91,9.54244893E+03
5.70000000E-06,i2,ch_e91,-9.54853419E+03
5.80000000E-06,injectedCurrent,ch-base,5.00000000E+06
5.80000000E-06,voltage,ch-base,5.00000000E+06
5.80000000E-06,i1,ch_e1,9.30618571E+03
5.80000000E-06,i2,ch_e1,-9.30657012E+03
5.80000000E-06,i1,ch_e31,9.32462974E+03
5.80000000E-06,i2,ch_e31,-9.32604510E+03
5.80000000E-06,i1,ch_e61,9.38681584E+03
5.80000000E-06,i2,ch_e61,-9.38938283E+03
5.80000000E-06,i1,ch_e91,9.51279962E+03
5.80000000E-06,i2,ch_e91,-9.51891627E+03
5.90000000E-06,injectedCurrent,ch-base,5.00000000E+06
5.90000000E-06,voltage,ch-base,5.00000000E+06
5.90000000E-06,i1,ch_e1,9.28680862E+03
5.90000000E-06,i2,ch_e1,-9.28642948E+03
5.90000000E-06,i1,ch_e31,9.30532405E+03
5.90000000E-06,i2,ch_e31,-9.30648421E+03
5.90000000E-06,i1,ch_e61,9.36365846E+03
5.90000000E-06,i2,ch_e61,-9.36691174E+03
5.90000000E-06,i1,ch_e91,9.48231634E+03
5.90000000E-06,i2,ch_e91,-9.48736131E+03
6.00000000E-06,injectedCurrent,ch-base,5.00000000E+06
6.00000000E-06,voltage,ch-base,5.00000000E+06
6.00000000E-06,i1,ch_e1,9.26819754E+03
6.00000000E-06,i2,ch_e1,-9.26864883E+03
6.00000000E-06,i1,ch_e31,9.28504857E+03
6.00000000E-06,i2,ch_e31,-9.28632192E+03
6.00000000E-06,i1,ch_e61,9.34210000E+03
6.00000000E-06,i2,ch_e61,-9.34433995E+03
6.00000000E-06,i1,ch_e91,9.45459096E+03
6.00000000E-06,i2,ch_e91,-9.46032529E+03
6.10000000E-06,injectedCurrent,ch-base,5.00000000E+06
6.10000000E-06,voltage,ch-base,5.00000000E+06
6.10000000E-06,i1,ch_e1,9.24966206E+03
6.10000000E-06,i2,ch_e1,-9.24921553E+03
6.10000000E-06,i1,ch_e31,9.26681258E+03
6.10000000E-06,i2,ch_e31,-9.26790294E+03
6.10000000E-06,i1,ch_e61,9.31986850E+03
6.10000000E-06,i2,ch_e61,-9.32292413E+03
6.10000000E-06,i1,ch_e91,9.42708567E+03
6.10000000E-06,i2,ch_e91,-9.43121254E+03
6.20000000E-06,injectedCurrent,ch-base,5.00000000E+06
6.20000000E-06,voltage,ch-base,5.00000000E+06
6.20000000E-06,i1,ch_e1,9.23186856E+03
6.20000000E-06,i2,ch_e1,-9.23238172E+03
6.20000000E-06,i1,ch_e31,9.24729295E+03
6.20000000E-06,i2,ch_e31,-9.24844253E+03
6.20000000E-06,i1,ch_e61,9.29989181E+03
6.20000000E-06,i2,ch_e61,-9.30183116E+03
6.20000000E-06,i1,ch_e91,9.40089374E+03
6.20000000E-06,i2,ch_e91,-9.40638792E+03
6.30000000E-06,injectedCurrent,ch-base,5.00000000E+06
6.30000000E-06,voltage,ch-base,5.00000000E+06
6.30000000E-06,i1,ch_e1,9.21409953E+03
6.30000000E-06,i2,ch_e1,-9.21359074E+03
6.30000000E-06,i1,ch_e31,9.23005589E+03
6.30000000E-06,i2,ch_e31,-9.23108273E+03
6.30000000E-06,i1,ch_e61,9.27844055E+03
6.30000000E-06,i2,ch_e61,-9.28134373E+03
6.30000000E-06,i1,ch_e91,9.37601396E+03
6.30000000E-06,i2,ch_e91,-9.37929214E+03
6.40000000E-06,injectedCurrent,ch-base,5.00000000E+06
6.40000000E-06,voltage,ch-base,5.00000000E+06
6.40000000E-06,i1,ch_e1,9.19707107E+03
6.40000000E-06,i2,ch_e1,-9.19764150E+03
6.40000000E-06,i1,ch_e31,9.21120755E+03
6.40000000E-06,i2,ch_e31,-9.21224922E+03
6.40000000E-06,i1,ch_e61,9.25993487E+03
6.40000000E-06,i2,ch_e61,-9.26159095E+03
6.40000000E-06,i1,ch_e91,9.35101281E+03
6.40000000E-06,i2,ch_e91,-9.35640366E+03
6.50000000E-06,injectedCurrent,ch-base,5.00000000E+06
6.50000000E-06,voltage,ch-base,5.00000000E+06
6.50000000E-06,i1,ch_e1,9.17999973E+03
6.50000000E-06,i2,ch_e1,-9.17943342E+03
6.50000000E-06,i1,ch_e31,9.19491192E+03
6.50000000E-06,i2,ch_e31,-9.19588017E+03
6.50000000E-06,i1,ch_e61,9.23912470E+03
6.50000000E-06,i2,ch_e61,-9.24191796E+03
6.50000000E-06,i1,ch_e91,9.32853198E+03
6.50000000E-06,i2,ch_e91,-9.33098273E+03
6.60000000E-06,injectedCurrent,ch-base,5.00000000E+06
6.60000000E-06,voltage,ch-base,5.00000000E+06
6.60000000E-06,i1,ch_e1,9.16369150E+03
6.60000000E-06,i2,ch_e1,-9.16431486E+03
6.60000000E-06,i1,ch_e31,9.17665504E+03
6.60000000E-06,i2,ch_e31,-9.17760283E+03
6.60000000E-06,i1,ch_e61,9.22201438E+03
6.60000000E-06,i2,ch_e61,-9.22339597E+03
6.60000000E-06,i1,ch_e91,9.30438925E+03
6.60000000E-06,i2,ch_e91,-9.30982298E+03
6.70000000E-06,injectedCurrent,ch-base,5.00000000E+06
6.70000000E-06,voltage,ch-base,5.00000000E+06
6.70000000E-06,i1,ch_e1,9.14725409E+03
6.70000000E-06,i2,ch_e1,-9.14663477E+03
6.70000000E-06,i1,ch_e31,9.16125598E+03
6.70000000E-06,i2,ch_e31,-9.16216947E+03
6.70000000E-06,i1,ch_e61,9.20170529E+03
6.70000000E-06,i2,ch_e61,-9.20443049E+03
6.70000000E-06,i1,ch_e91,9.28420305E+03
6.70000000E-06,i2,ch_e91,-9.28579630E+03
6.80000000E-06,injectedCurrent,ch-base,5.00000000E+06
6.80000000E-06,voltage,ch-base,5.00000000E+06
6.80000000E-06,i1,ch_e1,9.13162846E+03
6.80000000E-06,i2,ch_e1,-9.13230054E+03
6.80000000E-06,i1,ch_e31,9.14351327E+03
6.80000000E-06,i2,ch_e31,-9.14437962E+03
6.80000000E-06,i1,ch_e61,9.18594995E+03
6.80000000E-06,i2,ch_e61,-9.18705736E+03
6.80000000E-06,i1,ch_e91,9.26055345E+03
6.80000000E-06,i2,ch_e91,-9.26620346E+03
6.90000000E-06,injectedCurrent,ch-base,5.00000000E+06
6.90000000E-06,voltage,ch-base,5.00000000E+06
6.90000000E-06,i1,ch_e1,9.11576511E+03
6.90000000E-06,i2,ch_e1,-9.11509719E+03
6.90000000E-06,i1,ch_e31,9.12897821E+03
6.90000000E-06,i2,ch_e31,-9.12983987E+03
6.90000000E-06,i1,ch_e61,9.16599293E+03
6.90000000E-06,i2,ch_e61,-9.16869352E+03
6.90000000E-06,i1,ch_e91,9.24270301E+03
6.90000000E-06,i2,ch_e91,-9.24334563E+03
7.00000000E-06,injectedCurrent,ch-base,5.00000000E+06
7.00000000E-06,voltage,ch-base,5.00000000E+06
7.00000000E-06,i1,ch_e1,9.10079113E+03
7.00000000E-06,i2,ch_e1,-9.10150773E+03
7.00000000E-06,i1,ch_e31,9.11167283E+03
7.00000000E-06,i2,ch_e31,-9.11246885E+03
7.00000000E-06,i1,ch_e61,9.15159133E+03
7.00000000E-06,i2,ch_e61,-9.15241546E+03
7.00000000E-06,i1,ch_e91,9.21908296E+03
7.00000000E-06,i2,ch_e91,-9.22517358E+03
7.10000000E-06,injectedCurrent,ch-base,5.00000000E+06
7.10000000E-06,voltage,ch-base,5.00000000E+06
7.10000000E-06,i1,ch_e1,9.08544478E+03
7.10000000E-06,i2,ch_e1,-9.08473269E+03
7.10000000E-06,i1,ch_e31,9.09798179E+03
7.10000000E-06,i2,ch_e31,-9.09879382E+03
7.10000000E-06,i1,ch_e61,9.13181681E+03
7.10000000E-06,i2,ch_e61,-9.13454045E+03
7.10000000E-06,i1,ch_e91,9.20382021E+03
7.10000000E-06,i2,ch_e91,-9.20333428E+03
7.20000000E-06,injectedCurrent,ch-base,5.00000000E+06
7.20000000E-06,voltage,ch-base,5.00000000E+06
7.20000000E-06,i1,ch_e1,9.07109805E+03
7.20000000E-06,i2,ch_e1,-9.07185483E+03
7.20000000E-06,i1,ch_e31,9.08103456E+03
7.20000000E-06,i2,ch_e31,-9.08177025E+03
7.20000000E-06,i1,ch_e61,9.11881661E+03
7.20000000E-06,i2,ch_e61,-9.11933755E+03
7.20000000E-06,i1,ch_e91,9.17955292E+03
7.20000000E-06,i2,ch_e91,-9.18639148E+03
7.30000000E-06,injectedCurrent,ch-base,5.00000000E+06
7.30000000E-06,voltage,ch-base,5.00000000E+06
7.30000000E-06,i1,ch_e1,9.05621308E+03
7.30000000E-06,i2,ch_e1,-9.05546150E+03
7.30000000E-06,i1,ch_e31,9.06818189E+03
7.30000000E-06,i2,ch_e31,-9.06894597E+03
7.30000000E-06,i1,ch_e61,9.09901742E+03
7.30000000E-06,i2,ch_e61,-9.10181860E+03
7.30000000E-06,i1,ch_e91,9.16748476E+03
7.30000000E-06,i2,ch_e91,-9.16557648E+03
7.40000000E-06,injectedCurrent,ch-base,5.00000000E+06
7.40000000E-06,voltage,ch-base,5.00000000E+06
7.40000000E-06,i1,ch_e1,9.04247620E+03
7.40000000E-06,i2,ch_e1,-9.04326844E+03
7.40000000E-06,i1,ch_e31,9.05150755E+03
7.40000000E-06,i2,ch_e31,-9.05219164E+03
7.40000000E-06,i1,ch_e61,9.08753231E+03
7.40000000E-06,i2,ch_e61,-9.08771760E+03
7.40000000E-06,i1,ch_e91,9.14145875E+03
7.40000000E-06,i2,ch_e91,-9.14947025E+03
7.50000000E-06,injectedCurrent,ch-base,5.00000000E+06
7.50000000E-06,voltage,ch-base,5.00000000E+06
7.50000000E-06,i1,ch_e1,9.02799700E+03
7.50000000E-06,i2,ch_e1,-9.02721101E+03
7.50000000E-06,i1,ch_e31,9.03950443E+03
7.50000000E-06,i2,ch_e31,-9.04022238E+03
7.50000000E-06,i1,ch_e61,9.06743802E+03
7.50000000E-06,i2,ch_e61,-9.07038079E+03
7.50000000E-06,i1,ch_e91,9.13384654E+03
7.50000000E-06,i2,ch_e91,-9.13008525E+03
7.60000000E-06,injectedCurrent,ch-base,5.00000000E+06
7.60000000E-06,voltage,ch-base,5.00000000E+06
7.60000000E-06,i1,ch_e1,9.01485976E+03
7.60000000E-06,i2,ch_e1,-9.01568229E+03
7.60000000E-06,i1,ch_e31,9.02300756E+03
7.60000000E-06,i2,ch_e31,-9.02364701E+03
7.60000000E-06,i1,ch_e61,9.05767800E+03
7.60000000E-06,i2,ch_e61,-9.05748096E+03
7.60000000E-06,i1,ch_e91,9.10408570E+03
7.60000000E-06,i2,ch_e91,-9.11380546E+03
7.70000000E-06,injectedCurrent,ch-base,5.00000000E+06
7.70000000E-06,voltage,ch-base,5.00000000E+06
7.70000000E-06,i1,ch_e1,9.00072983E+03
7.70000000E-06,i2,ch_e1,-8.99991502E+03
7.70000000E-06,i1,ch_e31,9.01188558E+03
7.70000000E-06,i2,ch_e31,-9.01256016E+03
7.70000000E-06,i1,ch_e61,9.03691187E+03
7.70000000E-06,i2,ch_e61,-9.04007112E+03
7.70000000E-06,i1,ch_e91,9.10342070E+03
7.70000000E-06,i2,ch_e91,-9.09732163E+03
7.80000000E-06,injectedCurrent,ch-base,5.00000000E+06
7.80000000E-06,voltage,ch-base,5.00000000E+06
7.80000000E-06,i1,ch_e1,8.98818942E+03
7.80000000E-06,i2,ch_e1,-8.98903643E+03
7.80000000E-06,i1,ch_e31,8.99545468E+03
7.80000000E-06,i2,ch_e31,-8.99605377E+03
7.80000000E-06,i1,ch_e61,9.02923696E+03
7.80000000E-06,i2,ch_e61,-9.02859854E+03
7.80000000E-06,i1,ch_e91,9.06632701E+03
7.80000000E-06,i2,ch_e91,-9.07817032E+03
7.90000000E-06,injectedCurrent,ch-base,5.00000000E+06
7.90000000E-06,voltage,ch-base,5.00000000E+06
7.90000000E-06,i1,ch_e1,8.97434994E+03
7.90000000E-06,i2,ch_e1,-8.97351266E+03
7.90000000E-06,i1,ch_e31,8.98527243E+03
7.90000000E-06,i2,ch_e31,-8.98590899E+03
7.90000000E-06,i1,ch_e61,9.00724381E+03
7.90000000E-06,i2,ch_e61,-9.01069930E+03
7.90000000E-06,i1,ch_e91,9.07722652E+03
7.90000000E-06,i2,ch_e91,-9.06876606E+03
8.00000000E-06,injectedCurrent,ch-base,5.00000000E+06
8.00000000E-06,voltage,ch-base,5.00000000E+06
8.00000000E-06,i1,ch_e1,8.96241228E+03
8.00000000E-06,i2,ch_e1,-8.96327703E+03
8.00000000E-06,i1,ch_e31,8.96877064E+03
8.00000000E-06,i2,ch_e31,-8.96932863E+03
8.00000000E-06,i1,ch_e61,9.00225503E+03
8.00000000E-06,i2,ch_e61,-9.00111870E+03
8.00000000E-06,i1,ch_e91,9.02668998E+03
8.00000000E-06,i2,ch_e91,-9.03994398E+03
8.10000000E-06,injectedCurrent,ch-base,5.00000000E+06
8.10000000E-06,voltage,ch-base,5.00000000E+06
8.10000000E-06,i1,ch_e1,8.94879970E+03
8.10000000E-06,i2,ch_e1,-8.94794736E+03
8.10000000E-06,i1,ch_e31,8.95962372E+03
8.10000000E-06,i2,ch_e31,-8.96023385E+03
8.10000000E-06,i1,ch_e61,8.97818234E+03
8.10000000E-06,i2,ch_e61,-8.98198926E+03
8.10000000E-06,i1,ch_e91,9.05634253E+03
8.10000000E-06,i2,ch_e91,-9.04775766E+03
8.20000000E-06,injectedCurrent,ch-base,5.00000000E+06
8.20000000E-06,voltage,ch-base,5.00000000E+06
8.20000000E-06,i1,ch_e1,8.93748114E+03
8.20000000E-06,i2,ch_e1,-8.93835574E+03
8.20000000E-06,i1,ch_e31,8.94287641E+03
8.20000000E-06,i2,ch_e31,-8.94338255E+03
8.20000000E-06,i1,ch_e61,8.97686975E+03
8.20000000E-06,i2,ch_e61,-8.97523789E+03
8.20000000E-06,i1,ch_e91,8.98466186E+03
8.20000000E-06,i2,ch_e91,-8.99457330E+03
8.30000000E-06,injectedCurrent,ch-base,5.00000000E+06
8.30000000E-06,voltage,ch-base,5.00000000E+06
8.30000000E-06,i1,ch_e1,8.92402541E+03
8.30000000E-06,i2,ch_e1,-8.92316659E+03
8.30000000E-06,i1,ch_e31,8.93491136E+03
8.30000000E-06,i2,ch_e31,-8.93552009E+03
8.30000000E-06,i1,ch_e61,8.94938759E+03
8.30000000E-06,i2,ch_e61,-8.95347490E+03
8.30000000E-06,i1,ch_e91,9.03881551E+03
8.30000000E-06,i2,ch_e91,-9.03878045E+03
8.40000000E-06,injectedCurrent,ch-base,5.00000000E+06
8.40000000E-06,voltage,ch-base,5.00000000E+06
8.40000000E-06,i1,ch_e1,8.91335363E+03
8.40000000E-06,i2,ch_e1,-8.91422896E+03
8.40000000E-06,i1,ch_e31,8.91768837E+03
8.40000000E-06,i2,ch_e31,-8.91811156E+03
8.40000000E-06,i1,ch_e61,8.95332914E+03
8.40000000E-06,i2,ch_e61,-8.95144091E+03
8.40000000E-06,i1,ch_e91,8.94644407E+03
8.40000000E-06,i2,ch_e91,-8.93928677E+03
8.50000000E-06,injectedCurrent,ch-base,5.00000000E+06
8.50000000E-06,voltage,ch-base,5.00000000E+06
8.50000000E-06,i1,ch_e1,8.89997666E+03
8.50000000E-06,i2,ch_e1,-8.89912118E+03
8.50000000E-06,i1,ch_e31,8.91112339E+03
8.50000000E-06,i2,ch_e31,-8.91178474E+03
8.50000000E-06,i1,ch_e61,8.92044345E+03
8.50000000E-06,i2,ch_e61,-8.92431374E+03
8.50000000E-06,i1,ch_e91,9.01084486E+03
8.50000000E-06,i2,ch_e91,-9.03816023E+03
8.60000000E-06,injectedCurrent,ch-base,5.00000000E+06
8.60000000E-06,voltage,ch-base,5.00000000E+06
8.60000000E-06,i1,ch_e1,8.88999229E+03
8.60000000E-06,i2,ch_e1,-8.89085800E+03
8.60000000E-06,i1,ch_e31,8.89311469E+03
8.60000000E-06,i2,ch_e31,-8.89338036E+03
8.60000000E-06,i1,ch_e61,8.93189717E+03
8.60000000E-06,i2,ch_e61,-8.93071972E+03
8.60000000E-06,i1,ch_e91,8.93512921E+03
8.60000000E-06,i2,ch_e91,-8.89023353E+03
8.70000000E-06,injectedCurrent,ch-base,5.00000000E+06
8.70000000E-06,voltage,ch-base,5.00000000E+06
8.70000000E-06,i1,ch_e1,8.87660547E+03
8.70000000E-06,i2,ch_e1,-8.87576428E+03
8.70000000E-06,i1,ch_e31,8.88826511E+03
8.70000000E-06,i2,ch_e31,-8.88909642E+03
8.70000000E-06,i1,ch_e61,8.89111799E+03
8.70000000E-06,i2,ch_e61,-8.89307633E+03
8.70000000E-06,i1,ch_e91,8.94180702E+03
8.70000000E-06,i2,ch_e91,-9.01060729E+03
8.80000000E-06,injectedCurrent,ch-base,5.00000000E+06
8.80000000E-06,voltage,ch-base,5.00000000E+06
8.80000000E-06,i1,ch_e1,8.86736371E+03
8.80000000E-06,i2,ch_e1,-8.86820872E+03
8.80000000E-06,i1,ch_e31,8.86905592E+03
8.80000000E-06,i2,ch_e31,-8.86899542E+03
8.80000000E-06,i1,ch_e61,8.91227410E+03
8.80000000E-06,i2,ch_e61,-8.91464962E+03
8.80000000E-06,i1,ch_e91,8.97661818E+03
8.80000000E-06,i2,ch_e91,-8.90052571E+03
8.90000000E-06,injectedCurrent,ch-base,5.00000000E+06
8.90000000E-06,voltage,ch-base,5.00000000E+06
8.90000000E-06,i1,ch_e1,8.85386778E+03
8.90000000E-06,i2,ch_e1,-8.85305171E+03
8.90000000E-06,i1,ch_e31,8.86635157E+03
8.90000000E-06,i2,ch_e31,-8.86760869E+03
8.90000000E-06,i1,ch_e61,8.86248542E+03
8.90000000E-06,i2,ch_e61,-8.85806468E+03
8.90000000E-06,i1,ch_e91,8.83560588E+03
8.90000000E-06,i2,ch_e91,-8.90447820E+03
9.00000000E-06,injectedCurrent,ch-base,5.00000000E+06
9.00000000E-06,voltage,ch-base,5.00000000E+06
9.00000000E-06,i1,ch_e1,8.84543521E+03
9.00000000E-06,i2,ch_e1,-8.84624988E+03
9.00000000E-06,i1,ch_e31,8.84542394E+03
9.00000000E-06,i2,ch_e31,-8.84466303E+03
9.00000000E-06,i1,ch_e61,8.89164237E+03
9.00000000E-06,i2,ch_e61,-8.90418398E+03
9.00000000E-06,i1,ch_e91,9.00531113E+03
9.00000000E-06,i2,ch_e91,-8.97414517E+03
9.10000000E-06,injectedCurrent,ch-base,5.00000000E+06
9.10000000E-06,voltage,ch-base,5.00000000E+06
9.10000000E-06,i1,ch_e1,8.83172694E+03
9.10000000E-06,i2,ch_e1,-8.83094324E+03
9.10000000E-06,i1,ch_e31,8.84536424E+03
9.10000000E-06,i2,ch_e31,-8.84760583E+03
9.10000000E-06,i1,ch_e61,8.83994132E+03
9.10000000E-06,i2,ch_e61,-8.82016992E+03
9.10000000E-06,i1,ch_e91,8.82631578E+03
9.10000000E-06,i2,ch_e91,-8.81730432E+03
9.20000000E-06,injectedCurrent,ch-base,5.00000000E+06
9.20000000E-06,voltage,ch-base,5.00000000E+06
9.20000000E-06,i1,ch_e1,8.82416905E+03
9.20000000E-06,i2,ch_e1,-8.82495073E+03
9.20000000E-06,i1,ch_e31,8.82222687E+03
9.20000000E-06,i2,ch_e31,-8.81994761E+03
9.20000000E-06,i1,ch_e61,8.86073503E+03
9.20000000E-06,i2,ch_e61,-8.89420776E+03
9.20000000E-06,i1,ch_e91,8.88394982E+03
9.20000000E-06,i2,ch_e91,-8.91322469E+03
9.30000000E-06,injectedCurrent,ch-base,5.00000000E+06
9.30000000E-06,voltage,ch-base,5.00000000E+06
9.30000000E-06,i1,ch_e1,8.81016279E+03
9.30000000E-06,i2,ch_e1,-8.80940622E+03
9.30000000E-06,i1,ch_e31,8.82509251E+03
9.30000000E-06,i2,ch_e31,-8.82951668E+03
9.30000000E-06,i1,ch_e61,8.83686168E+03
9.30000000E-06,i2,ch_e61,-8.79143849E+03
9.30000000E-06,i1,ch_e91,8.90520527E+03
9.30000000E-06,i2,ch_e91,-8.91014002E+03
9.40000000E-06,injectedCurrent,ch-base,5.00000000E+06
9.40000000E-06,voltage,ch-base,5.00000000E+06
9.40000000E-06,i1,ch_e1,8.80350545E+03
9.40000000E-06,i2,ch_e1,-8.80427282E+03
9.40000000E-06,i1,ch_e31,8.79984738E+03
9.40000000E-06,i2,ch_e31,-8.79433085E+03
9.40000000E-06,i1,ch_e61,8.80364572E+03
9.40000000E-06,i2,ch_e61,-8.86311042E+03
9.40000000E-06,i1,ch_e91,8.87762420E+03
9.40000000E-06,i2,ch_e91,-8.82864580E+03
9.50000000E-06,injectedCurrent,ch-base,5.00000000E+06
9.50000000E-06,voltage,ch-base,5.00000000E+06
9.50000000E-06,i1,ch_e1,8.78919964E+03
9.50000000E-06,i2,ch_e1,-8.78842973E+03
9.50000000E-06,i1,ch_e31,8.80466621E+03
9.50000000E-06,i2,ch_e31,-8.81369269E+03
9.50000000E-06,i1,ch_e61,8.86536701E+03
9.50000000E-06,i2,ch_e61,-8.80194701E+03
9.50000000E-06,i1,ch_e91,8.72022370E+03
9.50000000E-06,i2,ch_e91,-8.75450931E+03
9.60000000E-06,injectedCurrent,ch-base,5.00000000E+06
9.60000000E-06,voltage,ch-base,5.00000000E+06
9.60000000E-06,i1,ch_e1,8.78331737E+03
9.60000000E-06,i2,ch_e1,-8.78414593E+03
9.60000000E-06,i1,ch_e31,8.77978101E+03
9.60000000E-06,i2,ch_e31,-8.76774756E+03
9.60000000E-06,i1,ch_e61,8.72406359E+03
9.60000000E-06,i2,ch_e61,-8.78125881E+03
9.60000000E-06,i1,ch_e91,8.94497523E+03
9.60000000E-06,i2,ch_e91,-9.00572767E+03
9.70000000E-06,injectedCurrent,ch-base,5.00000000E+06
9.70000000E-06,voltage,ch-base,5.00000000E+06
9.70000000E-06,i1,ch_e1,8.76897657E+03
9.70000000E-06,i2,ch_e1,-8.76806261E+03
9.70000000E-06,i1,ch_e31,8.78147603E+03
9.70000000E-06,i2,ch_e31,-8.79932415E+03
9.70000000E-06,i1,ch_e61,8.88980840E+03
9.70000000E-06,i2,ch_e61,-8.85945304E+03
9.70000000E-06,i1,ch_e91,8.89102639E+03
9.70000000E-06,i2,ch_e91,-8.79426103E+03
9.80000000E-06,injectedCurrent,ch-base,5.00000000E+06
9.80000000E-06,voltage,ch-base,5.00000000E+06
9.80000000E-06,i1,ch_e1,8.76329908E+03
9.80000000E-06,i2,ch_e1,-8.76440575E+03
9.80000000E-06,i1,ch_e31,8.76603600E+03
9.80000000E-06,i2,ch_e31,-8.74251608E+03
9.80000000E-06,i1,ch_e61,8.69823206E+03
9.80000000E-06,i2,ch_e61,-8.69216253E+03
9.80000000E-06,i1,ch_e91,8.69349931E+03
9.80000000E-06,i2,ch_e91,-8.71153754E+03
9.90000000E-06,injectedCurrent,ch-base,5.00000000E+06
9.90000000E-06,voltage,ch-base,5.00000000E+06
9.90000000E-06,i1,ch_e1,8.74992200E+03
9.90000000E-06,i2,ch_e1,-8.74851450E+03
9.90000000E-06,i1,ch_e31,8.74971931E+03
9.90000000E-06,i2,ch_e31,-8.78139751E+03
9.90000000E-06,i1,ch_e61,8.81277396E+03
9.90000000E-06,i2,ch_e61,-8.85321400E+03
9.90000000E-06,i1,ch_e91,8.72908562E+03
9.90000000E-06,i2,ch_e91,-8.72483887E+03
1.00000000E-05,injectedCurrent,ch-base,5.00000000E+06
1.00000000E-05,voltage,ch-base,5.00000000E+06
1.00000000E-05,i1,ch_e1,8.74269679E+03
1.00000000E-05,i2,ch_e1,-8.74463206E+03
1.00000000E-05,i1,ch_e31,8.76585943E+03
1.00000000E-05,i2,ch_e31,-8.72742961E+03
1.00000000E-05,i1,ch_e61,8.77883628E+03
1.00000000E-05,i2,ch_e61,-8.73578041E+03
1.00000000E-05,i1,ch_e91,8.76080836E+03
1.00000000E-05,i2,ch_e91,-8.84853806E+03
1.01000000E-05,injectedCurrent,ch-base,5.00000000E+06
1.01000000E-05,voltage,ch-base,5.00000000E+06
1.01000000E-05,i1,ch_e1,8.73315537E+03
1.01000000E-05,i2,ch_e1,-8.73040545E+03
1.01000000E-05,i1,ch_e31,8.70203295E+03
1.01000000E-05,i2,ch_e31,-8.74653874E+03
1.01000000E-05,i1,ch_e61,8.71649098E+03
1.01000000E-05,i2,ch_e61,-8.72929946E+03
1.01000000E-05,i1,ch_e91,9.05873726E+03
1.01000000E-05,i2,ch_e91,-9.12233919E+03
1.02000000E-05,injectedCurrent,ch-base,5.00000000E+06
1.02000000E-05,voltage,ch-base,5.00000000E+06
1.02000000E-05,i1,ch_e1,8.71973280E+03
1.02000000E-05,i2,ch_e1,-8.72377682E+03
1.02000000E-05,i1,ch_e31,8.78310108E+03
1.02000000E-05,i2,ch_e31,-8.73918509E+03
1.02000000E-05,i1,ch_e61,8.72906163E+03
1.02000000E-05,i2,ch_e61,-8.75198188E+03
1.02000000E-05,i1,ch_e91,9.04976520E+03
1.02000000E-05,i2,ch_e91,-8.94006888E+03
1.03000000E-05,injectedCurrent,ch-base,5.00000000E+06
1.03000000E-05,voltage,ch-base,5.00000000E+06
1.03000000E-05,i1,ch_e1,8.72126373E+03
1.03000000E-05,i2,ch_e1,-8.71529141E+03
1.03000000E-05,i1,ch_e31,8.64416504E+03
1.03000000E-05,i2,ch_e31,-8.67965062E+03
1.03000000E-05,i1,ch_e61,8.82107138E+03
1.03000000E-05,i2,ch_e61,-8.81773142E+03
1.03000000E-05,i1,ch_e91,8.63950099E+03
1.03000000E-05,i2,ch_e91,-8.49975936E+03
1.04000000E-05,injectedCurrent,ch-base,5.00000000E+06
1.04000000E-05,voltage,ch-base,5.00000000E+06
1.04000000E-05,i1,ch_e1,8.69065774E+03
1.04000000E-05,i2,ch_e1,-8.69947995E+03
1.04000000E-05,i1,ch_e31,8.79448667E+03
1.04000000E-05,i2,ch_e31,-8.78052788E+03
1.04000000E-05,i1,ch_e61,8.65430272E+03
1.04000000E-05,i2,ch_e61,-8.58525477E+03
1.04000000E-05,i1,ch_e91,8.21459364E+03
1.04000000E-05,i2,ch_e91,-8.04657700E+03
1.05000000E-05,injectedCurrent,ch-base,5.00000000E+06
1.05000000E-05,voltage,ch-base,5.00000000E+06
1.05000000E-05,i1,ch_e1,8.71924531E+03
1.05000000E-05,i2,ch_e1,-8.70642800E+03
1.05000000E-05,i1,ch_e31,8.62178927E+03
1.05000000E-05,i2,ch_e31,-8.60537713E+03
1.05000000E-05,i1,ch_e61,8.63980671E+03
1.05000000E-05,i2,ch_e61,-8.74643427E+03
1.05000000E-05,i1,ch_e91,7.57045609E+03
1.05000000E-05,i2,ch_e91,-7.27789370E+03
1.06000000E-05,injectedCurrent,ch-base,5.00000000E+06
1.06000000E-05,voltage,ch-base,5.00000000E+06
1.06000000E-05,i1,ch_e1,8.64927647E+03
1.06000000E-05,i2,ch_e1,-8.66748803E+03
1.06000000E-05,i1,ch_e31,8.73882345E+03
1.06000000E-05,i2,ch_e31,-8.78791910E+03
1.06000000E-05,i1,ch_e61,8.85882795E+03
1.06000000E-05,i2,ch_e61,-8.82482439E+03
1.06000000E-05,i1,ch_e91,6.64172271E+03
1.06000000E-05,i2,ch_e91,-6.34655455E+03
1.07000000E-05,injectedCurrent,ch-base,5.00000000E+06
1.07000000E-05,voltage,ch-base,5.00000000E+06
1.07000000E-05,i1,ch_e1,8.73355247E+03
1.07000000E-05,i2,ch_e1,-8.70856754E+03
1.07000000E-05,i1,ch_e31,8.68246575E+03
1.07000000E-05,i2,ch_e31,-8.61641322E+03
1.07000000E-05,i1,ch_e61,8.67772566E+03
1.07000000E-05,i2,ch_e61,-8.64421660E+03
1.07000000E-05,i1,ch_e91,5.82249066E+03
1.07000000E-05,i2,ch_e91,-5.59642156E+03
1.08000000E-05,injectedCurrent,ch-base,5.00000000E+06
1.08000000E-05,voltage,ch-base,5.00000000E+06
1.08000000E-05,i1,ch_e1,8.59098582E+03
1.08000000E-05,i2,ch_e1,-8.62375865E+03
1.08000000E-05,i1,ch_e31,8.63211687E+03
1.08000000E-05,i2,ch_e31,-8.68843427E+03
1.08000000E-05,i1,ch_e61,8.62487989E+03
1.08000000E-05,i2,ch_e61,-8.61069384E+03
1.08000000E-05,i1,ch_e91,5.15824917E+03
1.08000000E-05,i2,ch_e91,-4.92193057E+03
1.09000000E-05,injectedCurrent,ch-base,5.00000000E+06
1.09000000E-05,voltage,ch-base,5.00000000E+06
1.09000000E-05,i1,ch_e1,8.76267513E+03
1.09000000E-05,i2,ch_e1,-8.72225651E+03
1.09000000E-05,i1,ch_e31,8.70658346E+03
1.09000000E-05,i2,ch_e31,-8.68450175E+03
1.09000000E-05,i1,ch_e61,8.54983077E+03
1.09000000E-05,i2,ch_e61,-8.55551956E+03
1.09000000E-05,i1,ch_e91,4.36027845E+03
1.09000000E-05,i2,ch_e91,-4.03824138E+03
1.10000000E-05,injectedCurrent,ch-base,5.00000000E+06
1.10000000E-05,voltage,ch-base,5.00000000E+06
1.10000000E-05,i1,ch_e1,8.52975981E+03
1.10000000E-05,i2,ch_e1,-8.57564599E+03
1.10000000E-05,i1,ch_e31,8.66382860E+03
1.10000000E-05,i2,ch_e31,-8.66033119E+03
1.10000000E-05,i1,ch_e61,8.68316750E+03
1.10000000E-05,i2,ch_e61,-8.79800354E+03
1.10000000E-05,i1,ch_e91,3.33600910E+03
1.10000000E-05,i2,ch_e91,-2.97877008E+03
1.11000000E-05,injectedCurrent,ch-base,5.00000000E+06
1.11000000E-05,voltage,ch-base,5.00000000E+06
1.11000000E-05,i1,ch_e1,8.77267995E+03
1.11000000E-05,i2,ch_e1,-8.72649686E+03
1.11000000E-05,i1,ch_e31,8.58583165E+03
1.11000000E-05,i2,ch_e31,-8.57225681E+03
1.11000000E-05,i1,ch_e61,8.98588782E+03
1.11000000E-05,i2,ch_e61,-9.01045711E+03
1.11000000E-05,i1,ch_e91,2.28776180E+03
1.11000000E-05,i2,ch_e91,-1.97409101E+03
1.12000000E-05,injectedCurrent,ch-base,5.00000000E+06
1.12000000E-05,voltage,ch-base,5.00000000E+06
1.12000000E-05,i1,ch_e1,8.52362520E+03
1.12000000E-05,i2,ch_e1,-8.56189263E+03
1.12000000E-05,i1,ch_e31,8.67854105E+03
1.12000000E-05,i2,ch_e31,-8.74615379E+03
1.12000000E-05,i1,ch_e61,8.87511750E+03
1.12000000E-05,i2,ch_e61,-8.76554016E+03
1.12000000E-05,i1,ch_e91,1.43700407E+03
1.12000000E-05,i2,ch_e91,-1.21644495E+03
1.13000000E-05,injectedCurrent,ch-base,5.00000000E+06
1.13000000E-05,voltage,ch-base,5.00000000E+06
1.13000000E-05,i1,ch_e1,8.68851735E+03
1.13000000E-05,i2,ch_e1,-8.66788016E+03
1.13000000E-05,i1,ch_e31,8.69987999E+03
1.13000000E-05,i2,ch_e31,-8.61487263E+03
1.13000000E-05,i1,ch_e61,8.53301454E+03
1.13000000E-05,i2,ch_e61,-8.42428318E+03
1.13000000E-05,i1,ch_e91,8.67740624E+02
1.13000000E-05,i2,ch_e91,-7.34579100E+02
1.14000000E-05,injectedCurrent,ch-base,5.00000000E+06
1.14000000E-05,voltage,ch-base,5.00000000E+06
1.14000000E-05,i1,ch_e1,8.63626250E+03
1.14000000E-05,i2,ch_e1,-8.63210941E+03
1.14000000E-05,i1,ch_e31,8.49379299E+03
1.14000000E-05,i2,ch_e31,-8.50723446E+03
1.14000000E-05,i1,ch_e61,8.14430025E+03
1.14000000E-05,i2,ch_e61,-7.95631847E+03
1.14000000E-05,i1,ch_e91,5.41990413E+02
1.14000000E-05,i2,ch_e91,-4.71436248E+02
1.15000000E-05,injectedCurrent,ch-base,5.00000000E+06
1.15000000E-05,voltage,ch-base,5.00000000E+06
1.15000000E-05,i1,ch_e1,8.51003612E+03
1.15000000E-05,i2,ch_e1,-8.53818798E+03
1.15000000E-05,i1,ch_e31,8.62868451E+03
1.15000000E-05,i2,ch_e31,-8.70531865E+03
1.15000000E-05,i1,ch_e61,7.45086822E+03
1.15000000E-05,i2,ch_e61,-7.15416106E+03
1.15000000E-05,i1,ch_e91,3.70076041E+02
1.15000000E-05,i2,ch_e91,-3.33853571E+02
1.16000000E-05,injectedCurrent,ch-base,5.00000000E+06
1.16000000E-05,voltage,ch-base,5.00000000E+06
1.16000000E-05,i1,ch_e1,8.74844559E+03
1.16000000E-05,i2,ch_e1,-8.70845540E+03
1.16000000E-05,i1,ch_e31,8.73057768E+03
1.16000000E-05,i2,ch_e31,-8.66494480E+03
1.16000000E-05,i1,ch_e61,6.53535488E+03
1.16000000E-05,i2,ch_e61,-6.26315274E+03
1.16000000E-05,i1,ch_e91,2.85752254E+02
1.16000000E-05,i2,ch_e91,-2.66270990E+02
1.17000000E-05,injectedCurrent,ch-base,5.00000000E+06
1.17000000E-05,voltage,ch-base,5.00000000E+06
1.17000000E-05,i1,ch_e1,8.48016349E+03
1.17000000E-05,i2,ch_e1,-8.51268345E+03
1.17000000E-05,i1,ch_e31,8.55609098E+03
1.17000000E-05,i2,ch_e31,-8.58177151E+03
1.17000000E-05,i1,ch_e61,5.79741188E+03
1.17000000E-05,i2,ch_e61,-5.58119174E+03
1.17000000E-05,i1,ch_e91,2.35751026E+02
1.17000000E-05,i2,ch_e91,-2.24557104E+02
1.18000000E-05,injectedCurrent,ch-base,5.00000000E+06
1.18000000E-05,voltage,ch-base,5.00000000E+06
1.18000000E-05,i1,ch_e1,8.60832808E+03
1.18000000E-05,i2,ch_e1,-8.59597090E+03
1.18000000E-05,i1,ch_e31,8.55871033E+03
1.18000000E-05,i2,ch_e31,-8.46380204E+03
1.18000000E-05,i1,ch_e61,5.12573349E+03
1.18000000E-05,i2,ch_e61,-4.88426354E+03
1.18000000E-05,i1,ch_e91,2.10121948E+02
1.18000000E-05,i2,ch_e91,-2.01037112E+02
1.19000000E-05,injectedCurrent,ch-base,5.00000000E+06
1.19000000E-05,voltage,ch-base,5.00000000E+06
1.19000000E-05,i1,ch_e1,8.62739347E+03
1.19000000E-05,i2,ch_e1,-8.62860773E+03
1.19000000E-05,i1,ch_e31,8.39083520E+03
1.19000000E-05,i2,ch_e31,-8.49027271E+03
1.19000000E-05,i1,ch_e61,4.32749836E+03
1.19000000E-05,i2,ch_e61,-3.99651677E+03
1.19000000E-05,i1,ch_e91,1.84367133E+02
1.19000000E-05,i2,ch_e91,-1.79254022E+02
1.20000000E-05,injectedCurrent,ch-base,5.00000000E+06
1.20000000E-05,voltage,ch-base,5.00000000E+06
1.20000000E-05,i1,ch_e1,8.58438909E+03
1.20000000E-05,i2,ch_e1,-8.56638016E+03
1.20000000E-05,i1,ch_e31,8.66766540E+03
1.20000000E-05,i2,ch_e31,-8.72357353E+03
1.20000000E-05,i1,ch_e61,3.27697194E+03
1.20000000E-05,i2,ch_e61,-2.93579015E+03
1.20000000E-05,i1,ch_e91,1.73534760E+02
1.20000000E-05,i2,ch_e91,-1.66356038E+02
1.21000000E-05,injectedCurrent,ch-base,5.00000000E+06
1.21000000E-05,voltage,ch-base,5.00000000E+06
1.21000000E-05,i1,ch_e1,8.37946913E+03
1.21000000E-05,i2,ch_e1,-8.43066021E+03
1.21000000E-05,i1,ch_e31,8.92497112E+03
1.21000000E-05,i2,ch_e31,-8.96455819E+03
1.21000000E-05,i1,ch_e61,2.28925682E+03
1.21000000E-05,i2,ch_e61,-1.97133482E+03
1.21000000E-05,i1,ch_e91,1.52733586E+02
1.21000000E-05,i2,ch_e91,-1.50695176E+02
1.22000000E-05,injectedCurrent,ch-base,5.00000000E+06
1.22000000E-05,voltage,ch-base,5.00000000E+06
1.22000000E-05,i1,ch_e1,8.81851252E+03
1.22000000E-05,i2,ch_e1,-8.76070540E+03
1.22000000E-05,i1,ch_e31,8.67883166E+03
1.22000000E-05,i2,ch_e31,-8.56006160E+03
1.22000000E-05,i1,ch_e61,1.42365681E+03
1.22000000E-05,i2,ch_e61,-1.22854763E+03
1.22000000E-05,i1,ch_e91,1.49501322E+02
1.22000000E-05,i2,ch_e91,-1.42152686E+02
1.23000000E-05,injectedCurrent,ch-base,5.00000000E+06
1.23000000E-05,voltage,ch-base,5.00000000E+06
1.23000000E-05,i1,ch_e1,8.48395572E+03
1.23000000E-05,i2,ch_e1,-8.49856306E+03
1.23000000E-05,i1,ch_e31,8.55673796E+03
1.23000000E-05,i2,ch_e31,-8.45885041E+03
1.23000000E-05,i1,ch_e61,9.12176156E+02
1.23000000E-05,i2,ch_e61,-7.54781325E+02
1.23000000E-05,i1,ch_e91,1.29163045E+02
1.23000000E-05,i2,ch_e91,-1.30079738E+02
1.24000000E-05,injectedCurrent,ch-base,5.00000000E+06
1.24000000E-05,voltage,ch-base,5.00000000E+06
1.24000000E-05,i1,ch_e1,8.33689349E+03
1.24000000E-05,i2,ch_e1,-8.37147490E+03
1.24000000E-05,i1,ch_e31,7.99898130E+03
1.24000000E-05,i2,ch_e31,-7.82252175E+03
1.24000000E-05,i1,ch_e61,5.44356546E+02
1.24000000E-05,i2,ch_e61,-5.06519247E+02
1.24000000E-05,i1,ch_e91,1.32279571E+02
1.24000000E-05,i2,ch_e91,-1.23359329E+02
1.25000000E-05,injectedCurrent,ch-base,5.00000000E+06
1.25000000E-05,voltage,ch-base,5.00000000E+06
1.25000000E-05,i1,ch_e1,8.67961214E+03
1.25000000E-05,i2,ch_e1,-8.64740763E+03
1.25000000E-05,i1,ch_e31,7.39093841E+03
1.25000000E-05,i2,ch_e31,-7.05219867E+03
1.25000000E-05,i1,ch_e61,4.07058867E+02
1.25000000E-05,i2,ch_e61,-3.30325666E+02
1.25000000E-05,i1,ch_e91,1.10332724E+02
1.25000000E-05,i2,ch_e91,-1.14980546E+02
1.26000000E-05,injectedCurrent,ch-base,5.00000000E+06
1.26000000E-05,voltage,ch-base,5.00000000E+06
1.26000000E-05,i1,ch_e1,8.62796296E+03
1.26000000E-05,i2,ch_e1,-8.63631795E+03
1.26000000E-05,i1,ch_e31,6.46295186E+03
1.26000000E-05,i2,ch_e31,-6.24416527E+03
1.26000000E-05,i1,ch_e61,2.99682838E+02
1.26000000E-05,i2,ch_e61,-3.22698326E+02
1.26000000E-05,i1,ch_e91,1.19348631E+02
1.26000000E-05,i2,ch_e91,-1.07210567E+02
1.27000000E-05,injectedCurrent,ch-base,5.00000000E+06
1.27000000E-05,voltage,ch-base,5.00000000E+06
1.27000000E-05,i1,ch_e1,8.58047257E+03
1.27000000E-05,i2,ch_e1,-8.55900418E+03
1.27000000E-05,i1,ch_e31,5.75859639E+03
1.27000000E-05,i2,ch_e31,-5.54507468E+03
1.27000000E-05,i1,ch_e61,2.36976849E+02
1.27000000E-05,i2,ch_e61,-1.83618693E+02
1.27000000E-05,i1,ch_e91,9.51620835E+01
1.27000000E-05,i2,ch_e91,-1.04968847E+02
1.28000000E-05,injectedCurrent,ch-base,5.00000000E+06
1.28000000E-05,voltage,ch-base,5.00000000E+06
1.28000000E-05,i1,ch_e1,8.26967209E+03
1.28000000E-05,i2,ch_e1,-8.28384231E+03
1.28000000E-05,i1,ch_e31,5.09938353E+03
1.28000000E-05,i2,ch_e31,-4.83637278E+03
1.28000000E-05,i1,ch_e61,2.63098670E+02
1.28000000E-05,i2,ch_e61,-2.86090238E+02
1.28000000E-05,i1,ch_e91,1.08384390E+02
1.28000000E-05,i2,ch_e91,-9.10867783E+01
1.29000000E-05,injectedCurrent,ch-base,5.00000000E+06
1.29000000E-05,voltage,ch-base,5.00000000E+06
1.29000000E-05,i1,ch_e1,8.18491640E+03
1.29000000E-05,i2,ch_e1,-8.22993124E+03
1.29000000E-05,i1,ch_e31,4.35609243E+03
1.29000000E-05,i2,ch_e31,-4.01185131E+03
1.29000000E-05,i1,ch_e61,1.33288720E+02
1.29000000E-05,i2,ch_e61,-1.14413472E+02
1.29000000E-05,i1,ch_e91,8.45168217E+01
1.29000000E-05,i2,ch_e91,-1.01077572E+02
1.30000000E-05,injectedCurrent,ch-base,5.00000000E+06
1.30000000E-05,voltage,ch-base,5.00000000E+06
1.30000000E-05,i1,ch_e1,8.81090528E+03
1.30000000E-05,i2,ch_e1,-8.79041334E+03
1.30000000E-05,i1,ch_e31,3.16418026E+03
1.30000000E-05,i2,ch_e31,-2.88904925E+03
1.30000000E-05,i1,ch_e61,2.69196196E+02
1.30000000E-05,i2,ch_e61,-2.49417977E+02
1.30000000E-05,i1,ch_e91,9.57166923E+01
1.30000000E-05,i2,ch_e91,-7.19260620E+01
1.31000000E-05,injectedCurrent,ch-base,5.00000000E+06
1.31000000E-05,voltage,ch-base,5.00000000E+06
1.31000000E-05,i1,ch_e1,9.10585376E+03
1.31000000E-05,i2,ch_e1,-9.06698708E+03
1.31000000E-05,i1,ch_e31,2.25664696E+03
1.31000000E-05,i2,ch_e31,-1.87700746E+03
1.31000000E-05,i1,ch_e61,8.01751886E+01
1.31000000E-05,i2,ch_e61,-1.17662816E+02
1.31000000E-05,i1,ch_e91,8.19668906E+01
1.31000000E-05,i2,ch_e91,-1.05214243E+02
1.32000000E-05,injectedCurrent,ch-base,5.00000000E+06
1.32000000E-05,voltage,ch-base,5.00000000E+06
1.32000000E-05,i1,ch_e1,8.80106643E+03
1.32000000E-05,i2,ch_e1,-8.80189520E+03
1.32000000E-05,i1,ch_e31,1.56863482E+03
1.32000000E-05,i2,ch_e31,-1.37912791E+03
1.32000000E-05,i1,ch_e61,2.23456550E+02
1.32000000E-05,i2,ch_e61,-1.59068473E+02
1.32000000E-05,i1,ch_e91,7.53205150E+01
1.32000000E-05,i2,ch_e91,-4.72362998E+01
1.33000000E-05,injectedCurrent,ch-base,5.00000000E+06
1.33000000E-05,voltage,ch-base,5.00000000E+06
1.33000000E-05,i1,ch_e1,8.39250443E+03
1.33000000E-05,i2,ch_e1,-8.36619303E+03
1.33000000E-05,i1,ch_e31,8.08497318E+02
1.33000000E-05,i2,ch_e31,-7.35178690E+02
1.33000000E-05,i1,ch_e61,1.19155399E+02
1.33000000E-05,i2,ch_e61,-1.74697594E+02
1.33000000E-05,i1,ch_e91,9.33897976E+01
1.33000000E-05,i2,ch_e91,-1.17332768E+02
1.34000000E-05,injectedCurrent,ch-base,5.00000000E+06
1.34000000E-05,voltage,ch-base,5.00000000E+06
1.34000000E-05,i1,ch_e1,7.56021046E+03
1.34000000E-05,i2,ch_e1,-7.51913125E+03
1.34000000E-05,i1,ch_e31,5.53085858E+02
1.34000000E-05,i2,ch_e31,-4.33991803E+02
1.34000000E-05,i1,ch_e61,1.24382274E+02
1.34000000E-05,i2,ch_e61,-8.38039077E+01
1.34000000E-05,i1,ch_e91,4.12484183E+01
1.34000000E-05,i2,ch_e91,-1.98119198E+01
1.35000000E-05,injectedCurrent,ch-base,5.00000000E+06
1.35000000E-05,voltage,ch-base,5.00000000E+06
1.35000000E-05,i1,ch_e1,6.02061864E+03
1.35000000E-05,i2,ch_e1,-6.01373841E+03
1.35000000E-05,i1,ch_e31,4.54908913E+02
1.35000000E-05,i2,ch_e31,-4.08811189E+02
1.35000000E-05,i1,ch_e61,1.49190502E+02
1.35000000E-05,i2,ch_e61,-1.56183739E+02
1.35000000E-05,i1,ch_e91,1.20480184E+02
1.35000000E-05,i2,ch_e91,-1.28245527E+02
1.36000000E-05,injectedCurrent,ch-base,5.00000000E+06
1.36000000E-05,voltage,ch-base,5.00000000E+06
1.36000000E-05,i1,ch_e1,4.38538393E+03
1.36000000E-05,i2,ch_e1,-4.40873104E+03
1.36000000E-05,i1,ch_e31,3.82387438E+02
1.36000000E-05,i2,ch_e31,-3.48557289E+02
1.36000000E-05,i1,ch_e61,1.32355770E+02
1.36000000E-05,i2,ch_e61,-1.28165063E+02
1.36000000E-05,i1,ch_e91,-8.51960443E-01
1.36000000E-05,i2,ch_e91,-6.07737461E+00
1.37000000E-05,injectedCurrent,ch-base,5.00000000E+06
1.37000000E-05,voltage,ch-base,5.00000000E+06
1.37000000E-05,i1,ch_e1,3.07303724E+03
1.37000000E-05,i2,ch_e1,-3.06979758E+03
1.37000000E-05,i1,ch_e31,2.97926904E+02
1.37000000E-05,i2,ch_e31,-3.23400252E+02
1.37000000E-05,i1,ch_e61,5.88252978E+01
1.37000000E-05,i2,ch_e61,-8.28475050E+01
1.37000000E-05,i1,ch_e91,1.44488547E+02
1.37000000E-05,i2,ch_e91,-1.13264677E+02
1.38000000E-05,injectedCurrent,ch-base,5.00000000E+06
1.38000000E-05,voltage,ch-base,5.00000000E+06
1.38000000E-05,i1,ch_e1,1.75351266E+03
1.38000000E-05,i2,ch_e1,-1.73252864E+03
1.38000000E-05,i1,ch_e31,5.07981286E+01
1.38000000E-05,i2,ch_e31,-1.07192692E+02
1.38000000E-05,i1,ch_e61,1.56803407E+02
1.38000000E-05,i2,ch_e61,-9.23499464E+01
1.38000000E-05,i1,ch_e91,-1.75580239E+01
1.38000000E-05,i2,ch_e91,-3.38211271E+01
1.39000000E-05,injectedCurrent,ch-base,5.00000000E+06
1.39000000E-05,voltage,ch-base,5.00000000E+06
1.39000000E-05,i1,ch_e1,4.29964679E+01
1.39000000E-05,i2,ch_e1,-2.16772307E+01
1.39000000E-05,i1,ch_e31,9.34551919E+01
1.39000000E-05,i2,ch_e31,-1.57111190E+01
1.39000000E-05,i1,ch_e61,1.37869887E+02
1.39000000E-05,i2,ch_e61,-1.95294964E+02
1.39000000E-05,i1,ch_e91,1.20871609E+02
1.39000000E-05,i2,ch_e91,-5.16594793E+01
1.40000000E-05,injectedCurrent,ch-base,5.00000000E+06
1.40000000E-05,voltage,ch-base,5.00000000E+06
1.40000000E-05,i1,ch_e1,-1.98158991E+03
1.40000000E-05,i2,ch_e1,1.97500212E+03
1.40000000E-05,i1,ch_e31,3.89681399E+02
1.40000000E-05,i2,ch_e31,-2.89072341E+02
1.40000000E-05,i1,ch_e61,-2.65230840E+01
1.40000000E-05,i2,ch_e61,2.42775002E+01
1.40000000E-05,i1,ch_e91,3.05227341E+01
1.40000000E-05,i2,ch_e91,-9.91963577E+01
1.41000000E-05,injectedCurrent,ch-base,5.00000000E+06
1.41000000E-05,voltage,ch-base,5.00000000E+06
1.41000000E-05,i1,ch_e1,-3.93866709E+03
1.41000000E-05,i2,ch_e1,3.91912379E+03
1.41000000E-05,i1,ch_e31,4.51283983E+02
1.41000000E-05,i2,ch_e31,-4.56911602E+02
1.41000000E-05,i1,ch_e61,1.91606368E+02
1.41000000E-05,i2,ch_e61,-1.17696552E+02
1.41000000E-05,i1,ch_e91,4.15767953E+01
1.41000000E-05,i2,ch_e91,1.25884652E+01
1.42000000E-05,injectedCurrent,ch-base,5.00000000E+06
1.42000000E-05,voltage,ch-base,5.00000000E+06
1.42000000E-05,i1,ch_e1,-5.50392157E+03
1.42000000E-05,i2,ch_e1,5.47266863E+03
1.42000000E-05,i1,ch_e31,3.22289773E+02
1.42000000E-05,i2,ch_e31,-3.58943954E+02
1.42000000E-05,i1,ch_e61,1.20270500E+02
1.42000000E-05,i2,ch_e61,-1.81246654E+02
1.42000000E-05,i1,ch_e91,9.30130484E+01
1.42000000E-05,i2,ch_e91,-1.16904185E+02
1.43000000E-05,injectedCurrent,ch-base,5.00000000E+06
1.43000000E-05,voltage,ch-base,5.00000000E+06
1.43000000E-05,i1,ch_e1,-6.56695571E+03
1.43000000E-05,i2,ch_e1,6.54610428E+03
1.43000000E-05,i1,ch_e31,1.46694403E+02
1.43000000E-05,i2,ch_e31,-2.17637726E+02
1.43000000E-05,i1,ch_e61,-2.17860496E-02
1.43000000E-05,i2,ch_e61,-4.97930543E+00
1.43000000E-05,i1,ch_e91,1.63742629E+01
1.43000000E-05,i2,ch_e91,-1.52400726E+01
1.44000000E-05,injectedCurrent,ch-base,5.00000000E+06
1.44000000E-05,voltage,ch-base,5.00000000E+06
1.44000000E-05,i1,ch_e1,-7.20487291E+03
1.44000000E-05,i2,ch_e1,7.18587777E+03
1.44000000E-05,i1,ch_e31,-3.21452197E+02
1.44000000E-05,i2,ch_e31,1.27945858E+02
1.44000000E-05,i1,ch_e61,7.19330672E+01
1.44000000E-05,i2,ch_e61,-4.74857895E+01
1.44000000E-05,i1,ch_e91,5.05684876E+01
1.44000000E-05,i2,ch_e91,-4.75909882E+01
1.45000000E-05,injectedCurrent,ch-base,5.00000000E+06
1.45000000E-05,voltage,ch-base,5.00000000E+06
1.45000000E-05,i1,ch_e1,-7.55272297E+03
1.45000000E-05,i2,ch_e1,7.54686898E+03
1.45000000E-05,i1,ch_e31,-1.10470442E+03
1.45000000E-05,i2,ch_e31,8.32141779E+02
1.45000000E-05,i1,ch_e61,1.02031535E+02
1.45000000E-05,i2,ch_e61,-8.62284300E+01
1.45000000E-05,i1,ch_e91,7.65184066E+01
1.45000000E-05,i2,ch_e91,-5.57915078E+01
1.46000000E-05,injectedCurrent,ch-base,5.00000000E+06
1.46000000E-05,voltage,ch-base,5.00000000E+06
1.46000000E-05,i1,ch_e1,-7.73874734E+03
1.46000000E-05,i2,ch_e1,7.73100567E+03
1.46000000E-05,i1,ch_e31,-1.88231792E+03
1.46000000E-05,i2,ch_e31,1.64719505E+03
1.46000000E-05,i1,ch_e61,1.81026732E+02
1.46000000E-05,i2,ch_e61,-1.57681763E+02
1.46000000E-05,i1,ch_e91,3.53661685E+01
1.46000000E-05,i2,ch_e91,-7.69312064E+01
1.47000000E-05,injectedCurrent,ch-base,5.00000000E+06
1.47000000E-05,voltage,ch-base,5.00000000E+06
1.47000000E-05,i1,ch_e1,-7.83827090E+03
1.47000000E-05,i2,ch_e1,7.83934475E+03
1.47000000E-05,i1,ch_e31,-2.51313264E+03
1.47000000E-05,i2,ch_e31,2.31203512E+03
1.47000000E-05,i1,ch_e61,6.21554366E+01
1.47000000E-05,i2,ch_e61,-1.32774500E+02
1.47000000E-05,i1,ch_e91,-1.53717960E+01
1.47000000E-05,i2,ch_e91,4.37660926E+01
1.48000000E-05,injectedCurrent,ch-base,5.00000000E+06
1.48000000E-05,voltage,ch-base,5.00000000E+06
1.48000000E-05,i1,ch_e1,-7.90055065E+03
1.48000000E-05,i2,ch_e1,7.89619434E+03
1.48000000E-05,i1,ch_e31,-3.18899675E+03
1.48000000E-05,i2,ch_e31,2.94941832E+03
1.48000000E-05,i1,ch_e61,-1.47804700E+02
1.48000000E-05,i2,ch_e61,1.07861966E+02
1.48000000E-05,i1,ch_e91,1.60734028E+02
1.48000000E-05,i2,ch_e91,-1.29403363E+02
1.49000000E-05,injectedCurrent,ch-base,5.00000000E+06
1.49000000E-05,voltage,ch-base,5.00000000E+06
1.49000000E-05,i1,ch_e1,-7.94015134E+03
1.49000000E-05,i2,ch_e1,7.94292862E+03
1.49000000E-05,i1,ch_e31,-4.06040674E+03
1.49000000E-05,i2,ch_e31,3.74872349E+03
1.49000000E-05,i1,ch_e61,4.66778776E+00
1.49000000E-05,i2,ch_e61,8.76855436E+01
1.49000000E-05,i1,ch_e91,-3.37173083E+01
1.49000000E-05,i2,ch_e91,-4.73408935E+01
1.50000000E-05,injectedCurrent,ch-base,5.00000000E+06
1.50000000E-05,voltage,ch-base,5.00000000E+06
1.50000000E-05,i1,ch_e1,-7.97269851E+03
1.50000000E-05,i2,ch_e1,7.96895393E+03
1.50000000E-05,i1,ch_e31,-5.07274256E+03
1.50000000E-05,i2,ch_e31,4.73524028E+03
1.50000000E-05,i1,ch_e61,2.77442534E+02
1.50000000E-05,i2,ch_e61,-2.07518477E+02
1.50000000E-05,i1,ch_e91,-7.55012931E+00
1.50000000E-05,i2,ch_e91,6.94968512E+01
1.51000000E-05,injectedCurrent,ch-base,5.00000000E+06
1.51000000E-05,voltage,ch-base,5.00000000E+06
1.51000000E-05,i1,ch_e1,-7.99540687E+03
1.51000000E-05,i2,ch_e1,7.99859855E+03
1.51000000E-05,i1,ch_e31,-6.03499692E+03
1.51000000E-05,i2,ch_e31,5.73083189E+03
1.51000000E-05,i1,ch_e61,3.01584664E+02
1.51000000E-05,i2,ch_e61,-3.13304007E+02
1.51000000E-05,i1,ch_e91,1.47315265E+02
1.51000000E-05,i2,ch_e91,-1.32226394E+02
1.52000000E-05,injectedCurrent,ch-base,5.00000000E+06
1.52000000E-05,voltage,ch-base,5.00000000E+06
1.52000000E-05,i1,ch_e1,-8.01738340E+03
1.52000000E-05,i2,ch_e1,8.01371407E+03
1.52000000E-05,i1,ch_e31,-6.80469660E+03
1.52000000E-05,i2,ch_e31,6.57796104E+03
1.52000000E-05,i1,ch_e61,2.35747846E+02
1.52000000E-05,i2,ch_e61,-2.57411224E+02
1.52000000E-05,i1,ch_e91,1.36093784E+01
1.52000000E-05,i2,ch_e91,-6.16828428E+01
1.53000000E-05,injectedCurrent,ch-base,5.00000000E+06
1.53000000E-05,voltage,ch-base,5.00000000E+06
1.53000000E-05,i1,ch_e1,-8.03223753E+03
1.53000000E-05,i2,ch_e1,8.03561281E+03
1.53000000E-05,i1,ch_e31,-7.32835958E+03
1.53000000E-05,i2,ch_e31,7.17848132E+03
1.53000000E-05,i1,ch_e61,7.25204823E+01
1.53000000E-05,i2,ch_e61,-1.53196644E+02
1.53000000E-05,i1,ch_e91,-9.90030271E+00
1.53000000E-05,i2,ch_e91,2.01984137E+01
1.54000000E-05,injectedCurrent,ch-base,5.00000000E+06
1.54000000E-05,voltage,ch-base,5.00000000E+06
1.54000000E-05,i1,ch_e1,-8.04842353E+03
1.54000000E-05,i2,ch_e1,8.04473601E+03
1.54000000E-05,i1,ch_e31,-7.64866663E+03
1.54000000E-05,i2,ch_e31,7.56323553E+03
1.54000000E-05,i1,ch_e61,-4.27079145E+02
1.54000000E-05,i2,ch_e61,2.17892347E+02
1.54000000E-05,i1,ch_e91,6.69786746E+00
1.54000000E-05,i2,ch_e91,-4.53693894E+00
1.55000000E-05,injectedCurrent,ch-base,5.00000000E+06
1.55000000E-05,voltage,ch-base,5.00000000E+06
1.55000000E-05,i1,ch_e1,-8.05838642E+03
1.55000000E-05,i2,ch_e1,8.06188975E+03
1.55000000E-05,i1,ch_e31,-7.82448016E+03
1.55000000E-05,i2,ch_e31,7.77585117E+03
1.55000000E-05,i1,ch_e61,-1.20401274E+03
1.55000000E-05,i2,ch_e61,9.38842537E+02
1.55000000E-05,i1,ch_e91,7.89654254E+01
1.55000000E-05,i2,ch_e91,-3.75984719E+01
1.56000000E-05,injectedCurrent,ch-base,5.00000000E+06
1.56000000E-05,voltage,ch-base,5.00000000E+06
1.56000000E-05,i1,ch_e1,-8.07079243E+03
1.56000000E-05,i2,ch_e1,8.06706312E+03
1.56000000E-05,i1,ch_e31,-7.92186639E+03
1.56000000E-05,i2,ch_e31,7.89791633E+03
1.56000000E-05,i1,ch_e61,-1.92714599E+03
1.56000000E-05,i2,ch_e61,1.70349650E+03
1.56000000E-05,i1,ch_e91,1.63994469E+02
1.56000000E-05,i2,ch_e91,-1.60644791E+02
1.57000000E-05,injectedCurrent,ch-base,5.00000000E+06
1.57000000E-05,voltage,ch-base,5.00000000E+06
1.57000000E-05,i1,ch_e1,-8.07737242E+03
1.57000000E-05,i2,ch_e1,8.08097911E+03
1.57000000E-05,i1,ch_e31,-7.97294310E+03
1.57000000E-05,i2,ch_e31,7.95714543E+03
1.57000000E-05,i1,ch_e61,-2.53904032E+03
1.57000000E-05,i2,ch_e61,2.33886364E+03
1.57000000E-05,i1,ch_e91,-3.61405963E+01
1.57000000E-05,i2,ch_e91,-5.30957123E+01
1.58000000E-05,injectedCurrent,ch-base,5.00000000E+06
1.58000000E-05,voltage,ch-base,5.00000000E+06
1.58000000E-05,i1,ch_e1,-8.08713183E+03
1.58000000E-05,i2,ch_e1,8.08335283E+03
1.58000000E-05,i1,ch_e31,-8.00664471E+03
1.58000000E-05,i2,ch_e31,7.99912261E+03
1.58000000E-05,i1,ch_e61,-3.21780362E+03
1.58000000E-05,i2,ch_e61,2.97010516E+03
1.58000000E-05,i1,ch_e91,-1.90362961E+02
1.58000000E-05,i2,ch_e91,1.81613777E+02
1.59000000E-05,injectedCurrent,ch-base,5.00000000E+06
1.59000000E-05,voltage,ch-base,5.00000000E+06
1.59000000E-05,i1,ch_e1,-8.09124686E+03
1.59000000E-05,i2,ch_e1,8.09494135E+03
1.59000000E-05,i1,ch_e31,-8.02633401E+03
1.59000000E-05,i2,ch_e31,8.01843265E+03
1.59000000E-05,i1,ch_e61,-4.10325846E+03
1.59000000E-05,i2,ch_e61,3.78870937E+03
1.59000000E-05,i1,ch_e91,2.61628110E+01
1.59000000E-05,i2,ch_e91,7.02154646E+01
1.60000000E-05,injectedCurrent,ch-base,5.00000000E+06
1.60000000E-05,voltage,ch-base,5.00000000E+06
1.60000000E-05,i1,ch_e1,-8.09907301E+03
1.60000000E-05,i2,ch_e1,8.09524254E+03
1.60000000E-05,i1,ch_e31,-8.04410275E+03
1.60000000E-05,i2,ch_e31,8.04075010E+03
1.60000000E-05,i1,ch_e61,-5.10211023E+03
1.60000000E-05,i2,ch_e61,4.76562552E+03
1.60000000E-05,i1,ch_e91,2.35231404E+02
1.60000000E-05,i2,ch_e91,-1.90493585E+02
1.61000000E-05,injectedCurrent,ch-base,5.00000000E+06
1.61000000E-05,voltage,ch-base,5.00000000E+06
1.61000000E-05,i1,ch_e1,-8.10132788E+03
1.61000000E-05,i2,ch_e1,8.10509857E+03
1.61000000E-05,i1,ch_e31,-8.05477640E+03
1.61000000E-05,i2,ch_e31,8.04916985E+03
1.61000000E-05,i1,ch_e61,-6.05141392E+03
1.61000000E-05,i2,ch_e61,5.75284933E+03
1.61000000E-05,i1,ch_e91,2.53080709E+02
1.61000000E-05,i2,ch_e91,-2.56303945E+02
1.62000000E-05,injectedCurrent,ch-base,5.00000000E+06
1.62000000E-05,voltage,ch-base,5.00000000E+06
1.62000000E-05,i1,ch_e1,-8.10769686E+03
1.62000000E-05,i2,ch_e1,8.10381634E+03
1.62000000E-05,i1,ch_e31,-8.06679019E+03
1.62000000E-05,i2,ch_e31,8.06505205E+03
1.62000000E-05,i1,ch_e61,-6.79829422E+03
1.62000000E-05,i2,ch_e61,6.57348438E+03
1.62000000E-05,i1,ch_e91,2.29407623E+02
1.62000000E-05,i2,ch_e91,-2.40382288E+02
1.63000000E-05,injectedCurrent,ch-base,5.00000000E+06
1.63000000E-05,voltage,ch-base,5.00000000E+06
1.63000000E-05,i1,ch_e1,-8.10851147E+03
1.63000000E-05,i2,ch_e1,8.11234861E+03
1.63000000E-05,i1,ch_e31,-8.07326906E+03
1.63000000E-05,i2,ch_e31,8.06872799E+03
1.63000000E-05,i1,ch_e61,-7.31821715E+03
1.63000000E-05,i2,ch_e61,7.17030414E+03
1.63000000E-05,i1,ch_e91,6.08347161E+01
1.63000000E-05,i2,ch_e91,-1.52415114E+02
1.64000000E-05,injectedCurrent,ch-base,5.00000000E+06
1.64000000E-05,voltage,ch-base,5.00000000E+06
1.64000000E-05,i1,ch_e1,-8.11375423E+03
1.64000000E-05,i2,ch_e1,8.10982709E+03
1.64000000E-05,i1,ch_e31,-8.08209317E+03
1.64000000E-05,i2,ch_e31,8.08128231E+03
1.64000000E-05,i1,ch_e61,-7.62931161E+03
1.64000000E-05,i2,ch_e61,7.54166030E+03
1.64000000E-05,i1,ch_e91,-4.81432424E+02
1.64000000E-05,i2,ch_e91,2.61998177E+02
1.65000000E-05,injectedCurrent,ch-base,5.00000000E+06
1.65000000E-05,voltage,ch-base,5.00000000E+06
1.65000000E-05,i1,ch_e1,-8.11343246E+03
1.65000000E-05,i2,ch_e1,8.11732713E+03
1.65000000E-05,i1,ch_e31,-8.08593349E+03
1.65000000E-05,i2,ch_e31,8.08203615E+03
1.65000000E-05,i1,ch_e61,-7.81111930E+03
1.65000000E-05,i2,ch_e61,7.76238369E+03
1.65000000E-05,i1,ch_e91,-1.23592035E+03
1.65000000E-05,i2,ch_e91,9.82484186E+02
1.66000000E-05,injectedCurrent,ch-base,5.00000000E+06
1.66000000E-05,voltage,ch-base,5.00000000E+06
1.66000000E-05,i1,ch_e1,-8.11778607E+03
1.66000000E-05,i2,ch_e1,8.11381718E+03
1.66000000E-05,i1,ch_e31,-8.09264413E+03
1.66000000E-05,i2,ch_e31,8.09245547E+03
1.66000000E-05,i1,ch_e61,-7.90268332E+03
1.66000000E-05,i2,ch_e61,7.87599416E+03
1.66000000E-05,i1,ch_e91,-1.92576138E+03
1.66000000E-05,i2,ch_e91,1.71185016E+03
1.67000000E-05,injectedCurrent,ch-base,5.00000000E+06
1.67000000E-05,voltage,ch-base,5.00000000E+06
1.67000000E-05,i1,ch_e1,-8.11655557E+03
1.67000000E-05,i2,ch_e1,8.12049907E+03
1.67000000E-05,i1,ch_e31,-8.09462867E+03
1.67000000E-05,i2,ch_e31,8.09116020E+03
1.67000000E-05,i1,ch_e61,-7.96014677E+03
1.67000000E-05,i2,ch_e61,7.94470087E+03
1.67000000E-05,i1,ch_e91,-2.51696277E+03
1.67000000E-05,i2,ch_e91,2.31822274E+03
1.68000000E-05,injectedCurrent,ch-base,5.00000000E+06
1.68000000E-05,voltage,ch-base,5.00000000E+06
1.68000000E-05,i1,ch_e1,-8.12019349E+03
1.68000000E-05,i2,ch_e1,8.11618890E+03
1.68000000E-05,i1,ch_e31,-8.09984249E+03
1.68000000E-05,i2,ch_e31,8.10009918E+03
1.68000000E-05,i1,ch_e61,-7.98683244E+03
1.68000000E-05,i2,ch_e61,7.97703978E+03
1.68000000E-05,i1,ch_e91,-3.21608693E+03
1.68000000E-05,i2,ch_e91,2.96098662E+03
1.69000000E-05,injectedCurrent,ch-base,5.00000000E+06
1.69000000E-05,voltage,ch-base,5.00000000E+06
1.69000000E-05,i1,ch_e1,-8.11823007E+03
1.69000000E-05,i2,ch_e1,8.12221352E+03
1.69000000E-05,i1,ch_e31,-8.10044565E+03
1.69000000E-05,i2,ch_e31,8.09727827E+03
1.69000000E-05,i1,ch_e61,-8.01234554E+03
1.69000000E-05,i2,ch_e61,8.00525944E+03
1.69000000E-05,i1,ch_e91,-4.10334874E+03
1.69000000E-05,i2,ch_e91,3.78837912E+03
1.70000000E-05,injectedCurrent,ch-base,5.00000000E+06
1.70000000E-05,voltage,ch-base,5.00000000E+06
1.70000000E-05,i1,ch_e1,-8.12128084E+03
1.70000000E-05,i2,ch_e1,8.11724767E+03
1.70000000E-05,i1,ch_e31,-8.10456218E+03
1.70000000E-05,i2,ch_e31,8.10515000E+03
1.70000000E-05,i1,ch_e61,-8.02240034E+03
1.70000000E-05,i2,ch_e61,8.01699747E+03
1.70000000E-05,i1,ch_e91,-5.10529654E+03
1.70000000E-05,i2,ch_e91,4.76980425E+03
1.71000000E-05,injectedCurrent,ch-base,5.00000000E+06
1.71000000E-05,voltage,ch-base,5.00000000E+06
1.71000000E-05,i1,ch_e1,-8.11872407E+03
1.71000000E-05,i2,ch_e1,8.12273816E+03
1.71000000E-05,i1,ch_e31,-8.10409369E+03
1.71000000E-05,i2,ch_e31,8.10114643E+03
1.71000000E-05,i1,ch_e61,-8.03905625E+03
1.71000000E-05,i2,ch_e61,8.03445997E+03
1.71000000E-05,i1,ch_e91,-6.03091976E+03
1.71000000E-05,i2,ch_e91,5.73919275E+03
1.72000000E-05,injectedCurrent,ch-base,5.00000000E+06
1.72000000E-05,voltage,ch-base,5.00000000E+06
1.72000000E-05,i1,ch_e1,-8.12128344E+03
1.72000000E-05,i2,ch_e1,8.11722988E+03
1.72000000E-05,i1,ch_e31,-8.10739049E+03
1.72000000E-05,i2,ch_e31,8.10823064E+03
1.72000000E-05,i1,ch_e61,-8.04309472E+03
1.72000000E-05,i2,ch_e61,8.03939495E+03
1.72000000E-05,i1,ch_e91,-6.77389496E+03
1.72000000E-05,i2,ch_e91,6.55031180E+03
1.73000000E-05,injectedCurrent,ch-base,5.00000000E+06
1.73000000E-05,voltage,ch-base,5.00000000E+06
1.73000000E-05,i1,ch_e1,-8.11824713E+03
1.73000000E-05,i2,ch_e1,8.12228190E+03
1.73000000E-05,i1,ch_e31,-8.10606069E+03
1.73000000E-05,i2,ch_e31,8.10328047E+03
1.73000000E-05,i1,ch_e61,-8.05597495E+03
1.73000000E-05,i2,ch_e61,8.05253493E+03
1.73000000E-05,i1,ch_e91,-7.27730190E+03
1.73000000E-05,i2,ch_e91,7.13296670E+03
1.74000000E-05,injectedCurrent,ch-base,5.00000000E+06
1.74000000E-05,voltage,ch-base,5.00000000E+06
1.74000000E-05,i1,ch_e1,-8.12038606E+03
1.74000000E-05,i2,ch_e1,8.11632144E+03
1.74000000E-05,i1,ch_e31,-8.10874170E+03
1.74000000E-05,i2,ch_e31,8.10977689E+03
1.74000000E-05,i1,ch_e61,-8.05660652E+03
1.74000000E-05,i2,ch_e61,8.05390588E+03
1.74000000E-05,i1,ch_e91,-7.59745317E+03
1.74000000E-05,i2,ch_e91,7.50691858E+03
1.75000000E-05,injectedCurrent,ch-base,5.00000000E+06
1.75000000E-05,voltage,ch-base,5.00000000E+06
1.75000000E-05,i1,ch_e1,-8.11696570E+03
1.75000000E-05,i2,ch_e1,8.12101032E+03
1.75000000E-05,i1,ch_e31,-8.10669601E+03
1.75000000E-05,i2,ch_e31,8.10404745E+03
1.75000000E-05,i1,ch_e61,-8.06733736E+03
1.75000000E-05,i2,ch_e61,8.06458285E+03
1.75000000E-05,i1,ch_e91,-7.76997949E+03
1.75000000E-05,i2,ch_e91,7.72317223E+03
1.76000000E-05,injectedCurrent,ch-base,5.00000000E+06
1.76000000E-05,voltage,ch-base,5.00000000E+06
1.76000000E-05,i1,ch_e1,-8.11873571E+03
1.76000000E-05,i2,ch_e1,8.11467052E+03
1.76000000E-05,i1,ch_e31,-8.10891933E+03
1.76000000E-05,i2,ch_e31,8.11010589E+03
1.76000000E-05,i1,ch_e61,-8.06557258E+03
1.76000000E-05,i2,ch_e61,8.06357922E+03
1.76000000E-05,i1,ch_e91,-7.87470985E+03
1.76000000E-05,i2,ch_e91,7.84416618E+03
1.77000000E-05,injectedCurrent,ch-base,5.00000000E+06
1.77000000E-05,voltage,ch-base,5.00000000E+06
1.77000000E-05,i1,ch_e1,-8.11501385E+03
1.77000000E-05,i2,ch_e1,8.11905644E+03
1.77000000E-05,i1,ch_e31,-8.10625751E+03
1.77000000E-05,i2,ch_e31,8.10371701E+03
1.77000000E-05,i1,ch_e61,-8.07499565E+03
1.77000000E-05,i2,ch_e61,8.07267054E+03
1.77000000E-05,i1,ch_e91,-7.92153285E+03
1.77000000E-05,i2,ch_e91,7.90882018E+03
1.78000000E-05,injectedCurrent,ch-base,5.00000000E+06
1.78000000E-05,voltage,ch-base,5.00000000E+06
1.78000000E-05,i1,ch_e1,-8.11645059E+03
1.78000000E-05,i2,ch_e1,8.11239670E+03
1.78000000E-05,i1,ch_e31,-8.10815271E+03
1.78000000E-05,i2,ch_e31,8.10945611E+03
1.78000000E-05,i1,ch_e61,-8.07134807E+03
1.78000000E-05,i2,ch_e61,8.06990824E+03
1.78000000E-05,i1,ch_e91,-7.96172888E+03
1.78000000E-05,i2,ch_e91,7.94788847E+03
1.79000000E-05,injectedCurrent,ch-base,5.00000000E+06
1.79000000E-05,voltage,ch-base,5.00000000E+06
1.79000000E-05,i1,ch_e1,-8.11250097E+03
1.79000000E-05,i2,ch_e1,8.11652841E+03
1.79000000E-05,i1,ch_e31,-8.10493983E+03
1.79000000E-05,i2,ch_e31,8.10249186E+03
1.79000000E-05,i1,ch_e61,-8.08002740E+03
1.79000000E-05,i2,ch_e61,8.07796156E+03
1.79000000E-05,i1,ch_e91,-7.97388022E+03
1.79000000E-05,i2,ch_e91,7.97054742E+03
1.80000000E-05,injectedCurrent,ch-base,5.00000000E+06
1.80000000E-05,voltage,ch-base,5.00000000E+06
1.80000000E-05,i1,ch_e1,-8.11362668E+03
1.80000000E-05,i2,ch_e1,8.10959741E+03
1.80000000E-05,i1,ch_e31,-8.10661984E+03
1.80000000E-05,i2,ch_e31,8.10801196E+03
1.80000000E-05,i1,ch_e61,-8.07475543E+03
1.80000000E-05,i2,ch_e61,8.07378440E+03
1.80000000E-05,i1,ch_e91,-7.99888190E+03
1.80000000E-05,i2,ch_e91,7.98884908E+03
1.81000000E-05,injectedCurrent,ch-base,5.00000000E+06
1.81000000E-05,voltage,ch-base,5.00000000E+06
1.81000000E-05,i1,ch_e1,-8.10951742E+03
1.81000000E-05,i2,ch_e1,8.11351515E+03
1.81000000E-05,i1,ch_e31,-8.10289219E+03
1.81000000E-05,i2,ch_e31,8.10052662E+03
1.81000000E-05,i1,ch_e61,-8.08313953E+03
1.81000000E-05,i2,ch_e61,8.08120782E+03
1.81000000E-05,i1,ch_e91,-7.99938340E+03
1.81000000E-05,i2,ch_e91,7.99949773E+03
1.82000000E-05,injectedCurrent,ch-base,5.00000000E+06
1.82000000E-05,voltage,ch-base,5.00000000E+06
1.82000000E-05,i1,ch_e1,-8.11034239E+03
1.82000000E-05,i2,ch_e1,8.10635272E+03
1.82000000E-05,i1,ch_e31,-8.10446232E+03
1.82000000E-05,i2,ch_e31,8.10592011E+03
1.82000000E-05,i1,ch_e61,-8.07632469E+03
1.82000000E-05,i2,ch_e61,8.07577667E+03
1.82000000E-05,i1,ch_e91,-8.02125080E+03
1.82000000E-05,i2,ch_e91,8.01206831E+03
1.83000000E-05,injectedCurrent,ch-base,5.00000000E+06
1.83000000E-05,voltage,ch-base,5.00000000E+06
1.83000000E-05,i1,ch_e1,-8.10613879E+03
1.83000000E-05,i2,ch_e1,8.11009055E+03
1.83000000E-05,i1,ch_e31,-8.10022982E+03
1.83000000E-05,i2,ch_e31,8.09793965E+03
1.83000000E-05,i1,ch_e61,-8.08483360E+03
1.83000000E-05,i2,ch_e61,8.08294058E+03
1.83000000E-05,i1,ch_e91,-8.01426581E+03
1.83000000E-05,i2,ch_e91,8.01649826E+03
1.84000000E-05,injectedCurrent,ch-base,5.00000000E+06
1.84000000E-05,voltage,ch-base,5.00000000E+06
1.84000000E-05,i1,ch_e1,-8.10666204E+03
1.84000000E-05,i2,ch_e1,8.10272884E+03
1.84000000E-05,i1,ch_e31,-8.10179587E+03
1.84000000E-05,i2,ch_e31,8.10330115E+03
1.84000000E-05,i1,ch_e61,-8.07640320E+03
1.84000000E-05,i2,ch_e61,8.07624970E+03
1.84000000E-05,i1,ch_e91,-8.03714786E+03
1.84000000E-05,i2,ch_e91,8.02811050E+03
1.85000000E-05,injectedCurrent,ch-base,5.00000000E+06
1.85000000E-05,voltage,ch-base,5.00000000E+06
1.85000000E-05,i1,ch_e1,-8.10242901E+03
1.85000000E-05,i2,ch_e1,8.10631666E+03
1.85000000E-05,i1,ch_e31,-8.09704162E+03
1.85000000E-05,i2,ch_e31,8.09482037E+03
1.85000000E-05,i1,ch_e61,-8.08549180E+03
1.85000000E-05,i2,ch_e61,8.08357336E+03
1.85000000E-05,i1,ch_e91,-8.02269889E+03
1.85000000E-05,i2,ch_e91,8.02635380E+03
1.86000000E-05,injectedCurrent,ch-base,5.00000000E+06
1.86000000E-05,voltage,ch-base,5.00000000E+06
1.86000000E-05,i1,ch_e1,-8.10263860E+03
1.86000000E-05,i2,ch_e1,8.09878080E+03
1.86000000E-05,i1,ch_e31,-8.09871757E+03
1.86000000E-05,i2,ch_e31,8.10025851E+03
1.86000000E-05,i1,ch_e61,-8.07521467E+03
1.86000000E-05,i2,ch_e61,8.07541732E+03
1.86000000E-05,i1,ch_e91,-8.04946179E+03
1.86000000E-05,i2,ch_e91,8.04075848E+03
1.87000000E-05,injectedCurrent,ch-base,5.00000000E+06
1.87000000E-05,voltage,ch-base,5.00000000E+06
1.87000000E-05,i1,ch_e1,-8.09844277E+03
1.87000000E-05,i2,ch_e1,8.10224604E+03
1.87000000E-05,i1,ch_e31,-8.09339560E+03
1.87000000E-05,i2,ch_e31,8.09123329E+03
1.87000000E-05,i1,ch_e61,-8.08542403E+03
1.87000000E-05,i2,ch_e61,8.08347034E+03
1.87000000E-05,i1,ch_e91,-8.02650764E+03
1.87000000E-05,i2,ch_e91,8.03042941E+03
1.88000000E-05,injectedCurrent,ch-base,5.00000000E+06
1.88000000E-05,voltage,ch-base,5.00000000E+06
1.88000000E-05,i1,ch_e1,-8.09831581E+03
1.88000000E-05,i2,ch_e1,8.09455458E+03
1.88000000E-05,i1,ch_e31,-8.09531111E+03
1.88000000E-05,i2,ch_e31,8.09688611E+03
1.88000000E-05,i1,ch_e61,-8.07289836E+03
1.88000000E-05,i2,ch_e61,8.07336106E+03
1.88000000E-05,i1,ch_e91,-8.05936888E+03
1.88000000E-05,i2,ch_e91,8.05229834E+03
1.89000000E-05,injectedCurrent,ch-base,5.00000000E+06
1.89000000E-05,voltage,ch-base,5.00000000E+06
1.89000000E-05,i1,ch_e1,-8.09422720E+03
1.89000000E-05,i2,ch_e1,8.09792359E+03
1.89000000E-05,i1,ch_e31,-8.08934286E+03
1.89000000E-05,i2,ch_e31,8.08721925E+03
1.89000000E-05,i1,ch_e61,-8.08488543E+03
1.89000000E-05,i2,ch_e61,8.08299957E+03
1.89000000E-05,i1,ch_e91,-8.02737238E+03
1.89000000E-05,i2,ch_e91,8.02921151E+03
1.90000000E-05,injectedCurrent,ch-base,5.00000000E+06
1.90000000E-05,voltage,ch-base,5.00000000E+06
1.90000000E-05,i1,ch_e1,-8.09372991E+03
1.90000000E-05,i2,ch_e1,8.09008868E+03
1.90000000E-05,i1,ch_e31,-8.09165018E+03
1.90000000E-05,i2,ch_e31,8.09327604E+03
1.90000000E-05,i1,ch_e61,-8.06955388E+03
1.90000000E-05,i2,ch_e61,8.07003155E+03
1.90000000E-05,i1,ch_e91,-8.06647994E+03
1.90000000E-05,i2,ch_e91,8.06398476E+03
1.91000000E-05,injectedCurrent,ch-base,5.00000000E+06
1.91000000E-05,voltage,ch-base,5.00000000E+06
1.91000000E-05,i1,ch_e1,-8.08982320E+03
1.91000000E-05,i2,ch_e1,8.09338805E+03
1.91000000E-05,i1,ch_e31,-8.08492154E+03
1.91000000E-05,i2,ch_e31,8.08279385E+03
1.91000000E-05,i1,ch_e61,-8.08405150E+03
1.91000000E-05,i2,ch_e61,8.08256832E+03
1.91000000E-05,i1,ch_e91,-8.02805071E+03
1.91000000E-05,i2,ch_e91,8.02376236E+03
1.92000000E-05,injectedCurrent,ch-base,5.00000000E+06
1.92000000E-05,voltage,ch-base,5.00000000E+06
1.92000000E-05,i1,ch_e1,-8.08891130E+03
1.92000000E-05,i2,ch_e1,8.08541553E+03
1.92000000E-05,i1,ch_e31,-8.08779876E+03
1.92000000E-05,i2,ch_e31,8.08952671E+03
1.92000000E-05,i1,ch_e61,-8.06532733E+03
1.92000000E-05,i2,ch_e61,8.06526295E+03
1.92000000E-05,i1,ch_e91,-8.06825985E+03
1.92000000E-05,i2,ch_e91,8.07494464E+03
1.93000000E-05,injectedCurrent,ch-base,5.00000000E+06
1.93000000E-05,voltage,ch-base,5.00000000E+06
1.93000000E-05,i1,ch_e1,-8.08526566E+03
1.93000000E-05,i2,ch_e1,8.08867265E+03
1.93000000E-05,i1,ch_e31,-8.08016386E+03
1.93000000E-05,i2,ch_e31,8.07794425E+03
1.93000000E-05,i1,ch_e61,-8.08291628E+03
1.93000000E-05,i2,ch_e61,8.08260540E+03
1.93000000E-05,i1,ch_e91,-8.03313933E+03
1.93000000E-05,i2,ch_e91,8.01770511E+03
1.94000000E-05,injectedCurrent,ch-base,5.00000000E+06
1.94000000E-05,voltage,ch-base,5.00000000E+06
1.94000000E-05,i1,ch_e1,-8.08388709E+03
1.94000000E-05,i2,ch_e1,8.08056330E+03
1.94000000E-05,i1,ch_e31,-8.08380492E+03
1.94000000E-05,i2,ch_e31,8.08575016E+03
1.94000000E-05,i1,ch_e61,-8.06058944E+03
1.94000000E-05,i2,ch_e61,8.05886752E+03
1.94000000E-05,i1,ch_e91,-8.06023422E+03
1.94000000E-05,i2,ch_e91,8.08037296E+03
1.95000000E-05,injectedCurrent,ch-base,5.00000000E+06
1.95000000E-05,voltage,ch-base,5.00000000E+06
1.95000000E-05,i1,ch_e1,-8.08058206E+03
1.95000000E-05,i2,ch_e1,8.08380488E+03
1.95000000E-05,i1,ch_e31,-8.07511091E+03
1.95000000E-05,i2,ch_e31,8.07262699E+03
1.95000000E-05,i1,ch_e61,-8.08106382E+03
1.95000000E-05,i2,ch_e61,8.08339799E+03
1.95000000E-05,i1,ch_e91,-8.04773437E+03
1.95000000E-05,i2,ch_e91,8.01875923E+03
1.96000000E-05,injectedCurrent,ch-base,5.00000000E+06
1.96000000E-05,voltage,ch-base,5.00000000E+06
1.96000000E-05,i1,ch_e1,-8.07868516E+03
1.96000000E-05,i2,ch_e1,8.07555828E+03
1.96000000E-05,i1,ch_e31,-8.07968205E+03
1.96000000E-05,i2,ch_e31,8.08207464E+03
1.96000000E-05,i1,ch_e61,-8.05625144E+03
1.96000000E-05,i2,ch_e61,8.05094242E+03
1.96000000E-05,i1,ch_e91,-8.03951456E+03
1.96000000E-05,i2,ch_e91,8.07171432E+03
1.97000000E-05,injectedCurrent,ch-base,5.00000000E+06
1.97000000E-05,voltage,ch-base,5.00000000E+06
1.97000000E-05,i1,ch_e1,-8.07578872E+03
1.97000000E-05,i2,ch_e1,8.07880493E+03
1.97000000E-05,i1,ch_e31,-8.06984481E+03
1.97000000E-05,i2,ch_e31,8.06677447E+03
1.97000000E-05,i1,ch_e61,-8.07730553E+03
1.97000000E-05,i2,ch_e61,8.08462564E+03
1.97000000E-05,i1,ch_e91,-8.07151698E+03
1.97000000E-05,i2,ch_e91,8.03570592E+03
1.98000000E-05,injectedCurrent,ch-base,5.00000000E+06
1.98000000E-05,voltage,ch-base,5.00000000E+06
1.98000000E-05,i1,ch_e1,-8.07334126E+03
1.98000000E-05,i2,ch_e1,8.07042908E+03
1.98000000E-05,i1,ch_e31,-8.07536459E+03
1.98000000E-05,i2,ch_e31,8.07862940E+03
1.98000000E-05,i1,ch_e61,-8.05414673E+03
1.98000000E-05,i2,ch_e61,8.04255010E+03
1.98000000E-05,i1,ch_e91,-8.01294520E+03
1.98000000E-05,i2,ch_e91,8.04409576E+03
1.99000000E-05,injectedCurrent,ch-base,5.00000000E+06
1.99000000E-05,voltage,ch-base,5.00000000E+06
1.99000000E-05,i1,ch_e1,-8.07088174E+03
1.99000000E-05,i2,ch_e1,8.07368095E+03
1.99000000E-05,i1,ch_e31,-8.06455474E+03
1.99000000E-05,i2,ch_e31,8.06033169E+03
1.99000000E-05,i1,ch_e61,-8.06940651E+03
1.99000000E-05,i2,ch_e61,8.08449453E+03
1.99000000E-05,i1,ch_e91,-8.09037854E+03
1.99000000E-05,i2,ch_e91,8.06637702E+03
2.00000000E-05,injectedCurrent,ch-base,5.00000000E+06
2.00000000E-05,voltage,ch-base,5.00000000E+06
2.00000000E-05,i1,ch_e1,-8.06791378E+03
2.00000000E-05,i2,ch_e1,8.06521504E+03
2.00000000E-05,i1,ch_e31,-8.07061957E+03
2.00000000E-05,i2,ch_e31,8.07548006E+03
2.00000000E-05,i1,ch_e61,-8.05702389E+03
2.00000000E-05,i2,ch_e61,8.03669294E+03
2.00000000E-05,i1,ch_e91,-8.00195382E+03
2.00000000E-05,i2,ch_e91,8.01106787E+03
2.01000000E-05,injectedCurrent,ch-base,5.00000000E+06
2.01000000E-05,voltage,ch-base,5.00000000E+06
2.01000000E-05,i1,ch_e1,-8.06581712E+03
2.01000000E-05,i2,ch_e1,8.06841784E+03
2.01000000E-05,i1,ch_e31,-8.05965455E+03
2.01000000E-05,i2,ch_e31,8.05336627E+03
2.01000000E-05,i1,ch_e61,-8.05466610E+03
2.01000000E-05,i2,ch_e61,8.07890236E+03
2.01000000E-05,i1,ch_e91,-8.08068636E+03
2.01000000E-05,i2,ch_e91,8.08574791E+03
2.02000000E-05,injectedCurrent,ch-base,5.00000000E+06
2.02000000E-05,voltage,ch-base,5.00000000E+06
2.02000000E-05,i1,ch_e1,-8.06251252E+03
2.02000000E-05,i2,ch_e1,8.05998336E+03
2.02000000E-05,i1,ch_e31,-8.06490423E+03
2.02000000E-05,i2,ch_e31,8.07246035E+03
2.02000000E-05,i1,ch_e61,-8.06705844E+03
2.02000000E-05,i2,ch_e61,8.03859140E+03
2.02000000E-05,i1,ch_e91,-8.02417431E+03
2.02000000E-05,i2,ch_e91,8.00493663E+03
2.03000000E-05,injectedCurrent,ch-base,5.00000000E+06
2.03000000E-05,voltage,ch-base,5.00000000E+06
2.03000000E-05,i1,ch_e1,-8.06047269E+03
2.03000000E-05,i2,ch_e1,8.06295472E+03
2.03000000E-05,i1,ch_e31,-8.05594375E+03
2.03000000E-05,i2,ch_e31,8.04631464E+03
2.03000000E-05,i1,ch_e61,-8.03264499E+03
2.03000000E-05,i2,ch_e61,8.06236799E+03
2.03000000E-05,i1,ch_e91,-8.04233985E+03
2.03000000E-05,i2,ch_e91,8.06639082E+03
2.04000000E-05,injectedCurrent,ch-base,5.00000000E+06
2.04000000E-05,voltage,ch-base,5.00000000E+06
2.04000000E-05,i1,ch_e1,-8.05735034E+03
2.04000000E-05,i2,ch_e1,8.05486064E+03
2.04000000E-05,i1,ch_e31,-8.05721312E+03
2.04000000E-05,i2,ch_e31,8.06883950E+03
2.04000000E-05,i1,ch_e61,-8.08179190E+03
2.04000000E-05,i2,ch_e61,8.05279370E+03
2.04000000E-05,i1,ch_e91,-8.05479753E+03
2.04000000E-05,i2,ch_e91,8.03280980E+03
2.05000000E-05,injectedCurrent,ch-base,5.00000000E+06
2.05000000E-05,voltage,ch-base,5.00000000E+06
2.05000000E-05,i1,ch_e1,-8.05458109E+03
2.05000000E-05,i2,ch_e1,8.05714335E+03
2.05000000E-05,i1,ch_e31,-8.05470627E+03
2.05000000E-05,i2,ch_e31,8.04039804E+03
2.05000000E-05,i1,ch_e61,-8.01015001E+03
2.05000000E-05,i2,ch_e61,8.03350110E+03
2.05000000E-05,i1,ch_e91,-8.02226971E+03
2.05000000E-05,i2,ch_e91,8.03388954E+03
2.06000000E-05,injectedCurrent,ch-base,5.00000000E+06
2.06000000E-05,voltage,ch-base,5.00000000E+06
2.06000000E-05,i1,ch_e1,-8.05282941E+03
2.06000000E-05,i2,ch_e1,8.05008799E+03
2.06000000E-05,i1,ch_e31,-8.04611766E+03
2.06000000E-05,i2,ch_e31,8.06286429E+03
2.06000000E-05,i1,ch_e61,-8.08952046E+03
2.06000000E-05,i2,ch_e61,8.07518620E+03
2.06000000E-05,i1,ch_e91,-8.04464371E+03
2.06000000E-05,i2,ch_e91,8.04052641E+03
2.07000000E-05,injectedCurrent,ch-base,5.00000000E+06
2.07000000E-05,voltage,ch-base,5.00000000E+06
2.07000000E-05,i1,ch_e1,-8.04762556E+03
2.07000000E-05,i2,ch_e1,8.05067963E+03
2.07000000E-05,i1,ch_e31,-8.05741292E+03
2.07000000E-05,i2,ch_e31,8.03802794E+03
2.07000000E-05,i1,ch_e61,-8.00309804E+03
2.07000000E-05,i2,ch_e61,8.00410431E+03
2.07000000E-05,i1,ch_e91,-8.04076839E+03
2.07000000E-05,i2,ch_e91,8.04431413E+03
2.08000000E-05,injectedCurrent,ch-base,5.00000000E+06
2.08000000E-05,voltage,ch-base,5.00000000E+06
2.08000000E-05,i1,ch_e1,-8.04965950E+03
2.08000000E-05,i2,ch_e1,8.04610220E+03
2.08000000E-05,i1,ch_e31,-8.03047978E+03
2.08000000E-05,i2,ch_e31,8.05158724E+03
2.08000000E-05,i1,ch_e61,-8.07339384E+03
2.08000000E-05,i2,ch_e61,8.08615928E+03
2.08000000E-05,i1,ch_e91,-8.02708877E+03
2.08000000E-05,i2,ch_e91,8.01242033E+03
2.09000000E-05,injectedCurrent,ch-base,5.00000000E+06
2.09000000E-05,voltage,ch-base,5.00000000E+06
2.09000000E-05,i1,ch_e1,-8.03872196E+03
2.09000000E-05,i2,ch_e1,8.04301761E+03
2.09000000E-05,i1,ch_e31,-8.06442903E+03
2.09000000E-05,i2,ch_e31,8.04246711E+03
2.09000000E-05,i1,ch_e61,-8.02355974E+03
2.09000000E-05,i2,ch_e61,7.99849309E+03
2.09000000E-05,i1,ch_e91,-8.02028484E+03
2.09000000E-05,i2,ch_e91,8.04557665E+03
2.10000000E-05,injectedCurrent,ch-base,5.00000000E+06
2.10000000E-05,voltage,ch-base,5.00000000E+06
2.10000000E-05,i1,ch_e1,-8.04894972E+03
2.10000000E-05,i2,ch_e1,8.04361258E+03
2.10000000E-05,i1,ch_e31,-8.01143120E+03
2.10000000E-05,i2,ch_e31,8.03208260E+03
2.10000000E-05,i1,ch_e61,-8.03359009E+03
2.10000000E-05,i2,ch_e61,8.06436232E+03
2.10000000E-05,i1,ch_e91,-8.06874169E+03
2.10000000E-05,i2,ch_e91,8.04520022E+03
2.11000000E-05,injectedCurrent,ch-base,5.00000000E+06
2.11000000E-05,voltage,ch-base,5.00000000E+06
2.11000000E-05,i1,ch_e1,-8.02660105E+03
2.11000000E-05,i2,ch_e1,8.03333051E+03
2.11000000E-05,i1,ch_e31,-8.07241552E+03
2.11000000E-05,i2,ch_e31,8.05536178E+03
2.11000000E-05,i1,ch_e61,-8.05337076E+03
2.11000000E-05,i2,ch_e61,8.02437607E+03
2.11000000E-05,i1,ch_e91,-7.97812346E+03
2.11000000E-05,i2,ch_e91,7.97803512E+03
2.12000000E-05,injectedCurrent,ch-base,5.00000000E+06
2.12000000E-05,voltage,ch-base,5.00000000E+06
2.12000000E-05,i1,ch_e1,-8.05207849E+03
2.12000000E-05,i2,ch_e1,8.04355641E+03
2.12000000E-05,i1,ch_e31,-7.99519256E+03
2.12000000E-05,i2,ch_e31,8.00538110E+03
2.12000000E-05,i1,ch_e61,-8.00588172E+03
2.12000000E-05,i2,ch_e61,8.02534900E+03
2.12000000E-05,i1,ch_e91,-8.04790314E+03
2.12000000E-05,i2,ch_e91,8.07758358E+03
2.13000000E-05,injectedCurrent,ch-base,5.00000000E+06
2.13000000E-05,voltage,ch-base,5.00000000E+06
2.13000000E-05,i1,ch_e1,-8.00999466E+03
2.13000000E-05,i2,ch_e1,8.02070943E+03
2.13000000E-05,i1,ch_e31,-8.07219298E+03
2.13000000E-05,i2,ch_e31,8.07157866E+03
2.13000000E-05,i1,ch_e61,-8.05013907E+03
2.13000000E-05,i2,ch_e61,8.04194915E+03
2.13000000E-05,i1,ch_e91,-8.05339667E+03
2.13000000E-05,i2,ch_e91,8.01316447E+03
2.14000000E-05,injectedCurrent,ch-base,5.00000000E+06
2.14000000E-05,voltage,ch-base,5.00000000E+06
2.14000000E-05,i1,ch_e1,-8.05991293E+03
2.14000000E-05,i2,ch_e1,8.04665186E+03
2.14000000E-05,i1,ch_e31,-7.99305398E+03
2.14000000E-05,i2,ch_e31,7.98181027E+03
2.14000000E-05,i1,ch_e61,-8.01845916E+03
2.14000000E-05,i2,ch_e61,8.01933825E+03
2.14000000E-05,i1,ch_e91,-7.96090390E+03
2.14000000E-05,i2,ch_e91,7.97587799E+03
2.15000000E-05,injectedCurrent,ch-base,5.00000000E+06
2.15000000E-05,voltage,ch-base,5.00000000E+06
2.15000000E-05,i1,ch_e1,-7.98896268E+03
2.15000000E-05,i2,ch_e1,8.00496985E+03
2.15000000E-05,i1,ch_e31,-8.05275904E+03
2.15000000E-05,i2,ch_e31,8.07583543E+03
2.15000000E-05,i1,ch_e61,-8.02181082E+03
2.15000000E-05,i2,ch_e61,8.01875234E+03
2.15000000E-05,i1,ch_e91,-8.05206031E+03
2.15000000E-05,i2,ch_e91,8.07537547E+03
2.16000000E-05,injectedCurrent,ch-base,5.00000000E+06
2.16000000E-05,voltage,ch-base,5.00000000E+06
2.16000000E-05,i1,ch_e1,-8.07081951E+03
2.16000000E-05,i2,ch_e1,8.05213492E+03
2.16000000E-05,i1,ch_e31,-8.01182332E+03
2.16000000E-05,i2,ch_e31,7.97925572E+03
2.16000000E-05,i1,ch_e61,-8.02130186E+03
2.16000000E-05,i2,ch_e61,8.03266395E+03
2.16000000E-05,i1,ch_e91,-8.04353643E+03
2.16000000E-05,i2,ch_e91,8.00684894E+03
2.17000000E-05,injectedCurrent,ch-base,5.00000000E+06
2.17000000E-05,voltage,ch-base,5.00000000E+06
2.17000000E-05,i1,ch_e1,-7.96753990E+03
2.17000000E-05,i2,ch_e1,7.98840139E+03
2.17000000E-05,i1,ch_e31,-8.01636859E+03
2.17000000E-05,i2,ch_e31,8.05278466E+03
2.17000000E-05,i1,ch_e61,-8.03558704E+03
2.17000000E-05,i2,ch_e61,8.01873242E+03
2.17000000E-05,i1,ch_e91,-7.96394404E+03
2.17000000E-05,i2,ch_e91,7.97582347E+03
2.18000000E-05,injectedCurrent,ch-base,5.00000000E+06
2.18000000E-05,voltage,ch-base,5.00000000E+06
2.18000000E-05,i1,ch_e1,-8.07762027E+03
2.18000000E-05,i2,ch_e1,8.05565150E+03
2.18000000E-05,i1,ch_e31,-8.03632759E+03
2.18000000E-05,i2,ch_e31,8.00335795E+03
2.18000000E-05,i1,ch_e61,-7.98216177E+03
2.18000000E-05,i2,ch_e61,7.99019329E+03
2.18000000E-05,i1,ch_e91,-8.02650348E+03
2.18000000E-05,i2,ch_e91,8.04066624E+03
2.19000000E-05,injectedCurrent,ch-base,5.00000000E+06
2.19000000E-05,voltage,ch-base,5.00000000E+06
2.19000000E-05,i1,ch_e1,-7.95649852E+03
2.19000000E-05,i2,ch_e1,7.97782926E+03
2.19000000E-05,i1,ch_e31,-7.99120682E+03
2.19000000E-05,i2,ch_e31,8.01330869E+03
2.19000000E-05,i1,ch_e61,-8.04411641E+03
2.19000000E-05,i2,ch_e61,8.05878521E+03
2.19000000E-05,i1,ch_e91,-8.02978637E+03
2.19000000E-05,i2,ch_e91,8.01893063E+03
2.20000000E-05,injectedCurrent,ch-base,5.00000000E+06
2.20000000E-05,voltage,ch-base,5.00000000E+06
2.20000000E-05,i1,ch_e1,-8.06634946E+03
2.20000000E-05,i2,ch_e1,8.04804099E+03
2.20000000E-05,i1,ch_e31,-8.03197486E+03
2.20000000E-05,i2,ch_e31,8.02472193E+03
2.20000000E-05,i1,ch_e61,-8.01422325E+03
2.20000000E-05,i2,ch_e61,7.97790948E+03
2.20000000E-05,i1,ch_e91,-8.00535179E+03
2.20000000E-05,i2,ch_e91,8.00316098E+03
2.21000000E-05,injectedCurrent,ch-base,5.00000000E+06
2.21000000E-05,voltage,ch-base,5.00000000E+06
2.21000000E-05,i1,ch_e1,-7.97127527E+03
2.21000000E-05,i2,ch_e1,7.98375881E+03
2.21000000E-05,i1,ch_e31,-8.00450125E+03
2.21000000E-05,i2,ch_e31,7.99800629E+03
2.21000000E-05,i1,ch_e61,-7.96070204E+03
2.21000000E-05,i2,ch_e61,7.99521735E+03
2.21000000E-05,i1,ch_e91,-7.99088779E+03
2.21000000E-05,i2,ch_e91,7.98287486E+03
2.22000000E-05,injectedCurrent,ch-base,5.00000000E+06
2.22000000E-05,voltage,ch-base,5.00000000E+06
2.22000000E-05,i1,ch_e1,-8.02368393E+03
2.22000000E-05,i2,ch_e1,8.01974946E+03
2.22000000E-05,i1,ch_e31,-7.99572850E+03
2.22000000E-05,i2,ch_e31,8.00955310E+03
2.22000000E-05,i1,ch_e61,-8.06737329E+03
2.22000000E-05,i2,ch_e61,8.06268751E+03
2.22000000E-05,i1,ch_e91,-7.97658963E+03
2.22000000E-05,i2,ch_e91,7.98862968E+03
2.23000000E-05,injectedCurrent,ch-base,5.00000000E+06
2.23000000E-05,voltage,ch-base,5.00000000E+06
2.23000000E-05,i1,ch_e1,-8.01772425E+03
2.23000000E-05,i2,ch_e1,8.01118799E+03
2.23000000E-05,i1,ch_e31,-8.02510906E+03
2.23000000E-05,i2,ch_e31,8.01132647E+03
2.23000000E-05,i1,ch_e61,-7.97823501E+03
2.23000000E-05,i2,ch_e61,7.94860896E+03
2.23000000E-05,i1,ch_e91,-8.03449900E+03
2.23000000E-05,i2,ch_e91,8.05474316E+03
2.24000000E-05,injectedCurrent,ch-base,5.00000000E+06
2.24000000E-05,voltage,ch-base,5.00000000E+06
2.24000000E-05,i1,ch_e1,-7.95748439E+03
2.24000000E-05,i2,ch_e1,7.97477145E+03
2.24000000E-05,i1,ch_e31,-7.98448967E+03
2.24000000E-05,i2,ch_e31,7.99543812E+03
2.24000000E-05,i1,ch_e61,-7.96818780E+03
2.24000000E-05,i2,ch_e61,8.00161592E+03
2.24000000E-05,i1,ch_e91,-8.04808092E+03
2.24000000E-05,i2,ch_e91,8.01827606E+03
2.25000000E-05,injectedCurrent,ch-base,5.00000000E+06
2.25000000E-05,voltage,ch-base,5.00000000E+06
2.25000000E-05,i1,ch_e1,-8.06948492E+03
2.25000000E-05,i2,ch_e1,8.04343628E+03
2.25000000E-05,i1,ch_e31,-8.00160015E+03
2.25000000E-05,i2,ch_e31,7.98735724E+03
2.25000000E-05,i1,ch_e61,-8.04484553E+03
2.25000000E-05,i2,ch_e61,8.04280344E+03
2.25000000E-05,i1,ch_e91,-7.93257374E+03
2.25000000E-05,i2,ch_e91,7.90586147E+03
2.26000000E-05,injectedCurrent,ch-base,5.00000000E+06
2.26000000E-05,voltage,ch-base,5.00000000E+06
2.26000000E-05,i1,ch_e1,-7.91252028E+03
2.26000000E-05,i2,ch_e1,7.94303310E+03
2.26000000E-05,i1,ch_e31,-8.00367961E+03
2.26000000E-05,i2,ch_e31,8.03278762E+03
2.26000000E-05,i1,ch_e61,-7.99111832E+03
2.26000000E-05,i2,ch_e61,7.96178688E+03
2.26000000E-05,i1,ch_e91,-7.92178739E+03
2.26000000E-05,i2,ch_e91,7.96359129E+03
2.27000000E-05,injectedCurrent,ch-base,5.00000000E+06
2.27000000E-05,voltage,ch-base,5.00000000E+06
2.27000000E-05,i1,ch_e1,-8.07196186E+03
2.27000000E-05,i2,ch_e1,8.04267311E+03
2.27000000E-05,i1,ch_e31,-7.99256502E+03
2.27000000E-05,i2,ch_e31,7.94200768E+03
2.27000000E-05,i1,ch_e61,-7.95137645E+03
2.27000000E-05,i2,ch_e61,7.97865544E+03
2.27000000E-05,i1,ch_e91,-8.05898792E+03
2.27000000E-05,i2,ch_e91,8.08709415E+03
2.28000000E-05,injectedCurrent,ch-base,5.00000000E+06
2.28000000E-05,voltage,ch-base,5.00000000E+06
2.28000000E-05,i1,ch_e1,-7.93496112E+03
2.28000000E-05,i2,ch_e1,7.95780609E+03
2.28000000E-05,i1,ch_e31,-7.96607019E+03
2.28000000E-05,i2,ch_e31,8.02805990E+03
2.28000000E-05,i1,ch_e61,-8.02022017E+03
2.28000000E-05,i2,ch_e61,8.01203975E+03
2.28000000E-05,i1,ch_e91,-8.07765456E+03
2.28000000E-05,i2,ch_e91,8.04856454E+03
2.29000000E-05,injectedCurrent,ch-base,5.00000000E+06
2.29000000E-05,voltage,ch-base,5.00000000E+06
2.29000000E-05,i1,ch_e1,-8.01126053E+03
2.29000000E-05,i2,ch_e1,7.99737437E+03
2.29000000E-05,i1,ch_e31,-8.03143594E+03
2.29000000E-05,i2,ch_e31,7.98377494E+03
2.29000000E-05,i1,ch_e61,-7.98560681E+03
2.29000000E-05,i2,ch_e61,7.99436899E+03
2.29000000E-05,i1,ch_e91,-7.96391865E+03
2.29000000E-05,i2,ch_e91,7.92757934E+03
2.30000000E-05,injectedCurrent,ch-base,5.00000000E+06
2.30000000E-05,voltage,ch-base,5.00000000E+06
2.30000000E-05,i1,ch_e1,-7.98824756E+03
2.30000000E-05,i2,ch_e1,7.99477280E+03
2.30000000E-05,i1,ch_e31,-7.95717128E+03
2.30000000E-05,i2,ch_e31,7.96676294E+03
2.30000000E-05,i1,ch_e61,-8.00016909E+03
2.30000000E-05,i2,ch_e61,7.97960064E+03
2.30000000E-05,i1,ch_e91,-7.89439415E+03
2.30000000E-05,i2,ch_e91,7.90048576E+03
2.31000000E-05,injectedCurrent,ch-base,5.00000000E+06
2.31000000E-05,voltage,ch-base,5.00000000E+06
2.31000000E-05,i1,ch_e1,-7.97132951E+03
2.31000000E-05,i2,ch_e1,7.96714657E+03
2.31000000E-05,i1,ch_e31,-7.95226869E+03
2.31000000E-05,i2,ch_e31,7.97918562E+03
2.31000000E-05,i1,ch_e61,-7.94566121E+03
2.31000000E-05,i2,ch_e61,7.95372488E+03
2.31000000E-05,i1,ch_e91,-7.92035130E+03
2.31000000E-05,i2,ch_e91,7.92610301E+03
2.32000000E-05,injectedCurrent,ch-base,5.00000000E+06
2.32000000E-05,voltage,ch-base,5.00000000E+06
2.32000000E-05,i1,ch_e1,-7.97614003E+03
2.32000000E-05,i2,ch_e1,7.98321563E+03
2.32000000E-05,i1,ch_e31,-8.06859043E+03
2.32000000E-05,i2,ch_e31,8.03444355E+03
2.32000000E-05,i1,ch_e61,-7.96370541E+03
2.32000000E-05,i2,ch_e61,7.96723745E+03
2.32000000E-05,i1,ch_e91,-7.94429850E+03
2.32000000E-05,i2,ch_e91,7.96816431E+03
2.33000000E-05,injectedCurrent,ch-base,5.00000000E+06
2.33000000E-05,voltage,ch-base,5.00000000E+06
2.33000000E-05,i1,ch_e1,-8.00132920E+03
2.33000000E-05,i2,ch_e1,7.99015192E+03
2.33000000E-05,i1,ch_e31,-7.87954858E+03
2.33000000E-05,i2,ch_e31,7.89215193E+03
2.33000000E-05,i1,ch_e61,-8.02881861E+03
2.33000000E-05,i2,ch_e61,8.06254119E+03
2.33000000E-05,i1,ch_e91,-8.02831566E+03
2.33000000E-05,i2,ch_e91,8.06436458E+03
2.34000000E-05,injectedCurrent,ch-base,5.00000000E+06
2.34000000E-05,voltage,ch-base,5.00000000E+06
2.34000000E-05,i1,ch_e1,-7.94599906E+03
2.34000000E-05,i2,ch_e1,7.95637880E+03
2.34000000E-05,i1,ch_e31,-8.01742678E+03
2.34000000E-05,i2,ch_e31,8.02200899E+03
2.34000000E-05,i1,ch_e61,-8.00439410E+03
2.34000000E-05,i2,ch_e61,7.94086417E+03
2.34000000E-05,i1,ch_e91,-8.15899601E+03
2.34000000E-05,i2,ch_e91,8.20958650E+03
2.35000000E-05,injectedCurrent,ch-base,5.00000000E+06
2.35000000E-05,voltage,ch-base,5.00000000E+06
2.35000000E-05,i1,ch_e1,-7.96668987E+03
2.35000000E-05,i2,ch_e1,7.96507295E+03
2.35000000E-05,i1,ch_e31,-7.98460706E+03
2.35000000E-05,i2,ch_e31,7.99364530E+03
2.35000000E-05,i1,ch_e61,-7.89388929E+03
2.35000000E-05,i2,ch_e61,7.90431594E+03
2.35000000E-05,i1,ch_e91,-8.24264996E+03
2.35000000E-05,i2,ch_e91,8.21332511E+03
2.36000000E-05,injectedCurrent,ch-base,5.00000000E+06
2.36000000E-05,voltage,ch-base,5.00000000E+06
2.36000000E-05,i1,ch_e1,-8.02673659E+03
2.36000000E-05,i2,ch_e1,8.01615739E+03
2.36000000E-05,i1,ch_e31,-7.94876541E+03
2.36000000E-05,i2,ch_e31,7.91312400E+03
2.36000000E-05,i1,ch_e61,-7.90517085E+03
2.36000000E-05,i2,ch_e61,7.93533925E+03
2.36000000E-05,i1,ch_e91,-8.09114424E+03
2.36000000E-05,i2,ch_e91,8.00464420E+03
2.37000000E-05,injectedCurrent,ch-base,5.00000000E+06
2.37000000E-05,voltage,ch-base,5.00000000E+06
2.37000000E-05,i1,ch_e1,-7.87624797E+03
2.37000000E-05,i2,ch_e1,7.89151268E+03
2.37000000E-05,i1,ch_e31,-7.96084383E+03
2.37000000E-05,i2,ch_e31,7.99712140E+03
2.37000000E-05,i1,ch_e61,-8.07805342E+03
2.37000000E-05,i2,ch_e61,8.10356475E+03
2.37000000E-05,i1,ch_e91,-7.74623863E+03
2.37000000E-05,i2,ch_e91,7.59272234E+03
2.38000000E-05,injectedCurrent,ch-base,5.00000000E+06
2.38000000E-05,voltage,ch-base,5.00000000E+06
2.38000000E-05,i1,ch_e1,-8.01655290E+03
2.38000000E-05,i2,ch_e1,8.01261947E+03
2.38000000E-05,i1,ch_e31,-7.96032366E+03
2.38000000E-05,i2,ch_e31,7.94783345E+03
2.38000000E-05,i1,ch_e61,-7.99819255E+03
2.38000000E-05,i2,ch_e61,7.96340529E+03
2.38000000E-05,i1,ch_e91,-7.31336085E+03
2.38000000E-05,i2,ch_e91,7.18564586E+03
2.39000000E-05,injectedCurrent,ch-base,5.00000000E+06
2.39000000E-05,voltage,ch-base,5.00000000E+06
2.39000000E-05,i1,ch_e1,-7.99884901E+03
2.39000000E-05,i2,ch_e1,7.97979858E+03
2.39000000E-05,i1,ch_e31,-7.98652958E+03
2.39000000E-05,i2,ch_e31,7.99087599E+03
2.39000000E-05,i1,ch_e61,-7.96532027E+03
2.39000000E-05,i2,ch_e61,7.93061584E+03
2.39000000E-05,i1,ch_e91,-6.88787387E+03
2.39000000E-05,i2,ch_e91,6.72907975E+03
2.40000000E-05,injectedCurrent,ch-base,5.00000000E+06
2.40000000E-05,voltage,ch-base,5.00000000E+06
2.40000000E-05,i1,ch_e1,-7.84297865E+03
2.40000000E-05,i2,ch_e1,7.87906373E+03
2.40000000E-05,i1,ch_e31,-7.95766248E+03
2.40000000E-05,i2,ch_e31,7.94276334E+03
2.40000000E-05,i1,ch_e61,-7.84180925E+03
2.40000000E-05,i2,ch_e61,7.86657093E+03
2.40000000E-05,i1,ch_e91,-6.44537925E+03
2.40000000E-05,i2,ch_e91,6.28847141E+03
2.41000000E-05,injectedCurrent,ch-base,5.00000000E+06
2.41000000E-05,voltage,ch-base,5.00000000E+06
2.41000000E-05,i1,ch_e1,-8.04814599E+03
2.41000000E-05,i2,ch_e1,8.01677927E+03
2.41000000E-05,i1,ch_e31,-7.91081172E+03
2.41000000E-05,i2,ch_e31,7.91328384E+03
2.41000000E-05,i1,ch_e61,-7.92748017E+03
2.41000000E-05,i2,ch_e61,7.90212896E+03
2.41000000E-05,i1,ch_e91,-5.86899354E+03
2.41000000E-05,i2,ch_e91,5.63954589E+03
2.42000000E-05,injectedCurrent,ch-base,5.00000000E+06
2.42000000E-05,voltage,ch-base,5.00000000E+06
2.42000000E-05,i1,ch_e1,-7.96469606E+03
2.42000000E-05,i2,ch_e1,7.97377032E+03
2.42000000E-05,i1,ch_e31,-7.94395581E+03
2.42000000E-05,i2,ch_e31,7.96425355E+03
2.42000000E-05,i1,ch_e61,-7.89405730E+03
2.42000000E-05,i2,ch_e61,7.94853568E+03
2.42000000E-05,i1,ch_e91,-5.21216781E+03
2.42000000E-05,i2,ch_e91,4.96967759E+03
2.43000000E-05,injectedCurrent,ch-base,5.00000000E+06
2.43000000E-05,voltage,ch-base,5.00000000E+06
2.43000000E-05,i1,ch_e1,-7.85418271E+03
2.43000000E-05,i2,ch_e1,7.86188707E+03
2.43000000E-05,i1,ch_e31,-8.03928438E+03
2.43000000E-05,i2,ch_e31,8.04665437E+03
2.43000000E-05,i1,ch_e61,-8.00621971E+03
2.43000000E-05,i2,ch_e61,8.02329245E+03
2.43000000E-05,i1,ch_e91,-4.39912759E+03
2.43000000E-05,i2,ch_e91,4.13480079E+03
2.44000000E-05,injectedCurrent,ch-base,5.00000000E+06
2.44000000E-05,voltage,ch-base,5.00000000E+06
2.44000000E-05,i1,ch_e1,-8.00790754E+03
2.44000000E-05,i2,ch_e1,8.00576047E+03
2.44000000E-05,i1,ch_e31,-7.91476644E+03
2.44000000E-05,i2,ch_e31,7.87301508E+03
2.44000000E-05,i1,ch_e61,-8.16670799E+03
2.44000000E-05,i2,ch_e61,8.22972629E+03
2.44000000E-05,i1,ch_e91,-3.69773541E+03
2.44000000E-05,i2,ch_e91,3.45711906E+03
2.45000000E-05,injectedCurrent,ch-base,5.00000000E+06
2.45000000E-05,voltage,ch-base,5.00000000E+06
2.45000000E-05,i1,ch_e1,-7.97617121E+03
2.45000000E-05,i2,ch_e1,7.96056208E+03
2.45000000E-05,i1,ch_e31,-7.88551218E+03
2.45000000E-05,i2,ch_e31,7.87079123E+03
2.45000000E-05,i1,ch_e61,-8.19092095E+03
2.45000000E-05,i2,ch_e61,8.15589537E+03
2.45000000E-05,i1,ch_e91,-2.95855242E+03
2.45000000E-05,i2,ch_e91,2.77208609E+03
2.46000000E-05,injectedCurrent,ch-base,5.00000000E+06
2.46000000E-05,voltage,ch-base,5.00000000E+06
2.46000000E-05,i1,ch_e1,-7.88530619E+03
2.46000000E-05,i2,ch_e1,7.90843926E+03
2.46000000E-05,i1,ch_e31,-7.91300363E+03
2.46000000E-05,i2,ch_e31,7.98791296E+03
2.46000000E-05,i1,ch_e61,-8.08556414E+03
2.46000000E-05,i2,ch_e61,7.98450317E+03
2.46000000E-05,i1,ch_e91,-2.49260070E+03
2.46000000E-05,i2,ch_e91,2.32033966E+03
2.47000000E-05,injectedCurrent,ch-base,5.00000000E+06
2.47000000E-05,voltage,ch-base,5.00000000E+06
2.47000000E-05,i1,ch_e1,-7.93656125E+03
2.47000000E-05,i2,ch_e1,7.91828527E+03
2.47000000E-05,i1,ch_e31,-8.00193374E+03
2.47000000E-05,i2,ch_e31,7.99195283E+03
2.47000000E-05,i1,ch_e61,-7.69077911E+03
2.47000000E-05,i2,ch_e61,7.56433823E+03
2.47000000E-05,i1,ch_e91,-2.01365654E+03
2.47000000E-05,i2,ch_e91,1.93014437E+03
2.48000000E-05,injectedCurrent,ch-base,5.00000000E+06
2.48000000E-05,voltage,ch-base,5.00000000E+06
2.48000000E-05,i1,ch_e1,-7.94496878E+03
2.48000000E-05,i2,ch_e1,7.96280645E+03
2.48000000E-05,i1,ch_e31,-8.03733903E+03
2.48000000E-05,i2,ch_e31,7.98452350E+03
2.48000000E-05,i1,ch_e61,-7.31022574E+03
2.48000000E-05,i2,ch_e61,7.16749284E+03
2.48000000E-05,i1,ch_e91,-1.77952043E+03
2.48000000E-05,i2,ch_e91,1.66562520E+03
2.49000000E-05,injectedCurrent,ch-base,5.00000000E+06
2.49000000E-05,voltage,ch-base,5.00000000E+06
2.49000000E-05,i1,ch_e1,-7.98071136E+03
2.49000000E-05,i2,ch_e1,7.95853607E+03
2.49000000E-05,i1,ch_e31,-7.86592006E+03
2.49000000E-05,i2,ch_e31,7.89219353E+03
2.49000000E-05,i1,ch_e61,-6.88911114E+03
2.49000000E-05,i2,ch_e61,6.74980564E+03
2.49000000E-05,i1,ch_e91,-1.53257255E+03
2.49000000E-05,i2,ch_e91,1.50815099E+03
2.50000000E-05,injectedCurrent,ch-base,5.00000000E+06
2.50000000E-05,voltage,ch-base,5.00000000E+06
2.50000000E-05,i1,ch_e1,-7.91721652E+03
2.50000000E-05,i2,ch_e1,7.93136568E+03
2.50000000E-05,i1,ch_e31,-7.83747235E+03
2.50000000E-05,i2,ch_e31,7.80511598E+03
2.50000000E-05,i1,ch_e61,-6.45530157E+03
2.50000000E-05,i2,ch_e61,6.28677946E+03
2.50000000E-05,i1,ch_e91,-1.38680997E+03
2.50000000E-05,i2,ch_e91,1.31346975E+03
2.51000000E-05,injectedCurrent,ch-base,5.00000000E+06
2.51000000E-05,voltage,ch-base,5.00000000E+06
2.51000000E-05,i1,ch_e1,-7.82723662E+03
2.51000000E-05,i2,ch_e1,7.82384706E+03
2.51000000E-05,i1,ch_e31,-7.92367909E+03
2.51000000E-05,i2,ch_e31,7.92353658E+03
2.51000000E-05,i1,ch_e61,-5.86712382E+03
2.51000000E-05,i2,ch_e61,5.65389308E+03
2.51000000E-05,i1,ch_e91,-1.29880731E+03
2.51000000E-05,i2,ch_e91,1.28297964E+03
2.52000000E-05,injectedCurrent,ch-base,5.00000000E+06
2.52000000E-05,voltage,ch-base,5.00000000E+06
2.52000000E-05,i1,ch_e1,-7.95593438E+03
2.52000000E-05,i2,ch_e1,7.97531560E+03
2.52000000E-05,i1,ch_e31,-7.84601043E+03
2.52000000E-05,i2,ch_e31,7.89590231E+03
2.52000000E-05,i1,ch_e61,-5.24009863E+03
2.52000000E-05,i2,ch_e61,4.97679548E+03
2.52000000E-05,i1,ch_e91,-1.15472253E+03
2.52000000E-05,i2,ch_e91,1.12070184E+03
2.53000000E-05,injectedCurrent,ch-base,5.00000000E+06
2.53000000E-05,voltage,ch-base,5.00000000E+06
2.53000000E-05,i1,ch_e1,-8.08202775E+03
2.53000000E-05,i2,ch_e1,8.03912369E+03
2.53000000E-05,i1,ch_e31,-7.96864557E+03
2.53000000E-05,i2,ch_e31,8.00664687E+03
2.53000000E-05,i1,ch_e61,-4.42286924E+03
2.53000000E-05,i2,ch_e61,4.19420211E+03
2.53000000E-05,i1,ch_e91,-1.14854063E+03
2.53000000E-05,i2,ch_e91,1.11621653E+03
2.54000000E-05,injectedCurrent,ch-base,5.00000000E+06
2.54000000E-05,voltage,ch-base,5.00000000E+06
2.54000000E-05,i1,ch_e1,-7.85976043E+03
2.54000000E-05,i2,ch_e1,7.88716396E+03
2.54000000E-05,i1,ch_e31,-8.17062149E+03
2.54000000E-05,i2,ch_e31,8.19515887E+03
2.54000000E-05,i1,ch_e61,-3.69991215E+03
2.54000000E-05,i2,ch_e61,3.44221907E+03
2.54000000E-05,i1,ch_e91,-1.02105357E+03
2.54000000E-05,i2,ch_e91,1.01619128E+03
2.55000000E-05,injectedCurrent,ch-base,5.00000000E+06
2.55000000E-05,voltage,ch-base,5.00000000E+06
2.55000000E-05,i1,ch_e1,-7.73413743E+03
2.55000000E-05,i2,ch_e1,7.73246689E+03
2.55000000E-05,i1,ch_e31,-8.19432842E+03
2.55000000E-05,i2,ch_e31,8.18569288E+03
2.55000000E-05,i1,ch_e61,-3.07833499E+03
2.55000000E-05,i2,ch_e61,2.88876491E+03
2.55000000E-05,i1,ch_e91,-1.01229930E+03
2.55000000E-05,i2,ch_e91,9.74673688E+02
2.56000000E-05,injectedCurrent,ch-base,5.00000000E+06
2.56000000E-05,voltage,ch-base,5.00000000E+06
2.56000000E-05,i1,ch_e1,-7.93095284E+03
2.56000000E-05,i2,ch_e1,7.95226166E+03
2.56000000E-05,i1,ch_e31,-7.99801430E+03
2.56000000E-05,i2,ch_e31,7.88963724E+03
2.56000000E-05,i1,ch_e61,-2.47335787E+03
2.56000000E-05,i2,ch_e61,2.34784696E+03
2.56000000E-05,i1,ch_e91,-9.40471206E+02
2.56000000E-05,i2,ch_e91,9.36973672E+02
2.57000000E-05,injectedCurrent,ch-base,5.00000000E+06
2.57000000E-05,voltage,ch-base,5.00000000E+06
2.57000000E-05,i1,ch_e1,-8.10111383E+03
2.57000000E-05,i2,ch_e1,8.05725792E+03
2.57000000E-05,i1,ch_e31,-7.68003009E+03
2.57000000E-05,i2,ch_e31,7.55589773E+03
2.57000000E-05,i1,ch_e61,-2.11497704E+03
2.57000000E-05,i2,ch_e61,1.96928785E+03
2.57000000E-05,i1,ch_e91,-9.05549439E+02
2.57000000E-05,i2,ch_e91,8.82164153E+02
2.58000000E-05,injectedCurrent,ch-base,5.00000000E+06
2.58000000E-05,voltage,ch-base,5.00000000E+06
2.58000000E-05,i1,ch_e1,-7.96803176E+03
2.58000000E-05,i2,ch_e1,7.99506789E+03
2.58000000E-05,i1,ch_e31,-7.28701313E+03
2.58000000E-05,i2,ch_e31,7.14098200E+03
2.58000000E-05,i1,ch_e61,-1.86436661E+03
2.58000000E-05,i2,ch_e61,1.80176790E+03
2.58000000E-05,i1,ch_e91,-8.53903441E+02
2.58000000E-05,i2,ch_e91,8.44373948E+02
2.59000000E-05,injectedCurrent,ch-base,5.00000000E+06
2.59000000E-05,voltage,ch-base,5.00000000E+06
2.59000000E-05,i1,ch_e1,-7.83450182E+03
2.59000000E-05,i2,ch_e1,7.81207443E+03
2.59000000E-05,i1,ch_e31,-6.92915116E+03
2.59000000E-05,i2,ch_e31,6.79693956E+03
2.59000000E-05,i1,ch_e61,-1.54305645E+03
2.59000000E-05,i2,ch_e61,1.50363976E+03
2.59000000E-05,i1,ch_e91,-8.46922009E+02
2.59000000E-05,i2,ch_e91,8.23036616E+02
2.60000000E-05,injectedCurrent,ch-base,5.00000000E+06
2.60000000E-05,voltage,ch-base,5.00000000E+06
2.60000000E-05,i1,ch_e1,-7.77886434E+03
2.60000000E-05,i2,ch_e1,7.80986526E+03
2.60000000E-05,i1,ch_e31,-6.41496839E+03
2.60000000E-05,i2,ch_e31,6.26103419E+03
2.60000000E-05,i1,ch_e61,-1.48775832E+03
2.60000000E-05,i2,ch_e61,1.40687457E+03
2.60000000E-05,i1,ch_e91,-7.71088670E+02
2.60000000E-05,i2,ch_e91,7.78434566E+02
2.61000000E-05,injectedCurrent,ch-base,5.00000000E+06
2.61000000E-05,voltage,ch-base,5.00000000E+06
2.61000000E-05,i1,ch_e1,-7.77028333E+03
2.61000000E-05,i2,ch_e1,7.74101242E+03
2.61000000E-05,i1,ch_e31,-5.84757620E+03
2.61000000E-05,i2,ch_e31,5.63531239E+03
2.61000000E-05,i1,ch_e61,-1.35949889E+03
2.61000000E-05,i2,ch_e61,1.34567901E+03
2.61000000E-05,i1,ch_e91,-7.72703944E+02
2.61000000E-05,i2,ch_e91,7.35770569E+02
2.62000000E-05,injectedCurrent,ch-base,5.00000000E+06
2.62000000E-05,voltage,ch-base,5.00000000E+06
2.62000000E-05,i1,ch_e1,-7.79301428E+03
2.62000000E-05,i2,ch_e1,7.83924314E+03
2.62000000E-05,i1,ch_e31,-5.24784006E+03
2.62000000E-05,i2,ch_e31,4.95536860E+03
2.62000000E-05,i1,ch_e61,-1.21952973E+03
2.62000000E-05,i2,ch_e61,1.20216069E+03
2.62000000E-05,i1,ch_e91,-7.51415051E+02
2.62000000E-05,i2,ch_e91,7.56931752E+02
2.63000000E-05,injectedCurrent,ch-base,5.00000000E+06
2.63000000E-05,voltage,ch-base,5.00000000E+06
2.63000000E-05,i1,ch_e1,-8.05083533E+03
2.63000000E-05,i2,ch_e1,8.02064004E+03
2.63000000E-05,i1,ch_e31,-4.53858962E+03
2.63000000E-05,i2,ch_e31,4.31161361E+03
2.63000000E-05,i1,ch_e61,-1.16658591E+03
2.63000000E-05,i2,ch_e61,1.12245321E+03
2.63000000E-05,i1,ch_e91,-6.73504600E+02
2.63000000E-05,i2,ch_e91,6.67801836E+02
2.64000000E-05,injectedCurrent,ch-base,5.00000000E+06
2.64000000E-05,voltage,ch-base,5.00000000E+06
2.64000000E-05,i1,ch_e1,-8.35637175E+03
2.64000000E-05,i2,ch_e1,8.37933123E+03
2.64000000E-05,i1,ch_e31,-3.66143275E+03
2.64000000E-05,i2,ch_e31,3.46470178E+03
2.64000000E-05,i1,ch_e61,-1.14720292E+03
2.64000000E-05,i2,ch_e61,1.12881637E+03
2.64000000E-05,i1,ch_e91,-7.09595288E+02
2.64000000E-05,i2,ch_e91,6.74720955E+02
2.65000000E-05,injectedCurrent,ch-base,5.00000000E+06
2.65000000E-05,voltage,ch-base,5.00000000E+06
2.65000000E-05,i1,ch_e1,-8.44918773E+03
2.65000000E-05,i2,ch_e1,8.38454884E+03
2.65000000E-05,i1,ch_e31,-3.00595489E+03
2.65000000E-05,i2,ch_e31,2.81355506E+03
2.65000000E-05,i1,ch_e61,-1.03347071E+03
2.65000000E-05,i2,ch_e61,1.02424527E+03
2.65000000E-05,i1,ch_e91,-6.75612915E+02
2.65000000E-05,i2,ch_e91,6.91266239E+02
2.66000000E-05,injectedCurrent,ch-base,5.00000000E+06
2.66000000E-05,voltage,ch-base,5.00000000E+06
2.66000000E-05,i1,ch_e1,-8.06743383E+03
2.66000000E-05,i2,ch_e1,8.09129178E+03
2.66000000E-05,i1,ch_e31,-2.57685909E+03
2.66000000E-05,i2,ch_e31,2.37666588E+03
2.66000000E-05,i1,ch_e61,-1.01024642E+03
2.66000000E-05,i2,ch_e61,9.91251807E+02
2.66000000E-05,i1,ch_e91,-5.83566553E+02
2.66000000E-05,i2,ch_e91,5.75356442E+02
2.67000000E-05,injectedCurrent,ch-base,5.00000000E+06
2.67000000E-05,voltage,ch-base,5.00000000E+06
2.67000000E-05,i1,ch_e1,-7.42171767E+03
2.67000000E-05,i2,ch_e1,7.37426383E+03
2.67000000E-05,i1,ch_e31,-2.25060887E+03
2.67000000E-05,i2,ch_e31,2.15385223E+03
2.67000000E-05,i1,ch_e61,-9.32630255E+02
2.67000000E-05,i2,ch_e61,9.18435992E+02
2.67000000E-05,i1,ch_e91,-6.79733121E+02
2.67000000E-05,i2,ch_e91,6.37640527E+02
2.68000000E-05,injectedCurrent,ch-base,5.00000000E+06
2.68000000E-05,voltage,ch-base,5.00000000E+06
2.68000000E-05,i1,ch_e1,-6.64632566E+03
2.68000000E-05,i2,ch_e1,6.69135342E+03
2.68000000E-05,i1,ch_e31,-1.87300345E+03
2.68000000E-05,i2,ch_e31,1.80709420E+03
2.68000000E-05,i1,ch_e61,-9.58142557E+02
2.68000000E-05,i2,ch_e61,9.26434578E+02
2.68000000E-05,i1,ch_e91,-5.81529008E+02
2.68000000E-05,i2,ch_e91,6.17299514E+02
2.69000000E-05,injectedCurrent,ch-base,5.00000000E+06
2.69000000E-05,voltage,ch-base,5.00000000E+06
2.69000000E-05,i1,ch_e1,-5.90441421E+03
2.69000000E-05,i2,ch_e1,5.85058086E+03
2.69000000E-05,i1,ch_e31,-1.63189636E+03
2.69000000E-05,i2,ch_e31,1.60048662E+03
2.69000000E-05,i1,ch_e61,-8.96638346E+02
2.69000000E-05,i2,ch_e61,8.94487991E+02
2.69000000E-05,i1,ch_e91,-5.52910838E+02
2.69000000E-05,i2,ch_e91,5.24408972E+02
2.70000000E-05,injectedCurrent,ch-base,5.00000000E+06
2.70000000E-05,voltage,ch-base,5.00000000E+06
2.70000000E-05,i1,ch_e1,-4.99873755E+03
2.70000000E-05,i2,ch_e1,5.03505480E+03
2.70000000E-05,i1,ch_e31,-1.43423497E+03
2.70000000E-05,i2,ch_e31,1.38254029E+03
2.70000000E-05,i1,ch_e61,-8.21148706E+02
2.70000000E-05,i2,ch_e61,8.32764911E+02
2.70000000E-05,i1,ch_e91,-5.97487573E+02
2.70000000E-05,i2,ch_e91,5.78895602E+02
2.71000000E-05,injectedCurrent,ch-base,5.00000000E+06
2.71000000E-05,voltage,ch-base,5.00000000E+06
2.71000000E-05,i1,ch_e1,-3.91423308E+03
2.71000000E-05,i2,ch_e1,3.84825330E+03
2.71000000E-05,i1,ch_e31,-1.32170609E+03
2.71000000E-05,i2,ch_e31,1.30924564E+03
2.71000000E-05,i1,ch_e61,-7.60458551E+02
2.71000000E-05,i2,ch_e61,7.30081627E+02
2.71000000E-05,i1,ch_e91,-5.59700817E+02
2.71000000E-05,i2,ch_e91,5.70059122E+02
2.72000000E-05,injectedCurrent,ch-base,5.00000000E+06
2.72000000E-05,voltage,ch-base,5.00000000E+06
2.72000000E-05,i1,ch_e1,-2.53240895E+03
2.72000000E-05,i2,ch_e1,2.57929995E+03
2.72000000E-05,i1,ch_e31,-1.22984841E+03
2.72000000E-05,i2,ch_e31,1.16543460E+03
2.72000000E-05,i1,ch_e61,-8.78864644E+02
2.72000000E-05,i2,ch_e61,8.33961300E+02
2.72000000E-05,i1,ch_e91,-4.89192430E+02
2.72000000E-05,i2,ch_e91,4.87165041E+02
2.73000000E-05,injectedCurrent,ch-base,5.00000000E+06
2.73000000E-05,voltage,ch-base,5.00000000E+06
2.73000000E-05,i1,ch_e1,-1.07957177E+03
2.73000000E-05,i2,ch_e1,1.02453613E+03
2.73000000E-05,i1,ch_e31,-1.31922805E+03
2.73000000E-05,i2,ch_e31,1.25654045E+03
2.73000000E-05,i1,ch_e61,-7.89762231E+02
2.73000000E-05,i2,ch_e61,8.10507456E+02
2.73000000E-05,i1,ch_e91,-5.49479265E+02
2.73000000E-05,i2,ch_e91,5.19967492E+02
2.74000000E-05,injectedCurrent,ch-base,5.00000000E+06
2.74000000E-05,voltage,ch-base,5.00000000E+06
2.74000000E-05,i1,ch_e1,4.00343482E+02
2.74000000E-05,i2,ch_e1,-3.31194415E+02
2.74000000E-05,i1,ch_e31,-1.38928696E+03
2.74000000E-05,i2,ch_e31,1.30455681E+03
2.74000000E-05,i1,ch_e61,-6.83758988E+02
2.74000000E-05,i2,ch_e61,7.06656594E+02
2.74000000E-05,i1,ch_e91,-5.01381676E+02
2.74000000E-05,i2,ch_e91,5.12334105E+02
2.75000000E-05,injectedCurrent,ch-base,5.00000000E+06
2.75000000E-05,voltage,ch-base,5.00000000E+06
2.75000000E-05,i1,ch_e1,1.64339299E+03
2.75000000E-05,i2,ch_e1,-1.69198336E+03
2.75000000E-05,i1,ch_e31,-1.38615157E+03
2.75000000E-05,i2,ch_e31,1.40226160E+03
2.75000000E-05,i1,ch_e61,-6.26777546E+02
2.75000000E-05,i2,ch_e61,5.96124293E+02
2.75000000E-05,i1,ch_e91,-5.05022750E+02
2.75000000E-05,i2,ch_e91,4.90238717E+02
2.76000000E-05,injectedCurrent,ch-base,5.00000000E+06
2.76000000E-05,voltage,ch-base,5.00000000E+06
2.76000000E-05,i1,ch_e1,2.71196408E+03
2.76000000E-05,i2,ch_e1,-2.63320960E+03
2.76000000E-05,i1,ch_e31,-1.11657904E+03
2.76000000E-05,i2,ch_e31,1.16350994E+03
2.76000000E-05,i1,ch_e61,-7.64964080E+02
2.76000000E-05,i2,ch_e61,7.19353480E+02
2.76000000E-05,i1,ch_e91,-4.49039161E+02
2.76000000E-05,i2,ch_e91,4.60362208E+02
2.77000000E-05,injectedCurrent,ch-base,5.00000000E+06
2.77000000E-05,voltage,ch-base,5.00000000E+06
2.77000000E-05,i1,ch_e1,3.46201843E+03
2.77000000E-05,i2,ch_e1,-3.51817089E+03
2.77000000E-05,i1,ch_e31,-7.79325021E+02
2.77000000E-05,i2,ch_e31,9.00823065E+02
2.77000000E-05,i1,ch_e61,-7.18322429E+02
2.77000000E-05,i2,ch_e61,7.19311222E+02
2.77000000E-05,i1,ch_e91,-4.70106902E+02
2.77000000E-05,i2,ch_e91,4.45890706E+02
2.78000000E-05,injectedCurrent,ch-base,5.00000000E+06
2.78000000E-05,voltage,ch-base,5.00000000E+06
2.78000000E-05,i1,ch_e1,4.07631298E+03
2.78000000E-05,i2,ch_e1,-3.99663578E+03
2.78000000E-05,i1,ch_e31,-3.43694042E+02
2.78000000E-05,i2,ch_e31,4.28922960E+02
2.78000000E-05,i1,ch_e61,-6.87954439E+02
2.78000000E-05,i2,ch_e61,6.99591633E+02
2.78000000E-05,i1,ch_e91,-4.75648761E+02
2.78000000E-05,i2,ch_e91,4.65547019E+02
2.79000000E-05,injectedCurrent,ch-base,5.00000000E+06
2.79000000E-05,voltage,ch-base,5.00000000E+06
2.79000000E-05,i1,ch_e1,4.45259388E+03
2.79000000E-05,i2,ch_e1,-4.52042289E+03
2.79000000E-05,i1,ch_e31,3.12890926E+01
2.79000000E-05,i2,ch_e31,1.07236290E+02
2.79000000E-05,i1,ch_e61,-5.74324010E+02
2.79000000E-05,i2,ch_e61,5.78737550E+02
2.79000000E-05,i1,ch_e91,-4.80937643E+02
2.79000000E-05,i2,ch_e91,4.84209787E+02
2.80000000E-05,injectedCurrent,ch-base,5.00000000E+06
2.80000000E-05,voltage,ch-base,5.00000000E+06
2.80000000E-05,i1,ch_e1,4.79973761E+03
2.80000000E-05,i2,ch_e1,-4.71845143E+03
2.80000000E-05,i1,ch_e31,5.40299658E+02
2.80000000E-05,i2,ch_e31,-4.18372409E+02
2.80000000E-05,i1,ch_e61,-5.87671941E+02
2.80000000E-05,i2,ch_e61,5.88091954E+02
2.80000000E-05,i1,ch_e91,-3.49750630E+02
2.80000000E-05,i2,ch_e91,3.77679459E+02
2.81000000E-05,injectedCurrent,ch-base,5.00000000E+06
2.81000000E-05,voltage,ch-base,5.00000000E+06
2.81000000E-05,i1,ch_e1,4.98623548E+03
2.81000000E-05,i2,ch_e1,-5.06411543E+03
2.81000000E-05,i1,ch_e31,1.08949851E+03
2.81000000E-05,i2,ch_e31,-8.75376459E+02
2.81000000E-05,i1,ch_e61,-4.80878400E+02
2.81000000E-05,i2,ch_e61,4.84196872E+02
2.81000000E-05,i1,ch_e91,-4.28349842E+02
2.81000000E-05,i2,ch_e91,3.76401271E+02
2.82000000E-05,injectedCurrent,ch-base,5.00000000E+06
2.82000000E-05,voltage,ch-base,5.00000000E+06
2.82000000E-05,i1,ch_e1,5.21434381E+03
2.82000000E-05,i2,ch_e1,-5.12852837E+03
2.82000000E-05,i1,ch_e31,1.83256620E+03
2.82000000E-05,i2,ch_e31,-1.63375608E+03
2.82000000E-05,i1,ch_e61,-5.62310346E+02
2.82000000E-05,i2,ch_e61,5.28070249E+02
2.82000000E-05,i1,ch_e91,-4.76353041E+02
2.82000000E-05,i2,ch_e91,4.64776323E+02
2.83000000E-05,injectedCurrent,ch-base,5.00000000E+06
2.83000000E-05,voltage,ch-base,5.00000000E+06
2.83000000E-05,i1,ch_e1,5.31524522E+03
2.83000000E-05,i2,ch_e1,-5.40165402E+03
2.83000000E-05,i1,ch_e31,2.55263779E+03
2.83000000E-05,i2,ch_e31,-2.28784741E+03
2.83000000E-05,i1,ch_e61,-6.34329589E+02
2.83000000E-05,i2,ch_e61,5.71107477E+02
2.83000000E-05,i1,ch_e91,-4.49304122E+02
2.83000000E-05,i2,ch_e91,4.68240144E+02
2.84000000E-05,injectedCurrent,ch-base,5.00000000E+06
2.84000000E-05,voltage,ch-base,5.00000000E+06
2.84000000E-05,i1,ch_e1,5.49279179E+03
2.84000000E-05,i2,ch_e1,-5.40050744E+03
2.84000000E-05,i1,ch_e31,3.33606345E+03
2.84000000E-05,i2,ch_e31,-3.14181949E+03
2.84000000E-05,i1,ch_e61,-8.47176628E+02
2.84000000E-05,i2,ch_e61,7.95853742E+02
2.84000000E-05,i1,ch_e91,-2.85994146E+02
2.84000000E-05,i2,ch_e91,3.20172016E+02
2.85000000E-05,injectedCurrent,ch-base,5.00000000E+06
2.85000000E-05,voltage,ch-base,5.00000000E+06
2.85000000E-05,i1,ch_e1,5.55018979E+03
2.85000000E-05,i2,ch_e1,-5.64476837E+03
2.85000000E-05,i1,ch_e31,3.94444531E+03
2.85000000E-05,i2,ch_e31,-3.72451828E+03
2.85000000E-05,i1,ch_e61,-7.71302953E+02
2.85000000E-05,i2,ch_e61,7.88682181E+02
2.85000000E-05,i1,ch_e91,-3.68387362E+02
2.85000000E-05,i2,ch_e91,3.17857083E+02
2.86000000E-05,injectedCurrent,ch-base,5.00000000E+06
2.86000000E-05,voltage,ch-base,5.00000000E+06
2.86000000E-05,i1,ch_e1,5.70362740E+03
2.86000000E-05,i2,ch_e1,-5.60378299E+03
2.86000000E-05,i1,ch_e31,4.52373774E+03
2.86000000E-05,i2,ch_e31,-4.40604794E+03
2.86000000E-05,i1,ch_e61,-6.35643817E+02
2.86000000E-05,i2,ch_e61,7.11681540E+02
2.86000000E-05,i1,ch_e91,-4.11725197E+02
2.86000000E-05,i2,ch_e91,3.96898942E+02
2.87000000E-05,injectedCurrent,ch-base,5.00000000E+06
2.87000000E-05,voltage,ch-base,5.00000000E+06
2.87000000E-05,i1,ch_e1,5.73348789E+03
2.87000000E-05,i2,ch_e1,-5.83650469E+03
2.87000000E-05,i1,ch_e31,4.88586099E+03
2.87000000E-05,i2,ch_e31,-4.74220649E+03
2.87000000E-05,i1,ch_e61,-2.30046718E+02
2.87000000E-05,i2,ch_e61,3.39090872E+02
2.87000000E-05,i1,ch_e91,-4.58097006E+02
2.87000000E-05,i2,ch_e91,4.48135604E+02
2.88000000E-05,injectedCurrent,ch-base,5.00000000E+06
2.88000000E-05,voltage,ch-base,5.00000000E+06
2.88000000E-05,i1,ch_e1,5.87387529E+03
2.88000000E-05,i2,ch_e1,-5.76569217E+03
2.88000000E-05,i1,ch_e31,5.24182352E+03
2.88000000E-05,i2,ch_e31,-5.19706919E+03
2.88000000E-05,i1,ch_e61,5.10752684E+01
2.88000000E-05,i2,ch_e61,5.85192585E+01
2.88000000E-05,i1,ch_e91,-3.42482637E+02
2.88000000E-05,i2,ch_e91,3.72708950E+02
2.89000000E-05,injectedCurrent,ch-base,5.00000000E+06
2.89000000E-05,voltage,ch-base,5.00000000E+06
2.89000000E-05,i1,ch_e1,5.88315866E+03
2.89000000E-05,i2,ch_e1,-5.99512371E+03
2.89000000E-05,i1,ch_e31,5.41590866E+03
2.89000000E-05,i2,ch_e31,-5.32365262E+03
2.89000000E-05,i1,ch_e61,5.10780379E+02
2.89000000E-05,i2,ch_e61,-3.86554295E+02
2.89000000E-05,i1,ch_e91,-3.58709744E+02
2.89000000E-05,i2,ch_e91,3.45379154E+02
2.90000000E-05,injectedCurrent,ch-base,5.00000000E+06
2.90000000E-05,voltage,ch-base,5.00000000E+06
2.90000000E-05,i1,ch_e1,6.01626961E+03
2.90000000E-05,i2,ch_e1,-5.89903614E+03
2.90000000E-05,i1,ch_e31,5.63970426E+03
2.90000000E-05,i2,ch_e31,-5.63704565E+03
2.90000000E-05,i1,ch_e61,8.74079504E+02
2.90000000E-05,i2,ch_e61,-7.22718297E+02
2.90000000E-05,i1,ch_e91,-2.60385853E+02
2.90000000E-05,i2,ch_e91,2.88978074E+02
2.91000000E-05,injectedCurrent,ch-base,5.00000000E+06
2.91000000E-05,voltage,ch-base,5.00000000E+06
2.91000000E-05,i1,ch_e1,6.00861960E+03
2.91000000E-05,i2,ch_e1,-6.13014973E+03
2.91000000E-05,i1,ch_e31,5.71555898E+03
2.91000000E-05,i2,ch_e31,-5.64620316E+03
2.91000000E-05,i1,ch_e61,1.53106030E+03
2.91000000E-05,i2,ch_e61,-1.33320887E+03
2.91000000E-05,i1,ch_e91,-2.74882348E+02
2.91000000E-05,i2,ch_e91,2.59673090E+02
2.92000000E-05,injectedCurrent,ch-base,5.00000000E+06
2.92000000E-05,voltage,ch-base,5.00000000E+06
2.92000000E-05,i1,ch_e1,6.13811200E+03
2.92000000E-05,i2,ch_e1,-6.01110599E+03
2.92000000E-05,i1,ch_e31,5.88014536E+03
2.92000000E-05,i2,ch_e31,-5.89815659E+03
2.92000000E-05,i1,ch_e61,2.12138827E+03
2.92000000E-05,i2,ch_e61,-1.89324830E+03
2.92000000E-05,i1,ch_e91,-2.56120837E+02
2.92000000E-05,i2,ch_e91,2.41789637E+02
2.93000000E-05,injectedCurrent,ch-base,5.00000000E+06
2.93000000E-05,voltage,ch-base,5.00000000E+06
2.93000000E-05,i1,ch_e1,6.11565100E+03
2.93000000E-05,i2,ch_e1,-6.24743356E+03
2.93000000E-05,i1,ch_e31,5.90939549E+03
2.93000000E-05,i2,ch_e31,-5.84777745E+03
2.93000000E-05,i1,ch_e61,2.95581603E+03
2.93000000E-05,i2,ch_e61,-2.71347324E+03
2.93000000E-05,i1,ch_e91,-4.75111044E+02
2.93000000E-05,i2,ch_e91,3.88698203E+02
2.94000000E-05,injectedCurrent,ch-base,5.00000000E+06
2.94000000E-05,voltage,ch-base,5.00000000E+06
2.94000000E-05,i1,ch_e1,6.24413830E+03
2.94000000E-05,i2,ch_e1,-6.10660224E+03
2.94000000E-05,i1,ch_e31,6.04916908E+03
2.94000000E-05,i2,ch_e31,-6.07853437E+03
2.94000000E-05,i1,ch_e61,3.57306432E+03
2.94000000E-05,i2,ch_e61,-3.34942309E+03
2.94000000E-05,i1,ch_e91,-5.60376708E+02
2.94000000E-05,i2,ch_e91,5.40043104E+02
2.95000000E-05,injectedCurrent,ch-base,5.00000000E+06
2.95000000E-05,voltage,ch-base,5.00000000E+06
2.95000000E-05,i1,ch_e1,6.20813841E+03
2.95000000E-05,i2,ch_e1,-6.35092246E+03
2.95000000E-05,i1,ch_e31,6.05305431E+03
2.95000000E-05,i2,ch_e31,-5.99298819E+03
2.95000000E-05,i1,ch_e61,4.30751330E+03
2.95000000E-05,i2,ch_e61,-4.11357543E+03
2.95000000E-05,i1,ch_e91,-6.12438492E+02
2.95000000E-05,i2,ch_e91,6.10511179E+02
2.96000000E-05,injectedCurrent,ch-base,5.00000000E+06
2.96000000E-05,voltage,ch-base,5.00000000E+06
2.96000000E-05,i1,ch_e1,6.33764203E+03
2.96000000E-05,i2,ch_e1,-6.18877227E+03
2.96000000E-05,i1,ch_e31,6.18161151E+03
2.96000000E-05,i2,ch_e31,-6.21894814E+03
2.96000000E-05,i1,ch_e61,4.71460697E+03
2.96000000E-05,i2,ch_e61,-4.56439539E+03
2.96000000E-05,i1,ch_e91,-3.39249084E+02
2.96000000E-05,i2,ch_e91,4.45781409E+02
2.97000000E-05,injectedCurrent,ch-base,5.00000000E+06
2.97000000E-05,voltage,ch-base,5.00000000E+06
2.97000000E-05,i1,ch_e1,6.28883844E+03
2.97000000E-05,i2,ch_e1,-6.44343355E+03
2.97000000E-05,i1,ch_e31,6.16830626E+03
2.97000000E-05,i2,ch_e31,-6.10722900E+03
2.97000000E-05,i1,ch_e61,5.22040329E+03
2.97000000E-05,i2,ch_e61,-5.10464767E+03
2.97000000E-05,i1,ch_e91,-9.39722147E+01
2.97000000E-05,i2,ch_e91,1.70881274E+02
2.98000000E-05,injectedCurrent,ch-base,5.00000000E+06
2.98000000E-05,voltage,ch-base,5.00000000E+06
2.98000000E-05,i1,ch_e1,6.42101938E+03
2.98000000E-05,i2,ch_e1,-6.25995957E+03
2.98000000E-05,i1,ch_e31,6.29146300E+03
2.98000000E-05,i2,ch_e31,-6.33552175E+03
2.98000000E-05,i1,ch_e61,5.39853460E+03
2.98000000E-05,i2,ch_e61,-5.31795735E+03
2.98000000E-05,i1,ch_e91,3.20367841E+02
2.98000000E-05,i2,ch_e91,-1.78777170E+02
2.99000000E-05,injectedCurrent,ch-base,5.00000000E+06
2.99000000E-05,voltage,ch-base,5.00000000E+06
2.99000000E-05,i1,ch_e1,6.35978166E+03
2.99000000E-05,i2,ch_e1,-6.52705899E+03
2.99000000E-05,i1,ch_e31,6.26455202E+03
2.99000000E-05,i2,ch_e31,-6.20115409E+03
2.99000000E-05,i1,ch_e61,5.73258412E+03
2.99000000E-05,i2,ch_e61,-5.67060503E+03
2.99000000E-05,i1,ch_e91,6.08971994E+02
2.99000000E-05,i2,ch_e91,-5.20863602E+02
3.00000000E-05,injectedCurrent,ch-base,5.00000000E+06
3.00000000E-05,voltage,ch-base,5.00000000E+06
3.00000000E-05,i1,ch_e1,6.49607214E+03
3.00000000E-05,i2,ch_e1,-6.32190850E+03
3.00000000E-05,i1,ch_e31,6.38542468E+03
3.00000000E-05,i2,ch_e31,-6.43568789E+03
3.00000000E-05,i1,ch_e61,5.76904920E+03
3.00000000E-05,i2,ch_e61,-5.72827592E+03
3.00000000E-05,i1,ch_e91,1.13483635E+03
3.00000000E-05,i2,ch_e91,-9.40288132E+02
3.01000000E-05,injectedCurrent,ch-base,4.99999999E+06
3.01000000E-05,voltage,ch-base,4.99999999E+06
3.01000000E-05,i1,ch_e1,6.42250844E+03
3.01000000E-05,i2,ch_e1,-6.60340241E+03
3.01000000E-05,i1,ch_e31,6.34676498E+03
3.01000000E-05,i2,ch_e31,-6.28022724E+03
3.01000000E-05,i1,ch_e61,6.01970392E+03
3.01000000E-05,i2,ch_e61,-5.98318536E+03
3.01000000E-05,i1,ch_e91,1.60878831E+03
3.01000000E-05,i2,ch_e91,-1.45390945E+03
3.02000000E-05,injectedCurrent,ch-base,4.99999999E+06
3.02000000E-05,voltage,ch-base,4.99999999E+06
3.02000000E-05,i1,ch_e1,6.56418911E+03
3.02000000E-05,i2,ch_e1,-6.37594709E+03
3.02000000E-05,i1,ch_e31,6.46741792E+03
3.02000000E-05,i2,ch_e31,-6.52364141E+03
3.02000000E-05,i1,ch_e61,5.98437002E+03
3.02000000E-05,i2,ch_e61,-5.96276856E+03
3.02000000E-05,i1,ch_e91,2.38530233E+03
3.02000000E-05,i2,ch_e91,-2.10687540E+03
3.03000000E-05,injectedCurrent,ch-base,4.99999999E+06
3.03000000E-05,voltage,ch-base,4.99999999E+06
3.03000000E-05,i1,ch_e1,6.47821792E+03
3.03000000E-05,i2,ch_e1,-6.67372723E+03
3.03000000E-05,i1,ch_e31,6.41801384E+03
3.03000000E-05,i2,ch_e31,-6.34778160E+03
3.03000000E-05,i1,ch_e61,6.20431424E+03
3.03000000E-05,i2,ch_e61,-6.17749707E+03
3.03000000E-05,i1,ch_e91,3.00120019E+03
3.03000000E-05,i2,ch_e91,-2.81295549E+03
3.04000000E-05,injectedCurrent,ch-base,4.99999998E+06
3.04000000E-05,voltage,ch-base,4.99999998E+06
3.04000000E-05,i1,ch_e1,6.62645868E+03
3.04000000E-05,i2,ch_e1,-6.42310173E+03
3.04000000E-05,i1,ch_e31,6.54007332E+03
3.04000000E-05,i2,ch_e31,-6.60210620E+03
3.04000000E-05,i1,ch_e61,6.12870572E+03
3.04000000E-05,i2,ch_e61,-6.11769170E+03
3.04000000E-05,i1,ch_e91,3.83355229E+03
3.04000000E-05,i2,ch_e91,-3.55365147E+03
3.05000000E-05,injectedCurrent,ch-base,4.99999997E+06
3.05000000E-05,voltage,ch-base,4.99999997E+06
3.05000000E-05,i1,ch_e1,6.52786900E+03
3.05000000E-05,i2,ch_e1,-6.73905563E+03
3.05000000E-05,i1,ch_e31,6.48033115E+03
3.05000000E-05,i2,ch_e31,-6.40604835E+03
3.05000000E-05,i1,ch_e61,6.34230606E+03
3.05000000E-05,i2,ch_e61,-6.31807756E+03
3.05000000E-05,i1,ch_e91,4.31047895E+03
3.05000000E-05,i2,ch_e91,-4.17654237E+03
3.06000000E-05,injectedCurrent,ch-base,4.99999996E+06
3.06000000E-05,voltage,ch-base,4.99999996E+06
3.06000000E-05,i1,ch_e1,6.68373862E+03
3.06000000E-05,i2,ch_e1,-6.46417014E+03
3.06000000E-05,i1,ch_e31,6.60533766E+03
3.06000000E-05,i2,ch_e31,-6.67302645E+03
3.06000000E-05,i1,ch_e61,6.23581240E+03
3.06000000E-05,i2,ch_e61,-6.23272896E+03
3.06000000E-05,i1,ch_e91,4.97555080E+03
3.06000000E-05,i2,ch_e91,-4.76534255E+03
3.07000000E-05,injectedCurrent,ch-base,4.99999995E+06
3.07000000E-05,voltage,ch-base,4.99999995E+06
3.07000000E-05,i1,ch_e1,6.57225526E+03
3.07000000E-05,i2,ch_e1,-6.80023969E+03
3.07000000E-05,i1,ch_e31,6.53506918E+03
3.07000000E-05,i2,ch_e31,-6.45655774E+03
3.07000000E-05,i1,ch_e61,6.45625851E+03
3.07000000E-05,i2,ch_e61,-6.43136233E+03
3.07000000E-05,i1,ch_e91,5.18867040E+03
3.07000000E-05,i2,ch_e91,-5.13086566E+03
3.08000000E-05,injectedCurrent,ch-base,4.99999993E+06
3.08000000E-05,voltage,ch-base,4.99999993E+06
3.08000000E-05,i1,ch_e1,6.73669596E+03
3.08000000E-05,i2,ch_e1,-6.49976653E+03
3.08000000E-05,i1,ch_e31,6.66479387E+03
3.08000000E-05,i2,ch_e31,-6.73793544E+03
3.08000000E-05,i1,ch_e61,6.31863703E+03
3.08000000E-05,i2,ch_e61,-6.32241046E+03
3.08000000E-05,i1,ch_e91,5.66412919E+03
3.08000000E-05,i2,ch_e91,-5.52734055E+03
3.09000000E-05,injectedCurrent,ch-base,4.99999991E+06
3.09000000E-05,voltage,ch-base,4.99999991E+06
3.09000000E-05,i1,ch_e1,6.61206706E+03
3.09000000E-05,i2,ch_e1,-6.85801713E+03
3.09000000E-05,i1,ch_e31,6.58306643E+03
3.09000000E-05,i2,ch_e31,-6.50029137E+03
3.09000000E-05,i1,ch_e61,6.55608596E+03
3.09000000E-05,i2,ch_e61,-6.52958911E+03
3.09000000E-05,i1,ch_e91,5.68099110E+03
3.09000000E-05,i2,ch_e91,-5.66826538E+03
3.10000000E-05,injectedCurrent,ch-base,4.99999987E+06
3.10000000E-05,voltage,ch-base,4.99999987E+06
3.10000000E-05,i1,ch_e1,6.78582354E+03
3.10000000E-05,i2,ch_e1,-6.53034584E+03
3.10000000E-05,i1,ch_e31,6.71985070E+03
3.10000000E-05,i2,ch_e31,-6.79821928E+03
3.10000000E-05,i1,ch_e61,6.38347119E+03
3.10000000E-05,i2,ch_e61,-6.39219219E+03
3.10000000E-05,i1,ch_e91,6.03265072E+03
3.10000000E-05,i2,ch_e91,-5.94543860E+03
3.11000000E-05,injectedCurrent,ch-base,4.99999983E+06
3.11000000E-05,voltage,ch-base,4.99999983E+06
3.11000000E-05,i1,ch_e1,6.64794929E+03
3.11000000E-05,i2,ch_e1,-6.91306023E+03
3.11000000E-05,i1,ch_e31,6.62475396E+03
3.11000000E-05,i2,ch_e31,-6.53770686E+03
3.11000000E-05,i1,ch_e61,6.64606587E+03
3.11000000E-05,i2,ch_e61,-6.61966687E+03
3.11000000E-05,i1,ch_e91,5.96269983E+03
3.11000000E-05,i2,ch_e91,-5.96614981E+03
3.12000000E-05,injectedCurrent,ch-base,4.99999976E+06
3.12000000E-05,voltage,ch-base,4.99999976E+06
3.12000000E-05,i1,ch_e1,6.83143788E+03
3.12000000E-05,i2,ch_e1,-6.55621165E+03
3.12000000E-05,i1,ch_e31,6.77181789E+03
3.12000000E-05,i2,ch_e31,-6.85533045E+03
3.12000000E-05,i1,ch_e61,6.43560505E+03
3.12000000E-05,i2,ch_e61,-6.44510083E+03
3.12000000E-05,i1,ch_e91,6.23661598E+03
3.12000000E-05,i2,ch_e91,-6.17440136E+03
3.13000000E-05,injectedCurrent,ch-base,4.99999968E+06
3.13000000E-05,voltage,ch-base,4.99999968E+06
3.13000000E-05,i1,ch_e1,6.68055674E+03
3.13000000E-05,i2,ch_e1,-6.96602117E+03
3.13000000E-05,i1,ch_e31,6.66030831E+03
3.13000000E-05,i2,ch_e31,-6.56872351E+03
3.13000000E-05,i1,ch_e61,6.72631096E+03
3.13000000E-05,i2,ch_e61,-6.70464422E+03
3.13000000E-05,i1,ch_e91,6.14725430E+03
3.13000000E-05,i2,ch_e91,-6.16115935E+03
3.14000000E-05,injectedCurrent,ch-base,4.99999957E+06
3.14000000E-05,voltage,ch-base,4.99999957E+06
3.14000000E-05,i1,ch_e1,6.87366839E+03
3.14000000E-05,i2,ch_e1,-6.57751400E+03
3.14000000E-05,i1,ch_e31,6.82180736E+03
3.14000000E-05,i2,ch_e31,-6.91090324E+03
3.14000000E-05,i1,ch_e61,6.48158137E+03
3.14000000E-05,i2,ch_e61,-6.48549700E+03
3.14000000E-05,i1,ch_e91,6.37298419E+03
3.14000000E-05,i2,ch_e91,-6.31316918E+03
3.15000000E-05,injectedCurrent,ch-base,4.99999942E+06
3.15000000E-05,voltage,ch-base,4.99999942E+06
3.15000000E-05,i1,ch_e1,6.71059629E+03
3.15000000E-05,i2,ch_e1,-7.01756935E+03
3.15000000E-05,i1,ch_e31,6.68997143E+03
3.15000000E-05,i2,ch_e31,-6.59281574E+03
3.15000000E-05,i1,ch_e61,6.79367541E+03
3.15000000E-05,i2,ch_e61,-6.78279000E+03
3.15000000E-05,i1,ch_e91,6.27322176E+03
3.15000000E-05,i2,ch_e91,-6.30516319E+03
3.16000000E-05,injectedCurrent,ch-base,4.99999922E+06
3.16000000E-05,voltage,ch-base,4.99999922E+06
3.16000000E-05,i1,ch_e1,6.91246271E+03
3.16000000E-05,i2,ch_e1,-6.59425251E+03
3.16000000E-05,i1,ch_e31,6.87037370E+03
3.16000000E-05,i2,ch_e31,-6.96661053E+03
3.16000000E-05,i1,ch_e61,6.52849704E+03
3.16000000E-05,i2,ch_e61,-6.52110317E+03
3.16000000E-05,i1,ch_e91,6.49129665E+03
3.16000000E-05,i2,ch_e91,-6.42012779E+03
3.17000000E-05,injectedCurrent,ch-base,4.99999895E+06
3.17000000E-05,voltage,ch-base,4.99999895E+06
3.17000000E-05,i1,ch_e1,6.73882266E+03
3.17000000E-05,i2,ch_e1,-7.06840150E+03
3.17000000E-05,i1,ch_e31,6.71461841E+03
3.17000000E-05,i2,ch_e31,-6.60944519E+03
3.17000000E-05,i1,ch_e61,6.84508336E+03
3.17000000E-05,i2,ch_e61,-6.84809994E+03
3.17000000E-05,i1,ch_e91,6.35536772E+03
3.17000000E-05,i2,ch_e91,-6.40568584E+03
3.18000000E-05,injectedCurrent,ch-base,4.99999860E+06
3.18000000E-05,voltage,ch-base,4.99999860E+06
3.18000000E-05,i1,ch_e1,6.94766046E+03
3.18000000E-05,i2,ch_e1,-6.60631730E+03
3.18000000E-05,i1,ch_e31,6.91690761E+03
3.18000000E-05,i2,ch_e31,-7.02353411E+03
3.18000000E-05,i1,ch_e61,6.57962157E+03
3.18000000E-05,i2,ch_e61,-6.56097896E+03
3.18000000E-05,i1,ch_e91,6.60019294E+03
3.18000000E-05,i2,ch_e91,-6.52149828E+03
3.19000000E-05,injectedCurrent,ch-base,4.99999814E+06
3.19000000E-05,voltage,ch-base,4.99999814E+06
3.19000000E-05,i1,ch_e1,6.76591952E+03
3.19000000E-05,i2,ch_e1,-7.11918179E+03
3.19000000E-05,i1,ch_e31,6.73643384E+03
3.19000000E-05,i2,ch_e31,-6.61903215E+03
3.19000000E-05,i1,ch_e61,6.88354102E+03
3.19000000E-05,i2,ch_e61,-6.89564375E+03
3.19000000E-05,i1,ch_e91,6.42008080E+03
3.19000000E-05,i2,ch_e91,-6.47709521E+03
3.20000000E-05,injectedCurrent,ch-base,4.99999754E+06
3.20000000E-05,voltage,ch-base,4.99999754E+06
3.20000000E-05,i1,ch_e1,6.97922372E+03
3.20000000E-05,i2,ch_e1,-6.61362612E+03
3.20000000E-05,i1,ch_e31,6.95914015E+03
3.20000000E-05,i2,ch_e31,-7.08099722E+03
3.20000000E-05,i1,ch_e61,6.62898590E+03
3.20000000E-05,i2,ch_e61,-6.60803823E+03
3.20000000E-05,i1,ch_e91,6.68445258E+03
3.20000000E-05,i2,ch_e91,-6.60688516E+03
3.21000000E-05,injectedCurrent,ch-base,4.99999674E+06
3.21000000E-05,voltage,ch-base,4.99999674E+06
3.21000000E-05,i1,ch_e1,6.79216762E+03
3.21000000E-05,i2,ch_e1,-7.17034511E+03
3.21000000E-05,i1,ch_e31,6.75908054E+03
3.21000000E-05,i2,ch_e31,-6.62425593E+03
3.21000000E-05,i1,ch_e61,6.92139004E+03
3.21000000E-05,i2,ch_e61,-6.93038220E+03
3.21000000E-05,i1,ch_e91,6.48643773E+03
3.21000000E-05,i2,ch_e91,-6.54757456E+03
3.22000000E-05,injectedCurrent,ch-base,4.99999570E+06
3.22000000E-05,voltage,ch-base,4.99999570E+06
3.22000000E-05,i1,ch_e1,7.00772036E+03
3.22000000E-05,i2,ch_e1,-6.61642753E+03
3.22000000E-05,i1,ch_e31,6.99365507E+03
3.22000000E-05,i2,ch_e31,-7.13549300E+03
3.22000000E-05,i1,ch_e61,6.66324602E+03
3.22000000E-05,i2,ch_e61,-6.65227331E+03
3.22000000E-05,i1,ch_e91,6.75160204E+03
3.22000000E-05,i2,ch_e91,-6.66695185E+03
3.23000000E-05,injectedCurrent,ch-base,4.99999435E+06
3.23000000E-05,voltage,ch-base,4.99999435E+06
3.23000000E-05,i1,ch_e1,6.81683724E+03
3.23000000E-05,i2,ch_e1,-7.22171021E+03
3.23000000E-05,i1,ch_e31,6.78628543E+03
3.23000000E-05,i2,ch_e31,-6.63052790E+03
3.23000000E-05,i1,ch_e61,6.97195746E+03
3.23000000E-05,i2,ch_e61,-6.96859994E+03
3.23000000E-05,i1,ch_e91,6.53448334E+03
3.23000000E-05,i2,ch_e91,-6.61164893E+03
3.24000000E-05,injectedCurrent,ch-base,4.99999260E+06
3.24000000E-05,voltage,ch-base,4.99999260E+06
3.24000000E-05,i1,ch_e1,7.03504735E+03
3.24000000E-05,i2,ch_e1,-6.61578046E+03
3.24000000E-05,i1,ch_e31,7.01842579E+03
3.24000000E-05,i2,ch_e31,-7.18139001E+03
3.24000000E-05,i1,ch_e61,6.67643450E+03
3.24000000E-05,i2,ch_e61,-6.67817538E+03
3.24000000E-05,i1,ch_e91,6.83225818E+03
3.24000000E-05,i2,ch_e91,-6.73399711E+03
3.25000000E-05,injectedCurrent,ch-base,4.99999033E+06
3.25000000E-05,voltage,ch-base,4.99999033E+06
3.25000000E-05,i1,ch_e1,6.83745597E+03
3.25000000E-05,i2,ch_e1,-7.27197784E+03
3.25000000E-05,i1,ch_e31,6.81831840E+03
3.25000000E-05,i2,ch_e31,-6.64366742E+03
3.25000000E-05,i1,ch_e61,7.03232429E+03
3.25000000E-05,i2,ch_e61,-7.02129439E+03
3.25000000E-05,i1,ch_e91,6.55583881E+03
3.25000000E-05,i2,ch_e91,-6.63968157E+03
3.26000000E-05,injectedCurrent,ch-base,4.99998740E+06
3.26000000E-05,voltage,ch-base,4.99998740E+06
3.26000000E-05,i1,ch_e1,7.06503501E+03
3.26000000E-05,i2,ch_e1,-6.61400219E+03
3.26000000E-05,i1,ch_e31,7.03683774E+03
3.26000000E-05,i2,ch_e31,-7.21513540E+03
3.26000000E-05,i1,ch_e61,6.68287317E+03
3.26000000E-05,i2,ch_e61,-6.68677535E+03
3.26000000E-05,i1,ch_e91,6.90364219E+03
3.26000000E-05,i2,ch_e91,-6.81457557E+03
3.27000000E-05,injectedCurrent,ch-base,4.99998362E+06
3.27000000E-05,voltage,ch-base,4.99998362E+06
3.27000000E-05,i1,ch_e1,6.84958636E+03
3.27000000E-05,i2,ch_e1,-7.31850574E+03
3.27000000E-05,i1,ch_e31,6.84855516E+03
3.27000000E-05,i2,ch_e31,-6.66418978E+03
3.27000000E-05,i1,ch_e61,7.08310617E+03
3.27000000E-05,i2,ch_e61,-7.07582059E+03
3.27000000E-05,i1,ch_e91,6.60322773E+03
3.27000000E-05,i2,ch_e91,-6.67168728E+03
3.28000000E-05,injectedCurrent,ch-base,4.99997879E+06
3.28000000E-05,voltage,ch-base,4.99997879E+06
3.28000000E-05,i1,ch_e1,7.10299142E+03
3.28000000E-05,i2,ch_e1,-6.61447761E+03
3.28000000E-05,i1,ch_e31,7.05905107E+03
3.28000000E-05,i2,ch_e31,-7.24136123E+03
3.28000000E-05,i1,ch_e61,6.69972317E+03
3.28000000E-05,i2,ch_e61,-6.69915788E+03
3.28000000E-05,i1,ch_e91,6.92544381E+03
3.28000000E-05,i2,ch_e91,-6.84554701E+03
3.29000000E-05,injectedCurrent,ch-base,4.99997260E+06
3.29000000E-05,voltage,ch-base,4.99997260E+06
3.29000000E-05,i1,ch_e1,6.84831327E+03
3.29000000E-05,i2,ch_e1,-7.35816643E+03
3.29000000E-05,i1,ch_e31,6.86585585E+03
3.29000000E-05,i2,ch_e31,-6.68284330E+03
3.29000000E-05,i1,ch_e61,7.12055799E+03
3.29000000E-05,i2,ch_e61,-7.11493663E+03
3.29000000E-05,i1,ch_e91,6.66611225E+03
3.29000000E-05,i2,ch_e91,-6.74903238E+03
3.30000000E-05,injectedCurrent,ch-base,4.99996471E+06
3.30000000E-05,voltage,ch-base,4.99996471E+06
3.30000000E-05,i1,ch_e1,7.15291318E+03
3.30000000E-05,i2,ch_e1,-6.61993267E+03
3.30000000E-05,i1,ch_e31,7.09481535E+03
3.30000000E-05,i2,ch_e31,-7.27319936E+03
3.30000000E-05,i1,ch_e61,6.71426570E+03
3.30000000E-05,i2,ch_e61,-6.71837980E+03
3.30000000E-05,i1,ch_e91,6.97290519E+03
3.30000000E-05,i2,ch_e91,-6.85864023E+03
3.31000000E-05,injectedCurrent,ch-base,4.99995469E+06
3.31000000E-05,voltage,ch-base,4.99995469E+06
3.31000000E-05,i1,ch_e1,6.83241668E+03
3.31000000E-05,i2,ch_e1,-7.39004130E+03
3.31000000E-05,i1,ch_e31,6.86621244E+03
3.31000000E-05,i2,ch_e31,-6.68662095E+03
3.31000000E-05,i1,ch_e61,7.16905704E+03
3.31000000E-05,i2,ch_e61,-7.15583833E+03
3.31000000E-05,i1,ch_e91,6.65650326E+03
3.31000000E-05,i2,ch_e91,-6.77607147E+03
3.32000000E-05,injectedCurrent,ch-base,4.99994199E+06
3.32000000E-05,voltage,ch-base,4.99994199E+06
3.32000000E-05,i1,ch_e1,7.21225936E+03
3.32000000E-05,i2,ch_e1,-6.62894480E+03
3.32000000E-05,i1,ch_e31,7.13997642E+03
3.32000000E-05,i2,ch_e31,-7.31951741E+03
3.32000000E-05,i1,ch_e61,6.70784166E+03
3.32000000E-05,i2,ch_e61,-6.71682733E+03
3.32000000E-05,i1,ch_e91,7.06988973E+03
3.32000000E-05,i2,ch_e91,-6.94359700E+03
3.33000000E-05,injectedCurrent,ch-base,4.99992594E+06
3.33000000E-05,voltage,ch-base,4.99992594E+06
3.33000000E-05,i1,ch_e1,6.80975611E+03
3.33000000E-05,i2,ch_e1,-7.41915751E+03
3.33000000E-05,i1,ch_e31,6.86318174E+03
3.33000000E-05,i2,ch_e31,-6.67568938E+03
3.33000000E-05,i1,ch_e61,7.22478708E+03
3.33000000E-05,i2,ch_e61,-7.21680775E+03
3.33000000E-05,i1,ch_e91,6.65667387E+03
3.33000000E-05,i2,ch_e91,-6.76007908E+03
3.34000000E-05,injectedCurrent,ch-base,4.99990574E+06
3.34000000E-05,voltage,ch-base,4.99990574E+06
3.34000000E-05,i1,ch_e1,7.26797147E+03
3.34000000E-05,i2,ch_e1,-6.63298398E+03
3.34000000E-05,i1,ch_e31,7.17515453E+03
3.34000000E-05,i2,ch_e31,-7.36995436E+03
3.34000000E-05,i1,ch_e61,6.71278777E+03
3.34000000E-05,i2,ch_e61,-6.70709035E+03
3.34000000E-05,i1,ch_e91,7.08846040E+03
3.34000000E-05,i2,ch_e91,-6.98610396E+03
3.35000000E-05,injectedCurrent,ch-base,4.99988036E+06
3.35000000E-05,voltage,ch-base,4.99988036E+06
3.35000000E-05,i1,ch_e1,6.79777259E+03
3.35000000E-05,i2,ch_e1,-7.45725036E+03
3.35000000E-05,i1,ch_e31,6.87567866E+03
3.35000000E-05,i2,ch_e31,-6.66816897E+03
3.35000000E-05,i1,ch_e61,7.24558334E+03
3.35000000E-05,i2,ch_e61,-7.25346029E+03
3.35000000E-05,i1,ch_e91,6.72112729E+03
3.35000000E-05,i2,ch_e91,-6.82522735E+03
3.36000000E-05,injectedCurrent,ch-base,4.99984860E+06
3.36000000E-05,voltage,ch-base,4.99984860E+06
3.36000000E-05,i1,ch_e1,7.30154756E+03
3.36000000E-05,i2,ch_e1,-6.61935967E+03
3.36000000E-05,i1,ch_e31,7.19076562E+03
3.36000000E-05,i2,ch_e31,-7.40697274E+03
3.36000000E-05,i1,ch_e61,6.74702875E+03
3.36000000E-05,i2,ch_e61,-6.73894188E+03
3.36000000E-05,i1,ch_e91,7.11435701E+03
3.36000000E-05,i2,ch_e91,-6.98152422E+03
3.37000000E-05,injectedCurrent,ch-base,4.99980897E+06
3.37000000E-05,voltage,ch-base,4.99980897E+06
3.37000000E-05,i1,ch_e1,6.81160351E+03
3.37000000E-05,i2,ch_e1,-7.51510115E+03
3.37000000E-05,i1,ch_e31,6.89851736E+03
3.37000000E-05,i2,ch_e31,-6.67133546E+03
3.37000000E-05,i1,ch_e61,7.26534368E+03
3.37000000E-05,i2,ch_e61,-7.25516615E+03
3.37000000E-05,i1,ch_e91,6.70516082E+03
3.37000000E-05,i2,ch_e91,-6.84571570E+03
3.38000000E-05,injectedCurrent,ch-base,4.99975965E+06
3.38000000E-05,voltage,ch-base,4.99975965E+06
3.38000000E-05,i1,ch_e1,7.30695615E+03
3.38000000E-05,i2,ch_e1,-6.58327743E+03
3.38000000E-05,i1,ch_e31,7.20608059E+03
3.38000000E-05,i2,ch_e31,-7.44086282E+03
3.38000000E-05,i1,ch_e61,6.73649396E+03
3.38000000E-05,i2,ch_e61,-6.75953640E+03
3.38000000E-05,i1,ch_e91,7.19672679E+03
3.38000000E-05,i2,ch_e91,-7.05080583E+03
3.39000000E-05,injectedCurrent,ch-base,4.99969849E+06
3.39000000E-05,voltage,ch-base,4.99969849E+06
3.39000000E-05,i1,ch_e1,6.84390097E+03
3.39000000E-05,i2,ch_e1,-7.58847329E+03
3.39000000E-05,i1,ch_e31,6.90852405E+03
3.39000000E-05,i2,ch_e31,-6.65996247E+03
3.39000000E-05,i1,ch_e61,7.34434352E+03
3.39000000E-05,i2,ch_e61,-7.31210507E+03
3.39000000E-05,i1,ch_e91,6.70887301E+03
3.39000000E-05,i2,ch_e91,-6.84316683E+03
3.40000000E-05,injectedCurrent,ch-base,4.99962285E+06
3.40000000E-05,voltage,ch-base,4.99962285E+06
3.40000000E-05,i1,ch_e1,7.30619710E+03
3.40000000E-05,i2,ch_e1,-6.53922674E+03
3.40000000E-05,i1,ch_e31,7.23382643E+03
3.40000000E-05,i2,ch_e31,-7.49876051E+03
3.40000000E-05,i1,ch_e61,6.69680678E+03
3.40000000E-05,i2,ch_e61,-6.71486095E+03
3.40000000E-05,i1,ch_e91,7.21516839E+03
3.40000000E-05,i2,ch_e91,-7.07021567E+03
3.41000000E-05,injectedCurrent,ch-base,4.99952961E+06
3.41000000E-05,voltage,ch-base,4.99952961E+06
3.41000000E-05,i1,ch_e1,6.86237464E+03
3.41000000E-05,i2,ch_e1,-7.65543554E+03
3.41000000E-05,i1,ch_e31,6.91404231E+03
3.41000000E-05,i2,ch_e31,-6.62425307E+03
3.41000000E-05,i1,ch_e61,7.38391898E+03
3.41000000E-05,i2,ch_e61,-7.38146020E+03
3.41000000E-05,i1,ch_e91,6.72625431E+03
3.41000000E-05,i2,ch_e91,-6.87655350E+03
3.42000000E-05,injectedCurrent,ch-base,4.99941500E+06
3.42000000E-05,voltage,ch-base,4.99941500E+06
3.42000000E-05,i1,ch_e1,7.33198754E+03
3.42000000E-05,i2,ch_e1,-6.50987542E+03
3.42000000E-05,i1,ch_e31,7.24908194E+03
3.42000000E-05,i2,ch_e31,-7.56176853E+03
3.42000000E-05,i1,ch_e61,6.73620898E+03
3.42000000E-05,i2,ch_e61,-6.72570321E+03
3.42000000E-05,i1,ch_e91,7.26708563E+03
3.42000000E-05,i2,ch_e91,-7.10602382E+03
3.43000000E-05,injectedCurrent,ch-base,4.99927458E+06
3.43000000E-05,voltage,ch-base,4.99927458E+06
3.43000000E-05,i1,ch_e1,6.84692687E+03
3.43000000E-05,i2,ch_e1,-7.70188015E+03
3.43000000E-05,i1,ch_e31,6.93588694E+03
3.43000000E-05,i2,ch_e31,-6.60392638E+03
3.43000000E-05,i1,ch_e61,7.37044879E+03
3.43000000E-05,i2,ch_e61,-7.37019871E+03
3.43000000E-05,i1,ch_e91,6.72920881E+03
3.43000000E-05,i2,ch_e91,-6.88847029E+03
3.44000000E-05,injectedCurrent,ch-base,4.99910304E+06
3.44000000E-05,voltage,ch-base,4.99910304E+06
3.44000000E-05,i1,ch_e1,7.38116301E+03
3.44000000E-05,i2,ch_e1,-6.49290231E+03
3.44000000E-05,i1,ch_e31,7.26126623E+03
3.44000000E-05,i2,ch_e31,-7.59843920E+03
3.44000000E-05,i1,ch_e61,6.74529182E+03
3.44000000E-05,i2,ch_e61,-6.75817783E+03
3.44000000E-05,i1,ch_e91,7.29159907E+03
3.44000000E-05,i2,ch_e91,-7.11371846E+03
3.45000000E-05,injectedCurrent,ch-base,4.99889413E+06
3.45000000E-05,voltage,ch-base,4.99889413E+06
3.45000000E-05,i1,ch_e1,6.82515538E+03
3.45000000E-05,i2,ch_e1,-7.74787947E+03
3.45000000E-05,i1,ch_e31,6.92654024E+03
3.45000000E-05,i2,ch_e31,-6.59096190E+03
3.45000000E-05,i1,ch_e61,7.43935358E+03
3.45000000E-05,i2,ch_e61,-7.41970306E+03
3.45000000E-05,i1,ch_e91,6.71941629E+03
3.45000000E-05,i2,ch_e91,-6.90667528E+03
3.46000000E-05,injectedCurrent,ch-base,4.99864048E+06
3.46000000E-05,voltage,ch-base,4.99864048E+06
3.46000000E-05,i1,ch_e1,7.41366154E+03
3.46000000E-05,i2,ch_e1,-6.45869229E+03
3.46000000E-05,i1,ch_e31,7.32959958E+03
3.46000000E-05,i2,ch_e31,-7.66139873E+03
3.46000000E-05,i1,ch_e61,6.70213624E+03
3.46000000E-05,i2,ch_e61,-6.70493776E+03
3.46000000E-05,i1,ch_e91,7.36712282E+03
3.46000000E-05,i2,ch_e91,-7.18079541E+03
3.47000000E-05,injectedCurrent,ch-base,4.99833345E+06
3.47000000E-05,voltage,ch-base,4.99833345E+06
3.47000000E-05,i1,ch_e1,6.82639085E+03
3.47000000E-05,i2,ch_e1,-7.81574981E+03
3.47000000E-05,i1,ch_e31,6.86725807E+03
3.47000000E-05,i2,ch_e31,-6.52615009E+03
3.47000000E-05,i1,ch_e61,7.47577611E+03
3.47000000E-05,i2,ch_e61,-7.48920631E+03
3.47000000E-05,i1,ch_e91,6.72892607E+03
3.47000000E-05,i2,ch_e91,-6.90062123E+03
3.48000000E-05,injectedCurrent,ch-base,4.99796293E+06
3.48000000E-05,voltage,ch-base,4.99796293E+06
3.48000000E-05,i1,ch_e1,7.43245434E+03
3.48000000E-05,i2,ch_e1,-6.40847641E+03
3.48000000E-05,i1,ch_e31,7.39539140E+03
3.48000000E-05,i2,ch_e31,-7.75664287E+03
3.48000000E-05,i1,ch_e61,6.72260256E+03
3.48000000E-05,i2,ch_e61,-6.69961333E+03
3.48000000E-05,i1,ch_e91,7.34273473E+03
3.48000000E-05,i2,ch_e91,-7.14771531E+03
3.49000000E-05,injectedCurrent,ch-base,4.99751718E+06
3.49000000E-05,voltage,ch-base,4.99751718E+06
3.49000000E-05,i1,ch_e1,6.81012685E+03
3.49000000E-05,i2,ch_e1,-7.87584271E+03
3.49000000E-05,i1,ch_e31,6.87204329E+03
3.49000000E-05,i2,ch_e31,-6.48508607E+03
3.49000000E-05,i1,ch_e61,7.50192144E+03
3.49000000E-05,i2,ch_e61,-7.51978551E+03
3.49000000E-05,i1,ch_e91,6.72827099E+03
3.49000000E-05,i2,ch_e91,-6.94943000E+03
3.50000000E-05,injectedCurrent,ch-base,4.99698253E+06
3.50000000E-05,voltage,ch-base,4.99698253E+06
3.50000000E-05,i1,ch_e1,7.49184640E+03
3.50000000E-05,i2,ch_e1,-6.38347778E+03
3.50000000E-05,i1,ch_e31,7.37328127E+03
3.50000000E-05,i2,ch_e31,-7.77400397E+03
3.50000000E-05,i1,ch_e61,6.68721458E+03
3.50000000E-05,i2,ch_e61,-6.66661434E+03
3.50000000E-05,i1,ch_e91,7.45903052E+03
3.50000000E-05,i2,ch_e91,-7.24233316E+03
3.51000000E-05,injectedCurrent,ch-base,4.99634321E+06
3.51000000E-05,voltage,ch-base,4.99634321E+06
3.51000000E-05,i1,ch_e1,6.75093737E+03
3.51000000E-05,i2,ch_e1,-7.90709173E+03
3.51000000E-05,i1,ch_e31,6.91506986E+03
3.51000000E-05,i2,ch_e31,-6.51222435E+03
3.51000000E-05,i1,ch_e61,7.56937816E+03
3.51000000E-05,i2,ch_e61,-7.59196988E+03
3.51000000E-05,i1,ch_e91,6.71664981E+03
3.51000000E-05,i2,ch_e91,-6.90443144E+03
3.52000000E-05,injectedCurrent,ch-base,4.99558106E+06
3.52000000E-05,voltage,ch-base,4.99558106E+06
3.52000000E-05,i1,ch_e1,7.55214188E+03
3.52000000E-05,i2,ch_e1,-6.35596697E+03
3.52000000E-05,i1,ch_e31,7.39569845E+03
3.52000000E-05,i2,ch_e31,-7.79740366E+03
3.52000000E-05,i1,ch_e61,6.65982446E+03
3.52000000E-05,i2,ch_e61,-6.63910937E+03
3.52000000E-05,i1,ch_e91,7.40356470E+03
3.52000000E-05,i2,ch_e91,-7.19289356E+03
3.53000000E-05,injectedCurrent,ch-base,4.99467526E+06
3.53000000E-05,voltage,ch-base,4.99467526E+06
3.53000000E-05,i1,ch_e1,6.74435648E+03
3.53000000E-05,i2,ch_e1,-7.98101870E+03
3.53000000E-05,i1,ch_e31,6.86833625E+03
3.53000000E-05,i2,ch_e31,-6.45194983E+03
3.53000000E-05,i1,ch_e61,7.63371427E+03
3.53000000E-05,i2,ch_e61,-7.64217388E+03
3.53000000E-05,i1,ch_e91,6.71187385E+03
3.53000000E-05,i2,ch_e91,-6.95163647E+03
3.54000000E-05,injectedCurrent,ch-base,4.99360200E+06
3.54000000E-05,voltage,ch-base,4.99360200E+06
3.54000000E-05,i1,ch_e1,7.52423984E+03
3.54000000E-05,i2,ch_e1,-6.25607357E+03
3.54000000E-05,i1,ch_e31,7.46367937E+03
3.54000000E-05,i2,ch_e31,-7.90895672E+03
3.54000000E-05,i1,ch_e61,6.59651984E+03
3.54000000E-05,i2,ch_e61,-6.58570431E+03
3.54000000E-05,i1,ch_e91,7.53942554E+03
3.54000000E-05,i2,ch_e91,-7.31254821E+03
3.55000000E-05,injectedCurrent,ch-base,4.99233419E+06
3.55000000E-05,voltage,ch-base,4.99233419E+06
3.55000000E-05,i1,ch_e1,6.78768560E+03
3.55000000E-05,i2,ch_e1,-8.09996299E+03
3.55000000E-05,i1,ch_e31,6.85888412E+03
3.55000000E-05,i2,ch_e31,-6.38385681E+03
3.55000000E-05,i1,ch_e61,7.69101362E+03
3.55000000E-05,i2,ch_e61,-7.70703115E+03
3.55000000E-05,i1,ch_e91,6.71197573E+03
3.55000000E-05,i2,ch_e91,-6.91960299E+03
3.56000000E-05,injectedCurrent,ch-base,4.99084114E+06
3.56000000E-05,voltage,ch-base,4.99084114E+06
3.56000000E-05,i1,ch_e1,7.53271785E+03
3.56000000E-05,i2,ch_e1,-6.17481749E+03
3.56000000E-05,i1,ch_e31,7.45853233E+03
3.56000000E-05,i2,ch_e31,-7.94769095E+03
3.56000000E-05,i1,ch_e61,6.61441098E+03
3.56000000E-05,i2,ch_e61,-6.60893641E+03
3.56000000E-05,i1,ch_e91,7.51170266E+03
3.56000000E-05,i2,ch_e91,-7.27144056E+03
3.57000000E-05,injectedCurrent,ch-base,4.98908819E+06
3.57000000E-05,voltage,ch-base,4.98908819E+06
3.57000000E-05,i1,ch_e1,6.70550952E+03
3.57000000E-05,i2,ch_e1,-8.13026465E+03
3.57000000E-05,i1,ch_e31,6.87173178E+03
3.57000000E-05,i2,ch_e31,-6.37576883E+03
3.57000000E-05,i1,ch_e61,7.72150728E+03
3.57000000E-05,i2,ch_e61,-7.69973886E+03
3.57000000E-05,i1,ch_e91,6.64016370E+03
3.57000000E-05,i2,ch_e91,-6.89022044E+03
3.58000000E-05,injectedCurrent,ch-base,4.98703636E+06
3.58000000E-05,voltage,ch-base,4.98703636E+06
3.58000000E-05,i1,ch_e1,7.65487160E+03
3.58000000E-05,i2,ch_e1,-6.17419671E+03
3.58000000E-05,i1,ch_e31,7.48966191E+03
3.58000000E-05,i2,ch_e31,-8.00196072E+03
3.58000000E-05,i1,ch_e61,6.53132738E+03
3.58000000E-05,i2,ch_e61,-6.54659803E+03
3.58000000E-05,i1,ch_e91,7.60457374E+03
3.58000000E-05,i2,ch_e91,-7.35745226E+03
3.59000000E-05,injectedCurrent,ch-base,4.98464202E+06
3.59000000E-05,voltage,ch-base,4.98464202E+06
3.59000000E-05,i1,ch_e1,6.61359631E+03
3.59000000E-05,i2,ch_e1,-8.15772247E+03
3.59000000E-05,i1,ch_e31,6.85075168E+03
3.59000000E-05,i2,ch_e31,-6.30765135E+03
3.59000000E-05,i1,ch_e61,7.79096079E+03
3.59000000E-05,i2,ch_e61,-7.80687165E+03
3.59000000E-05,i1,ch_e91,6.64582582E+03
3.59000000E-05,i2,ch_e91,-6.91310458E+03
3.60000000E-05,injectedCurrent,ch-base,4.98185648E+06
3.60000000E-05,voltage,ch-base,4.98185648E+06
3.60000000E-05,i1,ch_e1,7.64818246E+03
3.60000000E-05,i2,ch_e1,-6.06712783E+03
3.60000000E-05,i1,ch_e31,7.51334180E+03
3.60000000E-05,i2,ch_e31,-8.08575132E+03
3.60000000E-05,i1,ch_e61,6.58264141E+03
3.60000000E-05,i2,ch_e61,-6.56335199E+03
3.60000000E-05,i1,ch_e91,7.69228551E+03
3.60000000E-05,i2,ch_e91,-7.41296921E+03
3.61000000E-05,injectedCurrent,ch-base,4.97862572E+06
3.61000000E-05,voltage,ch-base,4.97862572E+06
3.61000000E-05,i1,ch_e1,6.66386248E+03
3.61000000E-05,i2,ch_e1,-8.30242386E+03
3.61000000E-05,i1,ch_e31,6.82237749E+03
3.61000000E-05,i2,ch_e31,-6.23241221E+03
3.61000000E-05,i1,ch_e61,7.80398316E+03
3.61000000E-05,i2,ch_e61,-7.79238003E+03
3.61000000E-05,i1,ch_e91,6.62343149E+03
3.61000000E-05,i2,ch_e91,-6.91694192E+03
3.62000000E-05,injectedCurrent,ch-base,4.97488999E+06
3.62000000E-05,voltage,ch-base,4.97488999E+06
3.62000000E-05,i1,ch_e1,7.61309322E+03
3.62000000E-05,i2,ch_e1,-5.92935619E+03
3.62000000E-05,i1,ch_e31,7.58704800E+03
3.62000000E-05,i2,ch_e31,-8.19279868E+03
3.62000000E-05,i1,ch_e61,6.45595562E+03
3.62000000E-05,i2,ch_e61,-6.46039158E+03
3.62000000E-05,i1,ch_e91,7.72607023E+03
3.62000000E-05,i2,ch_e91,-7.38771680E+03
3.63000000E-05,injectedCurrent,ch-base,4.97058351E+06
3.63000000E-05,voltage,ch-base,4.97058351E+06
3.63000000E-05,i1,ch_e1,6.57761248E+03
3.63000000E-05,i2,ch_e1,-8.34655347E+03
3.63000000E-05,i1,ch_e31,6.77181316E+03
3.63000000E-05,i2,ch_e31,-6.14846071E+03
3.63000000E-05,i1,ch_e61,7.89849702E+03
3.63000000E-05,i2,ch_e61,-7.92318279E+03
3.63000000E-05,i1,ch_e91,6.49942383E+03
3.63000000E-05,i2,ch_e91,-6.81320296E+03
3.64000000E-05,injectedCurrent,ch-base,4.96563422E+06
3.64000000E-05,voltage,ch-base,4.96563422E+06
3.64000000E-05,i1,ch_e1,7.72001491E+03
3.64000000E-05,i2,ch_e1,-5.89441479E+03
3.64000000E-05,i1,ch_e31,7.58199472E+03
3.64000000E-05,i2,ch_e31,-8.21737147E+03
3.64000000E-05,i1,ch_e61,6.50104163E+03
3.64000000E-05,i2,ch_e61,-6.48808878E+03
3.64000000E-05,i1,ch_e91,7.66929129E+03
3.64000000E-05,i2,ch_e91,-7.32720843E+03
3.65000000E-05,injectedCurrent,ch-base,4.95996348E+06
3.65000000E-05,voltage,ch-base,4.95996348E+06
3.65000000E-05,i1,ch_e1,6.47554122E+03
3.65000000E-05,i2,ch_e1,-8.38754164E+03
3.65000000E-05,i1,ch_e31,6.79778063E+03
3.65000000E-05,i2,ch_e31,-6.15442645E+03
3.65000000E-05,i1,ch_e61,7.94499918E+03
3.65000000E-05,i2,ch_e61,-7.93460044E+03
3.65000000E-05,i1,ch_e91,6.50094061E+03
3.65000000E-05,i2,ch_e91,-6.89726197E+03
3.66000000E-05,injectedCurrent,ch-base,4.95348594E+06
3.66000000E-05,voltage,ch-base,4.95348594E+06
3.66000000E-05,i1,ch_e1,7.69584680E+03
3.66000000E-05,i2,ch_e1,-5.74289144E+03
3.66000000E-05,i1,ch_e31,7.61822044E+03
3.66000000E-05,i2,ch_e31,-8.30221696E+03
3.66000000E-05,i1,ch_e61,6.38991235E+03
3.66000000E-05,i2,ch_e61,-6.37636587E+03
3.66000000E-05,i1,ch_e91,7.88925670E+03
3.66000000E-05,i2,ch_e91,-7.56038560E+03
3.67000000E-05,injectedCurrent,ch-base,4.94610933E+06
3.67000000E-05,voltage,ch-base,4.94610933E+06
3.67000000E-05,i1,ch_e1,6.45288902E+03
3.67000000E-05,i2,ch_e1,-8.49914599E+03
3.67000000E-05,i1,ch_e31,6.74073702E+03
3.67000000E-05,i2,ch_e31,-5.99280448E+03
3.67000000E-05,i1,ch_e61,7.97364917E+03
3.67000000E-05,i2,ch_e61,-8.00057022E+03
3.67000000E-05,i1,ch_e91,6.70395894E+03
3.67000000E-05,i2,ch_e91,-7.09587745E+03
3.68000000E-05,injectedCurrent,ch-base,4.93773447E+06
3.68000000E-05,voltage,ch-base,4.93773447E+06
3.68000000E-05,i1,ch_e1,7.70885133E+03
3.68000000E-05,i2,ch_e1,-5.61470163E+03
3.68000000E-05,i1,ch_e31,7.62243083E+03
3.68000000E-05,i2,ch_e31,-8.40696141E+03
3.68000000E-05,i1,ch_e61,6.36572282E+03
3.68000000E-05,i2,ch_e61,-6.34720299E+03
3.68000000E-05,i1,ch_e91,8.05508460E+03
3.68000000E-05,i2,ch_e91,-7.64721967E+03
3.69000000E-05,injectedCurrent,ch-base,4.92825524E+06
3.69000000E-05,voltage,ch-base,4.92825524E+06
3.69000000E-05,i1,ch_e1,6.33398617E+03
3.69000000E-05,i2,ch_e1,-8.53944539E+03
3.69000000E-05,i1,ch_e31,6.71490947E+03
3.69000000E-05,i2,ch_e31,-5.95041282E+03
3.69000000E-05,i1,ch_e61,8.09568136E+03
3.69000000E-05,i2,ch_e61,-8.11955950E+03
3.69000000E-05,i1,ch_e91,6.57933380E+03
3.69000000E-05,i2,ch_e91,-6.92966258E+03
3.70000000E-05,injectedCurrent,ch-base,4.91755867E+06
3.70000000E-05,voltage,ch-base,4.91755867E+06
3.70000000E-05,i1,ch_e1,7.70507341E+03
3.70000000E-05,i2,ch_e1,-5.45669288E+03
3.70000000E-05,i1,ch_e31,7.73175536E+03
3.70000000E-05,i2,ch_e31,-8.50351935E+03
3.70000000E-05,i1,ch_e61,6.30928718E+03
3.70000000E-05,i2,ch_e61,-6.30372864E+03
3.70000000E-05,i1,ch_e91,7.87245420E+03
3.70000000E-05,i2,ch_e91,-7.39710714E+03
3.71000000E-05,injectedCurrent,ch-base,4.90552521E+06
3.71000000E-05,voltage,ch-base,4.90552521E+06
3.71000000E-05,i1,ch_e1,6.24234002E+03
3.71000000E-05,i2,ch_e1,-8.61672901E+03
3.71000000E-05,i1,ch_e31,6.63389140E+03
3.71000000E-05,i2,ch_e31,-5.80692538E+03
3.71000000E-05,i1,ch_e61,8.19687356E+03
3.71000000E-05,i2,ch_e61,-8.19011572E+03
3.71000000E-05,i1,ch_e91,6.17818373E+03
3.71000000E-05,i2,ch_e91,-6.53474654E+03
3.72000000E-05,injectedCurrent,ch-base,4.89202902E+06
3.72000000E-05,voltage,ch-base,4.89202902E+06
3.72000000E-05,i1,ch_e1,7.73208780E+03
3.72000000E-05,i2,ch_e1,-5.31292494E+03
3.72000000E-05,i1,ch_e31,7.64592115E+03
3.72000000E-05,i2,ch_e31,-8.52757281E+03
3.72000000E-05,i1,ch_e61,6.23380840E+03
3.72000000E-05,i2,ch_e61,-6.21508136E+03
3.72000000E-05,i1,ch_e91,7.50702205E+03
3.72000000E-05,i2,ch_e91,-6.96674838E+03
3.73000000E-05,injectedCurrent,ch-base,4.87693839E+06
3.73000000E-05,voltage,ch-base,4.87693839E+06
3.73000000E-05,i1,ch_e1,6.08210111E+03
3.73000000E-05,i2,ch_e1,-8.64008795E+03
3.73000000E-05,i1,ch_e31,6.65310461E+03
3.73000000E-05,i2,ch_e31,-5.76401943E+03
3.73000000E-05,i1,ch_e61,8.12641645E+03
3.73000000E-05,i2,ch_e61,-8.11533661E+03
3.73000000E-05,i1,ch_e91,5.59621062E+03
3.73000000E-05,i2,ch_e91,-5.93427339E+03
3.74000000E-05,injectedCurrent,ch-base,4.86011637E+06
3.74000000E-05,voltage,ch-base,4.86011637E+06
3.74000000E-05,i1,ch_e1,7.64908526E+03
3.74000000E-05,i2,ch_e1,-5.06468633E+03
3.74000000E-05,i1,ch_e31,7.77207930E+03
3.74000000E-05,i2,ch_e31,-8.70351527E+03
3.74000000E-05,i1,ch_e61,6.09756650E+03
3.74000000E-05,i2,ch_e61,-6.08490875E+03
3.74000000E-05,i1,ch_e91,6.86391137E+03
3.74000000E-05,i2,ch_e91,-6.23516908E+03
3.75000000E-05,injectedCurrent,ch-base,4.84142144E+06
3.75000000E-05,voltage,ch-base,4.84142144E+06
3.75000000E-05,i1,ch_e1,6.01072909E+03
3.75000000E-05,i2,ch_e1,-8.75537361E+03
3.75000000E-05,i1,ch_e31,6.53767224E+03
3.75000000E-05,i2,ch_e31,-5.56720782E+03
3.75000000E-05,i1,ch_e61,8.24007230E+03
3.75000000E-05,i2,ch_e61,-8.31421668E+03
3.75000000E-05,i1,ch_e91,4.65667756E+03
3.75000000E-05,i2,ch_e91,-4.96387368E+03
3.76000000E-05,injectedCurrent,ch-base,4.82070835E+06
3.76000000E-05,voltage,ch-base,4.82070835E+06
3.76000000E-05,i1,ch_e1,7.68366960E+03
3.76000000E-05,i2,ch_e1,-4.89691735E+03
3.76000000E-05,i1,ch_e31,7.72096740E+03
3.76000000E-05,i2,ch_e31,-8.71873596E+03
3.76000000E-05,i1,ch_e61,6.17049525E+03
3.76000000E-05,i2,ch_e61,-6.17931741E+03
3.76000000E-05,i1,ch_e91,5.91105321E+03
3.76000000E-05,i2,ch_e91,-5.21652667E+03
3.77000000E-05,injectedCurrent,ch-base,4.79782916E+06
3.77000000E-05,voltage,ch-base,4.79782916E+06
3.77000000E-05,i1,ch_e1,5.71437354E+03
3.77000000E-05,i2,ch_e1,-8.68645459E+03
3.77000000E-05,i1,ch_e31,6.47518032E+03
3.77000000E-05,i2,ch_e31,-5.45512837E+03
3.77000000E-05,i1,ch_e61,8.58269346E+03
3.77000000E-05,i2,ch_e61,-8.61209287E+03
3.77000000E-05,i1,ch_e91,3.46859047E+03
3.77000000E-05,i2,ch_e91,-3.81428962E+03
3.78000000E-05,injectedCurrent,ch-base,4.77263434E+06
3.78000000E-05,voltage,ch-base,4.77263434E+06
3.78000000E-05,i1,ch_e1,7.56131520E+03
3.78000000E-05,i2,ch_e1,-4.58213457E+03
3.78000000E-05,i1,ch_e31,7.76156505E+03
3.78000000E-05,i2,ch_e31,-8.84616460E+03
3.78000000E-05,i1,ch_e61,6.17832175E+03
3.78000000E-05,i2,ch_e61,-6.15622638E+03
3.78000000E-05,i1,ch_e91,4.91109898E+03
3.78000000E-05,i2,ch_e91,-4.18508176E+03
3.79000000E-05,injectedCurrent,ch-base,4.74497402E+06
3.79000000E-05,voltage,ch-base,4.74497402E+06
3.79000000E-05,i1,ch_e1,5.66690230E+03
3.79000000E-05,i2,ch_e1,-8.84727319E+03
3.79000000E-05,i1,ch_e31,6.41137887E+03
3.79000000E-05,i2,ch_e31,-5.31354867E+03
3.79000000E-05,i1,ch_e61,8.54271255E+03
3.79000000E-05,i2,ch_e61,-8.50439309E+03
3.79000000E-05,i1,ch_e91,2.40567662E+03
3.79000000E-05,i2,ch_e91,-2.84921780E+03
3.80000000E-05,injectedCurrent,ch-base,4.71469946E+06
3.80000000E-05,voltage,ch-base,4.71469946E+06
3.80000000E-05,i1,ch_e1,7.56124620E+03
3.80000000E-05,i2,ch_e1,-4.35319419E+03
3.80000000E-05,i1,ch_e31,7.79384455E+03
3.80000000E-05,i2,ch_e31,-8.96092320E+03
3.80000000E-05,i1,ch_e61,5.88401542E+03
3.80000000E-05,i2,ch_e61,-5.80446902E+03
3.80000000E-05,i1,ch_e91,4.09787414E+03
3.80000000E-05,i2,ch_e91,-3.37467810E+03
3.81000000E-05,injectedCurrent,ch-base,4.68166452E+06
3.81000000E-05,voltage,ch-base,4.68166452E+06
3.81000000E-05,i1,ch_e1,5.26953573E+03
3.81000000E-05,i2,ch_e1,-8.71583425E+03
3.81000000E-05,i1,ch_e31,6.35336939E+03
3.81000000E-05,i2,ch_e31,-5.15123891E+03
3.81000000E-05,i1,ch_e61,8.28239050E+03
3.81000000E-05,i2,ch_e61,-8.24960444E+03
3.81000000E-05,i1,ch_e91,1.64946735E+03
3.81000000E-05,i2,ch_e91,-2.16812968E+03
3.82000000E-05,injectedCurrent,ch-base,4.64572732E+06
3.82000000E-05,voltage,ch-base,4.64572732E+06
3.82000000E-05,i1,ch_e1,7.37496063E+03
3.82000000E-05,i2,ch_e1,-3.94132022E+03
3.82000000E-05,i1,ch_e31,7.77261197E+03
3.82000000E-05,i2,ch_e31,-9.00563714E+03
3.82000000E-05,i1,ch_e61,5.32866069E+03
3.82000000E-05,i2,ch_e61,-5.20644851E+03
3.82000000E-05,i1,ch_e91,3.58076065E+03
3.82000000E-05,i2,ch_e91,-2.88197453E+03
3.83000000E-05,injectedCurrent,ch-base,4.60675198E+06
3.83000000E-05,voltage,ch-base,4.60675198E+06
3.83000000E-05,i1,ch_e1,5.14341966E+03
3.83000000E-05,i2,ch_e1,-8.83860893E+03
3.83000000E-05,i1,ch_e31,6.09164822E+03
3.83000000E-05,i2,ch_e31,-4.81104613E+03
3.83000000E-05,i1,ch_e61,7.87054420E+03
3.83000000E-05,i2,ch_e61,-7.77383561E+03
3.83000000E-05,i1,ch_e91,1.08696445E+03
3.83000000E-05,i2,ch_e91,-1.66430777E+03
3.84000000E-05,injectedCurrent,ch-base,4.56461043E+06
3.84000000E-05,voltage,ch-base,4.56461043E+06
3.84000000E-05,i1,ch_e1,7.37504248E+03
3.84000000E-05,i2,ch_e1,-3.67710331E+03
3.84000000E-05,i1,ch_e31,7.64884861E+03
3.84000000E-05,i2,ch_e31,-8.99753611E+03
3.84000000E-05,i1,ch_e61,4.51925318E+03
3.84000000E-05,i2,ch_e61,-4.35340245E+03
3.84000000E-05,i1,ch_e91,3.33444318E+03
3.84000000E-05,i2,ch_e91,-2.60971022E+03
3.85000000E-05,injectedCurrent,ch-base,4.51918426E+06
3.85000000E-05,voltage,ch-base,4.51918426E+06
3.85000000E-05,i1,ch_e1,4.75957098E+03
3.85000000E-05,i2,ch_e1,-8.75110348E+03
3.85000000E-05,i1,ch_e31,6.06263821E+03
3.85000000E-05,i2,ch_e31,-4.72425407E+03
3.85000000E-05,i1,ch_e61,7.05653755E+03
3.85000000E-05,i2,ch_e61,-6.90810398E+03
3.85000000E-05,i1,ch_e91,6.60202490E+02
3.85000000E-05,i2,ch_e91,-1.33229152E+03
3.86000000E-05,injectedCurrent,ch-base,4.47036663E+06
3.86000000E-05,voltage,ch-base,4.47036663E+06
3.86000000E-05,i1,ch_e1,7.11354136E+03
3.86000000E-05,i2,ch_e1,-3.15109288E+03
3.86000000E-05,i1,ch_e31,7.83364628E+03
3.86000000E-05,i2,ch_e31,-9.34029686E+03
3.86000000E-05,i1,ch_e61,3.37446751E+03
3.86000000E-05,i2,ch_e61,-3.16213521E+03
3.86000000E-05,i1,ch_e91,3.16357907E+03
3.86000000E-05,i2,ch_e91,-2.37536879E+03
3.87000000E-05,injectedCurrent,ch-base,4.41806415E+06
3.87000000E-05,voltage,ch-base,4.41806415E+06
3.87000000E-05,i1,ch_e1,4.40896590E+03
3.87000000E-05,i2,ch_e1,-8.70490944E+03
3.87000000E-05,i1,ch_e31,6.04494158E+03
3.87000000E-05,i2,ch_e31,-4.59442024E+03
3.87000000E-05,i1,ch_e61,6.06708764E+03
3.87000000E-05,i2,ch_e61,-5.92301244E+03
3.87000000E-05,i1,ch_e91,3.88801444E+02
3.87000000E-05,i2,ch_e91,-1.12653385E+03
3.88000000E-05,injectedCurrent,ch-base,4.36219877E+06
3.88000000E-05,voltage,ch-base,4.36219877E+06
3.88000000E-05,i1,ch_e1,6.99689230E+03
3.88000000E-05,i2,ch_e1,-2.73543641E+03
3.88000000E-05,i1,ch_e31,7.87752084E+03
3.88000000E-05,i2,ch_e31,-9.39819990E+03
3.88000000E-05,i1,ch_e61,2.14851728E+03
3.88000000E-05,i2,ch_e61,-1.96121539E+03
3.88000000E-05,i1,ch_e91,3.03096748E+03
3.88000000E-05,i2,ch_e91,-2.22151846E+03
3.89000000E-05,injectedCurrent,ch-base,4.30270955E+06
3.89000000E-05,voltage,ch-base,4.30270955E+06
3.89000000E-05,i1,ch_e1,4.07584975E+03
3.89000000E-05,i2,ch_e1,-8.70592294E+03
3.89000000E-05,i1,ch_e31,5.85851221E+03
3.89000000E-05,i2,ch_e31,-4.22896931E+03
3.89000000E-05,i1,ch_e61,5.16162176E+03
3.89000000E-05,i2,ch_e61,-5.06455340E+03
3.89000000E-05,i1,ch_e91,1.12449215E+02
3.89000000E-05,i2,ch_e91,-8.85439382E+02
3.90000000E-05,injectedCurrent,ch-base,4.23955440E+06
3.90000000E-05,voltage,ch-base,4.23955440E+06
3.90000000E-05,i1,ch_e1,6.87754375E+03
3.90000000E-05,i2,ch_e1,-2.29451225E+03
3.90000000E-05,i1,ch_e31,7.59443582E+03
3.90000000E-05,i2,ch_e31,-9.24229082E+03
3.90000000E-05,i1,ch_e61,1.11991146E+03
3.90000000E-05,i2,ch_e61,-9.73927482E+02
3.90000000E-05,i1,ch_e91,3.01891622E+03
3.90000000E-05,i2,ch_e91,-2.16036965E+03
3.91000000E-05,injectedCurrent,ch-base,4.17271166E+06
3.91000000E-05,voltage,ch-base,4.17271166E+06
3.91000000E-05,i1,ch_e1,3.70531801E+03
3.91000000E-05,i2,ch_e1,-8.68481465E+03
3.91000000E-05,i1,ch_e31,5.23141157E+03
3.91000000E-05,i2,ch_e31,-3.47653356E+03
3.91000000E-05,i1,ch_e61,4.56424653E+03
3.91000000E-05,i2,ch_e61,-4.50812305E+03
3.91000000E-05,i1,ch_e91,-1.72019856E+02
3.91000000E-05,i2,ch_e91,-6.87372095E+02
3.92000000E-05,injectedCurrent,ch-base,4.10218153E+06
3.92000000E-05,voltage,ch-base,4.10218153E+06
3.92000000E-05,i1,ch_e1,6.56384361E+03
3.92000000E-05,i2,ch_e1,-1.63511235E+03
3.92000000E-05,i1,ch_e31,7.09284629E+03
3.92000000E-05,i2,ch_e31,-8.79899621E+03
3.92000000E-05,i1,ch_e61,3.63057173E+02
3.92000000E-05,i2,ch_e61,-2.71156700E+02
3.92000000E-05,i1,ch_e91,2.98827741E+03
3.92000000E-05,i2,ch_e91,-2.05138007E+03
3.93000000E-05,injectedCurrent,ch-base,4.02798731E+06
3.93000000E-05,voltage,ch-base,4.02798731E+06
3.93000000E-05,i1,ch_e1,2.99601283E+03
3.93000000E-05,i2,ch_e1,-8.37350920E+03
3.93000000E-05,i1,ch_e31,4.54429054E+03
3.93000000E-05,i2,ch_e31,-2.59125676E+03
3.93000000E-05,i1,ch_e61,4.14098483E+03
3.93000000E-05,i2,ch_e61,-4.13483917E+03
3.93000000E-05,i1,ch_e91,-3.84954826E+02
3.93000000E-05,i2,ch_e91,-5.40959333E+02
3.94000000E-05,injectedCurrent,ch-base,3.95017641E+06
3.94000000E-05,voltage,ch-base,3.95017641E+06
3.94000000E-05,i1,ch_e1,6.15330923E+03
3.94000000E-05,i2,ch_e1,-8.63835633E+02
3.94000000E-05,i1,ch_e31,6.34862438E+03
3.94000000E-05,i2,ch_e31,-8.16130824E+03
3.94000000E-05,i1,ch_e61,-2.24419675E+02
3.94000000E-05,i2,ch_e61,3.19812824E+02
3.94000000E-05,i1,ch_e91,2.97595215E+03
3.94000000E-05,i2,ch_e91,-1.99140271E+03
3.95000000E-05,injectedCurrent,ch-base,3.86882111E+06
3.95000000E-05,voltage,ch-base,3.86882111E+06
3.95000000E-05,i1,ch_e1,2.61908827E+03
3.95000000E-05,i2,ch_e1,-8.40935275E+03
3.95000000E-05,i1,ch_e31,3.35154733E+03
3.95000000E-05,i2,ch_e31,-1.23181771E+03
3.95000000E-05,i1,ch_e61,3.98072536E+03
3.95000000E-05,i2,ch_e61,-3.99125771E+03
3.95000000E-05,i1,ch_e91,-6.42736065E+02
3.95000000E-05,i2,ch_e91,-3.49018051E+02
3.96000000E-05,injectedCurrent,ch-base,3.78401910E+06
3.96000000E-05,voltage,ch-base,3.78401910E+06
3.96000000E-05,i1,ch_e1,6.29565874E+03
3.96000000E-05,i2,ch_e1,-5.85083603E+02
3.96000000E-05,i1,ch_e31,5.17299922E+03
3.96000000E-05,i2,ch_e31,-7.09456939E+03
3.96000000E-05,i1,ch_e61,-7.35177168E+02
3.96000000E-05,i2,ch_e61,7.80170836E+02
3.96000000E-05,i1,ch_e91,3.00425132E+03
3.96000000E-05,i2,ch_e91,-1.94515491E+03
3.97000000E-05,injectedCurrent,ch-base,3.69589363E+06
3.97000000E-05,voltage,ch-base,3.69589363E+06
3.97000000E-05,i1,ch_e1,2.49024139E+03
3.97000000E-05,i2,ch_e1,-8.71071924E+03
3.97000000E-05,i1,ch_e31,1.96525459E+03
3.97000000E-05,i2,ch_e31,3.19579383E+02
3.97000000E-05,i1,ch_e61,3.76190301E+03
3.97000000E-05,i2,ch_e61,-3.79220098E+03
3.97000000E-05,i1,ch_e91,-8.82500532E+02
3.97000000E-05,i2,ch_e91,-1.90394906E+02
3.98000000E-05,injectedCurrent,ch-base,3.60459343E+06
3.98000000E-05,voltage,ch-base,3.60459343E+06
3.98000000E-05,i1,ch_e1,6.17914829E+03
3.98000000E-05,i2,ch_e1,-2.32664243E+01
3.98000000E-05,i1,ch_e31,3.99510870E+03
3.98000000E-05,i2,ch_e31,-6.10033692E+03
3.98000000E-05,i1,ch_e61,-1.17510162E+03
3.98000000E-05,i2,ch_e61,1.25561277E+03
3.98000000E-05,i1,ch_e91,3.03322882E+03
3.98000000E-05,i2,ch_e91,-1.90243555E+03
3.99000000E-05,injectedCurrent,ch-base,3.51029227E+06
3.99000000E-05,voltage,ch-base,3.51029227E+06
3.99000000E-05,i1,ch_e1,1.72466652E+03
3.99000000E-05,i2,ch_e1,-8.42953940E+03
3.99000000E-05,i1,ch_e31,6.70418090E+02
3.99000000E-05,i2,ch_e31,1.73697252E+03
3.99000000E-05,i1,ch_e61,3.74810259E+03
3.99000000E-05,i2,ch_e61,-3.79153950E+03
3.99000000E-05,i1,ch_e91,-1.15475240E+03
3.99000000E-05,i2,ch_e91,-7.03022834E+00
4.00000000E-05,injectedCurrent,ch-base,3.41318825E+06
4.00000000E-05,voltage,ch-base,3.41318825E+06
4.00000000E-05,i1,ch_e1,5.43518450E+03
4.00000000E-05,i2,ch_e1,1.19312542E+03
4.00000000E-05,i1,ch_e31,3.03456480E+03
4.00000000E-05,i2,ch_e31,-5.35597584E+03
4.00000000E-05,i1,ch_e61,-1.65314433E+03
4.00000000E-05,i2,ch_e61,1.68489680E+03
4.00000000E-05,i1,ch_e91,3.07131236E+03
4.00000000E-05,i2,ch_e91,-1.84846071E+03
4.01000000E-05,injectedCurrent,ch-base,3.31350264E+06
4.01000000E-05,voltage,ch-base,3.31350264E+06
4.01000000E-05,i1,ch_e1,4.83168482E+02
4.01000000E-05,i2,ch_e1,-7.70514924E+03
4.01000000E-05,i1,ch_e31,-3.92834613E+02
4.01000000E-05,i2,ch_e31,2.91197928E+03
4.01000000E-05,i1,ch_e61,3.58342820E+03
4.01000000E-05,i2,ch_e61,-3.64273294E+03
4.01000000E-05,i1,ch_e91,-1.39001785E+03
4.01000000E-05,i2,ch_e91,1.44308515E+02
4.02000000E-05,injectedCurrent,ch-base,3.21147857E+06
4.02000000E-05,voltage,ch-base,3.21147857E+06
4.02000000E-05,i1,ch_e1,4.35088899E+03
4.02000000E-05,i2,ch_e1,2.80187255E+03
4.02000000E-05,i1,ch_e31,2.21994077E+03
4.02000000E-05,i2,ch_e31,-4.80254877E+03
4.02000000E-05,i1,ch_e61,-2.12029422E+03
4.02000000E-05,i2,ch_e61,2.18888419E+03
4.02000000E-05,i1,ch_e91,3.11136783E+03
4.02000000E-05,i2,ch_e91,-1.82322944E+03
4.03000000E-05,injectedCurrent,ch-base,3.10737927E+06
4.03000000E-05,voltage,ch-base,3.10737927E+06
4.03000000E-05,i1,ch_e1,-1.19160327E+03
4.03000000E-05,i2,ch_e1,-6.58148348E+03
4.03000000E-05,i1,ch_e31,-1.40678448E+03
4.03000000E-05,i2,ch_e31,4.06656930E+03
4.03000000E-05,i1,ch_e61,3.59968951E+03
4.03000000E-05,i2,ch_e61,-3.65997923E+03
4.03000000E-05,i1,ch_e91,-1.72769728E+03
4.03000000E-05,i2,ch_e91,3.81879856E+02
4.04000000E-05,injectedCurrent,ch-base,3.00148611E+06
4.04000000E-05,voltage,ch-base,3.00148611E+06
4.04000000E-05,i1,ch_e1,2.69218723E+03
4.04000000E-05,i2,ch_e1,5.02686801E+03
4.04000000E-05,i1,ch_e31,1.56659076E+03
4.04000000E-05,i2,ch_e31,-4.34486055E+03
4.04000000E-05,i1,ch_e61,-2.59138900E+03
4.04000000E-05,i2,ch_e61,2.62775945E+03
4.04000000E-05,i1,ch_e91,3.18978297E+03
4.04000000E-05,i2,ch_e91,-1.77373988E+03
4.05000000E-05,injectedCurrent,ch-base,2.89409630E+06
4.05000000E-05,voltage,ch-base,2.89409630E+06
4.05000000E-05,i1,ch_e1,-3.57744480E+03
4.05000000E-05,i2,ch_e1,-4.79988805E+03
4.05000000E-05,i1,ch_e31,-2.09779880E+03
4.05000000E-05,i2,ch_e31,4.99560293E+03
4.05000000E-05,i1,ch_e61,3.49003456E+03
4.05000000E-05,i2,ch_e61,-3.57769204E+03
4.05000000E-05,i1,ch_e91,-1.97699652E+03
4.05000000E-05,i2,ch_e91,5.18154858E+02
4.06000000E-05,injectedCurrent,ch-base,2.78552048E+06
4.06000000E-05,voltage,ch-base,2.78552048E+06
4.06000000E-05,i1,ch_e1,4.12340393E+02
4.06000000E-05,i2,ch_e1,7.91270863E+03
4.06000000E-05,i1,ch_e31,1.29382123E+03
4.06000000E-05,i2,ch_e31,-4.27440068E+03
4.06000000E-05,i1,ch_e61,-3.15266740E+03
4.06000000E-05,i2,ch_e61,3.19922424E+03
4.06000000E-05,i1,ch_e91,3.20577837E+03
4.06000000E-05,i2,ch_e91,-1.72417500E+03
4.07000000E-05,injectedCurrent,ch-base,2.67607994E+06
4.07000000E-05,voltage,ch-base,2.67607994E+06
4.07000000E-05,i1,ch_e1,-6.38406735E+03
4.07000000E-05,i2,ch_e1,-2.64977610E+03
4.07000000E-05,i1,ch_e31,-2.61721326E+03
4.07000000E-05,i2,ch_e31,5.70423518E+03
4.07000000E-05,i1,ch_e61,3.43819211E+03
4.07000000E-05,i2,ch_e61,-3.52623027E+03
4.07000000E-05,i1,ch_e91,-2.38188836E+03
4.07000000E-05,i2,ch_e91,8.19982896E+02
4.08000000E-05,injectedCurrent,ch-base,2.56610386E+06
4.08000000E-05,voltage,ch-base,2.56610386E+06
4.08000000E-05,i1,ch_e1,-1.93760361E+03
4.08000000E-05,i2,ch_e1,1.09234772E+04
4.08000000E-05,i1,ch_e31,9.35160741E+02
4.08000000E-05,i2,ch_e31,-4.21167793E+03
4.08000000E-05,i1,ch_e61,-3.69890155E+03
4.08000000E-05,i2,ch_e61,3.74425971E+03
4.08000000E-05,i1,ch_e91,3.31528174E+03
4.08000000E-05,i2,ch_e91,-1.68021050E+03
4.09000000E-05,injectedCurrent,ch-base,2.45592628E+06
4.09000000E-05,voltage,ch-base,2.45592628E+06
4.09000000E-05,i1,ch_e1,-8.99036214E+03
4.09000000E-05,i2,ch_e1,-7.46712920E+02
4.09000000E-05,i1,ch_e31,-3.41824170E+03
4.09000000E-05,i2,ch_e31,6.68240288E+03
4.09000000E-05,i1,ch_e61,3.40923211E+03
4.09000000E-05,i2,ch_e61,-3.50115925E+03
4.09000000E-05,i1,ch_e91,-2.67750204E+03
4.09000000E-05,i2,ch_e91,9.76498730E+02
4.10000000E-05,injectedCurrent,ch-base,2.34588307E+06
4.10000000E-05,voltage,ch-base,2.34588307E+06
4.10000000E-05,i1,ch_e1,-3.83607535E+03
4.10000000E-05,i2,ch_e1,1.35478226E+04
4.10000000E-05,i1,ch_e31,3.11506509E+02
4.10000000E-05,i2,ch_e31,-3.88369949E+03
4.10000000E-05,i1,ch_e61,-4.24942280E+03
4.10000000E-05,i2,ch_e61,4.29821326E+03
4.10000000E-05,i1,ch_e91,3.33187946E+03
4.10000000E-05,i2,ch_e91,-1.61701492E+03
4.11000000E-05,injectedCurrent,ch-base,2.23630889E+06
4.11000000E-05,voltage,ch-base,2.23630889E+06
4.11000000E-05,i1,ch_e1,-1.10764029E+04
4.11000000E-05,i2,ch_e1,5.84794271E+02
4.11000000E-05,i1,ch_e31,-4.43128502E+03
4.11000000E-05,i2,ch_e31,7.92263332E+03
4.11000000E-05,i1,ch_e61,3.37668924E+03
4.11000000E-05,i2,ch_e61,-3.49772022E+03
4.11000000E-05,i1,ch_e91,-3.16310862E+03
4.11000000E-05,i2,ch_e91,1.33623040E+03
4.12000000E-05,injectedCurrent,ch-base,2.12753413E+06
4.12000000E-05,voltage,ch-base,2.12753413E+06
4.12000000E-05,i1,ch_e1,-5.16709262E+03
4.12000000E-05,i2,ch_e1,1.56721734E+04
4.12000000E-05,i1,ch_e31,-4.59013152E+02
4.12000000E-05,i2,ch_e31,-3.42191087E+03
4.12000000E-05,i1,ch_e61,-4.96696867E+03
4.12000000E-05,i2,ch_e61,4.97961908E+03
4.12000000E-05,i1,ch_e91,3.41776718E+03
4.12000000E-05,i2,ch_e91,-1.53440957E+03
4.13000000E-05,injectedCurrent,ch-base,2.01988189E+06
4.13000000E-05,voltage,ch-base,2.01988189E+06
4.13000000E-05,i1,ch_e1,-1.26875935E+04
4.13000000E-05,i2,ch_e1,1.38070354E+03
4.13000000E-05,i1,ch_e31,-5.66079147E+03
4.13000000E-05,i2,ch_e31,9.38045037E+03
4.13000000E-05,i1,ch_e61,3.18944694E+03
4.13000000E-05,i2,ch_e61,-3.32943849E+03
4.13000000E-05,i1,ch_e91,-3.53365741E+03
4.13000000E-05,i2,ch_e91,1.56445137E+03
4.14000000E-05,injectedCurrent,ch-base,1.91366515E+06
4.14000000E-05,voltage,ch-base,1.91366515E+06
4.14000000E-05,i1,ch_e1,-6.06253156E+03
4.14000000E-05,i2,ch_e1,1.74307911E+04
4.14000000E-05,i1,ch_e31,-1.50399747E+03
4.14000000E-05,i2,ch_e31,-2.73413673E+03
4.14000000E-05,i1,ch_e61,-5.72824674E+03
4.14000000E-05,i2,ch_e61,5.77564360E+03
4.14000000E-05,i1,ch_e91,3.48220831E+03
4.14000000E-05,i2,ch_e91,-1.49052459E+03
4.15000000E-05,injectedCurrent,ch-base,1.80918402E+06
4.15000000E-05,voltage,ch-base,1.80918402E+06
4.15000000E-05,i1,ch_e1,-1.39900888E+04
4.15000000E-05,i2,ch_e1,1.79876105E+03
4.15000000E-05,i1,ch_e31,-7.24405428E+03
4.15000000E-05,i2,ch_e31,1.12077722E+04
4.15000000E-05,i1,ch_e61,3.22909508E+03
4.15000000E-05,i2,ch_e61,-3.32425513E+03
4.15000000E-05,i1,ch_e91,-4.07235265E+03
4.15000000E-05,i2,ch_e91,1.94251319E+03
4.16000000E-05,injectedCurrent,ch-base,1.70672324E+06
4.16000000E-05,voltage,ch-base,1.70672324E+06
4.16000000E-05,i1,ch_e1,-6.67652973E+03
4.16000000E-05,i2,ch_e1,1.89830553E+04
4.16000000E-05,i1,ch_e31,-2.83859344E+03
4.16000000E-05,i2,ch_e31,-1.75823184E+03
4.16000000E-05,i1,ch_e61,-6.26397733E+03
4.16000000E-05,i2,ch_e61,6.33672040E+03
4.16000000E-05,i1,ch_e91,3.50695143E+03
4.16000000E-05,i2,ch_e91,-1.35741912E+03
4.17000000E-05,injectedCurrent,ch-base,1.60654982E+06
4.17000000E-05,voltage,ch-base,1.60654982E+06
4.17000000E-05,i1,ch_e1,-1.51152731E+04
4.17000000E-05,i2,ch_e1,1.96315107E+03
4.17000000E-05,i1,ch_e31,-9.03258267E+03
4.17000000E-05,i2,ch_e31,1.33121615E+04
4.17000000E-05,i1,ch_e61,3.37641525E+03
4.17000000E-05,i2,ch_e61,-3.50311643E+03
4.17000000E-05,i1,ch_e91,-4.59973971E+03
4.17000000E-05,i2,ch_e91,2.31680716E+03
4.18000000E-05,injectedCurrent,ch-base,1.50891106E+06
4.18000000E-05,voltage,ch-base,1.50891106E+06
4.18000000E-05,i1,ch_e1,-7.10529702E+03
4.18000000E-05,i2,ch_e1,2.04322668E+04
4.18000000E-05,i1,ch_e31,-4.18799917E+03
4.18000000E-05,i2,ch_e31,-7.39524319E+02
4.18000000E-05,i1,ch_e61,-6.99798503E+03
4.18000000E-05,i2,ch_e61,7.02014982E+03
4.18000000E-05,i1,ch_e91,3.56031028E+03
4.18000000E-05,i2,ch_e91,-1.25449910E+03
4.19000000E-05,injectedCurrent,ch-base,1.41403272E+06
4.19000000E-05,voltage,ch-base,1.41403272E+06
4.19000000E-05,i1,ch_e1,-1.61361913E+04
4.19000000E-05,i2,ch_e1,1.93948975E+03
4.19000000E-05,i1,ch_e31,-1.07223865E+04
4.19000000E-05,i2,ch_e31,1.53921804E+04
4.19000000E-05,i1,ch_e61,3.24455332E+03
4.19000000E-05,i2,ch_e61,-3.43301152E+03
4.19000000E-05,i1,ch_e91,-5.14297682E+03
4.19000000E-05,i2,ch_e91,2.69891509E+03
4.20000000E-05,injectedCurrent,ch-base,1.32211764E+06
4.20000000E-05,voltage,ch-base,1.32211764E+06
4.20000000E-05,i1,ch_e1,-7.39596662E+03
4.20000000E-05,i2,ch_e1,2.18335200E+04
4.20000000E-05,i1,ch_e31,-5.29614649E+03
4.20000000E-05,i2,ch_e31,3.88791568E+01
4.20000000E-05,i1,ch_e61,-8.05902067E+03
4.20000000E-05,i2,ch_e61,8.05063391E+03
4.20000000E-05,i1,ch_e91,3.65317516E+03
4.20000000E-05,i2,ch_e91,-1.17454319E+03
4.21000000E-05,injectedCurrent,ch-base,1.23334451E+06
4.21000000E-05,voltage,ch-base,1.23334451E+06
4.21000000E-05,i1,ch_e1,-1.70895690E+04
4.21000000E-05,i2,ch_e1,1.75611859E+03
4.21000000E-05,i1,ch_e31,-1.21579025E+04
4.21000000E-05,i2,ch_e31,1.72605336E+04
4.21000000E-05,i1,ch_e61,2.92791529E+03
4.21000000E-05,i2,ch_e61,-3.15510371E+03
4.21000000E-05,i1,ch_e91,-5.74744541E+03
4.21000000E-05,i2,ch_e91,3.09222367E+03
4.22000000E-05,injectedCurrent,ch-base,1.14786713E+06
4.22000000E-05,voltage,ch-base,1.14786713E+06
4.22000000E-05,i1,ch_e1,-7.56999798E+03
4.22000000E-05,i2,ch_e1,2.32169426E+04
4.22000000E-05,i1,ch_e31,-6.10424128E+03
4.22000000E-05,i2,ch_e31,4.83239448E+02
4.22000000E-05,i1,ch_e61,-9.33296596E+03
4.22000000E-05,i2,ch_e61,9.29988436E+03
4.22000000E-05,i1,ch_e91,3.60288756E+03
4.22000000E-05,i2,ch_e91,-9.70624123E+02
4.23000000E-05,injectedCurrent,ch-base,1.06581386E+06
4.23000000E-05,voltage,ch-base,1.06581386E+06
4.23000000E-05,i1,ch_e1,-1.79954437E+04
4.23000000E-05,i2,ch_e1,1.42356744E+03
4.23000000E-05,i1,ch_e31,-1.33606380E+04
4.23000000E-05,i2,ch_e31,1.89199588E+04
4.23000000E-05,i1,ch_e61,2.41698328E+03
4.23000000E-05,i2,ch_e61,-2.70856257E+03
4.23000000E-05,i1,ch_e91,-6.56099398E+03
4.23000000E-05,i2,ch_e91,3.69147821E+03
4.24000000E-05,injectedCurrent,ch-base,9.87287487E+05
4.24000000E-05,voltage,ch-base,9.87287487E+05
4.24000000E-05,i1,ch_e1,-7.63755025E+03
4.24000000E-05,i2,ch_e1,2.46022555E+04
4.24000000E-05,i1,ch_e31,-6.67403348E+03
4.24000000E-05,i2,ch_e31,6.40523498E+02
4.24000000E-05,i1,ch_e61,-1.09481933E+04
4.24000000E-05,i2,ch_e61,1.08670670E+04
4.24000000E-05,i1,ch_e91,3.58586309E+03
4.24000000E-05,i2,ch_e91,-7.02365758E+02
4.25000000E-05,injectedCurrent,ch-base,9.12365351E+05
4.25000000E-05,voltage,ch-base,9.12365351E+05
4.25000000E-05,i1,ch_e1,-1.88671165E+04
4.25000000E-05,i2,ch_e1,9.44438590E+02
4.25000000E-05,i1,ch_e31,-1.44108416E+04
4.25000000E-05,i2,ch_e31,2.04519955E+04
4.25000000E-05,i1,ch_e61,1.58807150E+03
4.25000000E-05,i2,ch_e61,-1.95231104E+03
4.25000000E-05,i1,ch_e91,-7.19997444E+03
4.25000000E-05,i2,ch_e91,4.15221950E+03
4.26000000E-05,injectedCurrent,ch-base,8.41099783E+05
4.26000000E-05,voltage,ch-base,8.41099783E+05
4.26000000E-05,i1,ch_e1,-7.60380979E+03
4.26000000E-05,i2,ch_e1,2.60053508E+04
4.26000000E-05,i1,ch_e31,-7.07899785E+03
4.26000000E-05,i2,ch_e31,5.82703793E+02
4.26000000E-05,i1,ch_e61,-1.29110558E+04
4.26000000E-05,i2,ch_e61,1.28056576E+04
4.26000000E-05,i1,ch_e91,3.84948943E+03
4.26000000E-05,i2,ch_e91,-7.12178500E+02
4.27000000E-05,injectedCurrent,ch-base,7.73518828E+05
4.27000000E-05,voltage,ch-base,7.73518828E+05
4.27000000E-05,i1,ch_e1,-1.97154295E+04
4.27000000E-05,i2,ch_e1,3.17551762E+02
4.27000000E-05,i1,ch_e31,-1.53718945E+04
4.27000000E-05,i2,ch_e31,2.19289116E+04
4.27000000E-05,i1,ch_e61,6.03310457E+02
4.27000000E-05,i2,ch_e61,-9.93030314E+02
4.27000000E-05,i1,ch_e91,-7.82284223E+03
4.27000000E-05,i2,ch_e91,4.50247161E+03
4.28000000E-05,injectedCurrent,ch-base,7.09627213E+05
4.28000000E-05,voltage,ch-base,7.09627213E+05
4.28000000E-05,i1,ch_e1,-7.47140997E+03
4.28000000E-05,i2,ch_e1,2.74409792E+04
4.28000000E-05,i1,ch_e31,-7.36512263E+03
4.28000000E-05,i2,ch_e31,3.56436098E+02
4.28000000E-05,i1,ch_e61,-1.49530998E+04
4.28000000E-05,i2,ch_e61,1.48734860E+04
4.28000000E-05,i1,ch_e91,3.96925078E+03
4.28000000E-05,i2,ch_e91,-6.35501120E+02
4.29000000E-05,injectedCurrent,ch-base,6.49407540E+05
4.29000000E-05,voltage,ch-base,6.49407540E+05
4.29000000E-05,i1,ch_e1,-2.05506905E+04
4.29000000E-05,i2,ch_e1,-4.60343150E+02
4.29000000E-05,i1,ch_e31,-1.62785886E+04
4.29000000E-05,i2,ch_e31,2.33936926E+04
4.29000000E-05,i1,ch_e61,-2.26962055E+02
4.29000000E-05,i2,ch_e61,-1.38303289E+02
4.29000000E-05,i1,ch_e91,-8.78588133E+03
4.29000000E-05,i2,ch_e91,5.15571664E+03
4.30000000E-05,injectedCurrent,ch-base,5.92821684E+05
4.30000000E-05,voltage,ch-base,5.92821684E+05
4.30000000E-05,i1,ch_e1,-7.24123372E+03
4.30000000E-05,i2,ch_e1,2.89238488E+04
4.30000000E-05,i1,ch_e31,-7.55454836E+03
4.30000000E-05,i2,ch_e31,-1.68753101E+01
4.30000000E-05,i1,ch_e61,-1.68337526E+04
4.30000000E-05,i2,ch_e61,1.68032594E+04
4.30000000E-05,i1,ch_e91,3.83673505E+03
4.30000000E-05,i2,ch_e91,-2.72958569E+02
4.31000000E-05,injectedCurrent,ch-base,5.39812347E+05
4.31000000E-05,voltage,ch-base,5.39812347E+05
4.31000000E-05,i1,ch_e1,-2.13836941E+04
4.31000000E-05,i2,ch_e1,-1.39381310E+03
4.31000000E-05,i1,ch_e31,-1.71483800E+04
4.31000000E-05,i2,ch_e31,2.48693306E+04
4.31000000E-05,i1,ch_e61,-7.37665207E+02
4.31000000E-05,i2,ch_e61,4.13868810E+02
4.31000000E-05,i1,ch_e91,-9.98965700E+03
4.31000000E-05,i2,ch_e91,6.05439344E+03
4.32000000E-05,injectedCurrent,ch-base,4.90304754E+05
4.32000000E-05,voltage,ch-base,4.90304754E+05
4.32000000E-05,i1,ch_e1,-6.91257838E+03
4.32000000E-05,i2,ch_e1,3.04690985E+04
4.32000000E-05,i1,ch_e31,-7.65602142E+03
4.32000000E-05,i2,ch_e31,-5.30027698E+02
4.32000000E-05,i1,ch_e61,-1.85058749E+04
4.32000000E-05,i2,ch_e61,1.85184814E+04
4.32000000E-05,i1,ch_e91,3.55529607E+03
4.32000000E-05,i2,ch_e91,2.61332574E+02
4.33000000E-05,injectedCurrent,ch-base,4.44208436E+05
4.33000000E-05,voltage,ch-base,4.44208436E+05
4.33000000E-05,i1,ch_e1,-2.22262689E+04
4.33000000E-05,i2,ch_e1,-2.48846604E+03
4.33000000E-05,i1,ch_e31,-1.79922626E+04
4.33000000E-05,i2,ch_e31,2.63702122E+04
4.33000000E-05,i1,ch_e61,-9.39125358E+02
4.33000000E-05,i2,ch_e61,6.48283525E+02
4.33000000E-05,i1,ch_e91,-1.14678644E+04
4.33000000E-05,i2,ch_e91,7.17661272E+03
4.34000000E-05,injectedCurrent,ch-base,4.01419091E+05
4.34000000E-05,voltage,ch-base,4.01419091E+05
4.34000000E-05,i1,ch_e1,-6.48321673E+03
4.34000000E-05,i2,ch_e1,3.20926193E+04
4.34000000E-05,i1,ch_e31,-7.67077238E+03
4.34000000E-05,i2,ch_e31,-1.18355415E+03
4.34000000E-05,i1,ch_e61,-2.00348301E+04
4.34000000E-05,i2,ch_e61,2.00794307E+04
4.34000000E-05,i1,ch_e91,3.00642629E+03
4.34000000E-05,i2,ch_e91,1.06696395E+03
4.35000000E-05,injectedCurrent,ch-base,3.61820474E+05
4.35000000E-05,voltage,ch-base,3.61820474E+05
4.35000000E-05,i1,ch_e1,-2.30913054E+04
4.35000000E-05,i2,ch_e1,-3.75110787E+03
4.35000000E-05,i1,ch_e31,-1.88208023E+04
4.35000000E-05,i2,ch_e31,2.79097006E+04
4.35000000E-05,i1,ch_e61,-9.06613539E+02
4.35000000E-05,i2,ch_e61,6.31414428E+02
4.35000000E-05,i1,ch_e91,-1.33514301E+04
4.35000000E-05,i2,ch_e91,8.67142812E+03
4.36000000E-05,injectedCurrent,ch-base,3.25286294E+05
4.36000000E-05,voltage,ch-base,3.25286294E+05
4.36000000E-05,i1,ch_e1,-5.94981012E+03
4.36000000E-05,i2,ch_e1,3.38115797E+04
4.36000000E-05,i1,ch_e31,-7.59524468E+03
4.36000000E-05,i2,ch_e31,-1.98407638E+03
4.36000000E-05,i1,ch_e61,-2.14915509E+04
4.36000000E-05,i2,ch_e61,2.15642644E+04
4.36000000E-05,i1,ch_e91,2.20036638E+03
4.36000000E-05,i2,ch_e91,2.17915916E+03
4.37000000E-05,injectedCurrent,ch-base,2.91682084E+05
4.37000000E-05,voltage,ch-base,2.91682084E+05
4.37000000E-05,i1,ch_e1,-2.39920365E+04
4.37000000E-05,i2,ch_e1,-5.19046552E+03
4.37000000E-05,i1,ch_e31,-1.96457654E+04
4.37000000E-05,i2,ch_e31,2.95043350E+04
4.37000000E-05,i1,ch_e61,-7.03306848E+02
4.37000000E-05,i2,ch_e61,4.29400404E+02
4.37000000E-05,i1,ch_e91,-1.54744665E+04
4.37000000E-05,i2,ch_e91,1.04279882E+04
4.38000000E-05,injectedCurrent,ch-base,2.60867025E+05
4.38000000E-05,voltage,ch-base,2.60867025E+05
4.38000000E-05,i1,ch_e1,-5.30900166E+03
4.38000000E-05,i2,ch_e1,3.56454263E+04
4.38000000E-05,i1,ch_e31,-7.42414509E+03
4.38000000E-05,i2,ch_e31,-2.94363827E+03
4.38000000E-05,i1,ch_e61,-2.29219038E+04
4.38000000E-05,i2,ch_e61,2.30212001E+04
4.38000000E-05,i1,ch_e91,1.40281628E+03
4.38000000E-05,i2,ch_e91,3.36094590E+03
4.39000000E-05,injectedCurrent,ch-base,2.32695701E+05
4.39000000E-05,voltage,ch-base,2.32695701E+05
4.39000000E-05,i1,ch_e1,-2.49405413E+04
4.39000000E-05,i2,ch_e1,-6.81852116E+03
4.39000000E-05,i1,ch_e31,-2.04779068E+04
4.39000000E-05,i2,ch_e31,3.11741800E+04
4.39000000E-05,i1,ch_e61,-3.57489387E+02
4.39000000E-05,i2,ch_e61,8.04074147E+01
4.39000000E-05,i1,ch_e91,-1.75357816E+04
4.39000000E-05,i2,ch_e91,1.21342115E+04
4.40000000E-05,injectedCurrent,ch-base,2.07019750E+05
4.40000000E-05,voltage,ch-base,2.07019750E+05
4.40000000E-05,i1,ch_e1,-4.55899904E+03
4.40000000E-05,i2,ch_e1,3.76173009E+04
4.40000000E-05,i1,ch_e31,-7.15497794E+03
4.40000000E-05,i2,ch_e31,-4.07660227E+03
4.40000000E-05,i1,ch_e61,-2.43596088E+04
4.40000000E-05,i2,ch_e61,2.44800048E+04
4.40000000E-05,i1,ch_e91,8.67707730E+02
4.40000000E-05,i2,ch_e91,4.35000951E+03
4.41000000E-05,injectedCurrent,ch-base,1.83689428E+05
4.41000000E-05,voltage,ch-base,1.83689428E+05
4.41000000E-05,i1,ch_e1,-2.59461743E+04
4.41000000E-05,i2,ch_e1,-8.65203770E+03
4.41000000E-05,i1,ch_e31,-2.13232212E+04
4.41000000E-05,i2,ch_e31,3.29389909E+04
4.41000000E-05,i1,ch_e61,1.30931729E+02
4.41000000E-05,i2,ch_e61,-4.08404744E+02
4.41000000E-05,i1,ch_e91,-1.94076695E+04
4.41000000E-05,i2,ch_e91,1.36156099E+04
4.42000000E-05,injectedCurrent,ch-base,1.62555026E+05
4.42000000E-05,voltage,ch-base,1.62555026E+05
4.42000000E-05,i1,ch_e1,-3.70045843E+03
4.42000000E-05,i2,ch_e1,3.97551444E+04
4.42000000E-05,i1,ch_e31,-6.79109566E+03
4.42000000E-05,i2,ch_e31,-5.39425492E+03
4.42000000E-05,i1,ch_e61,-2.58317610E+04
4.42000000E-05,i2,ch_e61,2.59685087E+04
4.42000000E-05,i1,ch_e91,6.79103579E+02
4.42000000E-05,i2,ch_e91,5.03444673E+03
4.43000000E-05,injectedCurrent,ch-base,1.43468182E+05
4.43000000E-05,voltage,ch-base,1.43468182E+05
4.43000000E-05,i1,ch_e1,-2.70156651E+04
4.43000000E-05,i2,ch_e1,-1.07131406E+04
4.43000000E-05,i1,ch_e31,-2.21828876E+04
4.43000000E-05,i2,ch_e31,3.48137771E+04
4.43000000E-05,i1,ch_e61,7.67126332E+02
4.43000000E-05,i2,ch_e61,-1.04552584E+03
4.43000000E-05,i1,ch_e91,-2.11234214E+04
4.43000000E-05,i2,ch_e91,1.48972832E+04
4.44000000E-05,injectedCurrent,ch-base,1.26283034E+05
4.44000000E-05,voltage,ch-base,1.26283034E+05
4.44000000E-05,i1,ch_e1,-2.73465267E+03
4.44000000E-05,i2,ch_e1,4.20911414E+04
4.44000000E-05,i1,ch_e31,-6.33816431E+03
4.44000000E-05,i2,ch_e31,-6.90267493E+03
4.44000000E-05,i1,ch_e61,-2.73494923E+04
4.44000000E-05,i2,ch_e61,2.75050700E+04
4.44000000E-05,i1,ch_e91,7.68587451E+02
4.44000000E-05,i2,ch_e91,5.45206539E+03
4.45000000E-05,injectedCurrent,ch-base,1.10857244E+05
4.45000000E-05,voltage,ch-base,1.10857244E+05
4.45000000E-05,i1,ch_e1,-2.81567908E+04
4.45000000E-05,i2,ch_e1,-1.30276205E+04
4.45000000E-05,i1,ch_e31,-2.30606399E+04
4.45000000E-05,i2,ch_e31,3.68109550E+04
4.45000000E-05,i1,ch_e61,1.54681207E+03
4.45000000E-05,i2,ch_e61,-1.83095230E+03
4.45000000E-05,i1,ch_e91,-2.27273202E+04
4.45000000E-05,i2,ch_e91,1.60309878E+04
4.46000000E-05,injectedCurrent,ch-base,9.70528761E+04
4.46000000E-05,voltage,ch-base,9.70528761E+04
4.46000000E-05,i1,ch_e1,-1.65785369E+03
4.46000000E-05,i2,ch_e1,4.46586793E+04
4.46000000E-05,i1,ch_e31,-5.79446413E+03
4.46000000E-05,i2,ch_e31,-8.60967471E+03
4.46000000E-05,i1,ch_e61,-2.89163993E+04
4.46000000E-05,i2,ch_e61,2.90919740E+04
4.46000000E-05,i1,ch_e91,1.03770708E+03
4.46000000E-05,i2,ch_e91,5.71761707E+03
4.47000000E-05,injectedCurrent,ch-base,8.47371338E+04
4.47000000E-05,voltage,ch-base,8.47371338E+04
4.47000000E-05,i1,ch_e1,-2.93850780E+04
4.47000000E-05,i2,ch_e1,-1.56211696E+04
4.47000000E-05,i1,ch_e31,-2.39716627E+04
4.47000000E-05,i2,ch_e31,3.89506762E+04
4.47000000E-05,i1,ch_e61,2.47498795E+03
4.47000000E-05,i2,ch_e61,-2.76147659E+03
4.47000000E-05,i1,ch_e91,-2.42844400E+04
4.47000000E-05,i2,ch_e91,1.70501945E+04
4.48000000E-05,injectedCurrent,ch-base,7.37829595E+04
4.48000000E-05,voltage,ch-base,7.37829595E+04
4.48000000E-05,i1,ch_e1,-4.54807721E+02
4.48000000E-05,i2,ch_e1,4.74886159E+04
4.48000000E-05,i1,ch_e31,-5.14637935E+03
4.48000000E-05,i2,ch_e31,-1.05352570E+04
4.48000000E-05,i1,ch_e61,-3.05561763E+04
4.48000000E-05,i2,ch_e61,3.07429433E+04
4.48000000E-05,i1,ch_e91,1.48821763E+03
4.48000000E-05,i2,ch_e91,5.87039231E+03
4.49000000E-05,injectedCurrent,ch-base,6.40695057E+04
4.49000000E-05,voltage,ch-base,6.40695057E+04
4.49000000E-05,i1,ch_e1,-3.07280985E+04
4.49000000E-05,i2,ch_e1,-1.85171416E+04
4.49000000E-05,i1,ch_e31,-2.49394409E+04
4.49000000E-05,i2,ch_e31,4.12664614E+04
4.49000000E-05,i1,ch_e61,3.57893149E+03
4.49000000E-05,i2,ch_e61,-3.86045572E+03
4.49000000E-05,i1,ch_e91,-2.58915675E+04
4.49000000E-05,i2,ch_e91,1.80461061E+04
4.50000000E-05,injectedCurrent,ch-base,5.54824816E+04
4.50000000E-05,voltage,ch-base,5.54824816E+04
4.50000000E-05,i1,ch_e1,9.01317196E+02
4.50000000E-05,i2,ch_e1,5.06099062E+04
4.50000000E-05,i1,ch_e31,-4.37925351E+03
4.50000000E-05,i2,ch_e31,-1.27087406E+04
4.50000000E-05,i1,ch_e61,-3.22993451E+04
4.50000000E-05,i2,ch_e61,3.24967520E+04
4.50000000E-05,i1,ch_e91,2.13198326E+03
4.50000000E-05,i2,ch_e91,5.87552044E+03
4.51000000E-05,injectedCurrent,ch-base,4.79143851E+04
4.51000000E-05,voltage,ch-base,4.79143851E+04
4.51000000E-05,i1,ch_e1,-3.22198070E+04
4.51000000E-05,i2,ch_e1,-2.17411948E+04
4.51000000E-05,i1,ch_e31,-2.59803901E+04
4.51000000E-05,i2,ch_e31,4.37927503E+04
4.51000000E-05,i1,ch_e61,4.86758593E+03
4.51000000E-05,i2,ch_e61,-5.15559023E+03
4.51000000E-05,i1,ch_e91,-2.75406848E+04
4.51000000E-05,i2,ch_e91,1.90519411E+04
4.52000000E-05,injectedCurrent,ch-base,4.12646305E+04
4.52000000E-05,voltage,ch-base,4.12646305E+04
4.52000000E-05,i1,ch_e1,2.43762544E+03
4.52000000E-05,i2,ch_e1,5.40583266E+04
4.52000000E-05,i1,ch_e31,-3.49005219E+03
4.52000000E-05,i2,ch_e31,-1.51513527E+04
4.52000000E-05,i1,ch_e61,-3.41403113E+04
4.52000000E-05,i2,ch_e61,3.43658673E+04
4.52000000E-05,i1,ch_e91,2.89904629E+03
4.52000000E-05,i2,ch_e91,5.79111484E+03
4.53000000E-05,injectedCurrent,ch-base,3.54395820E+04
4.53000000E-05,voltage,ch-base,3.54395820E+04
4.53000000E-05,i1,ch_e1,-3.38859091E+04
4.53000000E-05,i2,ch_e1,-2.53326516E+04
4.53000000E-05,i1,ch_e31,-2.71009507E+04
4.53000000E-05,i2,ch_e31,4.65509388E+04
4.53000000E-05,i1,ch_e61,6.32110508E+03
4.53000000E-05,i2,ch_e61,-6.62990123E+03
4.53000000E-05,i1,ch_e91,-2.92046941E+04
4.53000000E-05,i2,ch_e91,2.00088712E+04
4.54000000E-05,injectedCurrent,ch-base,3.03525034E+04
4.54000000E-05,voltage,ch-base,3.03525034E+04
4.54000000E-05,i1,ch_e1,4.16798838E+03
4.54000000E-05,i2,ch_e1,5.78874559E+04
4.54000000E-05,i1,ch_e31,-2.47675279E+03
4.54000000E-05,i2,ch_e31,-1.78754994E+04
4.54000000E-05,i1,ch_e61,-3.60814960E+04
4.54000000E-05,i2,ch_e61,3.63333630E+04
4.54000000E-05,i1,ch_e91,3.82046470E+03
4.54000000E-05,i2,ch_e91,5.64273721E+03
4.55000000E-05,injectedCurrent,ch-base,2.59234355E+04
4.55000000E-05,voltage,ch-base,2.59234355E+04
4.55000000E-05,i1,ch_e1,-3.57372853E+04
4.55000000E-05,i2,ch_e1,-2.93510337E+04
4.55000000E-05,i1,ch_e31,-2.83171629E+04
4.55000000E-05,i2,ch_e31,4.95658057E+04
4.55000000E-05,i1,ch_e61,7.97157409E+03
4.55000000E-05,i2,ch_e61,-8.28355567E+03
4.55000000E-05,i1,ch_e91,-3.09738945E+04
4.55000000E-05,i2,ch_e91,2.09758418E+04
4.56000000E-05,injectedCurrent,ch-base,2.20790123E+04
4.56000000E-05,voltage,ch-base,2.20790123E+04
4.56000000E-05,i1,ch_e1,6.09804177E+03
4.56000000E-05,i2,ch_e1,6.21673832E+04
4.56000000E-05,i1,ch_e31,-1.32137190E+03
4.56000000E-05,i2,ch_e31,-2.09126960E+04
4.56000000E-05,i1,ch_e61,-3.81932119E+04
4.56000000E-05,i2,ch_e61,3.84476772E+04
4.56000000E-05,i1,ch_e91,4.95526855E+03
4.56000000E-05,i2,ch_e91,5.35339641E+03
4.57000000E-05,injectedCurrent,ch-base,1.87522252E+04
4.57000000E-05,voltage,ch-base,1.87522251E+04
4.57000000E-05,i1,ch_e1,-3.77877407E+04
4.57000000E-05,i2,ch_e1,-3.38658634E+04
4.57000000E-05,i1,ch_e31,-2.96551943E+04
4.57000000E-05,i2,ch_e31,5.28889173E+04
4.57000000E-05,i1,ch_e61,9.88243977E+03
4.57000000E-05,i2,ch_e61,-1.01877652E+04
4.57000000E-05,i1,ch_e91,-3.28372901E+04
4.57000000E-05,i2,ch_e91,2.19832965E+04
4.58000000E-05,injectedCurrent,ch-base,1.58821463E+04
4.58000000E-05,voltage,ch-base,1.58821463E+04
4.58000000E-05,i1,ch_e1,8.25084901E+03
4.58000000E-05,i2,ch_e1,6.69688254E+04
4.58000000E-05,i1,ch_e31,-1.11236686E+01
4.58000000E-05,i2,ch_e31,-2.43150682E+04
4.58000000E-05,i1,ch_e61,-4.05061056E+04
4.58000000E-05,i2,ch_e61,4.07741776E+04
4.58000000E-05,i1,ch_e91,6.24204117E+03
4.58000000E-05,i2,ch_e91,4.97243297E+03
4.59000000E-05,injectedCurrent,ch-base,1.34136209E+04
4.59000000E-05,voltage,ch-base,1.34136209E+04
4.59000000E-05,i1,ch_e1,-4.00774984E+04
4.59000000E-05,i2,ch_e1,-3.89421578E+04
4.59000000E-05,i1,ch_e31,-3.11189526E+04
4.59000000E-05,i2,ch_e31,5.65716492E+04
4.59000000E-05,i1,ch_e61,1.20271592E+04
4.59000000E-05,i2,ch_e61,-1.23497316E+04
4.59000000E-05,i1,ch_e91,-3.47764350E+04
4.59000000E-05,i2,ch_e91,2.29763336E+04
4.60000000E-05,injectedCurrent,ch-base,1.12969353E+04
4.60000000E-05,voltage,ch-base,1.12969353E+04
4.60000000E-05,i1,ch_e1,1.06758640E+04
4.60000000E-05,i2,ch_e1,7.23590437E+04
4.60000000E-05,i1,ch_e31,1.44300339E+03
4.60000000E-05,i2,ch_e31,-2.81144987E+04
4.60000000E-05,i1,ch_e61,-4.29840546E+04
4.60000000E-05,i2,ch_e61,4.32767860E+04
4.60000000E-05,i1,ch_e91,7.73333914E+03
4.60000000E-05,i2,ch_e91,4.49615809E+03
4.61000000E-05,injectedCurrent,ch-base,9.48747069E+03
4.61000000E-05,voltage,ch-base,9.48747066E+03
4.61000000E-05,i1,ch_e1,-4.26600478E+04
4.61000000E-05,i2,ch_e1,-4.46526214E+04
4.61000000E-05,i1,ch_e31,-3.27092486E+04
4.61000000E-05,i2,ch_e31,6.06417732E+04
4.61000000E-05,i1,ch_e61,1.44038040E+04
4.61000000E-05,i2,ch_e61,-1.47275301E+04
4.61000000E-05,i1,ch_e91,-3.68707337E+04
4.61000000E-05,i2,ch_e91,2.40188506E+04
4.62000000E-05,injectedCurrent,ch-base,7.94534847E+03
4.62000000E-05,voltage,ch-base,7.94534846E+03
4.62000000E-05,i1,ch_e1,1.34167428E+04
4.62000000E-05,i2,ch_e1,7.84286878E+04
4.62000000E-05,i1,ch_e31,3.06461181E+03
4.62000000E-05,i2,ch_e31,-3.23445790E+04
4.62000000E-05,i1,ch_e61,-4.56991458E+04
4.62000000E-05,i2,ch_e61,4.59792936E+04
4.62000000E-05,i1,ch_e91,9.45255851E+03
4.62000000E-05,i2,ch_e91,3.88538514E+03
4.63000000E-05,injectedCurrent,ch-base,6.63507340E+03
4.63000000E-05,voltage,ch-base,6.63507342E+03
4.63000000E-05,i1,ch_e1,-4.55675154E+04
4.63000000E-05,i2,ch_e1,-5.11074512E+04
4.63000000E-05,i1,ch_e31,-3.44882096E+04
4.63000000E-05,i2,ch_e31,6.51683464E+04
4.63000000E-05,i1,ch_e61,1.71096303E+04
4.63000000E-05,i2,ch_e61,-1.74062736E+04
4.63000000E-05,i1,ch_e91,-3.91024771E+04
4.63000000E-05,i2,ch_e91,2.50982655E+04
4.64000000E-05,injectedCurrent,ch-base,5.52518035E+03
4.64000000E-05,voltage,ch-base,5.52518039E+03
4.64000000E-05,i1,ch_e1,1.64977934E+04
4.64000000E-05,i2,ch_e1,8.53073653E+04
4.64000000E-05,i1,ch_e31,4.92915584E+03
4.64000000E-05,i2,ch_e31,-3.71055049E+04
4.64000000E-05,i1,ch_e61,-4.87147508E+04
4.64000000E-05,i2,ch_e61,4.89824829E+04
4.64000000E-05,i1,ch_e91,1.13991535E+04
4.64000000E-05,i2,ch_e91,3.16444680E+03
4.65000000E-05,injectedCurrent,ch-base,4.58788866E+03
4.65000000E-05,voltage,ch-base,4.58788862E+03
4.65000000E-05,i1,ch_e1,-4.88353887E+04
4.65000000E-05,i2,ch_e1,-5.84423651E+04
4.65000000E-05,i1,ch_e31,-3.65162136E+04
4.65000000E-05,i2,ch_e31,7.02669043E+04
4.65000000E-05,i1,ch_e61,2.01284174E+04
4.65000000E-05,i2,ch_e61,-2.04212277E+04
4.65000000E-05,i1,ch_e91,-4.15187767E+04
4.65000000E-05,i2,ch_e91,2.62357430E+04
4.66000000E-05,injectedCurrent,ch-base,3.79876808E+03
4.66000000E-05,voltage,ch-base,3.79876809E+03
4.66000000E-05,i1,ch_e1,1.99819313E+04
4.66000000E-05,i2,ch_e1,9.31269184E+04
4.66000000E-05,i1,ch_e31,7.04683951E+03
4.66000000E-05,i2,ch_e31,-4.24838828E+04
4.66000000E-05,i1,ch_e61,-5.19927856E+04
4.66000000E-05,i2,ch_e61,5.22635849E+04
4.66000000E-05,i1,ch_e91,1.36034254E+04
4.66000000E-05,i2,ch_e91,2.31172415E+03
4.67000000E-05,injectedCurrent,ch-base,3.13641898E+03
4.67000000E-05,voltage,ch-base,3.13641896E+03
4.67000000E-05,i1,ch_e1,-5.25616933E+04
4.67000000E-05,i2,ch_e1,-6.67801587E+04
4.67000000E-05,i1,ch_e31,-3.87659183E+04
4.67000000E-05,i2,ch_e31,7.59812132E+04
4.67000000E-05,i1,ch_e61,2.34721873E+04
4.67000000E-05,i2,ch_e61,-2.37524712E+04
4.67000000E-05,i1,ch_e91,-4.41198980E+04
4.67000000E-05,i2,ch_e91,2.74157374E+04
4.68000000E-05,injectedCurrent,ch-base,2.58216923E+03
4.68000000E-05,voltage,ch-base,2.58216926E+03
4.68000000E-05,i1,ch_e1,2.39856257E+04
4.68000000E-05,i2,ch_e1,1.02015516E+05
4.68000000E-05,i1,ch_e31,9.39293855E+03
4.68000000E-05,i2,ch_e31,-4.84979289E+04
4.68000000E-05,i1,ch_e61,-5.56322819E+04
4.68000000E-05,i2,ch_e61,5.58835035E+04
4.68000000E-05,i1,ch_e91,1.60882238E+04
4.68000000E-05,i2,ch_e91,1.34277561E+03
4.69000000E-05,injectedCurrent,ch-base,2.11978924E+03
4.69000000E-05,voltage,ch-base,2.11978922E+03
4.69000000E-05,i1,ch_e1,-5.68508687E+04
4.69000000E-05,i2,ch_e1,-7.62790522E+04
4.69000000E-05,i1,ch_e31,-4.12721964E+04
4.69000000E-05,i2,ch_e31,8.23655507E+04
4.69000000E-05,i1,ch_e61,2.72556004E+04
4.69000000E-05,i2,ch_e61,-2.75140173E+04
4.69000000E-05,i1,ch_e91,-4.69864693E+04
4.69000000E-05,i2,ch_e91,2.86966491E+04
4.70000000E-05,injectedCurrent,ch-base,1.73522620E+03
4.70000000E-05,voltage,ch-base,1.73522621E+03
4.70000000E-05,i1,ch_e1,2.85735174E+04
4.70000000E-05,i2,ch_e1,1.12186239E+05
4.70000000E-05,i1,ch_e31,1.20686967E+04
4.70000000E-05,i2,ch_e31,-5.52773574E+04
4.70000000E-05,i1,ch_e61,-5.96974758E+04
4.70000000E-05,i2,ch_e61,5.99364878E+04
4.70000000E-05,i1,ch_e91,1.88889157E+04
4.70000000E-05,i2,ch_e91,2.01719165E+02
4.71000000E-05,injectedCurrent,ch-base,1.41635814E+03
4.71000000E-05,voltage,ch-base,1.41635816E+03
4.71000000E-05,i1,ch_e1,-6.17319806E+04
4.71000000E-05,i2,ch_e1,-8.72080717E+04
4.71000000E-05,i1,ch_e31,-4.41583474E+04
4.71000000E-05,i2,ch_e31,8.96137549E+04
4.71000000E-05,i1,ch_e61,3.14903578E+04
4.71000000E-05,i2,ch_e61,-3.17325397E+04
4.71000000E-05,i1,ch_e91,-5.00661112E+04
4.71000000E-05,i2,ch_e91,3.00308299E+04
4.72000000E-05,injectedCurrent,ch-base,1.15276780E+03
4.72000000E-05,voltage,ch-base,1.15276781E+03
4.72000000E-05,i1,ch_e1,3.37811854E+04
4.72000000E-05,i2,ch_e1,1.23937317E+05
4.72000000E-05,i1,ch_e31,1.51472002E+04
4.72000000E-05,i2,ch_e31,-6.30067807E+04
4.72000000E-05,i1,ch_e61,-6.42255698E+04
4.72000000E-05,i2,ch_e61,6.44390696E+04
4.72000000E-05,i1,ch_e91,2.19924042E+04
4.72000000E-05,i2,ch_e91,-1.03306591E+03
4.73000000E-05,injectedCurrent,ch-base,9.35536252E+02
4.73000000E-05,voltage,ch-base,9.35536193E+02
4.73000000E-05,i1,ch_e1,-6.73063766E+04
4.73000000E-05,i2,ch_e1,-9.98537767E+04
4.73000000E-05,i1,ch_e31,-4.74273165E+04
4.73000000E-05,i2,ch_e31,9.78435870E+04
4.73000000E-05,i1,ch_e61,3.62621475E+04
4.73000000E-05,i2,ch_e61,-3.64669400E+04
4.73000000E-05,i1,ch_e91,-5.35004388E+04
4.73000000E-05,i2,ch_e91,3.14958011E+04
4.74000000E-05,injectedCurrent,ch-base,7.57055531E+02
4.74000000E-05,voltage,ch-base,7.57055500E+02
4.74000000E-05,i1,ch_e1,3.98044736E+04
4.74000000E-05,i2,ch_e1,1.37525697E+05
4.74000000E-05,i1,ch_e31,1.86107908E+04
4.74000000E-05,i2,ch_e31,-7.17503492E+04
4.74000000E-05,i1,ch_e61,-6.93062720E+04
4.74000000E-05,i2,ch_e61,6.94782214E+04
4.74000000E-05,i1,ch_e91,2.55224420E+04
4.74000000E-05,i2,ch_e91,-2.51323351E+03
4.75000000E-05,injectedCurrent,ch-base,6.10859800E+02
4.75000000E-05,voltage,ch-base,6.10859759E+02
4.75000000E-05,i1,ch_e1,-7.38296972E+04
4.75000000E-05,i2,ch_e1,-1.14474225E+05
4.75000000E-05,i1,ch_e31,-5.11201989E+04
4.75000000E-05,i2,ch_e31,1.07153460E+05
4.75000000E-05,i1,ch_e61,4.16240930E+04
4.75000000E-05,i2,ch_e61,-4.17767197E+04
4.75000000E-05,i1,ch_e91,-5.72267335E+04
4.75000000E-05,i2,ch_e91,3.30709527E+04
4.76000000E-05,injectedCurrent,ch-base,4.91473898E+02
4.76000000E-05,voltage,ch-base,4.91473876E+02
4.76000000E-05,i1,ch_e1,4.68758961E+04
4.76000000E-05,i2,ch_e1,1.53280639E+05
4.76000000E-05,i1,ch_e31,2.25793910E+04
4.76000000E-05,i2,ch_e31,-8.17098697E+04
4.76000000E-05,i1,ch_e61,-7.50080488E+04
4.76000000E-05,i2,ch_e61,7.51139379E+04
4.76000000E-05,i1,ch_e91,2.94138188E+04
4.76000000E-05,i2,ch_e91,-4.09918643E+03
4.77000000E-05,injectedCurrent,ch-base,3.94278350E+02
4.77000000E-05,voltage,ch-base,3.94278310E+02
4.77000000E-05,i1,ch_e1,-8.14477930E+04
4.77000000E-05,i2,ch_e1,-1.31528086E+05
4.77000000E-05,i1,ch_e31,-5.53817465E+04
4.77000000E-05,i2,ch_e31,1.17829512E+05
4.77000000E-05,i1,ch_e61,4.77002735E+04
4.77000000E-05,i2,ch_e61,-4.77815704E+04
4.77000000E-05,i1,ch_e91,-6.14233645E+04
4.77000000E-05,i2,ch_e91,3.48203011E+04
4.78000000E-05,injectedCurrent,ch-base,3.15389672E+02
4.78000000E-05,voltage,ch-base,3.15389669E+02
4.78000000E-05,i1,ch_e1,5.50791982E+04
4.78000000E-05,i2,ch_e1,1.71782954E+05
4.78000000E-05,i1,ch_e31,2.71602196E+04
4.78000000E-05,i2,ch_e31,-9.31696361E+04
4.78000000E-05,i1,ch_e61,-8.14539990E+04
4.78000000E-05,i2,ch_e61,8.14935243E+04
4.78000000E-05,i1,ch_e91,3.38685770E+04
4.78000000E-05,i2,ch_e91,-5.99714260E+03
4.79000000E-05,injectedCurrent,ch-base,2.51554805E+02
4.79000000E-05,voltage,ch-base,2.51554847E+02
4.79000000E-05,i1,ch_e1,-9.02927257E+04
4.79000000E-05,i2,ch_e1,-1.51645425E+05
4.79000000E-05,i1,ch_e31,-6.02899613E+04
4.79000000E-05,i2,ch_e31,1.30106098E+05
4.79000000E-05,i1,ch_e61,5.45510083E+04
4.79000000E-05,i2,ch_e61,-5.45561461E+04
4.79000000E-05,i1,ch_e91,-6.60289114E+04
4.79000000E-05,i2,ch_e91,3.67232437E+04
4.80000000E-05,injectedCurrent,ch-base,2.00058484E+02
4.80000000E-05,voltage,ch-base,2.00058501E+02
4.80000000E-05,i1,ch_e1,6.47022911E+04
4.80000000E-05,i2,ch_e1,1.93641395E+05
4.80000000E-05,i1,ch_e31,3.24587979E+04
4.80000000E-05,i2,ch_e31,-1.06353569E+05
4.80000000E-05,i1,ch_e61,-8.87256197E+04
4.80000000E-05,i2,ch_e61,8.86529054E+04
4.80000000E-05,i1,ch_e91,3.88105396E+04
4.80000000E-05,i2,ch_e91,-8.03777115E+03
4.81000000E-05,injectedCurrent,ch-base,1.58642361E+02
4.81000000E-05,voltage,ch-base,1.58642327E+02
4.81000000E-05,i1,ch_e1,-1.00805135E+05
4.81000000E-05,i2,ch_e1,-1.75431199E+05
4.81000000E-05,i1,ch_e31,-6.59920540E+04
4.81000000E-05,i2,ch_e31,1.44259281E+05
4.81000000E-05,i1,ch_e61,6.23817254E+04
4.81000000E-05,i2,ch_e61,-6.22491853E+04
4.81000000E-05,i1,ch_e91,-7.12512555E+04
4.81000000E-05,i2,ch_e91,3.88619634E+04
4.82000000E-05,injectedCurrent,ch-base,1.25434750E+02
4.82000000E-05,voltage,ch-base,1.25434739E+02
4.82000000E-05,i1,ch_e1,7.62184501E+04
4.82000000E-05,i2,ch_e1,2.19570275E+05
4.82000000E-05,i1,ch_e31,3.86145203E+04
4.82000000E-05,i2,ch_e31,-1.21596438E+05
4.82000000E-05,i1,ch_e61,-9.70450545E+04
4.82000000E-05,i2,ch_e61,9.68383260E+04
4.82000000E-05,i1,ch_e91,4.44264532E+04
4.82000000E-05,i2,ch_e91,-1.04144385E+04
4.83000000E-05,injectedCurrent,ch-base,9.88898666E+01
4.83000000E-05,voltage,ch-base,9.88898647E+01
4.83000000E-05,i1,ch_e1,-1.13372168E+05
4.83000000E-05,i2,ch_e1,-2.03827415E+05
4.83000000E-05,i1,ch_e31,-7.25967769E+04
4.83000000E-05,i2,ch_e31,1.60658353E+05
4.83000000E-05,i1,ch_e61,7.12643162E+04
4.83000000E-05,i2,ch_e61,-7.09992155E+04
4.83000000E-05,i1,ch_e91,-7.70133560E+04
4.83000000E-05,i2,ch_e91,4.11733981E+04
4.84000000E-05,injectedCurrent,ch-base,7.77355515E+01
4.84000000E-05,voltage,ch-base,7.77355677E+01
4.84000000E-05,i1,ch_e1,8.99534310E+04
4.84000000E-05,i2,ch_e1,2.50749821E+05
4.84000000E-05,i1,ch_e31,4.57776465E+04
4.84000000E-05,i2,ch_e31,-1.39332825E+05
4.84000000E-05,i1,ch_e61,-1.06453398E+05
4.84000000E-05,i2,ch_e61,1.06072646E+05
4.84000000E-05,i1,ch_e91,5.07380004E+04
4.84000000E-05,i2,ch_e91,-1.30400183E+04
4.85000000E-05,injectedCurrent,ch-base,6.09284783E+01
4.85000000E-05,voltage,ch-base,6.09285099E+01
4.85000000E-05,i1,ch_e1,-1.28418052E+05
4.85000000E-05,i2,ch_e1,-2.38161931E+05
4.85000000E-05,i1,ch_e31,-8.03632678E+04
4.85000000E-05,i2,ch_e31,1.79853336E+05
4.85000000E-05,i1,ch_e61,8.14728198E+04
4.85000000E-05,i2,ch_e61,-8.09982139E+04
4.85000000E-05,i1,ch_e91,-8.35641467E+04
4.85000000E-05,i2,ch_e91,4.38133661E+04
4.86000000E-05,injectedCurrent,ch-base,4.76159607E+01
4.86000000E-05,voltage,ch-base,4.76159898E+01
4.86000000E-05,i1,ch_e1,1.06565014E+05
4.86000000E-05,i2,ch_e1,2.88591549E+05
4.86000000E-05,i1,ch_e31,5.42639370E+04
4.86000000E-05,i2,ch_e31,-1.60189215E+05
4.86000000E-05,i1,ch_e61,-1.17350358E+05
4.86000000E-05,i2,ch_e61,1.16757364E+05
4.86000000E-05,i1,ch_e91,5.78676806E+04
4.86000000E-05,i2,ch_e91,-1.60196720E+04
4.87000000E-05,injectedCurrent,ch-base,3.71035270E+01
4.87000000E-05,voltage,ch-base,3.71035779E+01
4.87000000E-05,i1,ch_e1,-1.46796837E+05
4.87000000E-05,i2,ch_e1,-2.80015402E+05
4.87000000E-05,i1,ch_e31,-8.95542964E+04
4.87000000E-05,i2,ch_e31,2.02436510E+05
4.87000000E-05,i1,ch_e61,9.32123525E+04
4.87000000E-05,i2,ch_e61,-9.25139546E+04
4.87000000E-05,i1,ch_e91,-9.09308087E+04
4.87000000E-05,i2,ch_e91,4.67395881E+04
4.88000000E-05,injectedCurrent,ch-base,2.88275110E+01
4.88000000E-05,voltage,ch-base,2.88275698E+01
4.88000000E-05,i1,ch_e1,1.26966423E+05
4.88000000E-05,i2,ch_e1,3.35024426E+05
4.88000000E-05,i1,ch_e31,6.43069482E+04
4.88000000E-05,i2,ch_e31,-1.84747456E+05
4.88000000E-05,i1,ch_e61,-1.29836550E+05
4.88000000E-05,i2,ch_e61,1.28943521E+05
4.88000000E-05,i1,ch_e91,6.59844005E+04
4.88000000E-05,i2,ch_e91,-1.94061067E+04
4.89000000E-05,injectedCurrent,ch-base,2.23319848E+01
4.89000000E-05,voltage,ch-base,2.23319704E+01
4.89000000E-05,i1,ch_e1,-1.69443062E+05
4.89000000E-05,i2,ch_e1,-3.31781432E+05
4.89000000E-05,i1,ch_e31,-1.00495207E+05
4.89000000E-05,i2,ch_e31,2.29162598E+05
4.89000000E-05,i1,ch_e61,1.06835045E+05
4.89000000E-05,i2,ch_e61,-1.05774491E+05
4.89000000E-05,i1,ch_e91,-9.92736182E+04
4.89000000E-05,i2,ch_e91,5.00174639E+04
4.90000000E-05,injectedCurrent,ch-base,1.72494268E+01
4.90000000E-05,voltage,ch-base,1.72494409E+01
4.90000000E-05,i1,ch_e1,1.52260156E+05
4.90000000E-05,i2,ch_e1,3.92893906E+05
4.90000000E-05,i1,ch_e31,7.63413821E+04
4.90000000E-05,i2,ch_e31,-2.14029053E+05
4.90000000E-05,i1,ch_e61,-1.44379100E+05
4.90000000E-05,i2,ch_e61,1.43105205E+05
4.90000000E-05,i1,ch_e91,7.52296786E+04
4.90000000E-05,i2,ch_e91,-2.32459343E+04
4.91000000E-05,injectedCurrent,ch-base,1.32845900E+01
4.91000000E-05,voltage,ch-base,1.32846479E+01
4.91000000E-05,i1,ch_e1,-1.97783728E+05
4.91000000E-05,i2,ch_e1,-3.96768948E+05
4.91000000E-05,i1,ch_e31,-1.13625426E+05
4.91000000E-05,i2,ch_e31,2.61167600E+05
4.91000000E-05,i1,ch_e61,1.22595943E+05
4.91000000E-05,i2,ch_e61,-1.21129627E+05
4.91000000E-05,i1,ch_e91,-1.08782030E+05
4.91000000E-05,i2,ch_e91,5.37560629E+04
4.92000000E-05,injectedCurrent,ch-base,1.02010949E+01
4.92000000E-05,voltage,ch-base,1.02011494E+01
4.92000000E-05,i1,ch_e1,1.84211419E+05
4.92000000E-05,i2,ch_e1,4.66144145E+05
4.92000000E-05,i1,ch_e31,9.08524051E+04
4.92000000E-05,i2,ch_e31,-2.49193041E+05
4.92000000E-05,i1,ch_e61,-1.61257471E+05
4.92000000E-05,i2,ch_e61,1.59497549E+05
4.92000000E-05,i1,ch_e91,8.57154794E+04
4.92000000E-05,i2,ch_e91,-2.75374939E+04
4.93000000E-05,injectedCurrent,ch-base,7.81033376E+00
4.93000000E-05,voltage,ch-base,7.81029337E+00
4.93000000E-05,i1,ch_e1,-2.33879471E+05
4.93000000E-05,i2,ch_e1,-4.79832368E+05
4.93000000E-05,i1,ch_e31,-1.29635255E+05
4.93000000E-05,i2,ch_e31,2.99814042E+05
4.93000000E-05,i1,ch_e61,1.41137718E+05
4.93000000E-05,i2,ch_e61,-1.39125757E+05
4.93000000E-05,i1,ch_e91,-1.19725020E+05
4.93000000E-05,i2,ch_e91,5.80496130E+04
4.94000000E-05,injectedCurrent,ch-base,5.96232477E+00
4.94000000E-05,voltage,ch-base,5.96238618E+00
4.94000000E-05,i1,ch_e1,2.25302252E+05
4.94000000E-05,i2,ch_e1,5.60743776E+05
4.94000000E-05,i1,ch_e31,1.08690140E+05
4.94000000E-05,i2,ch_e31,-2.91967878E+05
4.94000000E-05,i1,ch_e61,-1.81163382E+05
4.94000000E-05,i2,ch_e61,1.78786375E+05
4.94000000E-05,i1,ch_e91,9.78117087E+04
4.94000000E-05,i2,ch_e91,-3.25366807E+04
4.95000000E-05,injectedCurrent,ch-base,4.53820357E+00
4.95000000E-05,voltage,ch-base,4.53827031E+00
4.95000000E-05,i1,ch_e1,-2.80870972E+05
4.95000000E-05,i2,ch_e1,-5.88266349E+05
4.95000000E-05,i1,ch_e31,-1.49297920E+05
4.95000000E-05,i2,ch_e31,3.47046719E+05
4.95000000E-05,i1,ch_e61,1.62968856E+05
4.95000000E-05,i2,ch_e61,-1.60231568E+05
4.95000000E-05,i1,ch_e91,-1.32194382E+05
4.95000000E-05,i2,ch_e91,6.28257315E+04
4.96000000E-05,injectedCurrent,ch-base,3.44408397E+00
4.96000000E-05,voltage,ch-base,3.44415887E+00
4.96000000E-05,i1,ch_e1,2.79468236E+05
4.96000000E-05,i2,ch_e1,6.85757900E+05
4.96000000E-05,i1,ch_e31,1.30661812E+05
4.96000000E-05,i2,ch_e31,-3.44474777E+05
4.96000000E-05,i1,ch_e61,-2.04717819E+05
4.96000000E-05,i2,ch_e61,2.01485951E+05
4.96000000E-05,i1,ch_e91,1.11860438E+05
4.96000000E-05,i2,ch_e91,-3.83069989E+04
4.97000000E-05,injectedCurrent,ch-base,2.60605774E+00
4.97000000E-05,voltage,ch-base,2.60607897E+00
4.97000000E-05,i1,ch_e1,-3.43556900E+05
4.97000000E-05,i2,ch_e1,-7.33627981E+05
4.97000000E-05,i1,ch_e31,-1.73854117E+05
4.97000000E-05,i2,ch_e31,4.05509461E+05
4.97000000E-05,i1,ch_e61,1.88907665E+05
4.97000000E-05,i2,ch_e61,-1.85212582E+05
4.97000000E-05,i1,ch_e91,-1.46655264E+05
4.97000000E-05,i2,ch_e91,6.83931929E+04
4.98000000E-05,injectedCurrent,ch-base,1.96613815E+00
4.98000000E-05,voltage,ch-base,1.96616628E+00
4.98000000E-05,i1,ch_e1,3.52756096E+05
4.98000000E-05,i2,ch_e1,8.55994364E+05
4.98000000E-05,i1,ch_e31,1.58443598E+05
4.98000000E-05,i2,ch_e31,-4.10094402E+05
4.98000000E-05,i1,ch_e61,-2.32789529E+05
4.98000000E-05,i2,ch_e61,2.28461218E+05
4.98000000E-05,i1,ch_e91,1.27930432E+05
4.98000000E-05,i2,ch_e91,-4.47238711E+04
4.99000000E-05,injectedCurrent,ch-base,1.47898201E+00
4.99000000E-05,voltage,ch-base,1.47903776E+00
4.99000000E-05,i1,ch_e1,-4.29952552E+05
4.99000000E-05,i2,ch_e1,-9.34896462E+05
4.99000000E-05,i1,ch_e31,-2.05018427E+05
4.99000000E-05,i2,ch_e31,4.79059288E+05
4.99000000E-05,i1,ch_e61,2.20038149E+05
4.99000000E-05,i2,ch_e61,-2.15101828E+05
4.99000000E-05,i1,ch_e91,-1.63629471E+05
4.99000000E-05,i2,ch_e91,7.49674957E+04
5.00000000E-05,injectedCurrent,ch-base,1.10925097E+00
5.00000000E-05,voltage,ch-base,1.10931662E+00
5.00000000E-05,i1,ch_e1,4.55818025E+05
5.00000000E-05,i2,ch_e1,1.09625305E+06
5.00000000E-05,i1,ch_e31,1.93918437E+05
5.00000000E-05,i2,ch_e31,-4.93210711E+05
5.00000000E-05,i1,ch_e61,-2.66663842E+05
5.00000000E-05,i2,ch_e61,2.60881799E+05
5.00000000E-05,i1,ch_e91,1.46602662E+05
5.00000000E-05,i2,ch_e91,-5.21543704E+04
5.01000000E-05,injectedCurrent,ch-base,8.29495470E-01
5.01000000E-05,voltage,ch-base,8.29490183E-01
5.01000000E-05,i1,ch_e1,-5.53959487E+05
5.01000000E-05,i2,ch_e1,-1.22548443E+06
5.01000000E-05,i1,ch_e31,-2.45400689E+05
5.01000000E-05,i2,ch_e31,5.73236169E+05
5.01000000E-05,i1,ch_e61,2.57769649E+05
5.01000000E-05,i2,ch_e61,-2.51115103E+05
5.01000000E-05,i1,ch_e91,-1.83453475E+05
5.01000000E-05,i2,ch_e91,8.25356551E+04
5.02000000E-05,injectedCurrent,ch-base,6.18464438E-01
5.02000000E-05,voltage,ch-base,6.18593644E-01
5.02000000E-05,i1,ch_e1,6.07262504E+05
5.02000000E-05,i2,ch_e1,1.45238048E+06
5.02000000E-05,i1,ch_e31,2.40473530E+05
5.02000000E-05,i2,ch_e31,-6.00861758E+05
5.02000000E-05,i1,ch_e61,-3.08038954E+05
5.02000000E-05,i2,ch_e61,3.00266666E+05
5.02000000E-05,i1,ch_e91,1.68702383E+05
5.02000000E-05,i2,ch_e91,-6.09740208E+04
5.03000000E-05,injectedCurrent,ch-base,4.59760031E-01
5.03000000E-05,voltage,ch-base,4.59877139E-01
5.03000000E-05,i1,ch_e1,-7.41741871E+05
5.03000000E-05,i2,ch_e1,-1.66920344E+06
5.03000000E-05,i1,ch_e31,-2.98920840E+05
5.03000000E-05,i2,ch_e31,6.96490465E+05
5.03000000E-05,i1,ch_e61,3.03941841E+05
5.03000000E-05,i2,ch_e61,-2.94981431E+05
5.03000000E-05,i1,ch_e91,-2.06704844E+05
5.03000000E-05,i2,ch_e91,9.12483859E+04
5.04000000E-05,injectedCurrent,ch-base,3.40771083E-01
5.04000000E-05,voltage,ch-base,3.40843470E-01
5.04000000E-05,i1,ch_e1,8.44828218E+05
5.04000000E-05,i2,ch_e1,2.01571541E+06
5.04000000E-05,i1,ch_e31,3.03020672E+05
5.04000000E-05,i2,ch_e31,-7.43468068E+05
5.04000000E-05,i1,ch_e61,-3.59049607E+05
5.04000000E-05,i2,ch_e61,3.48530060E+05
5.04000000E-05,i1,ch_e91,1.94913830E+05
5.04000000E-05,i2,ch_e91,-7.13587531E+04
5.05000000E-05,injectedCurrent,ch-base,2.51830651E-01
5.05000000E-05,voltage,ch-base,2.51856041E-01
5.05000000E-05,i1,ch_e1,-1.04851943E+06
5.05000000E-05,i2,ch_e1,-2.40206493E+06
5.05000000E-05,i1,ch_e31,-3.72155562E+05
5.05000000E-05,i2,ch_e31,8.62251373E+05
5.05000000E-05,i1,ch_e61,3.61496408E+05
5.05000000E-05,i2,ch_e61,-3.49348923E+05
5.05000000E-05,i1,ch_e91,-2.34205664E+05
5.05000000E-05,i2,ch_e91,1.01381021E+05
5.06000000E-05,injectedCurrent,ch-base,1.85553043E-01
5.06000000E-05,voltage,ch-base,1.85537984E-01
5.06000000E-05,i1,ch_e1,1.25254547E+06
5.06000000E-05,i2,ch_e1,2.99715932E+06
5.06000000E-05,i1,ch_e31,3.90079567E+05
5.06000000E-05,i2,ch_e31,-9.38235234E+05
5.06000000E-05,i1,ch_e61,-4.22944923E+05
5.06000000E-05,i2,ch_e61,4.08621549E+05
5.06000000E-05,i1,ch_e91,2.26258867E+05
5.06000000E-05,i2,ch_e91,-8.37479823E+04
5.07000000E-05,injectedCurrent,ch-base,1.36314025E-01
5.07000000E-05,voltage,ch-base,1.36447100E-01
5.07000000E-05,i1,ch_e1,-1.60966946E+06
5.07000000E-05,i2,ch_e1,-3.76714654E+06
5.07000000E-05,i1,ch_e31,-4.76141645E+05
5.07000000E-05,i2,ch_e31,1.09260612E+06
5.07000000E-05,i1,ch_e61,4.34126835E+05
5.07000000E-05,i2,ch_e61,-4.17392327E+05
5.07000000E-05,i1,ch_e91,-2.67050416E+05
5.07000000E-05,i2,ch_e91,1.13287349E+05
5.08000000E-05,injectedCurrent,ch-base,9.98447683E-02
5.08000000E-05,voltage,ch-base,1.00002429E-01
5.08000000E-05,i1,ch_e1,2.06221723E+06
5.08000000E-05,i2,ch_e1,4.99310052E+06
5.08000000E-05,i1,ch_e31,5.16526325E+05
5.08000000E-05,i2,ch_e31,-1.21432039E+06
5.08000000E-05,i1,ch_e61,-5.04634615E+05
5.08000000E-05,i2,ch_e61,4.84860129E+05
5.08000000E-05,i1,ch_e91,2.64206658E+05
5.08000000E-05,i2,ch_e91,-9.86940946E+04
5.09000000E-05,injectedCurrent,ch-base,7.29158180E-02
5.09000000E-05,voltage,ch-base,7.28385805E-02
5.09000000E-05,i1,ch_e1,-2.85441167E+06
5.09000000E-05,i2,ch_e1,-6.89986288E+06
5.09000000E-05,i1,ch_e31,-6.31411924E+05
5.09000000E-05,i2,ch_e31,1.42680094E+06
5.09000000E-05,i1,ch_e61,5.27454165E+05
5.09000000E-05,i2,ch_e61,-5.04098893E+05
5.09000000E-05,i1,ch_e91,-3.06751198E+05
5.09000000E-05,i2,ch_e91,1.27450153E+05
5.10000000E-05,injectedCurrent,ch-base,5.30920181E-02
5.10000000E-05,voltage,ch-base,5.31897032E-02
5.10000000E-05,i1,ch_e1,4.16703869E+06
5.10000000E-05,i2,ch_e1,1.04630937E+07
5.10000000E-05,i1,ch_e31,7.11445140E+05
5.10000000E-05,i2,ch_e31,-1.62554509E+06
5.10000000E-05,i1,ch_e61,-6.11107186E+05
5.10000000E-05,i2,ch_e61,5.83234215E+05
5.10000000E-05,i1,ch_e91,3.10398226E+05
5.10000000E-05,i2,ch_e91,-1.16602569E+05
5.11000000E-05,injectedCurrent,ch-base,3.85431448E-02
5.11000000E-05,voltage,ch-base,3.87147448E-02
5.11000000E-05,i1,ch_e1,-7.00840637E+06
5.11000000E-05,i2,ch_e1,-1.83526085E+07
5.11000000E-05,i1,ch_e31,-8.80088550E+05
5.11000000E-05,i2,ch_e31,1.94021603E+06
5.11000000E-05,i1,ch_e61,6.50513449E+05
5.11000000E-05,i2,ch_e61,-6.17238316E+05
5.11000000E-05,i1,ch_e91,-3.55475764E+05
5.11000000E-05,i2,ch_e91,1.44686984E+05
