frequency_hz,quantity,id,x,y,z,re,im
5.00000000E+01,potential,centre,8.00000000E+00,8.00000000E+00,0.00000000E+00,5.82041063E+03,-3.17977670E+01
5.00000000E+01,potential,remote,4.00000000E+01,0.00000000E+00,0.00000000E+00,9.48324448E+02,-3.06169448E+01
5.00000000E+01,potential,surface_1_1,-4.00000000E+00,-4.00000000E+00,0.00000000E+00,2.03548274E+03,-3.07986901E+01
5.00000000E+01,potential,surface_1_2,-4.00000000E+00,-2.00000000E+00,0.00000000E+00,2.27049665E+03,-3.07678847E+01
5.00000000E+01,potential,surface_1_3,-4.00000000E+00,0.00000000E+00,0.00000000E+00,2.50593342E+03,-3.07340060E+01
5.00000000E+01,potential,surface_1_4,-4.00000000E+00,2.00000000E+00,0.00000000E+00,2.68807557E+03,-3.07366748E+01
5.00000000E+01,potential,surface_1_5,-4.00000000E+00,4.00000000E+00,0.00000000E+00,2.80393067E+03,-3.07915887E+01
5.00000000E+01,potential,surface_1_6,-4.00000000E+00,6.00000000E+00,0.00000000E+00,2.87013584E+03,-3.08768573E+01
5.00000000E+01,potential,surface_1_7,-4.00000000E+00,8.00000000E+00,0.00000000E+00,2.89218859E+03,-3.09677914E+01
5.00000000E+01,potential,surface_1_8,-4.00000000E+00,1.00000000E+01,0.00000000E+00,2.86684933E+03,-3.10472946E+01
5.00000000E+01,potential,surface_1_9,-4.00000000E+00,1.20000000E+01,0.00000000E+00,2.79641730E+03,-3.11125501E+01
5.00000000E+01,potential,surface_1_10,-4.00000000E+00,1.40000000E+01,0.00000000E+00,2.67461473E+03,-3.11619738E+01
5.00000000E+01,potential,surface_1_11,-4.00000000E+00,1.60000000E+01,0.00000000E+00,2.48742734E+03,-3.11866682E+01
5.00000000E+01,potential,surface_1_12,-4.00000000E+00,1.80000000E+01,0.00000000E+00,2.25343226E+03,-3.11733211E+01
5.00000000E+01,potential,surface_1_13,-4.00000000E+00,2.00000000E+01,0.00000000E+00,2.02295769E+03,-3.11329073E+01
5.00000000E+01,potential,surface_2_1,-2.00000000E+00,-4.00000000E+00,0.00000000E+00,2.27049665E+03,-3.07678836E+01
5.00000000E+01,potential,surface_2_2,-2.00000000E+00,-2.00000000E+00,0.00000000E+00,2.65568531E+03,-3.06684507E+01
5.00000000E+01,potential,surface_2_3,-2.00000000E+00,0.00000000E+00,0.00000000E+00,3.12379888E+03,-3.05061269E+01
5.00000000E+01,potential,surface_2_4,-2.00000000E+00,2.00000000E+00,0.00000000E+00,3.40458734E+03,-3.04774057E+01
5.00000000E+01,potential,surface_2_5,-2.00000000E+00,4.00000000E+00,0.00000000E+00,3.53392274E+03,-3.05988301E+01
5.00000000E+01,potential,surface_2_6,-2.00000000E+00,6.00000000E+00,0.00000000E+00,3.61471598E+03,-3.07642443E+01
5.00000000E+01,potential,surface_2_7,-2.00000000E+00,8.00000000E+00,0.00000000E+00,3.65585932E+03,-3.09338810E+01
5.00000000E+01,potential,surface_2_8,-2.00000000E+00,1.00000000E+01,0.00000000E+00,3.61128974E+03,-3.10639827E+01
5.00000000E+01,potential,surface_2_9,-2.00000000E+00,1.20000000E+01,0.00000000E+00,3.52519376E+03,-3.11764435E+01
5.00000000E+01,potential,surface_2_10,-2.00000000E+00,1.40000000E+01,0.00000000E+00,3.38271223E+03,-3.12709109E+01
5.00000000E+01,potential,surface_2_11,-2.00000000E+00,1.60000000E+01,0.00000000E+00,3.07593086E+03,-3.13359195E+01
5.00000000E+01,potential,surface_2_12,-2.00000000E+00,1.80000000E+01,0.00000000E+00,2.62319039E+03,-3.12895540E+01
5.00000000E+01,potential,surface_2_13,-2.00000000E+00,2.00000000E+01,0.00000000E+00,2.25314108E+03,-3.12113686E+01
5.00000000E+01,potential,surface_3_1,0.00000000E+00,-4.00000000E+00,0.00000000E+00,2.50593342E+03,-3.07340030E+01
5.00000000E+01,potential,surface_3_2,0.00000000E+00,-2.00000000E+00,0.00000000E+00,3.12379888E+03,-3.05061206E+01
5.00000000E+01,potential,surface_3_3,0.00000000E+00,0.00000000E+00,0.00000000E+00,6.24961582E+03,-2.81974026E+01
5.00000000E+01,potential,surface_3_4,0.00000000E+00,2.00000000E+00,0.00000000E+00,4.86039198E+03,-3.00238934E+01
5.00000000E+01,potential,surface_3_5,0.00000000E+00,4.00000000E+00,0.00000000E+00,4.91316924E+03,-3.03768544E+01
5.00000000E+01,potential,surface_3_6,0.00000000E+00,6.00000000E+00,0.00000000E+00,4.99109474E+03,-3.06883032E+01
5.00000000E+01,potential,surface_3_7,0.00000000E+00,8.00000000E+00,0.00000000E+00,5.30469215E+03,-3.10400362E+01
5.00000000E+01,potential,surface_3_8,0.00000000E+00,1.00000000E+01,0.00000000E+00,4.98910606E+03,-3.12713157E+01
5.00000000E+01,potential,surface_3_9,0.00000000E+00,1.20000000E+01,0.00000000E+00,4.90770768E+03,-3.15304885E+01
5.00000000E+01,potential,surface_3_10,0.00000000E+00,1.40000000E+01,0.00000000E+00,4.85646270E+03,-3.17400439E+01
5.00000000E+01,potential,surface_3_11,0.00000000E+00,1.60000000E+01,0.00000000E+00,4.53668536E+03,-3.19035977E+01
5.00000000E+01,potential,surface_3_12,0.00000000E+00,1.80000000E+01,0.00000000E+00,3.07556291E+03,-3.14122117E+01
5.00000000E+01,potential,surface_3_13,0.00000000E+00,2.00000000E+01,0.00000000E+00,2.48676017E+03,-3.12844768E+01
5.00000000E+01,potential,surface_4_1,2.00000000E+00,-4.00000000E+00,0.00000000E+00,2.68807557E+03,-3.07366705E+01
5.00000000E+01,potential,surface_4_2,2.00000000E+00,-2.00000000E+00,0.00000000E+00,3.40458734E+03,-3.04773947E+01
5.00000000E+01,potential,surface_4_3,2.00000000E+00,0.00000000E+00,0.00000000E+00,4.86039198E+03,-3.00238511E+01
5.00000000E+01,potential,surface_4_4,2.00000000E+00,2.00000000E+00,0.00000000E+00,4.30497574E+03,-3.02925008E+01
5.00000000E+01,potential,surface_4_5,2.00000000E+00,4.00000000E+00,0.00000000E+00,4.27377734E+03,-3.05789976E+01
5.00000000E+01,potential,surface_4_6,2.00000000E+00,6.00000000E+00,0.00000000E+00,4.49281256E+03,-3.07860395E+01
5.00000000E+01,potential,surface_4_7,2.00000000E+00,8.00000000E+00,0.00000000E+00,5.21154752E+03,-3.11231603E+01
5.00000000E+01,potential,surface_4_8,2.00000000E+00,1.00000000E+01,0.00000000E+00,4.49021085E+03,-3.11496216E+01
5.00000000E+01,potential,surface_4_9,2.00000000E+00,1.20000000E+01,0.00000000E+00,4.26767848E+03,-3.13133407E+01
5.00000000E+01,potential,surface_4_10,2.00000000E+00,1.40000000E+01,0.00000000E+00,4.29286221E+03,-3.14640131E+01
5.00000000E+01,potential,surface_4_11,2.00000000E+00,1.60000000E+01,0.00000000E+00,4.85616160E+03,-3.19944842E+01
5.00000000E+01,potential,surface_4_12,2.00000000E+00,1.80000000E+01,0.00000000E+00,3.38189333E+03,-3.14769404E+01
5.00000000E+01,potential,surface_4_13,2.00000000E+00,2.00000000E+01,0.00000000E+00,2.67346213E+03,-3.13446760E+01
5.00000000E+01,potential,surface_5_1,4.00000000E+00,-4.00000000E+00,0.00000000E+00,2.80393067E+03,-3.07915846E+01
5.00000000E+01,potential,surface_5_2,4.00000000E+00,-2.00000000E+00,0.00000000E+00,3.53392274E+03,-3.05988235E+01
5.00000000E+01,potential,surface_5_3,4.00000000E+00,0.00000000E+00,0.00000000E+00,4.91316924E+03,-3.03768433E+01
5.00000000E+01,potential,surface_5_4,4.00000000E+00,2.00000000E+00,0.00000000E+00,4.27377734E+03,-3.05789942E+01
5.00000000E+01,potential,surface_5_5,4.00000000E+00,4.00000000E+00,0.00000000E+00,4.21715828E+03,-3.08190508E+01
5.00000000E+01,potential,surface_5_6,4.00000000E+00,6.00000000E+00,0.00000000E+00,4.46360069E+03,-3.09947400E+01
5.00000000E+01,potential,surface_5_7,4.00000000E+00,8.00000000E+00,0.00000000E+00,5.22482859E+03,-3.13461758E+01
5.00000000E+01,potential,surface_5_8,4.00000000E+00,1.00000000E+01,0.00000000E+00,4.46148329E+03,-3.12849187E+01
5.00000000E+01,potential,surface_5_9,4.00000000E+00,1.20000000E+01,0.00000000E+00,4.21269855E+03,-3.14140385E+01
5.00000000E+01,potential,surface_5_10,4.00000000E+00,1.40000000E+01,0.00000000E+00,4.26720579E+03,-3.15625716E+01
5.00000000E+01,potential,surface_5_11,4.00000000E+00,1.60000000E+01,0.00000000E+00,4.90704183E+03,-3.20942441E+01
5.00000000E+01,potential,surface_5_12,4.00000000E+00,1.80000000E+01,0.00000000E+00,3.52378620E+03,-3.15526079E+01
5.00000000E+01,potential,surface_5_13,4.00000000E+00,2.00000000E+01,0.00000000E+00,2.79461886E+03,-3.14017876E+01
5.00000000E+01,potential,surface_6_1,6.00000000E+00,-4.00000000E+00,0.00000000E+00,2.87013584E+03,-3.08768535E+01
5.00000000E+01,potential,surface_6_2,6.00000000E+00,-2.00000000E+00,0.00000000E+00,3.61471598E+03,-3.07642413E+01
5.00000000E+01,potential,surface_6_3,6.00000000E+00,0.00000000E+00,0.00000000E+00,4.99109474E+03,-3.06883092E+01
5.00000000E+01,potential,surface_6_4,6.00000000E+00,2.00000000E+00,0.00000000E+00,4.49281256E+03,-3.07860382E+01
5.00000000E+01,potential,surface_6_5,6.00000000E+00,4.00000000E+00,0.00000000E+00,4.46360069E+03,-3.09947377E+01
5.00000000E+01,potential,surface_6_6,6.00000000E+00,6.00000000E+00,0.00000000E+00,4.67875011E+03,-3.11664006E+01
5.00000000E+01,potential,surface_6_7,6.00000000E+00,8.00000000E+00,0.00000000E+00,5.32950651E+03,-3.14956060E+01
5.00000000E+01,potential,surface_6_8,6.00000000E+00,1.00000000E+01,0.00000000E+00,4.67737482E+03,-3.14496734E+01
5.00000000E+01,potential,surface_6_9,6.00000000E+00,1.20000000E+01,0.00000000E+00,4.46088929E+03,-3.15699844E+01
5.00000000E+01,potential,surface_6_10,6.00000000E+00,1.40000000E+01,0.00000000E+00,4.48916267E+03,-3.17056427E+01
5.00000000E+01,potential,surface_6_11,6.00000000E+00,1.60000000E+01,0.00000000E+00,4.98796249E+03,-3.21823106E+01
5.00000000E+01,potential,surface_6_12,6.00000000E+00,1.80000000E+01,0.00000000E+00,3.60905225E+03,-3.16372290E+01
5.00000000E+01,potential,surface_6_13,6.00000000E+00,2.00000000E+01,0.00000000E+00,2.86414952E+03,-3.14571753E+01
5.00000000E+01,potential,surface_7_1,8.00000000E+00,-4.00000000E+00,0.00000000E+00,2.89218859E+03,-3.09677867E+01
5.00000000E+01,potential,surface_7_2,8.00000000E+00,-2.00000000E+00,0.00000000E+00,3.65585932E+03,-3.09338758E+01
5.00000000E+01,potential,surface_7_3,8.00000000E+00,0.00000000E+00,0.00000000E+00,5.30469215E+03,-3.10400373E+01
5.00000000E+01,potential,surface_7_4,8.00000000E+00,2.00000000E+00,0.00000000E+00,5.21154752E+03,-3.11231584E+01
5.00000000E+01,potential,surface_7_5,8.00000000E+00,4.00000000E+00,0.00000000E+00,5.22482859E+03,-3.13461681E+01
5.00000000E+01,potential,surface_7_6,8.00000000E+00,6.00000000E+00,0.00000000E+00,5.32950651E+03,-3.14955986E+01
5.00000000E+01,potential,surface_7_7,8.00000000E+00,8.00000000E+00,0.00000000E+00,5.82041063E+03,-3.17977670E+01
5.00000000E+01,potential,surface_7_8,8.00000000E+00,1.00000000E+01,0.00000000E+00,5.32894004E+03,-3.18496974E+01
5.00000000E+01,potential,surface_7_9,8.00000000E+00,1.20000000E+01,0.00000000E+00,5.22373351E+03,-3.20518254E+01
5.00000000E+01,potential,surface_7_10,8.00000000E+00,1.40000000E+01,0.00000000E+00,5.21005194E+03,-3.21789680E+01
5.00000000E+01,potential,surface_7_11,8.00000000E+00,1.60000000E+01,0.00000000E+00,5.30306621E+03,-3.24390959E+01
5.00000000E+01,potential,surface_7_12,8.00000000E+00,1.80000000E+01,0.00000000E+00,3.65232783E+03,-3.17202601E+01
5.00000000E+01,potential,surface_7_13,8.00000000E+00,2.00000000E+01,0.00000000E+00,2.88815406E+03,-3.15023275E+01
5.00000000E+01,potential,surface_8_1,1.00000000E+01,-4.00000000E+00,0.00000000E+00,2.86684933E+03,-3.10472883E+01
5.00000000E+01,potential,surface_8_2,1.00000000E+01,-2.00000000E+00,0.00000000E+00,3.61128974E+03,-3.10639703E+01
5.00000000E+01,potential,surface_8_3,1.00000000E+01,0.00000000E+00,0.00000000E+00,4.98910606E+03,-3.12712789E+01
5.00000000E+01,potential,surface_8_4,1.00000000E+01,2.00000000E+00,0.00000000E+00,4.49021085E+03,-3.11496092E+01
5.00000000E+01,potential,surface_8_5,1.00000000E+01,4.00000000E+00,0.00000000E+00,4.46148329E+03,-3.12849099E+01
5.00000000E+01,potential,surface_8_6,1.00000000E+01,6.00000000E+00,0.00000000E+00,4.67737482E+03,-3.14496590E+01
5.00000000E+01,potential,surface_8_7,1.00000000E+01,8.00000000E+00,0.00000000E+00,5.32894004E+03,-3.18496432E+01
5.00000000E+01,potential,surface_8_8,1.00000000E+01,1.00000000E+01,0.00000000E+00,4.67684778E+03,-3.16823515E+01
5.00000000E+01,potential,surface_8_9,1.00000000E+01,1.20000000E+01,0.00000000E+00,4.46048070E+03,-3.17521130E+01
5.00000000E+01,potential,surface_8_10,1.00000000E+01,1.40000000E+01,0.00000000E+00,4.48887560E+03,-3.18756162E+01
5.00000000E+01,potential,surface_8_11,1.00000000E+01,1.60000000E+01,0.00000000E+00,4.98781169E+03,-3.23903827E+01
5.00000000E+01,potential,surface_8_12,1.00000000E+01,1.80000000E+01,0.00000000E+00,3.60888842E+03,-3.17527213E+01
5.00000000E+01,potential,surface_8_13,1.00000000E+01,2.00000000E+01,0.00000000E+00,2.86399964E+03,-3.15273424E+01
5.00000000E+01,potential,surface_9_1,1.20000000E+01,-4.00000000E+00,0.00000000E+00,2.79641730E+03,-3.11125435E+01
5.00000000E+01,potential,surface_9_2,1.20000000E+01,-2.00000000E+00,0.00000000E+00,3.52519376E+03,-3.11764312E+01
5.00000000E+01,potential,surface_9_3,1.20000000E+01,0.00000000E+00,0.00000000E+00,4.90770768E+03,-3.15304602E+01
5.00000000E+01,potential,surface_9_4,1.20000000E+01,2.00000000E+00,0.00000000E+00,4.26767848E+03,-3.13133284E+01
5.00000000E+01,potential,surface_9_5,1.20000000E+01,4.00000000E+00,0.00000000E+00,4.21269855E+03,-3.14140302E+01
5.00000000E+01,potential,surface_9_6,1.20000000E+01,6.00000000E+00,0.00000000E+00,4.46088929E+03,-3.15699774E+01
5.00000000E+01,potential,surface_9_7,1.20000000E+01,8.00000000E+00,0.00000000E+00,5.22373351E+03,-3.20518261E+01
5.00000000E+01,potential,surface_9_8,1.20000000E+01,1.00000000E+01,0.00000000E+00,4.46048070E+03,-3.17521096E+01
5.00000000E+01,potential,surface_9_9,1.20000000E+01,1.20000000E+01,0.00000000E+00,4.21192493E+03,-3.17827183E+01
5.00000000E+01,potential,surface_9_10,1.20000000E+01,1.40000000E+01,0.00000000E+00,4.26665892E+03,-3.19038148E+01
5.00000000E+01,potential,surface_9_11,1.20000000E+01,1.60000000E+01,0.00000000E+00,4.90674770E+03,-3.25053110E+01
5.00000000E+01,potential,surface_9_12,1.20000000E+01,1.80000000E+01,0.00000000E+00,3.52346194E+03,-3.17747396E+01
5.00000000E+01,potential,surface_9_13,1.20000000E+01,2.00000000E+01,0.00000000E+00,2.79432134E+03,-3.15345192E+01
5.00000000E+01,potential,surface_10_1,1.40000000E+01,-4.00000000E+00,0.00000000E+00,2.67461473E+03,-3.11619680E+01
5.00000000E+01,potential,surface_10_2,1.40000000E+01,-2.00000000E+00,0.00000000E+00,3.38271223E+03,-3.12709019E+01
5.00000000E+01,potential,surface_10_3,1.40000000E+01,0.00000000E+00,0.00000000E+00,4.85646270E+03,-3.17400284E+01
5.00000000E+01,potential,surface_10_4,1.40000000E+01,2.00000000E+00,0.00000000E+00,4.29286221E+03,-3.14640075E+01
5.00000000E+01,potential,surface_10_5,1.40000000E+01,4.00000000E+00,0.00000000E+00,4.26720579E+03,-3.15625639E+01
5.00000000E+01,potential,surface_10_6,1.40000000E+01,6.00000000E+00,0.00000000E+00,4.48916267E+03,-3.17056374E+01
5.00000000E+01,potential,surface_10_7,1.40000000E+01,8.00000000E+00,0.00000000E+00,5.21005194E+03,-3.21789892E+01
5.00000000E+01,potential,surface_10_8,1.40000000E+01,1.00000000E+01,0.00000000E+00,4.48887560E+03,-3.18756057E+01
5.00000000E+01,potential,surface_10_9,1.40000000E+01,1.20000000E+01,0.00000000E+00,4.26665892E+03,-3.19038029E+01
5.00000000E+01,potential,surface_10_10,1.40000000E+01,1.40000000E+01,0.00000000E+00,4.29212894E+03,-3.19988161E+01
5.00000000E+01,potential,surface_10_11,1.40000000E+01,1.60000000E+01,0.00000000E+00,4.85573948E+03,-3.25983212E+01
5.00000000E+01,potential,surface_10_12,1.40000000E+01,1.80000000E+01,0.00000000E+00,3.38140955E+03,-3.17810853E+01
5.00000000E+01,potential,surface_10_13,1.40000000E+01,2.00000000E+01,0.00000000E+00,2.67301948E+03,-3.15229640E+01
5.00000000E+01,potential,surface_11_1,1.60000000E+01,-4.00000000E+00,0.00000000E+00,2.48742734E+03,-3.11866636E+01
5.00000000E+01,potential,surface_11_2,1.60000000E+01,-2.00000000E+00,0.00000000E+00,3.07593086E+03,-3.13359130E+01
5.00000000E+01,potential,surface_11_3,1.60000000E+01,0.00000000E+00,0.00000000E+00,4.53668536E+03,-3.19035912E+01
5.00000000E+01,potential,surface_11_4,1.60000000E+01,2.00000000E+00,0.00000000E+00,4.85616160E+03,-3.19945028E+01
5.00000000E+01,potential,surface_11_5,1.60000000E+01,4.00000000E+00,0.00000000E+00,4.90704183E+03,-3.20942298E+01
5.00000000E+01,potential,surface_11_6,1.60000000E+01,6.00000000E+00,0.00000000E+00,4.98796249E+03,-3.21822897E+01
5.00000000E+01,potential,surface_11_7,1.60000000E+01,8.00000000E+00,0.00000000E+00,5.30306621E+03,-3.24390565E+01
5.00000000E+01,potential,surface_11_8,1.60000000E+01,1.00000000E+01,0.00000000E+00,4.98781169E+03,-3.23903338E+01
5.00000000E+01,potential,surface_11_9,1.60000000E+01,1.20000000E+01,0.00000000E+00,4.90674770E+03,-3.25052710E+01
5.00000000E+01,potential,surface_11_10,1.60000000E+01,1.40000000E+01,0.00000000E+00,4.85573948E+03,-3.25982605E+01
5.00000000E+01,potential,surface_11_11,1.60000000E+01,1.60000000E+01,0.00000000E+00,4.53609829E+03,-3.25988608E+01
5.00000000E+01,potential,surface_11_12,1.60000000E+01,1.80000000E+01,0.00000000E+00,3.07489920E+03,-3.17357195E+01
5.00000000E+01,potential,surface_11_13,1.60000000E+01,2.00000000E+01,0.00000000E+00,2.48617405E+03,-3.14817600E+01
5.00000000E+01,potential,surface_12_1,1.80000000E+01,-4.00000000E+00,0.00000000E+00,2.25343226E+03,-3.11733176E+01
5.00000000E+01,potential,surface_12_2,1.80000000E+01,-2.00000000E+00,0.00000000E+00,2.62319039E+03,-3.12895502E+01
5.00000000E+01,potential,surface_12_3,1.80000000E+01,0.00000000E+00,0.00000000E+00,3.07556291E+03,-3.14122095E+01
5.00000000E+01,potential,surface_12_4,1.80000000E+01,2.00000000E+00,0.00000000E+00,3.38189333E+03,-3.14769397E+01
5.00000000E+01,potential,surface_12_5,1.80000000E+01,4.00000000E+00,0.00000000E+00,3.52378620E+03,-3.15526008E+01
5.00000000E+01,potential,surface_12_6,1.80000000E+01,6.00000000E+00,0.00000000E+00,3.60905225E+03,-3.16372168E+01
5.00000000E+01,potential,surface_12_7,1.80000000E+01,8.00000000E+00,0.00000000E+00,3.65232783E+03,-3.17202426E+01
5.00000000E+01,potential,surface_12_8,1.80000000E+01,1.00000000E+01,0.00000000E+00,3.60888842E+03,-3.17527006E+01
5.00000000E+01,potential,surface_12_9,1.80000000E+01,1.20000000E+01,0.00000000E+00,3.52346194E+03,-3.17747197E+01
5.00000000E+01,potential,surface_12_10,1.80000000E+01,1.40000000E+01,0.00000000E+00,3.38140955E+03,-3.17810662E+01
5.00000000E+01,potential,surface_12_11,1.80000000E+01,1.60000000E+01,0.00000000E+00,3.07489920E+03,-3.17357114E+01
5.00000000E+01,potential,surface_12_12,1.80000000E+01,1.80000000E+01,0.00000000E+00,2.62233036E+03,-3.15662526E+01
5.00000000E+01,potential,surface_12_13,1.80000000E+01,2.00000000E+01,0.00000000E+00,2.25241991E+03,-3.14027032E+01
5.00000000E+01,potential,surface_13_1,2.00000000E+01,-4.00000000E+00,0.00000000E+00,2.02295769E+03,-3.11329045E+01
5.00000000E+01,potential,surface_13_2,2.00000000E+01,-2.00000000E+00,0.00000000E+00,2.25314108E+03,-3.12113656E+01
5.00000000E+01,potential,surface_13_3,2.00000000E+01,0.00000000E+00,0.00000000E+00,2.48676017E+03,-3.12844739E+01
5.00000000E+01,potential,surface_13_4,2.00000000E+01,2.00000000E+00,0.00000000E+00,2.67346213E+03,-3.13446726E+01
5.00000000E+01,potential,surface_13_5,2.00000000E+01,4.00000000E+00,0.00000000E+00,2.79461886E+03,-3.14017822E+01
5.00000000E+01,potential,surface_13_6,2.00000000E+01,6.00000000E+00,0.00000000E+00,2.86414952E+03,-3.14571675E+01
5.00000000E+01,potential,surface_13_7,2.00000000E+01,8.00000000E+00,0.00000000E+00,2.88815406E+03,-3.15023177E+01
5.00000000E+01,potential,surface_13_8,2.00000000E+01,1.00000000E+01,0.00000000E+00,2.86399964E+03,-3.15273315E+01
5.00000000E+01,potential,surface_13_9,2.00000000E+01,1.20000000E+01,0.00000000E+00,2.79432134E+03,-3.15345087E+01
5.00000000E+01,potential,surface_13_10,2.00000000E+01,1.40000000E+01,0.00000000E+00,2.67301948E+03,-3.15229553E+01
5.00000000E+01,potential,surface_13_11,2.00000000E+01,1.60000000E+01,0.00000000E+00,2.48617405E+03,-3.14817549E+01
5.00000000E+01,potential,surface_13_12,2.00000000E+01,1.80000000E+01,0.00000000E+00,2.25241991E+03,-3.14027014E+01
5.00000000E+01,potential,surface_13_13,2.00000000E+01,2.00000000E+01,0.00000000E+00,2.02212492E+03,-3.13071871E+01
5.00000000E+01,stepMap,surface_1_1,-4.00000000E+00,-4.00000000E+00,0.00000000E+00,1.73178597E+02,0.00000000E+00
5.00000000E+01,stepMap,surface_1_2,-4.00000000E+00,-2.00000000E+00,0.00000000E+00,2.27169187E+02,0.00000000E+00
5.00000000E+01,stepMap,surface_1_3,-4.00000000E+00,0.00000000E+00,0.00000000E+00,2.61791255E+02,0.00000000E+00
5.00000000E+01,stepMap,surface_1_4,-4.00000000E+00,2.00000000E+00,0.00000000E+00,3.02315891E+02,0.00000000E+00
5.00000000E+01,stepMap,surface_1_5,-4.00000000E+00,4.00000000E+00,0.00000000E+00,3.14254280E+02,0.00000000E+00
5.00000000E+01,stepMap,surface_1_6,-4.00000000E+00,6.00000000E+00,0.00000000E+00,3.21914656E+02,0.00000000E+00
5.00000000E+01,stepMap,surface_1_7,-4.00000000E+00,8.00000000E+00,0.00000000E+00,3.27496557E+02,0.00000000E+00
5.00000000E+01,stepMap,surface_1_8,-4.00000000E+00,1.00000000E+01,0.00000000E+00,3.21712184E+02,0.00000000E+00
5.00000000E+01,stepMap,surface_1_9,-4.00000000E+00,1.20000000E+01,0.00000000E+00,3.13316318E+02,0.00000000E+00
5.00000000E+01,stepMap,surface_1_10,-4.00000000E+00,1.40000000E+01,0.00000000E+00,2.98296845E+02,0.00000000E+00
5.00000000E+01,stepMap,surface_1_11,-4.00000000E+00,1.60000000E+01,0.00000000E+00,2.57959105E+02,0.00000000E+00
5.00000000E+01,stepMap,surface_1_12,-4.00000000E+00,1.80000000E+01,0.00000000E+00,2.20811684E+02,0.00000000E+00
5.00000000E+01,stepMap,surface_1_13,-4.00000000E+00,2.00000000E+01,0.00000000E+00,1.69231972E+02,0.00000000E+00
5.00000000E+01,stepMap,surface_2_1,-2.00000000E+00,-4.00000000E+00,0.00000000E+00,2.27169187E+02,0.00000000E+00
5.00000000E+01,stepMap,surface_2_2,-2.00000000E+00,-2.00000000E+00,0.00000000E+00,3.91173684E+02,0.00000000E+00
5.00000000E+01,stepMap,surface_2_3,-2.00000000E+00,0.00000000E+00,0.00000000E+00,6.00710214E+02,0.00000000E+00
5.00000000E+01,stepMap,surface_2_4,-2.00000000E+00,2.00000000E+00,0.00000000E+00,6.28756774E+02,0.00000000E+00
5.00000000E+01,stepMap,surface_2_5,-2.00000000E+00,4.00000000E+00,0.00000000E+00,6.05708760E+02,0.00000000E+00
5.00000000E+01,stepMap,surface_2_6,-2.00000000E+00,6.00000000E+00,0.00000000E+00,6.07407957E+02,0.00000000E+00
5.00000000E+01,stepMap,surface_2_7,-2.00000000E+00,8.00000000E+00,0.00000000E+00,6.54397899E+02,0.00000000E+00
5.00000000E+01,stepMap,surface_2_8,-2.00000000E+00,1.00000000E+01,0.00000000E+00,6.07914635E+02,0.00000000E+00
5.00000000E+01,stepMap,surface_2_9,-2.00000000E+00,1.20000000E+01,0.00000000E+00,6.06768483E+02,0.00000000E+00
5.00000000E+01,stepMap,surface_2_10,-2.00000000E+00,1.40000000E+01,0.00000000E+00,6.29500824E+02,0.00000000E+00
5.00000000E+01,stepMap,surface_2_11,-2.00000000E+00,1.60000000E+01,0.00000000E+00,5.32303579E+02,0.00000000E+00
5.00000000E+01,stepMap,surface_2_12,-2.00000000E+00,1.80000000E+01,0.00000000E+00,3.66126357E+02,0.00000000E+00
5.00000000E+01,stepMap,surface_2_13,-2.00000000E+00,2.00000000E+01,0.00000000E+00,2.20783131E+02,0.00000000E+00
5.00000000E+01,stepMap,surface_3_1,0.00000000E+00,-4.00000000E+00,0.00000000E+00,2.61791255E+02,0.00000000E+00
5.00000000E+01,stepMap,surface_3_2,0.00000000E+00,-2.00000000E+00,0.00000000E+00,6.00710214E+02,0.00000000E+00
5.00000000E+01,stepMap,surface_3_3,0.00000000E+00,0.00000000E+00,0.00000000E+00,2.66581981E+03,0.00000000E+00
5.00000000E+01,stepMap,surface_3_4,0.00000000E+00,2.00000000E+00,0.00000000E+00,8.27047937E+02,0.00000000E+00
5.00000000E+01,stepMap,surface_3_5,0.00000000E+00,4.00000000E+00,0.00000000E+00,7.73537765E+02,0.00000000E+00
5.00000000E+01,stepMap,surface_3_6,0.00000000E+00,6.00000000E+00,0.00000000E+00,7.68970803E+02,0.00000000E+00
5.00000000E+01,stepMap,surface_3_7,0.00000000E+00,8.00000000E+00,0.00000000E+00,9.94434935E+02,0.00000000E+00
5.00000000E+01,stepMap,surface_3_8,0.00000000E+00,1.00000000E+01,0.00000000E+00,7.69901713E+02,0.00000000E+00
5.00000000E+01,stepMap,surface_3_9,0.00000000E+00,1.20000000E+01,0.00000000E+00,7.75745495E+02,0.00000000E+00
5.00000000E+01,stepMap,surface_3_10,0.00000000E+00,1.40000000E+01,0.00000000E+00,8.44249732E+02,0.00000000E+00
5.00000000E+01,stepMap,surface_3_11,0.00000000E+00,1.60000000E+01,0.00000000E+00,1.07434987E+03,0.00000000E+00
5.00000000E+01,stepMap,surface_3_12,0.00000000E+00,1.80000000E+01,0.00000000E+00,5.32486763E+02,0.00000000E+00
5.00000000E+01,stepMap,surface_3_13,0.00000000E+00,2.00000000E+01,0.00000000E+00,2.57897816E+02,0.00000000E+00
5.00000000E+01,stepMap,surface_4_1,2.00000000E+00,-4.00000000E+00,0.00000000E+00,3.02315891E+02,0.00000000E+00
5.00000000E+01,stepMap,surface_4_2,2.00000000E+00,-2.00000000E+00,0.00000000E+00,6.28756774E+02,0.00000000E+00
5.00000000E+01,stepMap,surface_4_3,2.00000000E+00,0.00000000E+00,0.00000000E+00,8.27047937E+02,0.00000000E+00
5.00000000E+01,stepMap,surface_4_4,2.00000000E+00,2.00000000E+00,0.00000000E+00,2.12339970E+02,0.00000000E+00
5.00000000E+01,stepMap,surface_4_5,2.00000000E+00,4.00000000E+00,0.00000000E+00,2.42662199E+02,0.00000000E+00
5.00000000E+01,stepMap,surface_4_6,2.00000000E+00,6.00000000E+00,0.00000000E+00,2.87836847E+02,0.00000000E+00
5.00000000E+01,stepMap,surface_4_7,2.00000000E+00,8.00000000E+00,0.00000000E+00,4.32148302E+02,0.00000000E+00
5.00000000E+01,stepMap,surface_4_8,2.00000000E+00,1.00000000E+01,0.00000000E+00,2.89188383E+02,0.00000000E+00
5.00000000E+01,stepMap,surface_4_9,2.00000000E+00,1.20000000E+01,0.00000000E+00,2.42657716E+02,0.00000000E+00
5.00000000E+01,stepMap,surface_4_10,2.00000000E+00,1.40000000E+01,0.00000000E+00,2.04658219E+02,0.00000000E+00
5.00000000E+01,stepMap,surface_4_11,2.00000000E+00,1.60000000E+01,0.00000000E+00,8.44529727E+02,0.00000000E+00
5.00000000E+01,stepMap,surface_4_12,2.00000000E+00,1.80000000E+01,0.00000000E+00,6.29738646E+02,0.00000000E+00
5.00000000E+01,stepMap,surface_4_13,2.00000000E+00,2.00000000E+01,0.00000000E+00,2.98443212E+02,0.00000000E+00
5.00000000E+01,stepMap,surface_5_1,4.00000000E+00,-4.00000000E+00,0.00000000E+00,3.14254280E+02,0.00000000E+00
5.00000000E+01,stepMap,surface_5_2,4.00000000E+00,-2.00000000E+00,0.00000000E+00,6.05708760E+02,0.00000000E+00
5.00000000E+01,stepMap,surface_5_3,4.00000000E+00,0.00000000E+00,0.00000000E+00,7.73537765E+02,0.00000000E+00
5.00000000E+01,stepMap,surface_5_4,4.00000000E+00,2.00000000E+00,0.00000000E+00,2.42662199E+02,0.00000000E+00
5.00000000E+01,stepMap,surface_5_5,4.00000000E+00,4.00000000E+00,0.00000000E+00,1.01520969E+02,0.00000000E+00
5.00000000E+01,stepMap,surface_5_6,4.00000000E+00,6.00000000E+00,0.00000000E+00,3.12300536E+02,0.00000000E+00
5.00000000E+01,stepMap,surface_5_7,4.00000000E+00,8.00000000E+00,0.00000000E+00,4.49968087E+02,0.00000000E+00
5.00000000E+01,stepMap,surface_5_8,4.00000000E+00,1.00000000E+01,0.00000000E+00,3.13377228E+02,0.00000000E+00
5.00000000E+01,stepMap,surface_5_9,4.00000000E+00,1.20000000E+01,0.00000000E+00,1.02862263E+02,0.00000000E+00
5.00000000E+01,stepMap,surface_5_10,4.00000000E+00,1.40000000E+01,0.00000000E+00,2.42524517E+02,0.00000000E+00
5.00000000E+01,stepMap,surface_5_11,4.00000000E+00,1.60000000E+01,0.00000000E+00,7.76158666E+02,0.00000000E+00
5.00000000E+01,stepMap,surface_5_12,4.00000000E+00,1.80000000E+01,0.00000000E+00,6.07097081E+02,0.00000000E+00
5.00000000E+01,stepMap,surface_5_13,4.00000000E+00,2.00000000E+01,0.00000000E+00,3.13476232E+02,0.00000000E+00
5.00000000E+01,stepMap,surface_6_1,6.00000000E+00,-4.00000000E+00,0.00000000E+00,3.21914656E+02,0.00000000E+00
5.00000000E+01,stepMap,surface_6_2,6.00000000E+00,-2.00000000E+00,0.00000000E+00,6.07407957E+02,0.00000000E+00
5.00000000E+01,stepMap,surface_6_3,6.00000000E+00,0.00000000E+00,0.00000000E+00,7.68970803E+02,0.00000000E+00
5.00000000E+01,stepMap,surface_6_4,6.00000000E+00,2.00000000E+00,0.00000000E+00,2.87836847E+02,0.00000000E+00
5.00000000E+01,stepMap,surface_6_5,6.00000000E+00,4.00000000E+00,0.00000000E+00,3.12300536E+02,0.00000000E+00
5.00000000E+01,stepMap,surface_6_6,6.00000000E+00,6.00000000E+00,0.00000000E+00,3.19406690E+02,0.00000000E+00
5.00000000E+01,stepMap,surface_6_7,6.00000000E+00,8.00000000E+00,0.00000000E+00,3.83651464E+02,0.00000000E+00
5.00000000E+01,stepMap,surface_6_8,6.00000000E+00,1.00000000E+01,0.00000000E+00,3.20070525E+02,0.00000000E+00
5.00000000E+01,stepMap,surface_6_9,6.00000000E+00,1.20000000E+01,0.00000000E+00,3.13114863E+02,0.00000000E+00
5.00000000E+01,stepMap,surface_6_10,6.00000000E+00,1.40000000E+01,0.00000000E+00,2.88947660E+02,0.00000000E+00
5.00000000E+01,stepMap,surface_6_11,6.00000000E+00,1.60000000E+01,0.00000000E+00,7.70524977E+02,0.00000000E+00
5.00000000E+01,stepMap,surface_6_12,6.00000000E+00,1.80000000E+01,0.00000000E+00,6.08385381E+02,0.00000000E+00
5.00000000E+01,stepMap,surface_6_13,6.00000000E+00,2.00000000E+01,0.00000000E+00,3.21881114E+02,0.00000000E+00
5.00000000E+01,stepMap,surface_7_1,8.00000000E+00,-4.00000000E+00,0.00000000E+00,3.27496557E+02,0.00000000E+00
5.00000000E+01,stepMap,surface_7_2,8.00000000E+00,-2.00000000E+00,0.00000000E+00,6.54397899E+02,0.00000000E+00
5.00000000E+01,stepMap,surface_7_3,8.00000000E+00,0.00000000E+00,0.00000000E+00,9.94434935E+02,0.00000000E+00
5.00000000E+01,stepMap,surface_7_4,8.00000000E+00,2.00000000E+00,0.00000000E+00,4.32148302E+02,0.00000000E+00
5.00000000E+01,stepMap,surface_7_5,8.00000000E+00,4.00000000E+00,0.00000000E+00,4.49968087E+02,0.00000000E+00
5.00000000E+01,stepMap,surface_7_6,8.00000000E+00,6.00000000E+00,0.00000000E+00,3.83651464E+02,0.00000000E+00
5.00000000E+01,stepMap,surface_7_7,8.00000000E+00,8.00000000E+00,0.00000000E+00,4.46660090E+02,0.00000000E+00
5.00000000E+01,stepMap,surface_7_8,8.00000000E+00,1.00000000E+01,0.00000000E+00,3.83640591E+02,0.00000000E+00
5.00000000E+01,stepMap,surface_7_9,8.00000000E+00,1.20000000E+01,0.00000000E+00,4.49936248E+02,0.00000000E+00
5.00000000E+01,stepMap,surface_7_10,8.00000000E+00,1.40000000E+01,0.00000000E+00,4.32086825E+02,0.00000000E+00
5.00000000E+01,stepMap,surface_7_11,8.00000000E+00,1.60000000E+01,0.00000000E+00,9.95621657E+02,0.00000000E+00
5.00000000E+01,stepMap,surface_7_12,8.00000000E+00,1.80000000E+01,0.00000000E+00,6.55116883E+02,0.00000000E+00
5.00000000E+01,stepMap,surface_7_13,8.00000000E+00,2.00000000E+01,0.00000000E+00,3.27636297E+02,0.00000000E+00
5.00000000E+01,stepMap,surface_8_1,1.00000000E+01,-4.00000000E+00,0.00000000E+00,3.21712184E+02,0.00000000E+00
5.00000000E+01,stepMap,surface_8_2,1.00000000E+01,-2.00000000E+00,0.00000000E+00,6.07914636E+02,0.00000000E+00
5.00000000E+01,stepMap,surface_8_3,1.00000000E+01,0.00000000E+00,0.00000000E+00,7.69901713E+02,0.00000000E+00
5.00000000E+01,stepMap,surface_8_4,1.00000000E+01,2.00000000E+00,0.00000000E+00,2.89188383E+02,0.00000000E+00
5.00000000E+01,stepMap,surface_8_5,1.00000000E+01,4.00000000E+00,0.00000000E+00,3.13377228E+02,0.00000000E+00
5.00000000E+01,stepMap,surface_8_6,1.00000000E+01,6.00000000E+00,0.00000000E+00,3.20070525E+02,0.00000000E+00
5.00000000E+01,stepMap,surface_8_7,1.00000000E+01,8.00000000E+00,0.00000000E+00,3.83640591E+02,0.00000000E+00
5.00000000E+01,stepMap,surface_8_8,1.00000000E+01,1.00000000E+01,0.00000000E+00,3.20237028E+02,0.00000000E+00
5.00000000E+01,stepMap,surface_8_9,1.00000000E+01,1.20000000E+01,0.00000000E+00,3.13316637E+02,0.00000000E+00
5.00000000E+01,stepMap,surface_8_10,1.00000000E+01,1.40000000E+01,0.00000000E+00,2.89089585E+02,0.00000000E+00
5.00000000E+01,stepMap,surface_8_11,1.00000000E+01,1.60000000E+01,0.00000000E+00,7.70534867E+02,0.00000000E+00
5.00000000E+01,stepMap,surface_8_12,1.00000000E+01,1.80000000E+01,0.00000000E+00,6.08388560E+02,0.00000000E+00
5.00000000E+01,stepMap,surface_8_13,1.00000000E+01,2.00000000E+01,0.00000000E+00,3.21872528E+02,0.00000000E+00
5.00000000E+01,stepMap,surface_9_1,1.20000000E+01,-4.00000000E+00,0.00000000E+00,3.13316318E+02,0.00000000E+00
5.00000000E+01,stepMap,surface_9_2,1.20000000E+01,-2.00000000E+00,0.00000000E+00,6.06768483E+02,0.00000000E+00
5.00000000E+01,stepMap,surface_9_3,1.20000000E+01,0.00000000E+00,0.00000000E+00,7.75745495E+02,0.00000000E+00
5.00000000E+01,stepMap,surface_9_4,1.20000000E+01,2.00000000E+00,0.00000000E+00,2.42657716E+02,0.00000000E+00
5.00000000E+01,stepMap,surface_9_5,1.20000000E+01,4.00000000E+00,0.00000000E+00,1.02862263E+02,0.00000000E+00
5.00000000E+01,stepMap,surface_9_6,1.20000000E+01,6.00000000E+00,0.00000000E+00,3.13114863E+02,0.00000000E+00
5.00000000E+01,stepMap,surface_9_7,1.20000000E+01,8.00000000E+00,0.00000000E+00,4.49936247E+02,0.00000000E+00
5.00000000E+01,stepMap,surface_9_8,1.20000000E+01,1.00000000E+01,0.00000000E+00,3.13316637E+02,0.00000000E+00
5.00000000E+01,stepMap,surface_9_9,1.20000000E+01,1.20000000E+01,0.00000000E+00,1.02912611E+02,0.00000000E+00
5.00000000E+01,stepMap,surface_9_10,1.20000000E+01,1.40000000E+01,0.00000000E+00,2.42646118E+02,0.00000000E+00
5.00000000E+01,stepMap,surface_9_11,1.20000000E+01,1.60000000E+01,0.00000000E+00,7.76180993E+02,0.00000000E+00
5.00000000E+01,stepMap,surface_9_12,1.20000000E+01,1.80000000E+01,0.00000000E+00,6.07104969E+02,0.00000000E+00
5.00000000E+01,stepMap,surface_9_13,1.20000000E+01,2.00000000E+01,0.00000000E+00,3.13459368E+02,0.00000000E+00
5.00000000E+01,stepMap,surface_10_1,1.40000000E+01,-4.00000000E+00,0.00000000E+00,2.98296845E+02,0.00000000E+00
5.00000000E+01,stepMap,surface_10_2,1.40000000E+01,-2.00000000E+00,0.00000000E+00,6.29500824E+02,0.00000000E+00
5.00000000E+01,stepMap,surface_10_3,1.40000000E+01,0.00000000E+00,0.00000000E+00,8.44249732E+02,0.00000000E+00
5.00000000E+01,stepMap,surface_10_4,1.40000000E+01,2.00000000E+00,0.00000000E+00,2.04658219E+02,0.00000000E+00
5.00000000E+01,stepMap,surface_10_5,1.40000000E+01,4.00000000E+00,0.00000000E+00,2.42524517E+02,0.00000000E+00
5.00000000E+01,stepMap,surface_10_6,1.40000000E+01,6.00000000E+00,0.00000000E+00,2.88947660E+02,0.00000000E+00
5.00000000E+01,stepMap,surface_10_7,1.40000000E+01,8.00000000E+00,0.00000000E+00,4.32086825E+02,0.00000000E+00
5.00000000E+01,stepMap,surface_10_8,1.40000000E+01,1.00000000E+01,0.00000000E+00,2.89089585E+02,0.00000000E+00
5.00000000E+01,stepMap,surface_10_9,1.40000000E+01,1.20000000E+01,0.00000000E+00,2.42646118E+02,0.00000000E+00
5.00000000E+01,stepMap,surface_10_10,1.40000000E+01,1.40000000E+01,0.00000000E+00,2.04636129E+02,0.00000000E+00
5.00000000E+01,stepMap,surface_10_11,1.40000000E+01,1.60000000E+01,0.00000000E+00,8.44575803E+02,0.00000000E+00
5.00000000E+01,stepMap,surface_10_12,1.40000000E+01,1.80000000E+01,0.00000000E+00,6.29754365E+02,0.00000000E+00
5.00000000E+01,stepMap,surface_10_13,1.40000000E+01,2.00000000E+01,0.00000000E+00,2.98416836E+02,0.00000000E+00
5.00000000E+01,stepMap,surface_11_1,1.60000000E+01,-4.00000000E+00,0.00000000E+00,2.57959105E+02,0.00000000E+00
5.00000000E+01,stepMap,surface_11_2,1.60000000E+01,-2.00000000E+00,0.00000000E+00,5.32303579E+02,0.00000000E+00
5.00000000E+01,stepMap,surface_11_3,1.60000000E+01,0.00000000E+00,0.00000000E+00,1.07434987E+03,0.00000000E+00
5.00000000E+01,stepMap,surface_11_4,1.60000000E+01,2.00000000E+00,0.00000000E+00,8.44529727E+02,0.00000000E+00
5.00000000E+01,stepMap,surface_11_5,1.60000000E+01,4.00000000E+00,0.00000000E+00,7.76158666E+02,0.00000000E+00
5.00000000E+01,stepMap,surface_11_6,1.60000000E+01,6.00000000E+00,0.00000000E+00,7.70524977E+02,0.00000000E+00
5.00000000E+01,stepMap,surface_11_7,1.60000000E+01,8.00000000E+00,0.00000000E+00,9.95621657E+02,0.00000000E+00
5.00000000E+01,stepMap,surface_11_8,1.60000000E+01,1.00000000E+01,0.00000000E+00,7.70534867E+02,0.00000000E+00
5.00000000E+01,stepMap,surface_11_9,1.60000000E+01,1.20000000E+01,0.00000000E+00,7.76180993E+02,0.00000000E+00
5.00000000E+01,stepMap,surface_11_10,1.60000000E+01,1.40000000E+01,0.00000000E+00,8.44575803E+02,0.00000000E+00
5.00000000E+01,stepMap,surface_11_11,1.60000000E+01,1.60000000E+01,0.00000000E+00,1.07453687E+03,0.00000000E+00
5.00000000E+01,stepMap,surface_11_12,1.60000000E+01,1.80000000E+01,0.00000000E+00,5.32483572E+02,0.00000000E+00
5.00000000E+01,stepMap,surface_11_13,1.60000000E+01,2.00000000E+01,0.00000000E+00,2.57922081E+02,0.00000000E+00
5.00000000E+01,stepMap,surface_12_1,1.80000000E+01,-4.00000000E+00,0.00000000E+00,2.20811684E+02,0.00000000E+00
5.00000000E+01,stepMap,surface_12_2,1.80000000E+01,-2.00000000E+00,0.00000000E+00,3.66126357E+02,0.00000000E+00
5.00000000E+01,stepMap,surface_12_3,1.80000000E+01,0.00000000E+00,0.00000000E+00,5.32486763E+02,0.00000000E+00
5.00000000E+01,stepMap,surface_12_4,1.80000000E+01,2.00000000E+00,0.00000000E+00,6.29738646E+02,0.00000000E+00
5.00000000E+01,stepMap,surface_12_5,1.80000000E+01,4.00000000E+00,0.00000000E+00,6.07097081E+02,0.00000000E+00
5.00000000E+01,stepMap,surface_12_6,1.80000000E+01,6.00000000E+00,0.00000000E+00,6.08385381E+02,0.00000000E+00
5.00000000E+01,stepMap,surface_12_7,1.80000000E+01,8.00000000E+00,0.00000000E+00,6.55116883E+02,0.00000000E+00
5.00000000E+01,stepMap,surface_12_8,1.80000000E+01,1.00000000E+01,0.00000000E+00,6.08388560E+02,0.00000000E+00
5.00000000E+01,stepMap,surface_12_9,1.80000000E+01,1.20000000E+01,0.00000000E+00,6.07104969E+02,0.00000000E+00
5.00000000E+01,stepMap,surface_12_10,1.80000000E+01,1.40000000E+01,0.00000000E+00,6.29754365E+02,0.00000000E+00
5.00000000E+01,stepMap,surface_12_11,1.80000000E+01,1.60000000E+01,0.00000000E+00,5.32483572E+02,0.00000000E+00
5.00000000E+01,stepMap,surface_12_12,1.80000000E+01,1.80000000E+01,0.00000000E+00,3.66151933E+02,0.00000000E+00
5.00000000E+01,stepMap,surface_12_13,1.80000000E+01,2.00000000E+01,0.00000000E+00,2.20787828E+02,0.00000000E+00
5.00000000E+01,stepMap,surface_13_1,2.00000000E+01,-4.00000000E+00,0.00000000E+00,1.69231972E+02,0.00000000E+00
5.00000000E+01,stepMap,surface_13_2,2.00000000E+01,-2.00000000E+00,0.00000000E+00,2.20783131E+02,0.00000000E+00
5.00000000E+01,stepMap,surface_13_3,2.00000000E+01,0.00000000E+00,0.00000000E+00,2.57897816E+02,0.00000000E+00
5.00000000E+01,stepMap,surface_13_4,2.00000000E+01,2.00000000E+00,0.00000000E+00,2.98443212E+02,0.00000000E+00
5.00000000E+01,stepMap,surface_13_5,2.00000000E+01,4.00000000E+00,0.00000000E+00,3.13476232E+02,0.00000000E+00
5.00000000E+01,stepMap,surface_13_6,2.00000000E+01,6.00000000E+00,0.00000000E+00,3.21881114E+02,0.00000000E+00
5.00000000E+01,stepMap,surface_13_7,2.00000000E+01,8.00000000E+00,0.00000000E+00,3.27636297E+02,0.00000000E+00
5.00000000E+01,stepMap,surface_13_8,2.00000000E+01,1.00000000E+01,0.00000000E+00,3.21872528E+02,0.00000000E+00
5.00000000E+01,stepMap,surface_13_9,2.00000000E+01,1.20000000E+01,0.00000000E+00,3.13459368E+02,0.00000000E+00
5.00000000E+01,stepMap,surface_13_10,2.00000000E+01,1.40000000E+01,0.00000000E+00,2.98416836E+02,0.00000000E+00
5.00000000E+01,stepMap,surface_13_11,2.00000000E+01,1.60000000E+01,0.00000000E+00,2.57922081E+02,0.00000000E+00
5.00000000E+01,stepMap,surface_13_12,2.00000000E+01,1.80000000E+01,0.00000000E+00,2.20787828E+02,0.00000000E+00
5.00000000E+01,stepMap,surface_13_13,2.00000000E+01,2.00000000E+01,0.00000000E+00,1.69213197E+02,0.00000000E+00
5.00000000E+01,gpr,tower,,,,6.36201372E+03,-2.77262431E+01
5.00000000E+01,touch,tower,,,,2.77652349E+03,0.00000000E+00
5.00000000E+01,step,edge,,,,-9.95621535E+02,4.90962553E-01
5.00000000E+02,potential,centre,8.00000000E+00,8.00000000E+00,0.00000000E+00,5.75147456E+03,-9.99310200E+01
5.00000000E+02,potential,remote,4.00000000E+01,0.00000000E+00,0.00000000E+00,8.80279961E+02,-9.01782171E+01
5.00000000E+02,potential,surface_1_1,-4.00000000E+00,-4.00000000E+00,0.00000000E+00,1.96721958E+03,-9.17342308E+01
5.00000000E+02,potential,surface_1_2,-4.00000000E+00,-2.00000000E+00,0.00000000E+00,2.20221824E+03,-9.13827745E+01
5.00000000E+02,potential,surface_1_3,-4.00000000E+00,0.00000000E+00,0.00000000E+00,2.43765765E+03,-9.10549126E+01
5.00000000E+02,potential,surface_1_4,-4.00000000E+00,2.00000000E+00,0.00000000E+00,2.61981452E+03,-9.11419268E+01
5.00000000E+02,potential,surface_1_5,-4.00000000E+00,4.00000000E+00,0.00000000E+00,2.73566988E+03,-9.17180199E+01
5.00000000E+02,potential,surface_1_6,-4.00000000E+00,6.00000000E+00,0.00000000E+00,2.80185913E+03,-9.25519600E+01
5.00000000E+02,potential,surface_1_7,-4.00000000E+00,8.00000000E+00,0.00000000E+00,2.82389294E+03,-9.34330098E+01
5.00000000E+02,potential,surface_1_8,-4.00000000E+00,1.00000000E+01,0.00000000E+00,2.79854424E+03,-9.42265485E+01
5.00000000E+02,potential,surface_1_9,-4.00000000E+00,1.20000000E+01,0.00000000E+00,2.72810099E+03,-9.48653772E+01
5.00000000E+02,potential,surface_1_10,-4.00000000E+00,1.40000000E+01,0.00000000E+00,2.60627525E+03,-9.52983082E+01
5.00000000E+02,potential,surface_1_11,-4.00000000E+00,1.60000000E+01,0.00000000E+00,2.41906186E+03,-9.54624682E+01
5.00000000E+02,potential,surface_1_12,-4.00000000E+00,1.80000000E+01,0.00000000E+00,2.18507077E+03,-9.53277170E+01
5.00000000E+02,potential,surface_1_13,-4.00000000E+00,2.00000000E+01,0.00000000E+00,1.95462577E+03,-9.49919198E+01
5.00000000E+02,potential,surface_2_1,-2.00000000E+00,-4.00000000E+00,0.00000000E+00,2.20221824E+03,-9.13827746E+01
5.00000000E+02,potential,surface_2_2,-2.00000000E+00,-2.00000000E+00,0.00000000E+00,2.58737045E+03,-9.02476196E+01
5.00000000E+02,potential,surface_2_3,-2.00000000E+00,0.00000000E+00,0.00000000E+00,3.05548606E+03,-8.85853676E+01
5.00000000E+02,potential,surface_2_4,-2.00000000E+00,2.00000000E+00,0.00000000E+00,3.33632932E+03,-8.84779645E+01
5.00000000E+02,potential,surface_2_5,-2.00000000E+00,4.00000000E+00,0.00000000E+00,3.46566046E+03,-8.97230371E+01
5.00000000E+02,potential,surface_2_6,-2.00000000E+00,6.00000000E+00,0.00000000E+00,3.54642009E+03,-9.13235517E+01
5.00000000E+02,potential,surface_2_7,-2.00000000E+00,8.00000000E+00,0.00000000E+00,3.58751290E+03,-9.29118041E+01
5.00000000E+02,potential,surface_2_8,-2.00000000E+00,1.00000000E+01,0.00000000E+00,3.54294867E+03,-9.42799621E+01
5.00000000E+02,potential,surface_2_9,-2.00000000E+00,1.20000000E+01,0.00000000E+00,3.45684004E+03,-9.54063301E+01
5.00000000E+02,potential,surface_2_10,-2.00000000E+00,1.40000000E+01,0.00000000E+00,3.31431360E+03,-9.62382340E+01
5.00000000E+02,potential,surface_2_11,-2.00000000E+00,1.60000000E+01,0.00000000E+00,3.00744262E+03,-9.66143828E+01
5.00000000E+02,potential,surface_2_12,-2.00000000E+00,1.80000000E+01,0.00000000E+00,2.55474346E+03,-9.62668581E+01
5.00000000E+02,potential,surface_2_13,-2.00000000E+00,2.00000000E+01,0.00000000E+00,2.18477193E+03,-9.57028723E+01
5.00000000E+02,potential,surface_3_1,0.00000000E+00,-4.00000000E+00,0.00000000E+00,2.43765765E+03,-9.10549129E+01
5.00000000E+02,potential,surface_3_2,0.00000000E+00,-2.00000000E+00,0.00000000E+00,3.05548606E+03,-8.85853678E+01
5.00000000E+02,potential,surface_3_3,0.00000000E+00,0.00000000E+00,0.00000000E+00,6.18157330E+03,-6.56016072E+01
5.00000000E+02,potential,surface_3_4,0.00000000E+00,2.00000000E+00,0.00000000E+00,4.79158378E+03,-8.19414884E+01
5.00000000E+02,potential,surface_3_5,0.00000000E+00,4.00000000E+00,0.00000000E+00,4.84432214E+03,-8.54588964E+01
5.00000000E+02,potential,surface_3_6,0.00000000E+00,6.00000000E+00,0.00000000E+00,4.92229014E+03,-8.88172946E+01
5.00000000E+02,potential,surface_3_7,0.00000000E+00,8.00000000E+00,0.00000000E+00,5.23568826E+03,-9.17824736E+01
5.00000000E+02,potential,surface_3_8,0.00000000E+00,1.00000000E+01,0.00000000E+00,4.92022152E+03,-9.45912961E+01
5.00000000E+02,potential,surface_3_9,0.00000000E+00,1.20000000E+01,0.00000000E+00,4.83870087E+03,-9.68800728E+01
5.00000000E+02,potential,surface_3_10,0.00000000E+00,1.40000000E+01,0.00000000E+00,4.78735931E+03,-9.87432949E+01
5.00000000E+02,potential,surface_3_11,0.00000000E+00,1.60000000E+01,0.00000000E+00,4.46741441E+03,-9.98947010E+01
5.00000000E+02,potential,surface_3_12,0.00000000E+00,1.80000000E+01,0.00000000E+00,3.00705989E+03,-9.73674298E+01
5.00000000E+02,potential,surface_3_13,0.00000000E+00,2.00000000E+01,0.00000000E+00,2.41837537E+03,-9.64271980E+01
5.00000000E+02,potential,surface_4_1,2.00000000E+00,-4.00000000E+00,0.00000000E+00,2.61981452E+03,-9.11419275E+01
5.00000000E+02,potential,surface_4_2,2.00000000E+00,-2.00000000E+00,0.00000000E+00,3.33632932E+03,-8.84779658E+01
5.00000000E+02,potential,surface_4_3,2.00000000E+00,0.00000000E+00,0.00000000E+00,4.79158378E+03,-8.19414909E+01
5.00000000E+02,potential,surface_4_4,2.00000000E+00,2.00000000E+00,0.00000000E+00,4.23679309E+03,-8.68293568E+01
5.00000000E+02,potential,surface_4_5,2.00000000E+00,4.00000000E+00,0.00000000E+00,4.20556885E+03,-8.97120417E+01
5.00000000E+02,potential,surface_4_6,2.00000000E+00,6.00000000E+00,0.00000000E+00,4.42457129E+03,-9.17415205E+01
5.00000000E+02,potential,surface_4_7,2.00000000E+00,8.00000000E+00,0.00000000E+00,5.14280029E+03,-9.35243425E+01
5.00000000E+02,potential,surface_4_8,2.00000000E+00,1.00000000E+01,0.00000000E+00,4.42191500E+03,-9.53332052E+01
5.00000000E+02,potential,surface_4_9,2.00000000E+00,1.20000000E+01,0.00000000E+00,4.19935683E+03,-9.69567806E+01
5.00000000E+02,potential,surface_4_10,2.00000000E+00,1.40000000E+01,0.00000000E+00,4.22449119E+03,-9.83606319E+01
5.00000000E+02,potential,surface_4_11,2.00000000E+00,1.60000000E+01,0.00000000E+00,4.78700823E+03,-1.01256477E+02
5.00000000E+02,potential,surface_4_12,2.00000000E+00,1.80000000E+01,0.00000000E+00,3.31345524E+03,-9.82725148E+01
5.00000000E+02,potential,surface_4_13,2.00000000E+00,2.00000000E+01,0.00000000E+00,2.60508708E+03,-9.71007791E+01
5.00000000E+02,potential,surface_5_1,4.00000000E+00,-4.00000000E+00,0.00000000E+00,2.73566988E+03,-9.17180209E+01
5.00000000E+02,potential,surface_5_2,4.00000000E+00,-2.00000000E+00,0.00000000E+00,3.46566046E+03,-8.97230395E+01
5.00000000E+02,potential,surface_5_3,4.00000000E+00,0.00000000E+00,0.00000000E+00,4.84432214E+03,-8.54589038E+01
5.00000000E+02,potential,surface_5_4,4.00000000E+00,2.00000000E+00,0.00000000E+00,4.20556885E+03,-8.97120436E+01
5.00000000E+02,potential,surface_5_5,4.00000000E+00,4.00000000E+00,0.00000000E+00,4.14895430E+03,-9.22231214E+01
5.00000000E+02,potential,surface_5_6,4.00000000E+00,6.00000000E+00,0.00000000E+00,4.39535640E+03,-9.39082557E+01
5.00000000E+02,potential,surface_5_7,4.00000000E+00,8.00000000E+00,0.00000000E+00,5.15602945E+03,-9.56823175E+01
5.00000000E+02,potential,surface_5_8,4.00000000E+00,1.00000000E+01,0.00000000E+00,4.39319193E+03,-9.67726177E+01
5.00000000E+02,potential,surface_5_9,4.00000000E+00,1.20000000E+01,0.00000000E+00,4.14439760E+03,-9.80944347E+01
5.00000000E+02,potential,surface_5_10,4.00000000E+00,1.40000000E+01,0.00000000E+00,4.19883822E+03,-9.94202202E+01
5.00000000E+02,potential,surface_5_11,4.00000000E+00,1.60000000E+01,0.00000000E+00,4.83792708E+03,-1.02450465E+02
5.00000000E+02,potential,surface_5_12,4.00000000E+00,1.80000000E+01,0.00000000E+00,3.45536154E+03,-9.91212260E+01
5.00000000E+02,potential,surface_5_13,4.00000000E+00,2.00000000E+01,0.00000000E+00,2.72624697E+03,-9.77190989E+01
5.00000000E+02,potential,surface_6_1,6.00000000E+00,-4.00000000E+00,0.00000000E+00,2.80185913E+03,-9.25519609E+01
5.00000000E+02,potential,surface_6_2,6.00000000E+00,-2.00000000E+00,0.00000000E+00,3.54642009E+03,-9.13235536E+01
5.00000000E+02,potential,surface_6_3,6.00000000E+00,0.00000000E+00,0.00000000E+00,4.92229014E+03,-8.88172984E+01
5.00000000E+02,potential,surface_6_4,6.00000000E+00,2.00000000E+00,0.00000000E+00,4.42457129E+03,-9.17415230E+01
5.00000000E+02,potential,surface_6_5,6.00000000E+00,4.00000000E+00,0.00000000E+00,4.39535640E+03,-9.39082566E+01
5.00000000E+02,potential,surface_6_6,6.00000000E+00,6.00000000E+00,0.00000000E+00,4.61047373E+03,-9.55858903E+01
5.00000000E+02,potential,surface_6_7,6.00000000E+00,8.00000000E+00,0.00000000E+00,5.26079619E+03,-9.75435235E+01
5.00000000E+02,potential,surface_6_8,6.00000000E+00,1.00000000E+01,0.00000000E+00,4.60905022E+03,-9.83841381E+01
5.00000000E+02,potential,surface_6_9,6.00000000E+00,1.20000000E+01,0.00000000E+00,4.39254719E+03,-9.95911208E+01
5.00000000E+02,potential,surface_6_10,6.00000000E+00,1.40000000E+01,0.00000000E+00,4.42076666E+03,-1.00830390E+02
5.00000000E+02,potential,surface_6_11,6.00000000E+00,1.60000000E+01,0.00000000E+00,4.91890861E+03,-1.03595567E+02
5.00000000E+02,potential,surface_6_12,6.00000000E+00,1.80000000E+01,0.00000000E+00,3.54060483E+03,-9.99415039E+01
5.00000000E+02,potential,surface_6_13,6.00000000E+00,2.00000000E+01,0.00000000E+00,2.79576652E+03,-9.82701342E+01
5.00000000E+02,potential,surface_7_1,8.00000000E+00,-4.00000000E+00,0.00000000E+00,2.82389294E+03,-9.34330106E+01
5.00000000E+02,potential,surface_7_2,8.00000000E+00,-2.00000000E+00,0.00000000E+00,3.58751290E+03,-9.29118053E+01
5.00000000E+02,potential,surface_7_3,8.00000000E+00,0.00000000E+00,0.00000000E+00,5.23568826E+03,-9.17824765E+01
5.00000000E+02,potential,surface_7_4,8.00000000E+00,2.00000000E+00,0.00000000E+00,5.14280029E+03,-9.35243481E+01
5.00000000E+02,potential,surface_7_5,8.00000000E+00,4.00000000E+00,0.00000000E+00,5.15602945E+03,-9.56823194E+01
5.00000000E+02,potential,surface_7_6,8.00000000E+00,6.00000000E+00,0.00000000E+00,5.26079619E+03,-9.75435224E+01
5.00000000E+02,potential,surface_7_7,8.00000000E+00,8.00000000E+00,0.00000000E+00,5.75147456E+03,-9.99310200E+01
5.00000000E+02,potential,surface_7_8,8.00000000E+00,1.00000000E+01,0.00000000E+00,5.26016696E+03,-1.01044071E+02
5.00000000E+02,potential,surface_7_9,8.00000000E+00,1.20000000E+01,0.00000000E+00,5.15480879E+03,-1.02659418E+02
5.00000000E+02,potential,surface_7_10,8.00000000E+00,1.40000000E+01,0.00000000E+00,5.14111582E+03,-1.03963865E+02
5.00000000E+02,potential,surface_7_11,8.00000000E+00,1.60000000E+01,0.00000000E+00,5.23380913E+03,-1.05614462E+02
5.00000000E+02,potential,surface_7_12,8.00000000E+00,1.80000000E+01,0.00000000E+00,3.58383770E+03,-1.00677195E+02
5.00000000E+02,potential,surface_7_13,8.00000000E+00,2.00000000E+01,0.00000000E+00,2.81975755E+03,-9.87043635E+01
5.00000000E+02,potential,surface_8_1,1.00000000E+01,-4.00000000E+00,0.00000000E+00,2.79854424E+03,-9.42265491E+01
5.00000000E+02,potential,surface_8_2,1.00000000E+01,-2.00000000E+00,0.00000000E+00,3.54294867E+03,-9.42799628E+01
5.00000000E+02,potential,surface_8_3,1.00000000E+01,0.00000000E+00,0.00000000E+00,4.92022152E+03,-9.45912967E+01
5.00000000E+02,potential,surface_8_4,1.00000000E+01,2.00000000E+00,0.00000000E+00,4.42191500E+03,-9.53332069E+01
5.00000000E+02,potential,surface_8_5,1.00000000E+01,4.00000000E+00,0.00000000E+00,4.39319193E+03,-9.67726187E+01
5.00000000E+02,potential,surface_8_6,1.00000000E+01,6.00000000E+00,0.00000000E+00,4.60905022E+03,-9.83841385E+01
5.00000000E+02,potential,surface_8_7,1.00000000E+01,8.00000000E+00,0.00000000E+00,5.26016696E+03,-1.01044072E+02
5.00000000E+02,potential,surface_8_8,1.00000000E+01,1.00000000E+01,0.00000000E+00,4.60847995E+03,-1.00683386E+02
5.00000000E+02,potential,surface_8_9,1.00000000E+01,1.20000000E+01,0.00000000E+00,4.39210204E+03,-1.01389121E+02
5.00000000E+02,potential,surface_8_10,1.00000000E+01,1.40000000E+01,0.00000000E+00,4.42044238E+03,-1.02506542E+02
5.00000000E+02,potential,surface_8_11,1.00000000E+01,1.60000000E+01,0.00000000E+00,4.91870779E+03,-1.05644548E+02
5.00000000E+02,potential,surface_8_12,1.00000000E+01,1.80000000E+01,0.00000000E+00,3.54041383E+03,-1.01079290E+02
5.00000000E+02,potential,surface_8_13,1.00000000E+01,2.00000000E+01,0.00000000E+00,2.79560020E+03,-9.89614525E+01
5.00000000E+02,potential,surface_9_1,1.20000000E+01,-4.00000000E+00,0.00000000E+00,2.72810099E+03,-9.48653775E+01
5.00000000E+02,potential,surface_9_2,1.20000000E+01,-2.00000000E+00,0.00000000E+00,3.45684004E+03,-9.54063304E+01
5.00000000E+02,potential,surface_9_3,1.20000000E+01,0.00000000E+00,0.00000000E+00,4.83870087E+03,-9.68800739E+01
5.00000000E+02,potential,surface_9_4,1.20000000E+01,2.00000000E+00,0.00000000E+00,4.19935683E+03,-9.69567813E+01
5.00000000E+02,potential,surface_9_5,1.20000000E+01,4.00000000E+00,0.00000000E+00,4.14439760E+03,-9.80944353E+01
5.00000000E+02,potential,surface_9_6,1.20000000E+01,6.00000000E+00,0.00000000E+00,4.39254719E+03,-9.95911212E+01
5.00000000E+02,potential,surface_9_7,1.20000000E+01,8.00000000E+00,0.00000000E+00,5.15480879E+03,-1.02659418E+02
5.00000000E+02,potential,surface_9_8,1.20000000E+01,1.00000000E+01,0.00000000E+00,4.39210204E+03,-1.01389121E+02
5.00000000E+02,potential,surface_9_9,1.20000000E+01,1.20000000E+01,0.00000000E+00,4.14354950E+03,-1.01733956E+02
5.00000000E+02,potential,surface_9_10,1.20000000E+01,1.40000000E+01,0.00000000E+00,4.19821631E+03,-1.02785187E+02
5.00000000E+02,potential,surface_9_11,1.20000000E+01,1.60000000E+01,0.00000000E+00,4.83753367E+03,-1.06498175E+02
5.00000000E+02,potential,surface_9_12,1.20000000E+01,1.80000000E+01,0.00000000E+00,3.45498489E+03,-1.01309488E+02
5.00000000E+02,potential,surface_9_13,1.20000000E+01,2.00000000E+01,0.00000000E+00,2.72591831E+03,-9.90267991E+01
5.00000000E+02,potential,surface_10_1,1.40000000E+01,-4.00000000E+00,0.00000000E+00,2.60627525E+03,-9.52983082E+01
5.00000000E+02,potential,surface_10_2,1.40000000E+01,-2.00000000E+00,0.00000000E+00,3.31431360E+03,-9.62382336E+01
5.00000000E+02,potential,surface_10_3,1.40000000E+01,0.00000000E+00,0.00000000E+00,4.78735931E+03,-9.87432925E+01
5.00000000E+02,potential,surface_10_4,1.40000000E+01,2.00000000E+00,0.00000000E+00,4.22449119E+03,-9.83606321E+01
5.00000000E+02,potential,surface_10_5,1.40000000E+01,4.00000000E+00,0.00000000E+00,4.19883822E+03,-9.94202210E+01
5.00000000E+02,potential,surface_10_6,1.40000000E+01,6.00000000E+00,0.00000000E+00,4.42076666E+03,-1.00830391E+02
5.00000000E+02,potential,surface_10_7,1.40000000E+01,8.00000000E+00,0.00000000E+00,5.14111582E+03,-1.03963863E+02
5.00000000E+02,potential,surface_10_8,1.40000000E+01,1.00000000E+01,0.00000000E+00,4.42044238E+03,-1.02506542E+02
5.00000000E+02,potential,surface_10_9,1.40000000E+01,1.20000000E+01,0.00000000E+00,4.19821631E+03,-1.02785187E+02
5.00000000E+02,potential,surface_10_10,1.40000000E+01,1.40000000E+01,0.00000000E+00,4.22363916E+03,-1.03633874E+02
5.00000000E+02,potential,surface_10_11,1.40000000E+01,1.60000000E+01,0.00000000E+00,4.78643879E+03,-1.07201400E+02
5.00000000E+02,potential,surface_10_12,1.40000000E+01,1.80000000E+01,0.00000000E+00,3.31289952E+03,-1.01268528E+02
5.00000000E+02,potential,surface_10_13,1.40000000E+01,2.00000000E+01,0.00000000E+00,2.60460261E+03,-9.88572687E+01
5.00000000E+02,potential,surface_11_1,1.60000000E+01,-4.00000000E+00,0.00000000E+00,2.41906186E+03,-9.54624682E+01
5.00000000E+02,potential,surface_11_2,1.60000000E+01,-2.00000000E+00,0.00000000E+00,3.00744262E+03,-9.66143821E+01
5.00000000E+02,potential,surface_11_3,1.60000000E+01,0.00000000E+00,0.00000000E+00,4.46741441E+03,-9.98946984E+01
5.00000000E+02,potential,surface_11_4,1.60000000E+01,2.00000000E+00,0.00000000E+00,4.78700823E+03,-1.01256479E+02
5.00000000E+02,potential,surface_11_5,1.60000000E+01,4.00000000E+00,0.00000000E+00,4.83792708E+03,-1.02450466E+02
5.00000000E+02,potential,surface_11_6,1.60000000E+01,6.00000000E+00,0.00000000E+00,4.91890861E+03,-1.03595571E+02
5.00000000E+02,potential,surface_11_7,1.60000000E+01,8.00000000E+00,0.00000000E+00,5.23380913E+03,-1.05614465E+02
5.00000000E+02,potential,surface_11_8,1.60000000E+01,1.00000000E+01,0.00000000E+00,4.91870779E+03,-1.05644549E+02
5.00000000E+02,potential,surface_11_9,1.60000000E+01,1.20000000E+01,0.00000000E+00,4.83753367E+03,-1.06498177E+02
5.00000000E+02,potential,surface_11_10,1.60000000E+01,1.40000000E+01,0.00000000E+00,4.78643879E+03,-1.07201404E+02
5.00000000E+02,potential,surface_11_11,1.60000000E+01,1.60000000E+01,0.00000000E+00,4.46665798E+03,-1.06740234E+02
5.00000000E+02,potential,surface_11_12,1.60000000E+01,1.80000000E+01,0.00000000E+00,3.00632002E+03,-1.00554246E+02
5.00000000E+02,potential,surface_11_13,1.60000000E+01,2.00000000E+01,0.00000000E+00,2.41774310E+03,-9.83708358E+01
5.00000000E+02,potential,surface_12_1,1.80000000E+01,-4.00000000E+00,0.00000000E+00,2.18507077E+03,-9.53277170E+01
5.00000000E+02,potential,surface_12_2,1.80000000E+01,-2.00000000E+00,0.00000000E+00,2.55474346E+03,-9.62668580E+01
5.00000000E+02,potential,surface_12_3,1.80000000E+01,0.00000000E+00,0.00000000E+00,3.00705989E+03,-9.73674297E+01
5.00000000E+02,potential,surface_12_4,1.80000000E+01,2.00000000E+00,0.00000000E+00,3.31345524E+03,-9.82725153E+01
5.00000000E+02,potential,surface_12_5,1.80000000E+01,4.00000000E+00,0.00000000E+00,3.45536154E+03,-9.91212269E+01
5.00000000E+02,potential,surface_12_6,1.80000000E+01,6.00000000E+00,0.00000000E+00,3.54060483E+03,-9.99415053E+01
5.00000000E+02,potential,surface_12_7,1.80000000E+01,8.00000000E+00,0.00000000E+00,3.58383770E+03,-1.00677196E+02
5.00000000E+02,potential,surface_12_8,1.80000000E+01,1.00000000E+01,0.00000000E+00,3.54041383E+03,-1.01079291E+02
5.00000000E+02,potential,surface_12_9,1.80000000E+01,1.20000000E+01,0.00000000E+00,3.45498489E+03,-1.01309488E+02
5.00000000E+02,potential,surface_12_10,1.80000000E+01,1.40000000E+01,0.00000000E+00,3.31289952E+03,-1.01268529E+02
5.00000000E+02,potential,surface_12_11,1.80000000E+01,1.60000000E+01,0.00000000E+00,3.00632002E+03,-1.00554247E+02
5.00000000E+02,potential,surface_12_12,1.80000000E+01,1.80000000E+01,0.00000000E+00,2.55381961E+03,-9.89931213E+01
5.00000000E+02,potential,surface_12_13,1.80000000E+01,2.00000000E+01,0.00000000E+00,2.18400632E+03,-9.75879771E+01
5.00000000E+02,potential,surface_13_1,2.00000000E+01,-4.00000000E+00,0.00000000E+00,1.95462577E+03,-9.49919199E+01
5.00000000E+02,potential,surface_13_2,2.00000000E+01,-2.00000000E+00,0.00000000E+00,2.18477193E+03,-9.57028724E+01
5.00000000E+02,potential,surface_13_3,2.00000000E+01,0.00000000E+00,0.00000000E+00,2.41837537E+03,-9.64271981E+01
5.00000000E+02,potential,surface_13_4,2.00000000E+01,2.00000000E+00,0.00000000E+00,2.60508708E+03,-9.71007794E+01
5.00000000E+02,potential,surface_13_5,2.00000000E+01,4.00000000E+00,0.00000000E+00,2.72624697E+03,-9.77190994E+01
5.00000000E+02,potential,surface_13_6,2.00000000E+01,6.00000000E+00,0.00000000E+00,2.79576652E+03,-9.82701349E+01
5.00000000E+02,potential,surface_13_7,2.00000000E+01,8.00000000E+00,0.00000000E+00,2.81975755E+03,-9.87043642E+01
5.00000000E+02,potential,surface_13_8,2.00000000E+01,1.00000000E+01,0.00000000E+00,2.79560020E+03,-9.89614531E+01
5.00000000E+02,potential,surface_13_9,2.00000000E+01,1.20000000E+01,0.00000000E+00,2.72591831E+03,-9.90267996E+01
5.00000000E+02,potential,surface_13_10,2.00000000E+01,1.40000000E+01,0.00000000E+00,2.60460261E+03,-9.88572691E+01
5.00000000E+02,potential,surface_13_11,2.00000000E+01,1.60000000E+01,0.00000000E+00,2.41774310E+03,-9.83708360E+01
5.00000000E+02,potential,surface_13_12,2.00000000E+01,1.80000000E+01,0.00000000E+00,2.18400632E+03,-9.75879772E+01
5.00000000E+02,potential,surface_13_13,2.00000000E+01,2.00000000E+01,0.00000000E+00,1.95375272E+03,-9.67090017E+01
5.00000000E+02,stepMap,surface_1_1,-4.00000000E+00,-4.00000000E+00,0.00000000E+00,1.73164793E+02,0.00000000E+00
5.00000000E+02,stepMap,surface_1_2,-4.00000000E+00,-2.00000000E+00,0.00000000E+00,2.27155901E+02,0.00000000E+00
5.00000000E+02,stepMap,surface_1_3,-4.00000000E+00,0.00000000E+00,0.00000000E+00,2.61793447E+02,0.00000000E+00
5.00000000E+02,stepMap,surface_1_4,-4.00000000E+00,2.00000000E+00,0.00000000E+00,3.02319664E+02,0.00000000E+00
5.00000000E+02,stepMap,surface_1_5,-4.00000000E+00,4.00000000E+00,0.00000000E+00,3.14257565E+02,0.00000000E+00
5.00000000E+02,stepMap,surface_1_6,-4.00000000E+00,6.00000000E+00,0.00000000E+00,3.21909285E+02,0.00000000E+00
5.00000000E+02,stepMap,surface_1_7,-4.00000000E+00,8.00000000E+00,0.00000000E+00,3.27480682E+02,0.00000000E+00
5.00000000E+02,stepMap,surface_1_8,-4.00000000E+00,1.00000000E+01,0.00000000E+00,3.21699321E+02,0.00000000E+00
5.00000000E+02,stepMap,surface_1_9,-4.00000000E+00,1.20000000E+01,0.00000000E+00,3.13303603E+02,0.00000000E+00
5.00000000E+02,stepMap,surface_1_10,-4.00000000E+00,1.40000000E+01,0.00000000E+00,2.98274560E+02,0.00000000E+00
5.00000000E+02,stepMap,surface_1_11,-4.00000000E+00,1.60000000E+01,0.00000000E+00,2.57942911E+02,0.00000000E+00
5.00000000E+02,stepMap,surface_1_12,-4.00000000E+00,1.80000000E+01,0.00000000E+00,2.20777184E+02,0.00000000E+00
5.00000000E+02,stepMap,surface_1_13,-4.00000000E+00,2.00000000E+01,0.00000000E+00,1.69203966E+02,0.00000000E+00
5.00000000E+02,stepMap,surface_2_1,-2.00000000E+00,-4.00000000E+00,0.00000000E+00,2.27155901E+02,0.00000000E+00
5.00000000E+02,stepMap,surface_2_2,-2.00000000E+00,-2.00000000E+00,0.00000000E+00,3.91133375E+02,0.00000000E+00
5.00000000E+02,stepMap,surface_2_3,-2.00000000E+00,0.00000000E+00,0.00000000E+00,6.00647330E+02,0.00000000E+00
5.00000000E+02,stepMap,surface_2_4,-2.00000000E+00,2.00000000E+00,0.00000000E+00,6.28689937E+02,0.00000000E+00
5.00000000E+02,stepMap,surface_2_5,-2.00000000E+00,4.00000000E+00,0.00000000E+00,6.05623402E+02,0.00000000E+00
5.00000000E+02,stepMap,surface_2_6,-2.00000000E+00,6.00000000E+00,0.00000000E+00,6.07326626E+02,0.00000000E+00
5.00000000E+02,stepMap,surface_2_7,-2.00000000E+00,8.00000000E+00,0.00000000E+00,6.54263014E+02,0.00000000E+00
5.00000000E+02,stepMap,surface_2_8,-2.00000000E+00,1.00000000E+01,0.00000000E+00,6.07817500E+02,0.00000000E+00
5.00000000E+02,stepMap,surface_2_9,-2.00000000E+00,1.20000000E+01,0.00000000E+00,6.06649909E+02,0.00000000E+00
5.00000000E+02,stepMap,surface_2_10,-2.00000000E+00,1.40000000E+01,0.00000000E+00,6.29366067E+02,0.00000000E+00
5.00000000E+02,stepMap,surface_2_11,-2.00000000E+00,1.60000000E+01,0.00000000E+00,5.32097120E+02,0.00000000E+00
5.00000000E+02,stepMap,surface_2_12,-2.00000000E+00,1.80000000E+01,0.00000000E+00,3.66023169E+02,0.00000000E+00
5.00000000E+02,stepMap,surface_2_13,-2.00000000E+00,2.00000000E+01,0.00000000E+00,2.20747122E+02,0.00000000E+00
5.00000000E+02,stepMap,surface_3_1,0.00000000E+00,-4.00000000E+00,0.00000000E+00,2.61793447E+02,0.00000000E+00
5.00000000E+02,stepMap,surface_3_2,0.00000000E+00,-2.00000000E+00,0.00000000E+00,6.00647330E+02,0.00000000E+00
5.00000000E+02,stepMap,surface_3_3,0.00000000E+00,0.00000000E+00,0.00000000E+00,2.66629128E+03,0.00000000E+00
5.00000000E+02,stepMap,surface_3_4,0.00000000E+00,2.00000000E+00,0.00000000E+00,8.26579220E+02,0.00000000E+00
5.00000000E+02,stepMap,surface_3_5,0.00000000E+00,4.00000000E+00,0.00000000E+00,7.73044905E+02,0.00000000E+00
5.00000000E+02,stepMap,surface_3_6,0.00000000E+00,6.00000000E+00,0.00000000E+00,7.68545732E+02,0.00000000E+00
5.00000000E+02,stepMap,surface_3_7,0.00000000E+00,8.00000000E+00,0.00000000E+00,9.93912755E+02,0.00000000E+00
5.00000000E+02,stepMap,surface_3_8,0.00000000E+00,1.00000000E+01,0.00000000E+00,7.69455436E+02,0.00000000E+00
5.00000000E+02,stepMap,surface_3_9,0.00000000E+00,1.20000000E+01,0.00000000E+00,7.75211770E+02,0.00000000E+00
5.00000000E+02,stepMap,surface_3_10,0.00000000E+00,1.40000000E+01,0.00000000E+00,8.43681845E+02,0.00000000E+00
5.00000000E+02,stepMap,surface_3_11,0.00000000E+00,1.60000000E+01,0.00000000E+00,1.07382939E+03,0.00000000E+00
5.00000000E+02,stepMap,surface_3_12,0.00000000E+00,1.80000000E+01,0.00000000E+00,5.32284513E+02,0.00000000E+00
5.00000000E+02,stepMap,surface_3_13,0.00000000E+00,2.00000000E+01,0.00000000E+00,2.57877272E+02,0.00000000E+00
5.00000000E+02,stepMap,surface_4_1,2.00000000E+00,-4.00000000E+00,0.00000000E+00,3.02319664E+02,0.00000000E+00
5.00000000E+02,stepMap,surface_4_2,2.00000000E+00,-2.00000000E+00,0.00000000E+00,6.28689937E+02,0.00000000E+00
5.00000000E+02,stepMap,surface_4_3,2.00000000E+00,0.00000000E+00,0.00000000E+00,8.26579220E+02,0.00000000E+00
5.00000000E+02,stepMap,surface_4_4,2.00000000E+00,2.00000000E+00,0.00000000E+00,2.12407561E+02,0.00000000E+00
5.00000000E+02,stepMap,surface_4_5,2.00000000E+00,4.00000000E+00,0.00000000E+00,2.42561394E+02,0.00000000E+00
5.00000000E+02,stepMap,surface_4_6,2.00000000E+00,6.00000000E+00,0.00000000E+00,2.87753276E+02,0.00000000E+00
5.00000000E+02,stepMap,surface_4_7,2.00000000E+00,8.00000000E+00,0.00000000E+00,4.31754788E+02,0.00000000E+00
5.00000000E+02,stepMap,surface_4_8,2.00000000E+00,1.00000000E+01,0.00000000E+00,2.89133011E+02,0.00000000E+00
5.00000000E+02,stepMap,surface_4_9,2.00000000E+00,1.20000000E+01,0.00000000E+00,2.42529164E+02,0.00000000E+00
5.00000000E+02,stepMap,surface_4_10,2.00000000E+00,1.40000000E+01,0.00000000E+00,2.04542987E+02,0.00000000E+00
5.00000000E+02,stepMap,surface_4_11,2.00000000E+00,1.60000000E+01,0.00000000E+00,8.43956282E+02,0.00000000E+00
5.00000000E+02,stepMap,surface_4_12,2.00000000E+00,1.80000000E+01,0.00000000E+00,6.29599793E+02,0.00000000E+00
5.00000000E+02,stepMap,surface_4_13,2.00000000E+00,2.00000000E+01,0.00000000E+00,2.98419433E+02,0.00000000E+00
5.00000000E+02,stepMap,surface_5_1,4.00000000E+00,-4.00000000E+00,0.00000000E+00,3.14257565E+02,0.00000000E+00
5.00000000E+02,stepMap,surface_5_2,4.00000000E+00,-2.00000000E+00,0.00000000E+00,6.05623402E+02,0.00000000E+00
5.00000000E+02,stepMap,surface_5_3,4.00000000E+00,0.00000000E+00,0.00000000E+00,7.73044905E+02,0.00000000E+00
5.00000000E+02,stepMap,surface_5_4,4.00000000E+00,2.00000000E+00,0.00000000E+00,2.42561394E+02,0.00000000E+00
5.00000000E+02,stepMap,surface_5_5,4.00000000E+00,4.00000000E+00,0.00000000E+00,1.01512228E+02,0.00000000E+00
5.00000000E+02,stepMap,surface_5_6,4.00000000E+00,6.00000000E+00,0.00000000E+00,3.12192688E+02,0.00000000E+00
5.00000000E+02,stepMap,surface_5_7,4.00000000E+00,8.00000000E+00,0.00000000E+00,4.49545447E+02,0.00000000E+00
5.00000000E+02,stepMap,surface_5_8,4.00000000E+00,1.00000000E+01,0.00000000E+00,3.13293045E+02,0.00000000E+00
5.00000000E+02,stepMap,surface_5_9,4.00000000E+00,1.20000000E+01,0.00000000E+00,1.02864835E+02,0.00000000E+00
5.00000000E+02,stepMap,surface_5_10,4.00000000E+00,1.40000000E+01,0.00000000E+00,2.42369875E+02,0.00000000E+00
5.00000000E+02,stepMap,surface_5_11,4.00000000E+00,1.60000000E+01,0.00000000E+00,7.75605390E+02,0.00000000E+00
5.00000000E+02,stepMap,surface_5_12,4.00000000E+00,1.80000000E+01,0.00000000E+00,6.06964234E+02,0.00000000E+00
5.00000000E+02,stepMap,surface_5_13,4.00000000E+00,2.00000000E+01,0.00000000E+00,3.13457669E+02,0.00000000E+00
5.00000000E+02,stepMap,surface_6_1,6.00000000E+00,-4.00000000E+00,0.00000000E+00,3.21909285E+02,0.00000000E+00
5.00000000E+02,stepMap,surface_6_2,6.00000000E+00,-2.00000000E+00,0.00000000E+00,6.07326626E+02,0.00000000E+00
5.00000000E+02,stepMap,surface_6_3,6.00000000E+00,0.00000000E+00,0.00000000E+00,7.68545732E+02,0.00000000E+00
5.00000000E+02,stepMap,surface_6_4,6.00000000E+00,2.00000000E+00,0.00000000E+00,2.87753276E+02,0.00000000E+00
5.00000000E+02,stepMap,surface_6_5,6.00000000E+00,4.00000000E+00,0.00000000E+00,3.12192688E+02,0.00000000E+00
5.00000000E+02,stepMap,surface_6_6,6.00000000E+00,6.00000000E+00,0.00000000E+00,3.19376005E+02,0.00000000E+00
5.00000000E+02,stepMap,surface_6_7,6.00000000E+00,8.00000000E+00,0.00000000E+00,3.83320810E+02,0.00000000E+00
5.00000000E+02,stepMap,surface_6_8,6.00000000E+00,1.00000000E+01,0.00000000E+00,3.20053041E+02,0.00000000E+00
5.00000000E+02,stepMap,surface_6_9,6.00000000E+00,1.20000000E+01,0.00000000E+00,3.12998406E+02,0.00000000E+00
5.00000000E+02,stepMap,surface_6_10,6.00000000E+00,1.40000000E+01,0.00000000E+00,2.88854339E+02,0.00000000E+00
5.00000000E+02,stepMap,surface_6_11,6.00000000E+00,1.60000000E+01,0.00000000E+00,7.70045483E+02,0.00000000E+00
5.00000000E+02,stepMap,surface_6_12,6.00000000E+00,1.80000000E+01,0.00000000E+00,6.08263193E+02,0.00000000E+00
5.00000000E+02,stepMap,surface_6_13,6.00000000E+00,2.00000000E+01,0.00000000E+00,3.21857264E+02,0.00000000E+00
5.00000000E+02,stepMap,surface_7_1,8.00000000E+00,-4.00000000E+00,0.00000000E+00,3.27480682E+02,0.00000000E+00
5.00000000E+02,stepMap,surface_7_2,8.00000000E+00,-2.00000000E+00,0.00000000E+00,6.54263014E+02,0.00000000E+00
5.00000000E+02,stepMap,surface_7_3,8.00000000E+00,0.00000000E+00,0.00000000E+00,9.93912755E+02,0.00000000E+00
5.00000000E+02,stepMap,surface_7_4,8.00000000E+00,2.00000000E+00,0.00000000E+00,4.31754788E+02,0.00000000E+00
5.00000000E+02,stepMap,surface_7_5,8.00000000E+00,4.00000000E+00,0.00000000E+00,4.49545447E+02,0.00000000E+00
5.00000000E+02,stepMap,surface_7_6,8.00000000E+00,6.00000000E+00,0.00000000E+00,3.83320810E+02,0.00000000E+00
5.00000000E+02,stepMap,surface_7_7,8.00000000E+00,8.00000000E+00,0.00000000E+00,4.46057395E+02,0.00000000E+00
5.00000000E+02,stepMap,surface_7_8,8.00000000E+00,1.00000000E+01,0.00000000E+00,3.83298441E+02,0.00000000E+00
5.00000000E+02,stepMap,surface_7_9,8.00000000E+00,1.20000000E+01,0.00000000E+00,4.49491523E+02,0.00000000E+00
5.00000000E+02,stepMap,surface_7_10,8.00000000E+00,1.40000000E+01,0.00000000E+00,4.31662361E+02,0.00000000E+00
5.00000000E+02,stepMap,surface_7_11,8.00000000E+00,1.60000000E+01,0.00000000E+00,9.95036325E+02,0.00000000E+00
5.00000000E+02,stepMap,surface_7_12,8.00000000E+00,1.80000000E+01,0.00000000E+00,6.54942524E+02,0.00000000E+00
5.00000000E+02,stepMap,surface_7_13,8.00000000E+00,2.00000000E+01,0.00000000E+00,3.27603780E+02,0.00000000E+00
5.00000000E+02,stepMap,surface_8_1,1.00000000E+01,-4.00000000E+00,0.00000000E+00,3.21699321E+02,0.00000000E+00
5.00000000E+02,stepMap,surface_8_2,1.00000000E+01,-2.00000000E+00,0.00000000E+00,6.07817500E+02,0.00000000E+00
5.00000000E+02,stepMap,surface_8_3,1.00000000E+01,0.00000000E+00,0.00000000E+00,7.69455436E+02,0.00000000E+00
5.00000000E+02,stepMap,surface_8_4,1.00000000E+01,2.00000000E+00,0.00000000E+00,2.89133011E+02,0.00000000E+00
5.00000000E+02,stepMap,surface_8_5,1.00000000E+01,4.00000000E+00,0.00000000E+00,3.13293045E+02,0.00000000E+00
5.00000000E+02,stepMap,surface_8_6,1.00000000E+01,6.00000000E+00,0.00000000E+00,3.20053041E+02,0.00000000E+00
5.00000000E+02,stepMap,surface_8_7,1.00000000E+01,8.00000000E+00,0.00000000E+00,3.83298441E+02,0.00000000E+00
5.00000000E+02,stepMap,surface_8_8,1.00000000E+01,1.00000000E+01,0.00000000E+00,3.20231793E+02,0.00000000E+00
5.00000000E+02,stepMap,surface_8_9,1.00000000E+01,1.20000000E+01,0.00000000E+00,3.13216446E+02,0.00000000E+00
5.00000000E+02,stepMap,surface_8_10,1.00000000E+01,1.40000000E+01,0.00000000E+00,2.89012745E+02,0.00000000E+00
5.00000000E+02,stepMap,surface_8_11,1.00000000E+01,1.60000000E+01,0.00000000E+00,7.70043906E+02,0.00000000E+00
5.00000000E+02,stepMap,surface_8_12,1.00000000E+01,1.80000000E+01,0.00000000E+00,6.08257675E+02,0.00000000E+00
5.00000000E+02,stepMap,surface_8_13,1.00000000E+01,2.00000000E+01,0.00000000E+00,3.21844710E+02,0.00000000E+00
5.00000000E+02,stepMap,surface_9_1,1.20000000E+01,-4.00000000E+00,0.00000000E+00,3.13303603E+02,0.00000000E+00
5.00000000E+02,stepMap,surface_9_2,1.20000000E+01,-2.00000000E+00,0.00000000E+00,6.06649909E+02,0.00000000E+00
5.00000000E+02,stepMap,surface_9_3,1.20000000E+01,0.00000000E+00,0.00000000E+00,7.75211770E+02,0.00000000E+00
5.00000000E+02,stepMap,surface_9_4,1.20000000E+01,2.00000000E+00,0.00000000E+00,2.42529164E+02,0.00000000E+00
5.00000000E+02,stepMap,surface_9_5,1.20000000E+01,4.00000000E+00,0.00000000E+00,1.02864835E+02,0.00000000E+00
5.00000000E+02,stepMap,surface_9_6,1.20000000E+01,6.00000000E+00,0.00000000E+00,3.12998406E+02,0.00000000E+00
5.00000000E+02,stepMap,surface_9_7,1.20000000E+01,8.00000000E+00,0.00000000E+00,4.49491523E+02,0.00000000E+00
5.00000000E+02,stepMap,surface_9_8,1.20000000E+01,1.00000000E+01,0.00000000E+00,3.13216446E+02,0.00000000E+00
5.00000000E+02,stepMap,surface_9_9,1.20000000E+01,1.20000000E+01,0.00000000E+00,1.02927364E+02,0.00000000E+00
5.00000000E+02,stepMap,surface_9_10,1.20000000E+01,1.40000000E+01,0.00000000E+00,2.42483777E+02,0.00000000E+00
5.00000000E+02,stepMap,surface_9_11,1.20000000E+01,1.60000000E+01,0.00000000E+00,7.75604211E+02,0.00000000E+00
5.00000000E+02,stepMap,surface_9_12,1.20000000E+01,1.80000000E+01,0.00000000E+00,6.06954391E+02,0.00000000E+00
5.00000000E+02,stepMap,surface_9_13,1.20000000E+01,2.00000000E+01,0.00000000E+00,3.13433038E+02,0.00000000E+00
5.00000000E+02,stepMap,surface_10_1,1.40000000E+01,-4.00000000E+00,0.00000000E+00,2.98274560E+02,0.00000000E+00
5.00000000E+02,stepMap,surface_10_2,1.40000000E+01,-2.00000000E+00,0.00000000E+00,6.29366067E+02,0.00000000E+00
5.00000000E+02,stepMap,surface_10_3,1.40000000E+01,0.00000000E+00,0.00000000E+00,8.43681844E+02,0.00000000E+00
5.00000000E+02,stepMap,surface_10_4,1.40000000E+01,2.00000000E+00,0.00000000E+00,2.04542987E+02,0.00000000E+00
5.00000000E+02,stepMap,surface_10_5,1.40000000E+01,4.00000000E+00,0.00000000E+00,2.42369875E+02,0.00000000E+00
5.00000000E+02,stepMap,surface_10_6,1.40000000E+01,6.00000000E+00,0.00000000E+00,2.88854339E+02,0.00000000E+00
5.00000000E+02,stepMap,surface_10_7,1.40000000E+01,8.00000000E+00,0.00000000E+00,4.31662361E+02,0.00000000E+00
5.00000000E+02,stepMap,surface_10_8,1.40000000E+01,1.00000000E+01,0.00000000E+00,2.89012745E+02,0.00000000E+00
5.00000000E+02,stepMap,surface_10_9,1.40000000E+01,1.20000000E+01,0.00000000E+00,2.42483777E+02,0.00000000E+00
5.00000000E+02,stepMap,surface_10_10,1.40000000E+01,1.40000000E+01,0.00000000E+00,2.04490527E+02,0.00000000E+00
5.00000000E+02,stepMap,surface_10_11,1.40000000E+01,1.60000000E+01,0.00000000E+00,8.43963332E+02,0.00000000E+00
5.00000000E+02,stepMap,surface_10_12,1.40000000E+01,1.80000000E+01,0.00000000E+00,6.29587966E+02,0.00000000E+00
5.00000000E+02,stepMap,surface_10_13,1.40000000E+01,2.00000000E+01,0.00000000E+00,2.98382389E+02,0.00000000E+00
5.00000000E+02,stepMap,surface_11_1,1.60000000E+01,-4.00000000E+00,0.00000000E+00,2.57942911E+02,0.00000000E+00
5.00000000E+02,stepMap,surface_11_2,1.60000000E+01,-2.00000000E+00,0.00000000E+00,5.32097120E+02,0.00000000E+00
5.00000000E+02,stepMap,surface_11_3,1.60000000E+01,0.00000000E+00,0.00000000E+00,1.07382939E+03,0.00000000E+00
5.00000000E+02,stepMap,surface_11_4,1.60000000E+01,2.00000000E+00,0.00000000E+00,8.43956282E+02,0.00000000E+00
5.00000000E+02,stepMap,surface_11_5,1.60000000E+01,4.00000000E+00,0.00000000E+00,7.75605390E+02,0.00000000E+00
5.00000000E+02,stepMap,surface_11_6,1.60000000E+01,6.00000000E+00,0.00000000E+00,7.70045483E+02,0.00000000E+00
5.00000000E+02,stepMap,surface_11_7,1.60000000E+01,8.00000000E+00,0.00000000E+00,9.95036325E+02,0.00000000E+00
5.00000000E+02,stepMap,surface_11_8,1.60000000E+01,1.00000000E+01,0.00000000E+00,7.70043906E+02,0.00000000E+00
5.00000000E+02,stepMap,surface_11_9,1.60000000E+01,1.20000000E+01,0.00000000E+00,7.75604211E+02,0.00000000E+00
5.00000000E+02,stepMap,surface_11_10,1.60000000E+01,1.40000000E+01,0.00000000E+00,8.43963332E+02,0.00000000E+00
5.00000000E+02,stepMap,surface_11_11,1.60000000E+01,1.60000000E+01,0.00000000E+00,1.07396037E+03,0.00000000E+00
5.00000000E+02,stepMap,surface_11_12,1.60000000E+01,1.80000000E+01,0.00000000E+00,5.32253073E+02,0.00000000E+00
5.00000000E+02,stepMap,surface_11_13,1.60000000E+01,2.00000000E+01,0.00000000E+00,2.57894832E+02,0.00000000E+00
5.00000000E+02,stepMap,surface_12_1,1.80000000E+01,-4.00000000E+00,0.00000000E+00,2.20777184E+02,0.00000000E+00
5.00000000E+02,stepMap,surface_12_2,1.80000000E+01,-2.00000000E+00,0.00000000E+00,3.66023169E+02,0.00000000E+00
5.00000000E+02,stepMap,surface_12_3,1.80000000E+01,0.00000000E+00,0.00000000E+00,5.32284513E+02,0.00000000E+00
5.00000000E+02,stepMap,surface_12_4,1.80000000E+01,2.00000000E+00,0.00000000E+00,6.29599793E+02,0.00000000E+00
5.00000000E+02,stepMap,surface_12_5,1.80000000E+01,4.00000000E+00,0.00000000E+00,6.06964234E+02,0.00000000E+00
5.00000000E+02,stepMap,surface_12_6,1.80000000E+01,6.00000000E+00,0.00000000E+00,6.08263193E+02,0.00000000E+00
5.00000000E+02,stepMap,surface_12_7,1.80000000E+01,8.00000000E+00,0.00000000E+00,6.54942524E+02,0.00000000E+00
5.00000000E+02,stepMap,surface_12_8,1.80000000E+01,1.00000000E+01,0.00000000E+00,6.08257675E+02,0.00000000E+00
5.00000000E+02,stepMap,surface_12_9,1.80000000E+01,1.20000000E+01,0.00000000E+00,6.06954391E+02,0.00000000E+00
5.00000000E+02,stepMap,surface_12_10,1.80000000E+01,1.40000000E+01,0.00000000E+00,6.29587966E+02,0.00000000E+00
5.00000000E+02,stepMap,surface_12_11,1.80000000E+01,1.60000000E+01,0.00000000E+00,5.32253073E+02,0.00000000E+00
5.00000000E+02,stepMap,surface_12_12,1.80000000E+01,1.80000000E+01,0.00000000E+00,3.66033489E+02,0.00000000E+00
5.00000000E+02,stepMap,surface_12_13,1.80000000E+01,2.00000000E+01,0.00000000E+00,2.20745020E+02,0.00000000E+00
5.00000000E+02,stepMap,surface_13_1,2.00000000E+01,-4.00000000E+00,0.00000000E+00,1.69203966E+02,0.00000000E+00
5.00000000E+02,stepMap,surface_13_2,2.00000000E+01,-2.00000000E+00,0.00000000E+00,2.20747122E+02,0.00000000E+00
5.00000000E+02,stepMap,surface_13_3,2.00000000E+01,0.00000000E+00,0.00000000E+00,2.57877272E+02,0.00000000E+00
5.00000000E+02,stepMap,surface_13_4,2.00000000E+01,2.00000000E+00,0.00000000E+00,2.98419433E+02,0.00000000E+00
5.00000000E+02,stepMap,surface_13_5,2.00000000E+01,4.00000000E+00,0.00000000E+00,3.13457669E+02,0.00000000E+00
5.00000000E+02,stepMap,surface_13_6,2.00000000E+01,6.00000000E+00,0.00000000E+00,3.21857264E+02,0.00000000E+00
5.00000000E+02,stepMap,surface_13_7,2.00000000E+01,8.00000000E+00,0.00000000E+00,3.27603780E+02,0.00000000E+00
5.00000000E+02,stepMap,surface_13_8,2.00000000E+01,1.00000000E+01,0.00000000E+00,3.21844710E+02,0.00000000E+00
5.00000000E+02,stepMap,surface_13_9,2.00000000E+01,1.20000000E+01,0.00000000E+00,3.13433038E+02,0.00000000E+00
5.00000000E+02,stepMap,surface_13_10,2.00000000E+01,1.40000000E+01,0.00000000E+00,2.98382389E+02,0.00000000E+00
5.00000000E+02,stepMap,surface_13_11,2.00000000E+01,1.60000000E+01,0.00000000E+00,2.57894832E+02,0.00000000E+00
5.00000000E+02,stepMap,surface_13_12,2.00000000E+01,1.80000000E+01,0.00000000E+00,2.20745020E+02,0.00000000E+00
5.00000000E+02,stepMap,surface_13_13,2.00000000E+01,2.00000000E+01,0.00000000E+00,1.69179981E+02,0.00000000E+00
5.00000000E+02,gpr,tower,,,,6.29408999E+03,-6.11259807E+01
5.00000000E+02,touch,tower,,,,2.77714605E+03,0.00000000E+00
5.00000000E+02,step,edge,,,,-9.95031347E+02,3.14742297E+00
5.00000000E+03,potential,centre,8.00000000E+00,8.00000000E+00,0.00000000E+00,5.53423299E+03,-3.10230487E+02
5.00000000E+03,potential,remote,4.00000000E+01,0.00000000E+00,0.00000000E+00,6.73326987E+02,-2.25839832E+02
5.00000000E+03,potential,surface_1_1,-4.00000000E+00,-4.00000000E+00,0.00000000E+00,1.75569975E+03,-2.36644934E+02
5.00000000E+03,potential,surface_1_2,-4.00000000E+00,-2.00000000E+00,0.00000000E+00,1.99058588E+03,-2.32932482E+02
5.00000000E+03,potential,surface_1_3,-4.00000000E+00,0.00000000E+00,0.00000000E+00,2.22599067E+03,-2.29651161E+02
5.00000000E+03,potential,surface_1_4,-4.00000000E+00,2.00000000E+00,0.00000000E+00,2.40804477E+03,-2.30591507E+02
5.00000000E+03,potential,surface_1_5,-4.00000000E+00,4.00000000E+00,0.00000000E+00,2.52362922E+03,-2.36224075E+02
5.00000000E+03,potential,surface_1_6,-4.00000000E+00,6.00000000E+00,0.00000000E+00,2.58943644E+03,-2.44253742E+02
5.00000000E+03,potential,surface_1_7,-4.00000000E+00,8.00000000E+00,0.00000000E+00,2.61106754E+03,-2.52729638E+02
5.00000000E+03,potential,surface_1_8,-4.00000000E+00,1.00000000E+01,0.00000000E+00,2.58536787E+03,-2.60445684E+02
5.00000000E+03,potential,surface_1_9,-4.00000000E+00,1.20000000E+01,0.00000000E+00,2.51462836E+03,-2.66631852E+02
5.00000000E+03,potential,surface_1_10,-4.00000000E+00,1.40000000E+01,0.00000000E+00,2.39256729E+03,-2.70688911E+02
5.00000000E+03,potential,surface_1_11,-4.00000000E+00,1.60000000E+01,0.00000000E+00,2.20524121E+03,-2.72092415E+02
5.00000000E+03,potential,surface_1_12,-4.00000000E+00,1.80000000E+01,0.00000000E+00,1.97137536E+03,-2.70873392E+02
5.00000000E+03,potential,surface_1_13,-4.00000000E+00,2.00000000E+01,0.00000000E+00,1.74125889E+03,-2.67956544E+02
5.00000000E+03,potential,surface_2_1,-2.00000000E+00,-4.00000000E+00,0.00000000E+00,1.99058588E+03,-2.32932482E+02
5.00000000E+03,potential,surface_2_2,-2.00000000E+00,-2.00000000E+00,0.00000000E+00,2.37585167E+03,-2.21318436E+02
5.00000000E+03,potential,surface_2_3,-2.00000000E+00,0.00000000E+00,0.00000000E+00,2.84439200E+03,-2.04920064E+02
5.00000000E+03,potential,surface_2_4,-2.00000000E+00,2.00000000E+00,0.00000000E+00,3.12534770E+03,-2.04350945E+02
5.00000000E+03,potential,surface_2_5,-2.00000000E+00,4.00000000E+00,0.00000000E+00,3.25424310E+03,-2.16539584E+02
5.00000000E+03,potential,surface_2_6,-2.00000000E+00,6.00000000E+00,0.00000000E+00,3.33437690E+03,-2.31956870E+02
5.00000000E+03,potential,surface_2_7,-2.00000000E+00,8.00000000E+00,0.00000000E+00,3.37477658E+03,-2.47094395E+02
5.00000000E+03,potential,surface_2_8,-2.00000000E+00,1.00000000E+01,0.00000000E+00,3.32967859E+03,-2.60601792E+02
5.00000000E+03,potential,surface_2_9,-2.00000000E+00,1.20000000E+01,0.00000000E+00,3.24305024E+03,-2.71554673E+02
5.00000000E+03,potential,surface_2_10,-2.00000000E+00,1.40000000E+01,0.00000000E+00,3.10002779E+03,-2.79301690E+02
5.00000000E+03,potential,surface_2_11,-2.00000000E+00,1.60000000E+01,0.00000000E+00,2.79272654E+03,-2.82140637E+02
5.00000000E+03,potential,surface_2_12,-2.00000000E+00,1.80000000E+01,0.00000000E+00,2.34026806E+03,-2.79169854E+02
5.00000000E+03,potential,surface_2_13,-2.00000000E+00,2.00000000E+01,0.00000000E+00,1.97080604E+03,-2.74466750E+02
5.00000000E+03,potential,surface_3_1,0.00000000E+00,-4.00000000E+00,0.00000000E+00,2.22599067E+03,-2.29651161E+02
5.00000000E+03,potential,surface_3_2,0.00000000E+00,-2.00000000E+00,0.00000000E+00,2.84439200E+03,-2.04920064E+02
5.00000000E+03,potential,surface_3_3,0.00000000E+00,0.00000000E+00,0.00000000E+00,5.97804876E+03,1.86292361E+01
5.00000000E+03,potential,surface_3_4,0.00000000E+00,2.00000000E+00,0.00000000E+00,4.58140637E+03,-1.34744395E+02
5.00000000E+03,potential,surface_3_5,0.00000000E+00,4.00000000E+00,0.00000000E+00,4.63303254E+03,-1.68976835E+02
5.00000000E+03,potential,surface_3_6,0.00000000E+00,6.00000000E+00,0.00000000E+00,4.71011164E+03,-2.02456513E+02
5.00000000E+03,potential,surface_3_7,0.00000000E+00,8.00000000E+00,0.00000000E+00,5.02215601E+03,-2.29749824E+02
5.00000000E+03,potential,surface_3_8,0.00000000E+00,1.00000000E+01,0.00000000E+00,4.70576538E+03,-2.58478418E+02
5.00000000E+03,potential,surface_3_9,0.00000000E+00,1.20000000E+01,0.00000000E+00,4.62291653E+03,-2.79760277E+02
5.00000000E+03,potential,surface_3_10,0.00000000E+00,1.40000000E+01,0.00000000E+00,4.57043405E+03,-2.97091605E+02
5.00000000E+03,potential,surface_3_11,0.00000000E+00,1.60000000E+01,0.00000000E+00,4.24940902E+03,-3.06725421E+02
5.00000000E+03,potential,surface_3_12,0.00000000E+00,1.80000000E+01,0.00000000E+00,2.79184507E+03,-2.89358027E+02
5.00000000E+03,potential,surface_3_13,0.00000000E+00,2.00000000E+01,0.00000000E+00,2.20388524E+03,-2.81337291E+02
5.00000000E+03,potential,surface_4_1,2.00000000E+00,-4.00000000E+00,0.00000000E+00,2.40804477E+03,-2.30591507E+02
5.00000000E+03,potential,surface_4_2,2.00000000E+00,-2.00000000E+00,0.00000000E+00,3.12534770E+03,-2.04350945E+02
5.00000000E+03,potential,surface_4_3,2.00000000E+00,0.00000000E+00,0.00000000E+00,4.58140637E+03,-1.34744395E+02
5.00000000E+03,potential,surface_4_4,2.00000000E+00,2.00000000E+00,0.00000000E+00,4.02639683E+03,-1.88778606E+02
5.00000000E+03,potential,surface_4_5,2.00000000E+00,4.00000000E+00,0.00000000E+00,3.99412028E+03,-2.16864039E+02
5.00000000E+03,potential,surface_4_6,2.00000000E+00,6.00000000E+00,0.00000000E+00,4.21241703E+03,-2.36533010E+02
5.00000000E+03,potential,surface_4_7,2.00000000E+00,8.00000000E+00,0.00000000E+00,4.92901427E+03,-2.49254680E+02
5.00000000E+03,potential,surface_4_8,2.00000000E+00,1.00000000E+01,0.00000000E+00,4.20820647E+03,-2.71313152E+02
5.00000000E+03,potential,surface_4_9,2.00000000E+00,1.20000000E+01,0.00000000E+00,3.98477807E+03,-2.86982820E+02
5.00000000E+03,potential,surface_4_10,2.00000000E+00,1.40000000E+01,0.00000000E+00,4.00914165E+03,-3.00290058E+02
5.00000000E+03,potential,surface_4_11,2.00000000E+00,1.60000000E+01,0.00000000E+00,4.56847281E+03,-3.21127919E+02
5.00000000E+03,potential,surface_4_12,2.00000000E+00,1.80000000E+01,0.00000000E+00,3.09785761E+03,-2.98801925E+02
5.00000000E+03,potential,surface_4_13,2.00000000E+00,2.00000000E+01,0.00000000E+00,2.39016704E+03,-2.87969056E+02
5.00000000E+03,potential,surface_5_1,4.00000000E+00,-4.00000000E+00,0.00000000E+00,2.52362922E+03,-2.36224075E+02
5.00000000E+03,potential,surface_5_2,4.00000000E+00,-2.00000000E+00,0.00000000E+00,3.25424310E+03,-2.16539584E+02
5.00000000E+03,potential,surface_5_3,4.00000000E+00,0.00000000E+00,0.00000000E+00,4.63303254E+03,-1.68976835E+02
5.00000000E+03,potential,surface_5_4,4.00000000E+00,2.00000000E+00,0.00000000E+00,3.99412028E+03,-2.16864039E+02
5.00000000E+03,potential,surface_5_5,4.00000000E+00,4.00000000E+00,0.00000000E+00,3.93652840E+03,-2.41558309E+02
5.00000000E+03,potential,surface_5_6,4.00000000E+00,6.00000000E+00,0.00000000E+00,4.18223689E+03,-2.57745199E+02
5.00000000E+03,potential,surface_5_7,4.00000000E+00,8.00000000E+00,0.00000000E+00,4.94107066E+03,-2.69878940E+02
5.00000000E+03,potential,surface_5_8,4.00000000E+00,1.00000000E+01,0.00000000E+00,4.17867701E+03,-2.85409159E+02
5.00000000E+03,potential,surface_5_9,4.00000000E+00,1.20000000E+01,0.00000000E+00,3.92912852E+03,-2.98255966E+02
5.00000000E+03,potential,surface_5_10,4.00000000E+00,1.40000000E+01,0.00000000E+00,3.98276421E+03,-3.10619846E+02
5.00000000E+03,potential,surface_5_11,4.00000000E+00,1.60000000E+01,0.00000000E+00,4.61865778E+03,-3.33100594E+02
5.00000000E+03,potential,surface_5_12,4.00000000E+00,1.80000000E+01,0.00000000E+00,3.23923412E+03,-3.07185025E+02
5.00000000E+03,potential,surface_5_13,4.00000000E+00,2.00000000E+01,0.00000000E+00,2.51090639E+03,-2.94002939E+02
5.00000000E+03,potential,surface_6_1,6.00000000E+00,-4.00000000E+00,0.00000000E+00,2.58943644E+03,-2.44253742E+02
5.00000000E+03,potential,surface_6_2,6.00000000E+00,-2.00000000E+00,0.00000000E+00,3.33437690E+03,-2.31956870E+02
5.00000000E+03,potential,surface_6_3,6.00000000E+00,0.00000000E+00,0.00000000E+00,4.71011164E+03,-2.02456513E+02
5.00000000E+03,potential,surface_6_4,6.00000000E+00,2.00000000E+00,0.00000000E+00,4.21241703E+03,-2.36533010E+02
5.00000000E+03,potential,surface_6_5,6.00000000E+00,4.00000000E+00,0.00000000E+00,4.18223689E+03,-2.57745198E+02
5.00000000E+03,potential,surface_6_6,6.00000000E+00,6.00000000E+00,0.00000000E+00,4.39658101E+03,-2.73909688E+02
5.00000000E+03,potential,surface_6_7,6.00000000E+00,8.00000000E+00,0.00000000E+00,5.04515529E+03,-2.88979211E+02
5.00000000E+03,potential,surface_6_8,6.00000000E+00,1.00000000E+01,0.00000000E+00,4.39364693E+03,-3.00870135E+02
5.00000000E+03,potential,surface_6_9,6.00000000E+00,1.20000000E+01,0.00000000E+00,4.17637679E+03,-3.12496308E+02
5.00000000E+03,potential,surface_6_10,6.00000000E+00,1.40000000E+01,0.00000000E+00,4.20379990E+03,-3.24110160E+02
5.00000000E+03,potential,surface_6_11,6.00000000E+00,1.60000000E+01,0.00000000E+00,4.69898339E+03,-3.44818120E+02
5.00000000E+03,potential,surface_6_12,6.00000000E+00,1.80000000E+01,0.00000000E+00,3.32386238E+03,-3.14941263E+02
5.00000000E+03,potential,surface_6_13,6.00000000E+00,2.00000000E+01,0.00000000E+00,2.58000849E+03,-2.99248012E+02
5.00000000E+03,potential,surface_7_1,8.00000000E+00,-4.00000000E+00,0.00000000E+00,2.61106754E+03,-2.52729638E+02
5.00000000E+03,potential,surface_7_2,8.00000000E+00,-2.00000000E+00,0.00000000E+00,3.37477658E+03,-2.47094395E+02
5.00000000E+03,potential,surface_7_3,8.00000000E+00,0.00000000E+00,0.00000000E+00,5.02215601E+03,-2.29749824E+02
5.00000000E+03,potential,surface_7_4,8.00000000E+00,2.00000000E+00,0.00000000E+00,4.92901427E+03,-2.49254680E+02
5.00000000E+03,potential,surface_7_5,8.00000000E+00,4.00000000E+00,0.00000000E+00,4.94107066E+03,-2.69878940E+02
5.00000000E+03,potential,surface_7_6,8.00000000E+00,6.00000000E+00,0.00000000E+00,5.04515529E+03,-2.88979211E+02
5.00000000E+03,potential,surface_7_7,8.00000000E+00,8.00000000E+00,0.00000000E+00,5.53423299E+03,-3.10230487E+02
5.00000000E+03,potential,surface_7_8,8.00000000E+00,1.00000000E+01,0.00000000E+00,5.04247768E+03,-3.22624856E+02
5.00000000E+03,potential,surface_7_9,8.00000000E+00,1.20000000E+01,0.00000000E+00,4.93576714E+03,-3.36923608E+02
5.00000000E+03,potential,surface_7_10,8.00000000E+00,1.40000000E+01,0.00000000E+00,4.92122152E+03,-3.49533006E+02
5.00000000E+03,potential,surface_7_11,8.00000000E+00,1.60000000E+01,0.00000000E+00,5.01215169E+03,-3.62527705E+02
5.00000000E+03,potential,surface_7_12,8.00000000E+00,1.80000000E+01,0.00000000E+00,3.36647519E+03,-3.21680957E+02
5.00000000E+03,potential,surface_7_13,8.00000000E+00,2.00000000E+01,0.00000000E+00,2.60364701E+03,-3.03336452E+02
5.00000000E+03,potential,surface_8_1,1.00000000E+01,-4.00000000E+00,0.00000000E+00,2.58536787E+03,-2.60445684E+02
5.00000000E+03,potential,surface_8_2,1.00000000E+01,-2.00000000E+00,0.00000000E+00,3.32967859E+03,-2.60601791E+02
5.00000000E+03,potential,surface_8_3,1.00000000E+01,0.00000000E+00,0.00000000E+00,4.70576538E+03,-2.58478418E+02
5.00000000E+03,potential,surface_8_4,1.00000000E+01,2.00000000E+00,0.00000000E+00,4.20820647E+03,-2.71313152E+02
5.00000000E+03,potential,surface_8_5,1.00000000E+01,4.00000000E+00,0.00000000E+00,4.17867701E+03,-2.85409159E+02
5.00000000E+03,potential,surface_8_6,1.00000000E+01,6.00000000E+00,0.00000000E+00,4.39364693E+03,-3.00870135E+02
5.00000000E+03,potential,surface_8_7,1.00000000E+01,8.00000000E+00,0.00000000E+00,5.04247768E+03,-3.22624856E+02
5.00000000E+03,potential,surface_8_8,1.00000000E+01,1.00000000E+01,0.00000000E+00,4.39165011E+03,-3.22929774E+02
5.00000000E+03,potential,surface_8_9,1.00000000E+01,1.20000000E+01,0.00000000E+00,4.17471313E+03,-3.29686187E+02
5.00000000E+03,potential,surface_8_10,1.00000000E+01,1.40000000E+01,0.00000000E+00,4.20222881E+03,-3.40062341E+02
5.00000000E+03,potential,surface_8_11,1.00000000E+01,1.60000000E+01,0.00000000E+00,4.69711510E+03,-3.64209145E+02
5.00000000E+03,potential,surface_8_12,1.00000000E+01,1.80000000E+01,0.00000000E+00,3.32274910E+03,-3.25726988E+02
5.00000000E+03,potential,surface_8_13,1.00000000E+01,2.00000000E+01,0.00000000E+00,2.57927185E+03,-3.05805654E+02
5.00000000E+03,potential,surface_9_1,1.20000000E+01,-4.00000000E+00,0.00000000E+00,2.51462836E+03,-2.66631852E+02
5.00000000E+03,potential,surface_9_2,1.20000000E+01,-2.00000000E+00,0.00000000E+00,3.24305024E+03,-2.71554673E+02
5.00000000E+03,potential,surface_9_3,1.20000000E+01,0.00000000E+00,0.00000000E+00,4.62291653E+03,-2.79760276E+02
5.00000000E+03,potential,surface_9_4,1.20000000E+01,2.00000000E+00,0.00000000E+00,3.98477807E+03,-2.86982820E+02
5.00000000E+03,potential,surface_9_5,1.20000000E+01,4.00000000E+00,0.00000000E+00,3.92912852E+03,-2.98255966E+02
5.00000000E+03,potential,surface_9_6,1.20000000E+01,6.00000000E+00,0.00000000E+00,4.17637679E+03,-3.12496308E+02
5.00000000E+03,potential,surface_9_7,1.20000000E+01,8.00000000E+00,0.00000000E+00,4.93576714E+03,-3.36923608E+02
5.00000000E+03,potential,surface_9_8,1.20000000E+01,1.00000000E+01,0.00000000E+00,4.17471313E+03,-3.29686187E+02
5.00000000E+03,potential,surface_9_9,1.20000000E+01,1.20000000E+01,0.00000000E+00,3.92580414E+03,-3.33038282E+02
5.00000000E+03,potential,surface_9_10,1.20000000E+01,1.40000000E+01,0.00000000E+00,3.97963454E+03,-3.42634805E+02
5.00000000E+03,potential,surface_9_11,1.20000000E+01,1.60000000E+01,0.00000000E+00,4.61496507E+03,-3.71393958E+02
5.00000000E+03,potential,surface_9_12,1.20000000E+01,1.80000000E+01,0.00000000E+00,3.23708114E+03,-3.27925249E+02
5.00000000E+03,potential,surface_9_13,1.20000000E+01,2.00000000E+01,0.00000000E+00,2.50949678E+03,-3.06407123E+02
5.00000000E+03,potential,surface_10_1,1.40000000E+01,-4.00000000E+00,0.00000000E+00,2.39256729E+03,-2.70688911E+02
5.00000000E+03,potential,surface_10_2,1.40000000E+01,-2.00000000E+00,0.00000000E+00,3.10002779E+03,-2.79301690E+02
5.00000000E+03,potential,surface_10_3,1.40000000E+01,0.00000000E+00,0.00000000E+00,4.57043405E+03,-2.97091604E+02
5.00000000E+03,potential,surface_10_4,1.40000000E+01,2.00000000E+00,0.00000000E+00,4.00914165E+03,-3.00290058E+02
5.00000000E+03,potential,surface_10_5,1.40000000E+01,4.00000000E+00,0.00000000E+00,3.98276421E+03,-3.10619845E+02
5.00000000E+03,potential,surface_10_6,1.40000000E+01,6.00000000E+00,0.00000000E+00,4.20379990E+03,-3.24110160E+02
5.00000000E+03,potential,surface_10_7,1.40000000E+01,8.00000000E+00,0.00000000E+00,4.92122152E+03,-3.49533005E+02
5.00000000E+03,potential,surface_10_8,1.40000000E+01,1.00000000E+01,0.00000000E+00,4.20222881E+03,-3.40062340E+02
5.00000000E+03,potential,surface_10_9,1.40000000E+01,1.20000000E+01,0.00000000E+00,3.97963454E+03,-3.42634805E+02
5.00000000E+03,potential,surface_10_10,1.40000000E+01,1.40000000E+01,0.00000000E+00,4.00434217E+03,-3.50426752E+02
5.00000000E+03,potential,surface_10_11,1.40000000E+01,1.60000000E+01,0.00000000E+00,4.56303616E+03,-3.77329698E+02
5.00000000E+03,potential,surface_10_12,1.40000000E+01,1.80000000E+01,0.00000000E+00,3.09486441E+03,-3.27193631E+02
5.00000000E+03,potential,surface_10_13,1.40000000E+01,2.00000000E+01,0.00000000E+00,2.38822534E+03,-3.04631607E+02
5.00000000E+03,potential,surface_11_1,1.60000000E+01,-4.00000000E+00,0.00000000E+00,2.20524121E+03,-2.72092415E+02
5.00000000E+03,potential,surface_11_2,1.60000000E+01,-2.00000000E+00,0.00000000E+00,2.79272654E+03,-2.82140637E+02
5.00000000E+03,potential,surface_11_3,1.60000000E+01,0.00000000E+00,0.00000000E+00,4.24940902E+03,-3.06725420E+02
5.00000000E+03,potential,surface_11_4,1.60000000E+01,2.00000000E+00,0.00000000E+00,4.56847281E+03,-3.21127918E+02
5.00000000E+03,potential,surface_11_5,1.60000000E+01,4.00000000E+00,0.00000000E+00,4.61865778E+03,-3.33100594E+02
5.00000000E+03,potential,surface_11_6,1.60000000E+01,6.00000000E+00,0.00000000E+00,4.69898339E+03,-3.44818120E+02
5.00000000E+03,potential,surface_11_7,1.60000000E+01,8.00000000E+00,0.00000000E+00,5.01215169E+03,-3.62527705E+02
5.00000000E+03,potential,surface_11_8,1.60000000E+01,1.00000000E+01,0.00000000E+00,4.69711510E+03,-3.64209145E+02
5.00000000E+03,potential,surface_11_9,1.60000000E+01,1.20000000E+01,0.00000000E+00,4.61496507E+03,-3.71393958E+02
5.00000000E+03,potential,surface_11_10,1.60000000E+01,1.40000000E+01,0.00000000E+00,4.56303616E+03,-3.77329698E+02
5.00000000E+03,potential,surface_11_11,1.60000000E+01,1.60000000E+01,0.00000000E+00,4.24307141E+03,-3.71448069E+02
5.00000000E+03,potential,surface_11_12,1.60000000E+01,1.80000000E+01,0.00000000E+00,2.78850916E+03,-3.19571619E+02
5.00000000E+03,potential,surface_11_13,1.60000000E+01,2.00000000E+01,0.00000000E+00,2.20163065E+03,-2.99782291E+02
5.00000000E+03,potential,surface_12_1,1.80000000E+01,-4.00000000E+00,0.00000000E+00,1.97137536E+03,-2.70873392E+02
5.00000000E+03,potential,surface_12_2,1.80000000E+01,-2.00000000E+00,0.00000000E+00,2.34026806E+03,-2.79169854E+02
5.00000000E+03,potential,surface_12_3,1.80000000E+01,0.00000000E+00,0.00000000E+00,2.79184507E+03,-2.89358027E+02
5.00000000E+03,potential,surface_12_4,1.80000000E+01,2.00000000E+00,0.00000000E+00,3.09785761E+03,-2.98801925E+02
5.00000000E+03,potential,surface_12_5,1.80000000E+01,4.00000000E+00,0.00000000E+00,3.23923412E+03,-3.07185025E+02
5.00000000E+03,potential,surface_12_6,1.80000000E+01,6.00000000E+00,0.00000000E+00,3.32386238E+03,-3.14941263E+02
5.00000000E+03,potential,surface_12_7,1.80000000E+01,8.00000000E+00,0.00000000E+00,3.36647519E+03,-3.21680957E+02
5.00000000E+03,potential,surface_12_8,1.80000000E+01,1.00000000E+01,0.00000000E+00,3.32274910E+03,-3.25726988E+02
5.00000000E+03,potential,surface_12_9,1.80000000E+01,1.20000000E+01,0.00000000E+00,3.23708114E+03,-3.27925249E+02
5.00000000E+03,potential,surface_12_10,1.80000000E+01,1.40000000E+01,0.00000000E+00,3.09486441E+03,-3.27193631E+02
5.00000000E+03,potential,surface_12_11,1.80000000E+01,1.60000000E+01,0.00000000E+00,2.78850916E+03,-3.19571619E+02
5.00000000E+03,potential,surface_12_12,1.80000000E+01,1.80000000E+01,0.00000000E+00,2.33712451E+03,-3.05060247E+02
5.00000000E+03,potential,surface_12_13,1.80000000E+01,2.00000000E+01,0.00000000E+00,1.96845061E+03,-2.92369475E+02
5.00000000E+03,potential,surface_13_1,2.00000000E+01,-4.00000000E+00,0.00000000E+00,1.74125889E+03,-2.67956544E+02
5.00000000E+03,potential,surface_13_2,2.00000000E+01,-2.00000000E+00,0.00000000E+00,1.97080604E+03,-2.74466750E+02
5.00000000E+03,potential,surface_13_3,2.00000000E+01,0.00000000E+00,0.00000000E+00,2.20388524E+03,-2.81337291E+02
5.00000000E+03,potential,surface_13_4,2.00000000E+01,2.00000000E+00,0.00000000E+00,2.39016704E+03,-2.87969056E+02
5.00000000E+03,potential,surface_13_5,2.00000000E+01,4.00000000E+00,0.00000000E+00,2.51090639E+03,-2.94002939E+02
5.00000000E+03,potential,surface_13_6,2.00000000E+01,6.00000000E+00,0.00000000E+00,2.58000849E+03,-2.99248012E+02
5.00000000E+03,potential,surface_13_7,2.00000000E+01,8.00000000E+00,0.00000000E+00,2.60364701E+03,-3.03336452E+02
5.00000000E+03,potential,surface_13_8,2.00000000E+01,1.00000000E+01,0.00000000E+00,2.57927185E+03,-3.05805654E+02
5.00000000E+03,potential,surface_13_9,2.00000000E+01,1.20000000E+01,0.00000000E+00,2.50949678E+03,-3.06407123E+02
5.00000000E+03,potential,surface_13_10,2.00000000E+01,1.40000000E+01,0.00000000E+00,2.38822534E+03,-3.04631607E+02
5.00000000E+03,potential,surface_13_11,2.00000000E+01,1.60000000E+01,0.00000000E+00,2.20163065E+03,-2.99782291E+02
5.00000000E+03,potential,surface_13_12,2.00000000E+01,1.80000000E+01,0.00000000E+00,1.96845061E+03,-2.92369475E+02
5.00000000E+03,potential,surface_13_13,2.00000000E+01,2.00000000E+01,0.00000000E+00,1.73891151E+03,-2.84275158E+02
5.00000000E+03,stepMap,surface_1_1,-4.00000000E+00,-4.00000000E+00,0.00000000E+00,1.73103402E+02,0.00000000E+00
5.00000000E+03,stepMap,surface_1_2,-4.00000000E+00,-2.00000000E+00,0.00000000E+00,2.27251765E+02,0.00000000E+00
5.00000000E+03,stepMap,surface_1_3,-4.00000000E+00,0.00000000E+00,0.00000000E+00,2.62005745E+02,0.00000000E+00
5.00000000E+03,stepMap,surface_1_4,-4.00000000E+00,2.00000000E+00,0.00000000E+00,3.02748405E+02,0.00000000E+00
5.00000000E+03,stepMap,surface_1_5,-4.00000000E+00,4.00000000E+00,0.00000000E+00,3.14570745E+02,0.00000000E+00
5.00000000E+03,stepMap,surface_1_6,-4.00000000E+00,6.00000000E+00,0.00000000E+00,3.22067455E+02,0.00000000E+00
5.00000000E+03,stepMap,surface_1_7,-4.00000000E+00,8.00000000E+00,0.00000000E+00,3.27498081E+02,0.00000000E+00
5.00000000E+03,stepMap,surface_1_8,-4.00000000E+00,1.00000000E+01,0.00000000E+00,3.21628610E+02,0.00000000E+00
5.00000000E+03,stepMap,surface_1_9,-4.00000000E+00,1.20000000E+01,0.00000000E+00,3.13151795E+02,0.00000000E+00
5.00000000E+03,stepMap,surface_1_10,-4.00000000E+00,1.40000000E+01,0.00000000E+00,2.98030600E+02,0.00000000E+00
5.00000000E+03,stepMap,surface_1_11,-4.00000000E+00,1.60000000E+01,0.00000000E+00,2.57737361E+02,0.00000000E+00
5.00000000E+03,stepMap,surface_1_12,-4.00000000E+00,1.80000000E+01,0.00000000E+00,2.20462863E+02,0.00000000E+00
5.00000000E+03,stepMap,surface_1_13,-4.00000000E+00,2.00000000E+01,0.00000000E+00,1.68881935E+02,0.00000000E+00
5.00000000E+03,stepMap,surface_2_1,-2.00000000E+00,-4.00000000E+00,0.00000000E+00,2.27251765E+02,0.00000000E+00
5.00000000E+03,stepMap,surface_2_2,-2.00000000E+00,-2.00000000E+00,0.00000000E+00,3.91749289E+02,0.00000000E+00
5.00000000E+03,stepMap,surface_2_3,-2.00000000E+00,0.00000000E+00,0.00000000E+00,6.02354375E+02,0.00000000E+00
5.00000000E+03,stepMap,surface_2_4,-2.00000000E+00,2.00000000E+00,0.00000000E+00,6.30147054E+02,0.00000000E+00
5.00000000E+03,stepMap,surface_2_5,-2.00000000E+00,4.00000000E+00,0.00000000E+00,6.06486721E+02,0.00000000E+00
5.00000000E+03,stepMap,surface_2_6,-2.00000000E+00,6.00000000E+00,0.00000000E+00,6.07796691E+02,0.00000000E+00
5.00000000E+03,stepMap,surface_2_7,-2.00000000E+00,8.00000000E+00,0.00000000E+00,6.54315527E+02,0.00000000E+00
5.00000000E+03,stepMap,surface_2_8,-2.00000000E+00,1.00000000E+01,0.00000000E+00,6.07710997E+02,0.00000000E+00
5.00000000E+03,stepMap,surface_2_9,-2.00000000E+00,1.20000000E+01,0.00000000E+00,6.06283102E+02,0.00000000E+00
5.00000000E+03,stepMap,surface_2_10,-2.00000000E+00,1.40000000E+01,0.00000000E+00,6.28781789E+02,0.00000000E+00
5.00000000E+03,stepMap,surface_2_11,-2.00000000E+00,1.60000000E+01,0.00000000E+00,5.31187839E+02,0.00000000E+00
5.00000000E+03,stepMap,surface_2_12,-2.00000000E+00,1.80000000E+01,0.00000000E+00,3.65471905E+02,0.00000000E+00
5.00000000E+03,stepMap,surface_2_13,-2.00000000E+00,2.00000000E+01,0.00000000E+00,2.20393872E+02,0.00000000E+00
5.00000000E+03,stepMap,surface_3_1,0.00000000E+00,-4.00000000E+00,0.00000000E+00,2.62005745E+02,0.00000000E+00
5.00000000E+03,stepMap,surface_3_2,0.00000000E+00,-2.00000000E+00,0.00000000E+00,6.02354375E+02,0.00000000E+00
5.00000000E+03,stepMap,surface_3_3,0.00000000E+00,0.00000000E+00,0.00000000E+00,2.68052411E+03,0.00000000E+00
5.00000000E+03,stepMap,surface_3_4,0.00000000E+00,2.00000000E+00,0.00000000E+00,8.27574843E+02,0.00000000E+00
5.00000000E+03,stepMap,surface_3_5,0.00000000E+00,4.00000000E+00,0.00000000E+00,7.73122854E+02,0.00000000E+00
5.00000000E+03,stepMap,surface_3_6,0.00000000E+00,6.00000000E+00,0.00000000E+00,7.68254318E+02,0.00000000E+00
5.00000000E+03,stepMap,surface_3_7,0.00000000E+00,8.00000000E+00,0.00000000E+00,9.93155222E+02,0.00000000E+00
5.00000000E+03,stepMap,surface_3_8,0.00000000E+00,1.00000000E+01,0.00000000E+00,7.68377666E+02,0.00000000E+00
5.00000000E+03,stepMap,surface_3_9,0.00000000E+00,1.20000000E+01,0.00000000E+00,7.73608014E+02,0.00000000E+00
5.00000000E+03,stepMap,surface_3_10,0.00000000E+00,1.40000000E+01,0.00000000E+00,8.41732687E+02,0.00000000E+00
5.00000000E+03,stepMap,surface_3_11,0.00000000E+00,1.60000000E+01,0.00000000E+00,1.07187114E+03,0.00000000E+00
5.00000000E+03,stepMap,surface_3_12,0.00000000E+00,1.80000000E+01,0.00000000E+00,5.31505390E+02,0.00000000E+00
5.00000000E+03,stepMap,surface_3_13,0.00000000E+00,2.00000000E+01,0.00000000E+00,2.57556723E+02,0.00000000E+00
5.00000000E+03,stepMap,surface_4_1,2.00000000E+00,-4.00000000E+00,0.00000000E+00,3.02748405E+02,0.00000000E+00
5.00000000E+03,stepMap,surface_4_2,2.00000000E+00,-2.00000000E+00,0.00000000E+00,6.30147054E+02,0.00000000E+00
5.00000000E+03,stepMap,surface_4_3,2.00000000E+00,0.00000000E+00,0.00000000E+00,8.27574843E+02,0.00000000E+00
5.00000000E+03,stepMap,surface_4_4,2.00000000E+00,2.00000000E+00,0.00000000E+00,2.15889132E+02,0.00000000E+00
5.00000000E+03,stepMap,surface_4_5,2.00000000E+00,4.00000000E+00,0.00000000E+00,2.44050385E+02,0.00000000E+00
5.00000000E+03,stepMap,surface_4_6,2.00000000E+00,6.00000000E+00,0.00000000E+00,2.87463953E+02,0.00000000E+00
5.00000000E+03,stepMap,surface_4_7,2.00000000E+00,8.00000000E+00,0.00000000E+00,4.31425480E+02,0.00000000E+00
5.00000000E+03,stepMap,surface_4_8,2.00000000E+00,1.00000000E+01,0.00000000E+00,2.89727418E+02,0.00000000E+00
5.00000000E+03,stepMap,surface_4_9,2.00000000E+00,1.20000000E+01,0.00000000E+00,2.42617641E+02,0.00000000E+00
5.00000000E+03,stepMap,surface_4_10,2.00000000E+00,1.40000000E+01,0.00000000E+00,2.04581601E+02,0.00000000E+00
5.00000000E+03,stepMap,surface_4_11,2.00000000E+00,1.60000000E+01,0.00000000E+00,8.41868666E+02,0.00000000E+00
5.00000000E+03,stepMap,surface_4_12,2.00000000E+00,1.80000000E+01,0.00000000E+00,6.28916311E+02,0.00000000E+00
5.00000000E+03,stepMap,surface_4_13,2.00000000E+00,2.00000000E+01,0.00000000E+00,2.98148780E+02,0.00000000E+00
5.00000000E+03,stepMap,surface_5_1,4.00000000E+00,-4.00000000E+00,0.00000000E+00,3.14570745E+02,0.00000000E+00
5.00000000E+03,stepMap,surface_5_2,4.00000000E+00,-2.00000000E+00,0.00000000E+00,6.06486721E+02,0.00000000E+00
5.00000000E+03,stepMap,surface_5_3,4.00000000E+00,0.00000000E+00,0.00000000E+00,7.73122854E+02,0.00000000E+00
5.00000000E+03,stepMap,surface_5_4,4.00000000E+00,2.00000000E+00,0.00000000E+00,2.44050385E+02,0.00000000E+00
5.00000000E+03,stepMap,surface_5_5,4.00000000E+00,4.00000000E+00,0.00000000E+00,1.01742036E+02,0.00000000E+00
5.00000000E+03,stepMap,surface_5_6,4.00000000E+00,6.00000000E+00,0.00000000E+00,3.11800850E+02,0.00000000E+00
5.00000000E+03,stepMap,surface_5_7,4.00000000E+00,8.00000000E+00,0.00000000E+00,4.48918542E+02,0.00000000E+00
5.00000000E+03,stepMap,surface_5_8,4.00000000E+00,1.00000000E+01,0.00000000E+00,3.13638754E+02,0.00000000E+00
5.00000000E+03,stepMap,surface_5_9,4.00000000E+00,1.20000000E+01,0.00000000E+00,1.02838546E+02,0.00000000E+00
5.00000000E+03,stepMap,surface_5_10,4.00000000E+00,1.40000000E+01,0.00000000E+00,2.41675688E+02,0.00000000E+00
5.00000000E+03,stepMap,surface_5_11,4.00000000E+00,1.60000000E+01,0.00000000E+00,7.73461301E+02,0.00000000E+00
5.00000000E+03,stepMap,surface_5_12,4.00000000E+00,1.80000000E+01,0.00000000E+00,6.06206316E+02,0.00000000E+00
5.00000000E+03,stepMap,surface_5_13,4.00000000E+00,2.00000000E+01,0.00000000E+00,3.13158852E+02,0.00000000E+00
5.00000000E+03,stepMap,surface_6_1,6.00000000E+00,-4.00000000E+00,0.00000000E+00,3.22067455E+02,0.00000000E+00
5.00000000E+03,stepMap,surface_6_2,6.00000000E+00,-2.00000000E+00,0.00000000E+00,6.07796691E+02,0.00000000E+00
5.00000000E+03,stepMap,surface_6_3,6.00000000E+00,0.00000000E+00,0.00000000E+00,7.68254318E+02,0.00000000E+00
5.00000000E+03,stepMap,surface_6_4,6.00000000E+00,2.00000000E+00,0.00000000E+00,2.87463953E+02,0.00000000E+00
5.00000000E+03,stepMap,surface_6_5,6.00000000E+00,4.00000000E+00,0.00000000E+00,3.11800850E+02,0.00000000E+00
5.00000000E+03,stepMap,surface_6_6,6.00000000E+00,6.00000000E+00,0.00000000E+00,3.19060228E+02,0.00000000E+00
5.00000000E+03,stepMap,surface_6_7,6.00000000E+00,8.00000000E+00,0.00000000E+00,3.82843793E+02,0.00000000E+00
5.00000000E+03,stepMap,surface_6_8,6.00000000E+00,1.00000000E+01,0.00000000E+00,3.20020456E+02,0.00000000E+00
5.00000000E+03,stepMap,surface_6_9,6.00000000E+00,1.20000000E+01,0.00000000E+00,3.12321750E+02,0.00000000E+00
5.00000000E+03,stepMap,surface_6_10,6.00000000E+00,1.40000000E+01,0.00000000E+00,2.88203426E+02,0.00000000E+00
5.00000000E+03,stepMap,surface_6_11,6.00000000E+00,1.60000000E+01,0.00000000E+00,7.68007564E+02,0.00000000E+00
5.00000000E+03,stepMap,surface_6_12,6.00000000E+00,1.80000000E+01,0.00000000E+00,6.07438343E+02,0.00000000E+00
5.00000000E+03,stepMap,surface_6_13,6.00000000E+00,2.00000000E+01,0.00000000E+00,3.21493276E+02,0.00000000E+00
5.00000000E+03,stepMap,surface_7_1,8.00000000E+00,-4.00000000E+00,0.00000000E+00,3.27498081E+02,0.00000000E+00
5.00000000E+03,stepMap,surface_7_2,8.00000000E+00,-2.00000000E+00,0.00000000E+00,6.54315527E+02,0.00000000E+00
5.00000000E+03,stepMap,surface_7_3,8.00000000E+00,0.00000000E+00,0.00000000E+00,9.93155222E+02,0.00000000E+00
5.00000000E+03,stepMap,surface_7_4,8.00000000E+00,2.00000000E+00,0.00000000E+00,4.31425480E+02,0.00000000E+00
5.00000000E+03,stepMap,surface_7_5,8.00000000E+00,4.00000000E+00,0.00000000E+00,4.48918542E+02,0.00000000E+00
5.00000000E+03,stepMap,surface_7_6,8.00000000E+00,6.00000000E+00,0.00000000E+00,3.82843793E+02,0.00000000E+00
5.00000000E+03,stepMap,surface_7_7,8.00000000E+00,8.00000000E+00,0.00000000E+00,4.44793088E+02,0.00000000E+00
5.00000000E+03,stepMap,surface_7_8,8.00000000E+00,1.00000000E+01,0.00000000E+00,3.82412310E+02,0.00000000E+00
5.00000000E+03,stepMap,surface_7_9,8.00000000E+00,1.20000000E+01,0.00000000E+00,4.48107688E+02,0.00000000E+00
5.00000000E+03,stepMap,surface_7_10,8.00000000E+00,1.40000000E+01,0.00000000E+00,4.30252307E+02,0.00000000E+00
5.00000000E+03,stepMap,surface_7_11,8.00000000E+00,1.60000000E+01,0.00000000E+00,9.92364550E+02,0.00000000E+00
5.00000000E+03,stepMap,surface_7_12,8.00000000E+00,1.80000000E+01,0.00000000E+00,6.53819047E+02,0.00000000E+00
5.00000000E+03,stepMap,surface_7_13,8.00000000E+00,2.00000000E+01,0.00000000E+00,3.27163323E+02,0.00000000E+00
5.00000000E+03,stepMap,surface_8_1,1.00000000E+01,-4.00000000E+00,0.00000000E+00,3.21628610E+02,0.00000000E+00
5.00000000E+03,stepMap,surface_8_2,1.00000000E+01,-2.00000000E+00,0.00000000E+00,6.07710997E+02,0.00000000E+00
5.00000000E+03,stepMap,surface_8_3,1.00000000E+01,0.00000000E+00,0.00000000E+00,7.68377666E+02,0.00000000E+00
5.00000000E+03,stepMap,surface_8_4,1.00000000E+01,2.00000000E+00,0.00000000E+00,2.89727418E+02,0.00000000E+00
5.00000000E+03,stepMap,surface_8_5,1.00000000E+01,4.00000000E+00,0.00000000E+00,3.13638754E+02,0.00000000E+00
5.00000000E+03,stepMap,surface_8_6,1.00000000E+01,6.00000000E+00,0.00000000E+00,3.20020456E+02,0.00000000E+00
5.00000000E+03,stepMap,surface_8_7,1.00000000E+01,8.00000000E+00,0.00000000E+00,3.82412310E+02,0.00000000E+00
5.00000000E+03,stepMap,surface_8_8,1.00000000E+01,1.00000000E+01,0.00000000E+00,3.20617227E+02,0.00000000E+00
5.00000000E+03,stepMap,surface_8_9,1.00000000E+01,1.20000000E+01,0.00000000E+00,3.12984591E+02,0.00000000E+00
5.00000000E+03,stepMap,surface_8_10,1.00000000E+01,1.40000000E+01,0.00000000E+00,2.88807592E+02,0.00000000E+00
5.00000000E+03,stepMap,surface_8_11,1.00000000E+01,1.60000000E+01,0.00000000E+00,7.67702369E+02,0.00000000E+00
5.00000000E+03,stepMap,surface_8_12,1.00000000E+01,1.80000000E+01,0.00000000E+00,6.07202755E+02,0.00000000E+00
5.00000000E+03,stepMap,surface_8_13,1.00000000E+01,2.00000000E+01,0.00000000E+00,3.21377165E+02,0.00000000E+00
5.00000000E+03,stepMap,surface_9_1,1.20000000E+01,-4.00000000E+00,0.00000000E+00,3.13151795E+02,0.00000000E+00
5.00000000E+03,stepMap,surface_9_2,1.20000000E+01,-2.00000000E+00,0.00000000E+00,6.06283102E+02,0.00000000E+00
5.00000000E+03,stepMap,surface_9_3,1.20000000E+01,0.00000000E+00,0.00000000E+00,7.73608014E+02,0.00000000E+00
5.00000000E+03,stepMap,surface_9_4,1.20000000E+01,2.00000000E+00,0.00000000E+00,2.42617641E+02,0.00000000E+00
5.00000000E+03,stepMap,surface_9_5,1.20000000E+01,4.00000000E+00,0.00000000E+00,1.02838546E+02,0.00000000E+00
5.00000000E+03,stepMap,surface_9_6,1.20000000E+01,6.00000000E+00,0.00000000E+00,3.12321750E+02,0.00000000E+00
5.00000000E+03,stepMap,surface_9_7,1.20000000E+01,8.00000000E+00,0.00000000E+00,4.48107688E+02,0.00000000E+00
5.00000000E+03,stepMap,surface_9_8,1.20000000E+01,1.00000000E+01,0.00000000E+00,3.12984591E+02,0.00000000E+00
5.00000000E+03,stepMap,surface_9_9,1.20000000E+01,1.20000000E+01,0.00000000E+00,1.03354400E+02,0.00000000E+00
5.00000000E+03,stepMap,surface_9_10,1.20000000E+01,1.40000000E+01,0.00000000E+00,2.41583429E+02,0.00000000E+00
5.00000000E+03,stepMap,surface_9_11,1.20000000E+01,1.60000000E+01,0.00000000E+00,7.72841082E+02,0.00000000E+00
5.00000000E+03,stepMap,surface_9_12,1.20000000E+01,1.80000000E+01,0.00000000E+00,6.05729153E+02,0.00000000E+00
5.00000000E+03,stepMap,surface_9_13,1.20000000E+01,2.00000000E+01,0.00000000E+00,3.12931855E+02,0.00000000E+00
5.00000000E+03,stepMap,surface_10_1,1.40000000E+01,-4.00000000E+00,0.00000000E+00,2.98030600E+02,0.00000000E+00
5.00000000E+03,stepMap,surface_10_2,1.40000000E+01,-2.00000000E+00,0.00000000E+00,6.28781789E+02,0.00000000E+00
5.00000000E+03,stepMap,surface_10_3,1.40000000E+01,0.00000000E+00,0.00000000E+00,8.41732687E+02,0.00000000E+00
5.00000000E+03,stepMap,surface_10_4,1.40000000E+01,2.00000000E+00,0.00000000E+00,2.04581601E+02,0.00000000E+00
5.00000000E+03,stepMap,surface_10_5,1.40000000E+01,4.00000000E+00,0.00000000E+00,2.41675688E+02,0.00000000E+00
5.00000000E+03,stepMap,surface_10_6,1.40000000E+01,6.00000000E+00,0.00000000E+00,2.88203426E+02,0.00000000E+00
5.00000000E+03,stepMap,surface_10_7,1.40000000E+01,8.00000000E+00,0.00000000E+00,4.30252307E+02,0.00000000E+00
5.00000000E+03,stepMap,surface_10_8,1.40000000E+01,1.00000000E+01,0.00000000E+00,2.88807592E+02,0.00000000E+00
5.00000000E+03,stepMap,surface_10_9,1.40000000E+01,1.20000000E+01,0.00000000E+00,2.41583429E+02,0.00000000E+00
5.00000000E+03,stepMap,surface_10_10,1.40000000E+01,1.40000000E+01,0.00000000E+00,2.03655134E+02,0.00000000E+00
5.00000000E+03,stepMap,surface_10_11,1.40000000E+01,1.60000000E+01,0.00000000E+00,8.40849105E+02,0.00000000E+00
5.00000000E+03,stepMap,surface_10_12,1.40000000E+01,1.80000000E+01,0.00000000E+00,6.28179327E+02,0.00000000E+00
5.00000000E+03,stepMap,surface_10_13,1.40000000E+01,2.00000000E+01,0.00000000E+00,2.97834164E+02,0.00000000E+00
5.00000000E+03,stepMap,surface_11_1,1.60000000E+01,-4.00000000E+00,0.00000000E+00,2.57737361E+02,0.00000000E+00
5.00000000E+03,stepMap,surface_11_2,1.60000000E+01,-2.00000000E+00,0.00000000E+00,5.31187839E+02,0.00000000E+00
5.00000000E+03,stepMap,surface_11_3,1.60000000E+01,0.00000000E+00,0.00000000E+00,1.07187114E+03,0.00000000E+00
5.00000000E+03,stepMap,surface_11_4,1.60000000E+01,2.00000000E+00,0.00000000E+00,8.41868666E+02,0.00000000E+00
5.00000000E+03,stepMap,surface_11_5,1.60000000E+01,4.00000000E+00,0.00000000E+00,7.73461301E+02,0.00000000E+00
5.00000000E+03,stepMap,surface_11_6,1.60000000E+01,6.00000000E+00,0.00000000E+00,7.68007564E+02,0.00000000E+00
5.00000000E+03,stepMap,surface_11_7,1.60000000E+01,8.00000000E+00,0.00000000E+00,9.92364550E+02,0.00000000E+00
5.00000000E+03,stepMap,surface_11_8,1.60000000E+01,1.00000000E+01,0.00000000E+00,7.67702369E+02,0.00000000E+00
5.00000000E+03,stepMap,surface_11_9,1.60000000E+01,1.20000000E+01,0.00000000E+00,7.72841082E+02,0.00000000E+00
5.00000000E+03,stepMap,surface_11_10,1.60000000E+01,1.40000000E+01,0.00000000E+00,8.40849105E+02,0.00000000E+00
5.00000000E+03,stepMap,surface_11_11,1.60000000E+01,1.60000000E+01,0.00000000E+00,1.07054219E+03,0.00000000E+00
5.00000000E+03,stepMap,surface_11_12,1.60000000E+01,1.80000000E+01,0.00000000E+00,5.30729945E+02,0.00000000E+00
5.00000000E+03,stepMap,surface_11_13,1.60000000E+01,2.00000000E+01,0.00000000E+00,2.57412368E+02,0.00000000E+00
5.00000000E+03,stepMap,surface_12_1,1.80000000E+01,-4.00000000E+00,0.00000000E+00,2.20462863E+02,0.00000000E+00
5.00000000E+03,stepMap,surface_12_2,1.80000000E+01,-2.00000000E+00,0.00000000E+00,3.65471905E+02,0.00000000E+00
5.00000000E+03,stepMap,surface_12_3,1.80000000E+01,0.00000000E+00,0.00000000E+00,5.31505390E+02,0.00000000E+00
5.00000000E+03,stepMap,surface_12_4,1.80000000E+01,2.00000000E+00,0.00000000E+00,6.28916311E+02,0.00000000E+00
5.00000000E+03,stepMap,surface_12_5,1.80000000E+01,4.00000000E+00,0.00000000E+00,6.06206316E+02,0.00000000E+00
5.00000000E+03,stepMap,surface_12_6,1.80000000E+01,6.00000000E+00,0.00000000E+00,6.07438343E+02,0.00000000E+00
5.00000000E+03,stepMap,surface_12_7,1.80000000E+01,8.00000000E+00,0.00000000E+00,6.53819047E+02,0.00000000E+00
5.00000000E+03,stepMap,surface_12_8,1.80000000E+01,1.00000000E+01,0.00000000E+00,6.07202755E+02,0.00000000E+00
5.00000000E+03,stepMap,surface_12_9,1.80000000E+01,1.20000000E+01,0.00000000E+00,6.05729153E+02,0.00000000E+00
5.00000000E+03,stepMap,surface_12_10,1.80000000E+01,1.40000000E+01,0.00000000E+00,6.28179327E+02,0.00000000E+00
5.00000000E+03,stepMap,surface_12_11,1.80000000E+01,1.60000000E+01,0.00000000E+00,5.30729945E+02,0.00000000E+00
5.00000000E+03,stepMap,surface_12_12,1.80000000E+01,1.80000000E+01,0.00000000E+00,3.65096777E+02,0.00000000E+00
5.00000000E+03,stepMap,surface_12_13,1.80000000E+01,2.00000000E+01,0.00000000E+00,2.20229328E+02,0.00000000E+00
5.00000000E+03,stepMap,surface_13_1,2.00000000E+01,-4.00000000E+00,0.00000000E+00,1.68881935E+02,0.00000000E+00
5.00000000E+03,stepMap,surface_13_2,2.00000000E+01,-2.00000000E+00,0.00000000E+00,2.20393872E+02,0.00000000E+00
5.00000000E+03,stepMap,surface_13_3,2.00000000E+01,0.00000000E+00,0.00000000E+00,2.57556723E+02,0.00000000E+00
5.00000000E+03,stepMap,surface_13_4,2.00000000E+01,2.00000000E+00,0.00000000E+00,2.98148780E+02,0.00000000E+00
5.00000000E+03,stepMap,surface_13_5,2.00000000E+01,4.00000000E+00,0.00000000E+00,3.13158852E+02,0.00000000E+00
5.00000000E+03,stepMap,surface_13_6,2.00000000E+01,6.00000000E+00,0.00000000E+00,3.21493276E+02,0.00000000E+00
5.00000000E+03,stepMap,surface_13_7,2.00000000E+01,8.00000000E+00,0.00000000E+00,3.27163323E+02,0.00000000E+00
5.00000000E+03,stepMap,surface_13_8,2.00000000E+01,1.00000000E+01,0.00000000E+00,3.21377165E+02,0.00000000E+00
5.00000000E+03,stepMap,surface_13_9,2.00000000E+01,1.20000000E+01,0.00000000E+00,3.12931855E+02,0.00000000E+00
5.00000000E+03,stepMap,surface_13_10,2.00000000E+01,1.40000000E+01,0.00000000E+00,2.97834164E+02,0.00000000E+00
5.00000000E+03,stepMap,surface_13_11,2.00000000E+01,1.60000000E+01,0.00000000E+00,2.57412368E+02,0.00000000E+00
5.00000000E+03,stepMap,surface_13_12,2.00000000E+01,1.80000000E+01,0.00000000E+00,2.20229328E+02,0.00000000E+00
5.00000000E+03,stepMap,surface_13_13,2.00000000E+01,2.00000000E+01,0.00000000E+00,1.68738382E+02,0.00000000E+00
5.00000000E+03,gpr,tower,,,,6.09117081E+03,6.19804434E+01
5.00000000E+03,touch,tower,,,,2.79504262E+03,0.00000000E+00
5.00000000E+03,step,edge,,,,-9.92048033E+02,2.50619196E+01
5.00000000E+04,potential,centre,8.00000000E+00,8.00000000E+00,0.00000000E+00,4.86235131E+03,-9.44547829E+02
5.00000000E+04,potential,remote,4.00000000E+01,0.00000000E+00,0.00000000E+00,1.79355856E+02,-3.11447982E+02
5.00000000E+04,potential,surface_1_1,-4.00000000E+00,-4.00000000E+00,0.00000000E+00,1.22544601E+03,-3.19742536E+02
5.00000000E+04,potential,surface_1_2,-4.00000000E+00,-2.00000000E+00,0.00000000E+00,1.46422088E+03,-2.79347057E+02
5.00000000E+04,potential,surface_1_3,-4.00000000E+00,0.00000000E+00,0.00000000E+00,1.70307233E+03,-2.44485219E+02
5.00000000E+04,potential,surface_1_4,-4.00000000E+00,2.00000000E+00,0.00000000E+00,1.88247198E+03,-2.50096208E+02
5.00000000E+04,potential,surface_1_5,-4.00000000E+00,4.00000000E+00,0.00000000E+00,1.98816366E+03,-2.99710246E+02
5.00000000E+04,potential,surface_1_6,-4.00000000E+00,6.00000000E+00,0.00000000E+00,2.03958142E+03,-3.71625519E+02
5.00000000E+04,potential,surface_1_7,-4.00000000E+00,8.00000000E+00,0.00000000E+00,2.04487780E+03,-4.47715449E+02
5.00000000E+04,potential,surface_1_8,-4.00000000E+00,1.00000000E+01,0.00000000E+00,2.00278997E+03,-5.16961857E+02
5.00000000E+04,potential,surface_1_9,-4.00000000E+00,1.20000000E+01,0.00000000E+00,1.91738931E+03,-5.72191615E+02
5.00000000E+04,potential,surface_1_10,-4.00000000E+00,1.40000000E+01,0.00000000E+00,1.78406425E+03,-6.08013773E+02
5.00000000E+04,potential,surface_1_11,-4.00000000E+00,1.60000000E+01,0.00000000E+00,1.59038974E+03,-6.20278411E+02
5.00000000E+04,potential,surface_1_12,-4.00000000E+00,1.80000000E+01,0.00000000E+00,1.35581258E+03,-6.10680686E+02
5.00000000E+04,potential,surface_1_13,-4.00000000E+00,2.00000000E+01,0.00000000E+00,1.12956809E+03,-5.87932846E+02
5.00000000E+04,potential,surface_2_1,-2.00000000E+00,-4.00000000E+00,0.00000000E+00,1.46422088E+03,-2.79347057E+02
5.00000000E+04,potential,surface_2_2,-2.00000000E+00,-2.00000000E+00,0.00000000E+00,1.86561657E+03,-1.65779121E+02
5.00000000E+04,potential,surface_2_3,-2.00000000E+00,0.00000000E+00,0.00000000E+00,2.35723588E+03,-9.96649796E+00
5.00000000E+04,potential,surface_2_4,-2.00000000E+00,2.00000000E+00,0.00000000E+00,2.63999227E+03,-3.82230733E+00
5.00000000E+04,potential,surface_2_5,-2.00000000E+00,4.00000000E+00,0.00000000E+00,2.75234554E+03,-1.15818984E+02
5.00000000E+04,potential,surface_2_6,-2.00000000E+00,6.00000000E+00,0.00000000E+00,2.80923133E+03,-2.57241477E+02
5.00000000E+04,potential,surface_2_7,-2.00000000E+00,8.00000000E+00,0.00000000E+00,2.82399912E+03,-3.94982299E+02
5.00000000E+04,potential,surface_2_8,-2.00000000E+00,1.00000000E+01,0.00000000E+00,2.75227030E+03,-5.17445840E+02
5.00000000E+04,potential,surface_2_9,-2.00000000E+00,1.20000000E+01,0.00000000E+00,2.64128484E+03,-6.15215921E+02
5.00000000E+04,potential,surface_2_10,-2.00000000E+00,1.40000000E+01,0.00000000E+00,2.47855091E+03,-6.82694009E+02
5.00000000E+04,potential,surface_2_11,-2.00000000E+00,1.60000000E+01,0.00000000E+00,2.15954857E+03,-7.04359635E+02
5.00000000E+04,potential,surface_2_12,-2.00000000E+00,1.80000000E+01,0.00000000E+00,1.70694062E+03,-6.78085419E+02
5.00000000E+04,potential,surface_2_13,-2.00000000E+00,2.00000000E+01,0.00000000E+00,1.34332522E+03,-6.39514845E+02
5.00000000E+04,potential,surface_3_1,0.00000000E+00,-4.00000000E+00,0.00000000E+00,1.70307233E+03,-2.44485219E+02
5.00000000E+04,potential,surface_3_2,0.00000000E+00,-2.00000000E+00,0.00000000E+00,2.35723588E+03,-9.96649796E+00
5.00000000E+04,potential,surface_3_3,0.00000000E+00,0.00000000E+00,0.00000000E+00,5.77874678E+03,2.07045950E+03
5.00000000E+04,potential,surface_3_4,0.00000000E+00,2.00000000E+00,0.00000000E+00,4.20212560E+03,6.53381781E+02
5.00000000E+04,potential,surface_3_5,0.00000000E+00,4.00000000E+00,0.00000000E+00,4.21358587E+03,3.33949799E+02
5.00000000E+04,potential,surface_3_6,0.00000000E+00,6.00000000E+00,0.00000000E+00,4.24621202E+03,1.99648870E+01
5.00000000E+04,potential,surface_3_7,0.00000000E+00,8.00000000E+00,0.00000000E+00,4.52142610E+03,-2.31681347E+02
5.00000000E+04,potential,surface_3_8,0.00000000E+00,1.00000000E+01,0.00000000E+00,4.14729946E+03,-4.92299784E+02
5.00000000E+04,potential,surface_3_9,0.00000000E+00,1.20000000E+01,0.00000000E+00,4.01906784E+03,-6.79072075E+02
5.00000000E+04,potential,surface_3_10,0.00000000E+00,1.40000000E+01,0.00000000E+00,3.92637372E+03,-8.29332463E+02
5.00000000E+04,potential,surface_3_11,0.00000000E+00,1.60000000E+01,0.00000000E+00,3.57663263E+03,-9.06666569E+02
5.00000000E+04,potential,surface_3_12,0.00000000E+00,1.80000000E+01,0.00000000E+00,2.13740411E+03,-7.64222384E+02
5.00000000E+04,potential,surface_3_13,0.00000000E+00,2.00000000E+01,0.00000000E+00,1.55979526E+03,-6.95586444E+02
5.00000000E+04,potential,surface_4_1,2.00000000E+00,-4.00000000E+00,0.00000000E+00,1.88247198E+03,-2.50096208E+02
5.00000000E+04,potential,surface_4_2,2.00000000E+00,-2.00000000E+00,0.00000000E+00,2.63999227E+03,-3.82230732E+00
5.00000000E+04,potential,surface_4_3,2.00000000E+00,0.00000000E+00,0.00000000E+00,4.20212560E+03,6.53381781E+02
5.00000000E+04,potential,surface_4_4,2.00000000E+00,2.00000000E+00,0.00000000E+00,3.56469297E+03,1.43722113E+02
5.00000000E+04,potential,surface_4_5,2.00000000E+00,4.00000000E+00,0.00000000E+00,3.49104943E+03,-1.14427215E+02
5.00000000E+04,potential,surface_4_6,2.00000000E+00,6.00000000E+00,0.00000000E+00,3.68153422E+03,-2.96935302E+02
5.00000000E+04,potential,surface_4_7,2.00000000E+00,8.00000000E+00,0.00000000E+00,4.38741216E+03,-4.09142203E+02
5.00000000E+04,potential,surface_4_8,2.00000000E+00,1.00000000E+01,0.00000000E+00,3.61136191E+03,-6.11154149E+02
5.00000000E+04,potential,surface_4_9,2.00000000E+00,1.20000000E+01,0.00000000E+00,3.35031948E+03,-7.48054300E+02
5.00000000E+04,potential,surface_4_10,2.00000000E+00,1.40000000E+01,0.00000000E+00,3.34377861E+03,-8.64879385E+02
5.00000000E+04,potential,surface_4_11,2.00000000E+00,1.60000000E+01,0.00000000E+00,3.86071418E+03,-1.03196653E+03
5.00000000E+04,potential,surface_4_12,2.00000000E+00,1.80000000E+01,0.00000000E+00,2.42126684E+03,-8.45925603E+02
5.00000000E+04,potential,surface_4_13,2.00000000E+00,2.00000000E+01,0.00000000E+00,1.72916371E+03,-7.50377644E+02
5.00000000E+04,potential,surface_5_1,4.00000000E+00,-4.00000000E+00,0.00000000E+00,1.98816366E+03,-2.99710246E+02
5.00000000E+04,potential,surface_5_2,4.00000000E+00,-2.00000000E+00,0.00000000E+00,2.75234554E+03,-1.15818984E+02
5.00000000E+04,potential,surface_5_3,4.00000000E+00,0.00000000E+00,0.00000000E+00,4.21358587E+03,3.33949799E+02
5.00000000E+04,potential,surface_5_4,4.00000000E+00,2.00000000E+00,0.00000000E+00,3.49104943E+03,-1.14427215E+02
5.00000000E+04,potential,surface_5_5,4.00000000E+00,4.00000000E+00,0.00000000E+00,3.39090813E+03,-3.38612947E+02
5.00000000E+04,potential,surface_5_6,4.00000000E+00,6.00000000E+00,0.00000000E+00,3.61010019E+03,-4.86411911E+02
5.00000000E+04,potential,surface_5_7,4.00000000E+00,8.00000000E+00,0.00000000E+00,4.35551431E+03,-5.89534754E+02
5.00000000E+04,potential,surface_5_8,4.00000000E+00,1.00000000E+01,0.00000000E+00,3.54713892E+03,-7.31966982E+02
5.00000000E+04,potential,surface_5_9,4.00000000E+00,1.20000000E+01,0.00000000E+00,3.26342695E+03,-8.42350312E+02
5.00000000E+04,potential,surface_5_10,4.00000000E+00,1.40000000E+01,0.00000000E+00,3.28717219E+03,-9.49501692E+02
5.00000000E+04,potential,surface_5_11,4.00000000E+00,1.60000000E+01,0.00000000E+00,3.87617520E+03,-1.13106351E+03
5.00000000E+04,potential,surface_5_12,4.00000000E+00,1.80000000E+01,0.00000000E+00,2.53981105E+03,-9.15516330E+02
5.00000000E+04,potential,surface_5_13,4.00000000E+00,2.00000000E+01,0.00000000E+00,1.83323794E+03,-7.99645309E+02
5.00000000E+04,potential,surface_6_1,6.00000000E+00,-4.00000000E+00,0.00000000E+00,2.03958142E+03,-3.71625519E+02
5.00000000E+04,potential,surface_6_2,6.00000000E+00,-2.00000000E+00,0.00000000E+00,2.80923133E+03,-2.57241477E+02
5.00000000E+04,potential,surface_6_3,6.00000000E+00,0.00000000E+00,0.00000000E+00,4.24621202E+03,1.99648871E+01
5.00000000E+04,potential,surface_6_4,6.00000000E+00,2.00000000E+00,0.00000000E+00,3.68153422E+03,-2.96935302E+02
5.00000000E+04,potential,surface_6_5,6.00000000E+00,4.00000000E+00,0.00000000E+00,3.61010019E+03,-4.86411911E+02
5.00000000E+04,potential,surface_6_6,6.00000000E+00,6.00000000E+00,0.00000000E+00,3.79339913E+03,-6.31309593E+02
5.00000000E+04,potential,surface_6_7,6.00000000E+00,8.00000000E+00,0.00000000E+00,4.41738955E+03,-7.60162242E+02
5.00000000E+04,potential,surface_6_8,6.00000000E+00,1.00000000E+01,0.00000000E+00,3.72672533E+03,-8.66438943E+02
5.00000000E+04,potential,surface_6_9,6.00000000E+00,1.20000000E+01,0.00000000E+00,3.47632852E+03,-9.64373317E+02
5.00000000E+04,potential,surface_6_10,6.00000000E+00,1.40000000E+01,0.00000000E+00,3.47345904E+03,-1.06333086E+03
5.00000000E+04,potential,surface_6_11,6.00000000E+00,1.60000000E+01,0.00000000E+00,3.92190483E+03,-1.22833174E+03
5.00000000E+04,potential,surface_6_12,6.00000000E+00,1.80000000E+01,0.00000000E+00,2.60182063E+03,-9.78280049E+02
5.00000000E+04,potential,surface_6_13,6.00000000E+00,2.00000000E+01,0.00000000E+00,1.88674992E+03,-8.41700429E+02
5.00000000E+04,potential,surface_7_1,8.00000000E+00,-4.00000000E+00,0.00000000E+00,2.04487780E+03,-4.47715449E+02
5.00000000E+04,potential,surface_7_2,8.00000000E+00,-2.00000000E+00,0.00000000E+00,2.82399912E+03,-3.94982299E+02
5.00000000E+04,potential,surface_7_3,8.00000000E+00,0.00000000E+00,0.00000000E+00,4.52142610E+03,-2.31681346E+02
5.00000000E+04,potential,surface_7_4,8.00000000E+00,2.00000000E+00,0.00000000E+00,4.38741216E+03,-4.09142203E+02
5.00000000E+04,potential,surface_7_5,8.00000000E+00,4.00000000E+00,0.00000000E+00,4.35551431E+03,-5.89534754E+02
5.00000000E+04,potential,surface_7_6,8.00000000E+00,6.00000000E+00,0.00000000E+00,4.41738955E+03,-7.60162242E+02
5.00000000E+04,potential,surface_7_7,8.00000000E+00,8.00000000E+00,0.00000000E+00,4.86235131E+03,-9.44547829E+02
5.00000000E+04,potential,surface_7_8,8.00000000E+00,1.00000000E+01,0.00000000E+00,4.33028040E+03,-1.04916186E+03
5.00000000E+04,potential,surface_7_9,8.00000000E+00,1.20000000E+01,0.00000000E+00,4.18311813E+03,-1.16540018E+03
5.00000000E+04,potential,surface_7_10,8.00000000E+00,1.40000000E+01,0.00000000E+00,4.13250846E+03,-1.27047026E+03
5.00000000E+04,potential,surface_7_11,8.00000000E+00,1.60000000E+01,0.00000000E+00,4.18760859E+03,-1.37128153E+03
5.00000000E+04,potential,surface_7_12,8.00000000E+00,1.80000000E+01,0.00000000E+00,2.62355585E+03,-1.03160178E+03
5.00000000E+04,potential,surface_7_13,8.00000000E+00,2.00000000E+01,0.00000000E+00,1.89712201E+03,-8.73870061E+02
5.00000000E+04,potential,surface_8_1,1.00000000E+01,-4.00000000E+00,0.00000000E+00,2.00278997E+03,-5.16961857E+02
5.00000000E+04,potential,surface_8_2,1.00000000E+01,-2.00000000E+00,0.00000000E+00,2.75227030E+03,-5.17445840E+02
5.00000000E+04,potential,surface_8_3,1.00000000E+01,0.00000000E+00,0.00000000E+00,4.14729946E+03,-4.92299784E+02
5.00000000E+04,potential,surface_8_4,1.00000000E+01,2.00000000E+00,0.00000000E+00,3.61136191E+03,-6.11154149E+02
5.00000000E+04,potential,surface_8_5,1.00000000E+01,4.00000000E+00,0.00000000E+00,3.54713892E+03,-7.31966982E+02
5.00000000E+04,potential,surface_8_6,1.00000000E+01,6.00000000E+00,0.00000000E+00,3.72672533E+03,-8.66438943E+02
5.00000000E+04,potential,surface_8_7,1.00000000E+01,8.00000000E+00,0.00000000E+00,4.33028040E+03,-1.04916186E+03
5.00000000E+04,potential,surface_8_8,1.00000000E+01,1.00000000E+01,0.00000000E+00,3.66562774E+03,-1.05339245E+03
5.00000000E+04,potential,surface_8_9,1.00000000E+01,1.20000000E+01,0.00000000E+00,3.42491428E+03,-1.10694727E+03
5.00000000E+04,potential,surface_8_10,1.00000000E+01,1.40000000E+01,0.00000000E+00,3.42246794E+03,-1.19237142E+03
5.00000000E+04,potential,surface_8_11,1.00000000E+01,1.60000000E+01,0.00000000E+00,3.85693949E+03,-1.38115425E+03
5.00000000E+04,potential,surface_8_12,1.00000000E+01,1.80000000E+01,0.00000000E+00,2.56471107E+03,-1.06306861E+03
5.00000000E+04,potential,surface_8_13,1.00000000E+01,2.00000000E+01,0.00000000E+00,1.86320844E+03,-8.92678107E+02
5.00000000E+04,potential,surface_9_1,1.20000000E+01,-4.00000000E+00,0.00000000E+00,1.91738931E+03,-5.72191615E+02
5.00000000E+04,potential,surface_9_2,1.20000000E+01,-2.00000000E+00,0.00000000E+00,2.64128484E+03,-6.15215921E+02
5.00000000E+04,potential,surface_9_3,1.20000000E+01,0.00000000E+00,0.00000000E+00,4.01906784E+03,-6.79072075E+02
5.00000000E+04,potential,surface_9_4,1.20000000E+01,2.00000000E+00,0.00000000E+00,3.35031948E+03,-7.48054300E+02
5.00000000E+04,potential,surface_9_5,1.20000000E+01,4.00000000E+00,0.00000000E+00,3.26342695E+03,-8.42350312E+02
5.00000000E+04,potential,surface_9_6,1.20000000E+01,6.00000000E+00,0.00000000E+00,3.47632852E+03,-9.64373317E+02
5.00000000E+04,potential,surface_9_7,1.20000000E+01,8.00000000E+00,0.00000000E+00,4.18311813E+03,-1.16540018E+03
5.00000000E+04,potential,surface_9_8,1.20000000E+01,1.00000000E+01,0.00000000E+00,3.42491428E+03,-1.10694727E+03
5.00000000E+04,potential,surface_9_9,1.20000000E+01,1.20000000E+01,0.00000000E+00,3.15968034E+03,-1.13059548E+03
5.00000000E+04,potential,surface_9_10,1.20000000E+01,1.40000000E+01,0.00000000E+00,3.18520807E+03,-1.20838389E+03
5.00000000E+04,potential,surface_9_11,1.20000000E+01,1.60000000E+01,0.00000000E+00,3.74837743E+03,-1.43275769E+03
5.00000000E+04,potential,surface_9_12,1.20000000E+01,1.80000000E+01,0.00000000E+00,2.46851631E+03,-1.07845828E+03
5.00000000E+04,potential,surface_9_13,1.20000000E+01,2.00000000E+01,0.00000000E+00,1.78859581E+03,-8.95948543E+02
5.00000000E+04,potential,surface_10_1,1.40000000E+01,-4.00000000E+00,0.00000000E+00,1.78406425E+03,-6.08013773E+02
5.00000000E+04,potential,surface_10_2,1.40000000E+01,-2.00000000E+00,0.00000000E+00,2.47855091E+03,-6.82694009E+02
5.00000000E+04,potential,surface_10_3,1.40000000E+01,0.00000000E+00,0.00000000E+00,3.92637372E+03,-8.29332463E+02
5.00000000E+04,potential,surface_10_4,1.40000000E+01,2.00000000E+00,0.00000000E+00,3.34377861E+03,-8.64879385E+02
5.00000000E+04,potential,surface_10_5,1.40000000E+01,4.00000000E+00,0.00000000E+00,3.28717219E+03,-9.49501692E+02
5.00000000E+04,potential,surface_10_6,1.40000000E+01,6.00000000E+00,0.00000000E+00,3.47345904E+03,-1.06333086E+03
5.00000000E+04,potential,surface_10_7,1.40000000E+01,8.00000000E+00,0.00000000E+00,4.13250846E+03,-1.27047026E+03
5.00000000E+04,potential,surface_10_8,1.40000000E+01,1.00000000E+01,0.00000000E+00,3.42246794E+03,-1.19237142E+03
5.00000000E+04,potential,surface_10_9,1.40000000E+01,1.20000000E+01,0.00000000E+00,3.18520807E+03,-1.20838389E+03
5.00000000E+04,potential,surface_10_10,1.40000000E+01,1.40000000E+01,0.00000000E+00,3.18526240E+03,-1.26998946E+03
5.00000000E+04,potential,surface_10_11,1.40000000E+01,1.60000000E+01,0.00000000E+00,3.67418710E+03,-1.47426638E+03
5.00000000E+04,potential,surface_10_12,1.40000000E+01,1.80000000E+01,0.00000000E+00,2.32357608E+03,-1.06869119E+03
5.00000000E+04,potential,surface_10_13,1.40000000E+01,2.00000000E+01,0.00000000E+00,1.66878058E+03,-8.79396056E+02
5.00000000E+04,potential,surface_11_1,1.60000000E+01,-4.00000000E+00,0.00000000E+00,1.59038974E+03,-6.20278411E+02
5.00000000E+04,potential,surface_11_2,1.60000000E+01,-2.00000000E+00,0.00000000E+00,2.15954857E+03,-7.04359635E+02
5.00000000E+04,potential,surface_11_3,1.60000000E+01,0.00000000E+00,0.00000000E+00,3.57663263E+03,-9.06666569E+02
5.00000000E+04,potential,surface_11_4,1.60000000E+01,2.00000000E+00,0.00000000E+00,3.86071418E+03,-1.03196653E+03
5.00000000E+04,potential,surface_11_5,1.60000000E+01,4.00000000E+00,0.00000000E+00,3.87617520E+03,-1.13106351E+03
5.00000000E+04,potential,surface_11_6,1.60000000E+01,6.00000000E+00,0.00000000E+00,3.92190483E+03,-1.22833174E+03
5.00000000E+04,potential,surface_11_7,1.60000000E+01,8.00000000E+00,0.00000000E+00,4.18760859E+03,-1.37128153E+03
5.00000000E+04,potential,surface_11_8,1.60000000E+01,1.00000000E+01,0.00000000E+00,3.85693949E+03,-1.38115425E+03
5.00000000E+04,potential,surface_11_9,1.60000000E+01,1.20000000E+01,0.00000000E+00,3.74837743E+03,-1.43275769E+03
5.00000000E+04,potential,surface_11_10,1.60000000E+01,1.40000000E+01,0.00000000E+00,3.67418710E+03,-1.47426638E+03
5.00000000E+04,potential,surface_11_11,1.60000000E+01,1.60000000E+01,0.00000000E+00,3.36287312E+03,-1.41649316E+03
5.00000000E+04,potential,surface_11_12,1.60000000E+01,1.80000000E+01,0.00000000E+00,2.03229143E+03,-1.00066531E+03
5.00000000E+04,potential,surface_11_13,1.60000000E+01,2.00000000E+01,0.00000000E+00,1.49189612E+03,-8.37685897E+02
5.00000000E+04,potential,surface_12_1,1.80000000E+01,-4.00000000E+00,0.00000000E+00,1.35581258E+03,-6.10680686E+02
5.00000000E+04,potential,surface_12_2,1.80000000E+01,-2.00000000E+00,0.00000000E+00,1.70694062E+03,-6.78085419E+02
5.00000000E+04,potential,surface_12_3,1.80000000E+01,0.00000000E+00,0.00000000E+00,2.13740411E+03,-7.64222385E+02
5.00000000E+04,potential,surface_12_4,1.80000000E+01,2.00000000E+00,0.00000000E+00,2.42126684E+03,-8.45925603E+02
5.00000000E+04,potential,surface_12_5,1.80000000E+01,4.00000000E+00,0.00000000E+00,2.53981105E+03,-9.15516330E+02
5.00000000E+04,potential,surface_12_6,1.80000000E+01,6.00000000E+00,0.00000000E+00,2.60182063E+03,-9.78280049E+02
5.00000000E+04,potential,surface_12_7,1.80000000E+01,8.00000000E+00,0.00000000E+00,2.62355585E+03,-1.03160178E+03
5.00000000E+04,potential,surface_12_8,1.80000000E+01,1.00000000E+01,0.00000000E+00,2.56471107E+03,-1.06306861E+03
5.00000000E+04,potential,surface_12_9,1.80000000E+01,1.20000000E+01,0.00000000E+00,2.46851631E+03,-1.07845828E+03
5.00000000E+04,potential,surface_12_10,1.80000000E+01,1.40000000E+01,0.00000000E+00,2.32357608E+03,-1.06869119E+03
5.00000000E+04,potential,surface_12_11,1.80000000E+01,1.60000000E+01,0.00000000E+00,2.03229143E+03,-1.00066531E+03
5.00000000E+04,potential,surface_12_12,1.80000000E+01,1.80000000E+01,0.00000000E+00,1.61420426E+03,-8.79658289E+02
5.00000000E+04,potential,surface_12_13,1.80000000E+01,2.00000000E+01,0.00000000E+00,1.27561572E+03,-7.76243838E+02
5.00000000E+04,potential,surface_13_1,2.00000000E+01,-4.00000000E+00,0.00000000E+00,1.12956809E+03,-5.87932846E+02
5.00000000E+04,potential,surface_13_2,2.00000000E+01,-2.00000000E+00,0.00000000E+00,1.34332522E+03,-6.39514845E+02
5.00000000E+04,potential,surface_13_3,2.00000000E+01,0.00000000E+00,0.00000000E+00,1.55979526E+03,-6.95586444E+02
5.00000000E+04,potential,surface_13_4,2.00000000E+01,2.00000000E+00,0.00000000E+00,1.72916371E+03,-7.50377644E+02
5.00000000E+04,potential,surface_13_5,2.00000000E+01,4.00000000E+00,0.00000000E+00,1.83323794E+03,-7.99645309E+02
5.00000000E+04,potential,surface_13_6,2.00000000E+01,6.00000000E+00,0.00000000E+00,1.88674992E+03,-8.41700429E+02
5.00000000E+04,potential,surface_13_7,2.00000000E+01,8.00000000E+00,0.00000000E+00,1.89712201E+03,-8.73870061E+02
5.00000000E+04,potential,surface_13_8,2.00000000E+01,1.00000000E+01,0.00000000E+00,1.86320844E+03,-8.92678107E+02
5.00000000E+04,potential,surface_13_9,2.00000000E+01,1.20000000E+01,0.00000000E+00,1.78859581E+03,-8.95948543E+02
5.00000000E+04,potential,surface_13_10,2.00000000E+01,1.40000000E+01,0.00000000E+00,1.66878058E+03,-8.79396056E+02
5.00000000E+04,potential,surface_13_11,2.00000000E+01,1.60000000E+01,0.00000000E+00,1.49189612E+03,-8.37685897E+02
5.00000000E+04,potential,surface_13_12,2.00000000E+01,1.80000000E+01,0.00000000E+00,1.27561572E+03,-7.76243838E+02
5.00000000E+04,potential,surface_13_13,2.00000000E+01,2.00000000E+01,0.00000000E+00,1.06559474E+03,-7.10903652E+02
5.00000000E+04,stepMap,surface_1_1,-4.00000000E+00,-4.00000000E+00,0.00000000E+00,1.79128086E+02,0.00000000E+00
5.00000000E+04,stepMap,surface_1_2,-4.00000000E+00,-2.00000000E+00,0.00000000E+00,2.41268829E+02,0.00000000E+00
5.00000000E+04,stepMap,surface_1_3,-4.00000000E+00,0.00000000E+00,0.00000000E+00,2.84918709E+02,0.00000000E+00
5.00000000E+04,stepMap,surface_1_4,-4.00000000E+00,2.00000000E+00,0.00000000E+00,3.30756425E+02,0.00000000E+00
5.00000000E+04,stepMap,surface_1_5,-4.00000000E+00,4.00000000E+00,0.00000000E+00,3.34887387E+02,0.00000000E+00
5.00000000E+04,stepMap,surface_1_6,-4.00000000E+00,6.00000000E+00,0.00000000E+00,3.34227292E+02,0.00000000E+00
5.00000000E+04,stepMap,surface_1_7,-4.00000000E+00,8.00000000E+00,0.00000000E+00,3.33400250E+02,0.00000000E+00
5.00000000E+04,stepMap,surface_1_8,-4.00000000E+00,1.00000000E+01,0.00000000E+00,3.22824515E+02,0.00000000E+00
5.00000000E+04,stepMap,surface_1_9,-4.00000000E+00,1.20000000E+01,0.00000000E+00,3.10985374E+02,0.00000000E+00
5.00000000E+04,stepMap,surface_1_10,-4.00000000E+00,1.40000000E+01,0.00000000E+00,2.93596536E+02,0.00000000E+00
5.00000000E+04,stepMap,surface_1_11,-4.00000000E+00,1.60000000E+01,0.00000000E+00,2.54965147E+02,0.00000000E+00
5.00000000E+04,stepMap,surface_1_12,-4.00000000E+00,1.80000000E+01,0.00000000E+00,2.15987486E+02,0.00000000E+00
5.00000000E+04,stepMap,surface_1_13,-4.00000000E+00,2.00000000E+01,0.00000000E+00,1.63809023E+02,0.00000000E+00
5.00000000E+04,stepMap,surface_2_1,-2.00000000E+00,-4.00000000E+00,0.00000000E+00,2.41268829E+02,0.00000000E+00
5.00000000E+04,stepMap,surface_2_2,-2.00000000E+00,-2.00000000E+00,0.00000000E+00,4.39868423E+02,0.00000000E+00
5.00000000E+04,stepMap,surface_2_3,-2.00000000E+00,0.00000000E+00,0.00000000E+00,7.17050361E+02,0.00000000E+00
5.00000000E+04,stepMap,surface_2_4,-2.00000000E+00,2.00000000E+00,0.00000000E+00,7.28408726E+02,0.00000000E+00
5.00000000E+04,stepMap,surface_2_5,-2.00000000E+00,4.00000000E+00,0.00000000E+00,6.70220693E+02,0.00000000E+00
5.00000000E+04,stepMap,surface_2_6,-2.00000000E+00,6.00000000E+00,0.00000000E+00,6.45742835E+02,0.00000000E+00
5.00000000E+04,stepMap,surface_2_7,-2.00000000E+00,8.00000000E+00,0.00000000E+00,6.76464897E+02,0.00000000E+00
5.00000000E+04,stepMap,surface_2_8,-2.00000000E+00,1.00000000E+01,0.00000000E+00,6.16678529E+02,0.00000000E+00
5.00000000E+04,stepMap,surface_2_9,-2.00000000E+00,1.20000000E+01,0.00000000E+00,6.06891921E+02,0.00000000E+00
5.00000000E+04,stepMap,surface_2_10,-2.00000000E+00,1.40000000E+01,0.00000000E+00,6.23356061E+02,0.00000000E+00
5.00000000E+04,stepMap,surface_2_11,-2.00000000E+00,1.60000000E+01,0.00000000E+00,5.27746384E+02,0.00000000E+00
5.00000000E+04,stepMap,surface_2_12,-2.00000000E+00,1.80000000E+01,0.00000000E+00,3.59405281E+02,0.00000000E+00
5.00000000E+04,stepMap,surface_2_13,-2.00000000E+00,2.00000000E+01,0.00000000E+00,2.14756620E+02,0.00000000E+00
5.00000000E+04,stepMap,surface_3_1,0.00000000E+00,-4.00000000E+00,0.00000000E+00,2.84918709E+02,0.00000000E+00
5.00000000E+04,stepMap,surface_3_2,0.00000000E+00,-2.00000000E+00,0.00000000E+00,7.17050361E+02,0.00000000E+00
5.00000000E+04,stepMap,surface_3_3,0.00000000E+00,0.00000000E+00,0.00000000E+00,3.44817422E+03,0.00000000E+00
5.00000000E+04,stepMap,surface_3_4,0.00000000E+00,2.00000000E+00,0.00000000E+00,9.66401421E+02,0.00000000E+00
5.00000000E+04,stepMap,surface_3_5,0.00000000E+00,4.00000000E+00,0.00000000E+00,8.58694463E+02,0.00000000E+00
5.00000000E+04,stepMap,surface_3_6,0.00000000E+00,6.00000000E+00,0.00000000E+00,8.17736588E+02,0.00000000E+00
5.00000000E+04,stepMap,surface_3_7,0.00000000E+00,8.00000000E+00,0.00000000E+00,1.02880118E+03,0.00000000E+00
5.00000000E+04,stepMap,surface_3_8,0.00000000E+00,1.00000000E+01,0.00000000E+00,7.78577584E+02,0.00000000E+00
5.00000000E+04,stepMap,surface_3_9,0.00000000E+00,1.20000000E+01,0.00000000E+00,7.72371337E+02,0.00000000E+00
5.00000000E+04,stepMap,surface_3_10,0.00000000E+00,1.40000000E+01,0.00000000E+00,8.31879080E+02,0.00000000E+00
5.00000000E+04,stepMap,surface_3_11,0.00000000E+00,1.60000000E+01,0.00000000E+00,1.05892274E+03,0.00000000E+00
5.00000000E+04,stepMap,surface_3_12,0.00000000E+00,1.80000000E+01,0.00000000E+00,5.27276061E+02,0.00000000E+00
5.00000000E+04,stepMap,surface_3_13,0.00000000E+00,2.00000000E+01,0.00000000E+00,2.51316124E+02,0.00000000E+00
5.00000000E+04,stepMap,surface_4_1,2.00000000E+00,-4.00000000E+00,0.00000000E+00,3.30756425E+02,0.00000000E+00
5.00000000E+04,stepMap,surface_4_2,2.00000000E+00,-2.00000000E+00,0.00000000E+00,7.28408726E+02,0.00000000E+00
5.00000000E+04,stepMap,surface_4_3,2.00000000E+00,0.00000000E+00,0.00000000E+00,9.66401421E+02,0.00000000E+00
5.00000000E+04,stepMap,surface_4_4,2.00000000E+00,2.00000000E+00,0.00000000E+00,3.87508345E+02,0.00000000E+00
5.00000000E+04,stepMap,surface_4_5,2.00000000E+00,4.00000000E+00,0.00000000E+00,3.42007493E+02,0.00000000E+00
5.00000000E+04,stepMap,surface_4_6,2.00000000E+00,6.00000000E+00,0.00000000E+00,2.87742788E+02,0.00000000E+00
5.00000000E+04,stepMap,surface_4_7,2.00000000E+00,8.00000000E+00,0.00000000E+00,4.73456456E+02,0.00000000E+00
5.00000000E+04,stepMap,surface_4_8,2.00000000E+00,1.00000000E+01,0.00000000E+00,3.28714777E+02,0.00000000E+00
5.00000000E+04,stepMap,surface_4_9,2.00000000E+00,1.20000000E+01,0.00000000E+00,2.62149955E+02,0.00000000E+00
5.00000000E+04,stepMap,surface_4_10,2.00000000E+00,1.40000000E+01,0.00000000E+00,2.19894844E+02,0.00000000E+00
5.00000000E+04,stepMap,surface_4_11,2.00000000E+00,1.60000000E+01,0.00000000E+00,8.29556921E+02,0.00000000E+00
5.00000000E+04,stepMap,surface_4_12,2.00000000E+00,1.80000000E+01,0.00000000E+00,6.21863034E+02,0.00000000E+00
5.00000000E+04,stepMap,surface_4_13,2.00000000E+00,2.00000000E+01,0.00000000E+00,2.93835477E+02,0.00000000E+00
5.00000000E+04,stepMap,surface_5_1,4.00000000E+00,-4.00000000E+00,0.00000000E+00,3.34887387E+02,0.00000000E+00
5.00000000E+04,stepMap,surface_5_2,4.00000000E+00,-2.00000000E+00,0.00000000E+00,6.70220693E+02,0.00000000E+00
5.00000000E+04,stepMap,surface_5_3,4.00000000E+00,0.00000000E+00,0.00000000E+00,8.58694463E+02,0.00000000E+00
5.00000000E+04,stepMap,surface_5_4,4.00000000E+00,2.00000000E+00,0.00000000E+00,3.42007493E+02,0.00000000E+00
5.00000000E+04,stepMap,surface_5_5,4.00000000E+00,4.00000000E+00,0.00000000E+00,1.38542253E+02,0.00000000E+00
5.00000000E+04,stepMap,surface_5_6,4.00000000E+00,6.00000000E+00,0.00000000E+00,3.09325183E+02,0.00000000E+00
5.00000000E+04,stepMap,surface_5_7,4.00000000E+00,8.00000000E+00,0.00000000E+00,4.78354464E+02,0.00000000E+00
5.00000000E+04,stepMap,surface_5_8,4.00000000E+00,1.00000000E+01,0.00000000E+00,3.42659267E+02,0.00000000E+00
5.00000000E+04,stepMap,surface_5_9,4.00000000E+00,1.20000000E+01,0.00000000E+00,1.12689695E+02,0.00000000E+00
5.00000000E+04,stepMap,surface_5_10,4.00000000E+00,1.40000000E+01,0.00000000E+00,2.35522051E+02,0.00000000E+00
5.00000000E+04,stepMap,surface_5_11,4.00000000E+00,1.60000000E+01,0.00000000E+00,7.57438442E+02,0.00000000E+00
5.00000000E+04,stepMap,surface_5_12,4.00000000E+00,1.80000000E+01,0.00000000E+00,5.96198919E+02,0.00000000E+00
5.00000000E+04,stepMap,surface_5_13,4.00000000E+00,2.00000000E+01,0.00000000E+00,3.07467654E+02,0.00000000E+00
5.00000000E+04,stepMap,surface_6_1,6.00000000E+00,-4.00000000E+00,0.00000000E+00,3.34227292E+02,0.00000000E+00
5.00000000E+04,stepMap,surface_6_2,6.00000000E+00,-2.00000000E+00,0.00000000E+00,6.45742835E+02,0.00000000E+00
5.00000000E+04,stepMap,surface_6_3,6.00000000E+00,0.00000000E+00,0.00000000E+00,8.17736588E+02,0.00000000E+00
5.00000000E+04,stepMap,surface_6_4,6.00000000E+00,2.00000000E+00,0.00000000E+00,2.87742788E+02,0.00000000E+00
5.00000000E+04,stepMap,surface_6_5,6.00000000E+00,4.00000000E+00,0.00000000E+00,3.09325183E+02,0.00000000E+00
5.00000000E+04,stepMap,surface_6_6,6.00000000E+00,6.00000000E+00,0.00000000E+00,3.14661262E+02,0.00000000E+00
5.00000000E+04,stepMap,surface_6_7,6.00000000E+00,8.00000000E+00,0.00000000E+00,4.05817594E+02,0.00000000E+00
5.00000000E+04,stepMap,surface_6_8,6.00000000E+00,1.00000000E+01,0.00000000E+00,3.20656828E+02,0.00000000E+00
5.00000000E+04,stepMap,surface_6_9,6.00000000E+00,1.20000000E+01,0.00000000E+00,3.02786150E+02,0.00000000E+00
5.00000000E+04,stepMap,surface_6_10,6.00000000E+00,1.40000000E+01,0.00000000E+00,2.78081902E+02,0.00000000E+00
5.00000000E+04,stepMap,surface_6_11,6.00000000E+00,1.60000000E+01,0.00000000E+00,7.48988329E+02,0.00000000E+00
5.00000000E+04,stepMap,surface_6_12,6.00000000E+00,1.80000000E+01,0.00000000E+00,5.94570706E+02,0.00000000E+00
5.00000000E+04,stepMap,surface_6_13,6.00000000E+00,2.00000000E+01,0.00000000E+00,3.14306143E+02,0.00000000E+00
5.00000000E+04,stepMap,surface_7_1,8.00000000E+00,-4.00000000E+00,0.00000000E+00,3.33400250E+02,0.00000000E+00
5.00000000E+04,stepMap,surface_7_2,8.00000000E+00,-2.00000000E+00,0.00000000E+00,6.76464897E+02,0.00000000E+00
5.00000000E+04,stepMap,surface_7_3,8.00000000E+00,0.00000000E+00,0.00000000E+00,1.02880118E+03,0.00000000E+00
5.00000000E+04,stepMap,surface_7_4,8.00000000E+00,2.00000000E+00,0.00000000E+00,4.73456456E+02,0.00000000E+00
5.00000000E+04,stepMap,surface_7_5,8.00000000E+00,4.00000000E+00,0.00000000E+00,4.78354464E+02,0.00000000E+00
5.00000000E+04,stepMap,surface_7_6,8.00000000E+00,6.00000000E+00,0.00000000E+00,4.05817594E+02,0.00000000E+00
5.00000000E+04,stepMap,surface_7_7,8.00000000E+00,8.00000000E+00,0.00000000E+00,4.68347549E+02,0.00000000E+00
5.00000000E+04,stepMap,surface_7_8,8.00000000E+00,1.00000000E+01,0.00000000E+00,3.87134318E+02,0.00000000E+00
5.00000000E+04,stepMap,surface_7_9,8.00000000E+00,1.20000000E+01,0.00000000E+00,4.44887489E+02,0.00000000E+00
5.00000000E+04,stepMap,surface_7_10,8.00000000E+00,1.40000000E+01,0.00000000E+00,4.24432118E+02,0.00000000E+00
5.00000000E+04,stepMap,surface_7_11,8.00000000E+00,1.60000000E+01,0.00000000E+00,9.63779844E+02,0.00000000E+00
5.00000000E+04,stepMap,surface_7_12,8.00000000E+00,1.80000000E+01,0.00000000E+00,6.36734411E+02,0.00000000E+00
5.00000000E+04,stepMap,surface_7_13,8.00000000E+00,2.00000000E+01,0.00000000E+00,3.18544582E+02,0.00000000E+00
5.00000000E+04,stepMap,surface_8_1,1.00000000E+01,-4.00000000E+00,0.00000000E+00,3.22824515E+02,0.00000000E+00
5.00000000E+04,stepMap,surface_8_2,1.00000000E+01,-2.00000000E+00,0.00000000E+00,6.16678529E+02,0.00000000E+00
5.00000000E+04,stepMap,surface_8_3,1.00000000E+01,0.00000000E+00,0.00000000E+00,7.78577584E+02,0.00000000E+00
5.00000000E+04,stepMap,surface_8_4,1.00000000E+01,2.00000000E+00,0.00000000E+00,3.28714777E+02,0.00000000E+00
5.00000000E+04,stepMap,surface_8_5,1.00000000E+01,4.00000000E+00,0.00000000E+00,3.42659267E+02,0.00000000E+00
5.00000000E+04,stepMap,surface_8_6,1.00000000E+01,6.00000000E+00,0.00000000E+00,3.20656828E+02,0.00000000E+00
5.00000000E+04,stepMap,surface_8_7,1.00000000E+01,8.00000000E+00,0.00000000E+00,3.87134318E+02,0.00000000E+00
5.00000000E+04,stepMap,surface_8_8,1.00000000E+01,1.00000000E+01,0.00000000E+00,3.38324973E+02,0.00000000E+00
5.00000000E+04,stepMap,surface_8_9,1.00000000E+01,1.20000000E+01,0.00000000E+00,3.15696262E+02,0.00000000E+00
5.00000000E+04,stepMap,surface_8_10,1.00000000E+01,1.40000000E+01,0.00000000E+00,2.90060134E+02,0.00000000E+00
5.00000000E+04,stepMap,surface_8_11,1.00000000E+01,1.60000000E+01,0.00000000E+00,7.41742052E+02,0.00000000E+00
5.00000000E+04,stepMap,surface_8_12,1.00000000E+01,1.80000000E+01,0.00000000E+00,5.89062203E+02,0.00000000E+00
5.00000000E+04,stepMap,surface_8_13,1.00000000E+01,2.00000000E+01,0.00000000E+00,3.11795366E+02,0.00000000E+00
5.00000000E+04,stepMap,surface_9_1,1.20000000E+01,-4.00000000E+00,0.00000000E+00,3.10985374E+02,0.00000000E+00
5.00000000E+04,stepMap,surface_9_2,1.20000000E+01,-2.00000000E+00,0.00000000E+00,6.06891921E+02,0.00000000E+00
5.00000000E+04,stepMap,surface_9_3,1.20000000E+01,0.00000000E+00,0.00000000E+00,7.72371337E+02,0.00000000E+00
5.00000000E+04,stepMap,surface_9_4,1.20000000E+01,2.00000000E+00,0.00000000E+00,2.62149955E+02,0.00000000E+00
5.00000000E+04,stepMap,surface_9_5,1.20000000E+01,4.00000000E+00,0.00000000E+00,1.12689695E+02,0.00000000E+00
5.00000000E+04,stepMap,surface_9_6,1.20000000E+01,6.00000000E+00,0.00000000E+00,3.02786150E+02,0.00000000E+00
5.00000000E+04,stepMap,surface_9_7,1.20000000E+01,8.00000000E+00,0.00000000E+00,4.44887489E+02,0.00000000E+00
5.00000000E+04,stepMap,surface_9_8,1.20000000E+01,1.00000000E+01,0.00000000E+00,3.15696262E+02,0.00000000E+00
5.00000000E+04,stepMap,surface_9_9,1.20000000E+01,1.20000000E+01,0.00000000E+00,1.21240827E+02,0.00000000E+00
5.00000000E+04,stepMap,surface_9_10,1.20000000E+01,1.40000000E+01,0.00000000E+00,2.31504927E+02,0.00000000E+00
5.00000000E+04,stepMap,surface_9_11,1.20000000E+01,1.60000000E+01,0.00000000E+00,7.42877269E+02,0.00000000E+00
5.00000000E+04,stepMap,surface_9_12,1.20000000E+01,1.80000000E+01,0.00000000E+00,5.85125818E+02,0.00000000E+00
5.00000000E+04,stepMap,surface_9_13,1.20000000E+01,2.00000000E+01,0.00000000E+00,3.02575286E+02,0.00000000E+00
5.00000000E+04,stepMap,surface_10_1,1.40000000E+01,-4.00000000E+00,0.00000000E+00,2.93596536E+02,0.00000000E+00
5.00000000E+04,stepMap,surface_10_2,1.40000000E+01,-2.00000000E+00,0.00000000E+00,6.23356061E+02,0.00000000E+00
5.00000000E+04,stepMap,surface_10_3,1.40000000E+01,0.00000000E+00,0.00000000E+00,8.31879080E+02,0.00000000E+00
5.00000000E+04,stepMap,surface_10_4,1.40000000E+01,2.00000000E+00,0.00000000E+00,2.19894844E+02,0.00000000E+00
5.00000000E+04,stepMap,surface_10_5,1.40000000E+01,4.00000000E+00,0.00000000E+00,2.35522051E+02,0.00000000E+00
5.00000000E+04,stepMap,surface_10_6,1.40000000E+01,6.00000000E+00,0.00000000E+00,2.78081902E+02,0.00000000E+00
5.00000000E+04,stepMap,surface_10_7,1.40000000E+01,8.00000000E+00,0.00000000E+00,4.24432118E+02,0.00000000E+00
5.00000000E+04,stepMap,surface_10_8,1.40000000E+01,1.00000000E+01,0.00000000E+00,2.90060134E+02,0.00000000E+00
5.00000000E+04,stepMap,surface_10_9,1.40000000E+01,1.20000000E+01,0.00000000E+00,2.31504927E+02,0.00000000E+00
5.00000000E+04,stepMap,surface_10_10,1.40000000E+01,1.40000000E+01,0.00000000E+00,1.94234399E+02,0.00000000E+00
5.00000000E+04,stepMap,surface_10_11,1.40000000E+01,1.60000000E+01,0.00000000E+00,8.05492795E+02,0.00000000E+00
5.00000000E+04,stepMap,surface_10_12,1.40000000E+01,1.80000000E+01,0.00000000E+00,6.04709577E+02,0.00000000E+00
5.00000000E+04,stepMap,surface_10_13,1.40000000E+01,2.00000000E+01,0.00000000E+00,2.87096938E+02,0.00000000E+00
5.00000000E+04,stepMap,surface_11_1,1.60000000E+01,-4.00000000E+00,0.00000000E+00,2.54965147E+02,0.00000000E+00
5.00000000E+04,stepMap,surface_11_2,1.60000000E+01,-2.00000000E+00,0.00000000E+00,5.27746384E+02,0.00000000E+00
5.00000000E+04,stepMap,surface_11_3,1.60000000E+01,0.00000000E+00,0.00000000E+00,1.05892274E+03,0.00000000E+00
5.00000000E+04,stepMap,surface_11_4,1.60000000E+01,2.00000000E+00,0.00000000E+00,8.29556921E+02,0.00000000E+00
5.00000000E+04,stepMap,surface_11_5,1.60000000E+01,4.00000000E+00,0.00000000E+00,7.57438442E+02,0.00000000E+00
5.00000000E+04,stepMap,surface_11_6,1.60000000E+01,6.00000000E+00,0.00000000E+00,7.48988329E+02,0.00000000E+00
5.00000000E+04,stepMap,surface_11_7,1.60000000E+01,8.00000000E+00,0.00000000E+00,9.63779844E+02,0.00000000E+00
5.00000000E+04,stepMap,surface_11_8,1.60000000E+01,1.00000000E+01,0.00000000E+00,7.41742052E+02,0.00000000E+00
5.00000000E+04,stepMap,surface_11_9,1.60000000E+01,1.20000000E+01,0.00000000E+00,7.42877269E+02,0.00000000E+00
5.00000000E+04,stepMap,surface_11_10,1.60000000E+01,1.40000000E+01,0.00000000E+00,8.05492795E+02,0.00000000E+00
5.00000000E+04,stepMap,surface_11_11,1.60000000E+01,1.60000000E+01,0.00000000E+00,1.02593922E+03,0.00000000E+00
5.00000000E+04,stepMap,surface_11_12,1.60000000E+01,1.80000000E+01,0.00000000E+00,5.11235187E+02,0.00000000E+00
5.00000000E+04,stepMap,surface_11_13,1.60000000E+01,2.00000000E+01,0.00000000E+00,2.48165179E+02,0.00000000E+00
5.00000000E+04,stepMap,surface_12_1,1.80000000E+01,-4.00000000E+00,0.00000000E+00,2.15987486E+02,0.00000000E+00
5.00000000E+04,stepMap,surface_12_2,1.80000000E+01,-2.00000000E+00,0.00000000E+00,3.59405281E+02,0.00000000E+00
5.00000000E+04,stepMap,surface_12_3,1.80000000E+01,0.00000000E+00,0.00000000E+00,5.27276061E+02,0.00000000E+00
5.00000000E+04,stepMap,surface_12_4,1.80000000E+01,2.00000000E+00,0.00000000E+00,6.21863034E+02,0.00000000E+00
5.00000000E+04,stepMap,surface_12_5,1.80000000E+01,4.00000000E+00,0.00000000E+00,5.96198919E+02,0.00000000E+00
5.00000000E+04,stepMap,surface_12_6,1.80000000E+01,6.00000000E+00,0.00000000E+00,5.94570706E+02,0.00000000E+00
5.00000000E+04,stepMap,surface_12_7,1.80000000E+01,8.00000000E+00,0.00000000E+00,6.36734411E+02,0.00000000E+00
5.00000000E+04,stepMap,surface_12_8,1.80000000E+01,1.00000000E+01,0.00000000E+00,5.89062203E+02,0.00000000E+00
5.00000000E+04,stepMap,surface_12_9,1.80000000E+01,1.20000000E+01,0.00000000E+00,5.85125818E+02,0.00000000E+00
5.00000000E+04,stepMap,surface_12_10,1.80000000E+01,1.40000000E+01,0.00000000E+00,6.04709577E+02,0.00000000E+00
5.00000000E+04,stepMap,surface_12_11,1.80000000E+01,1.60000000E+01,0.00000000E+00,5.11235187E+02,0.00000000E+00
5.00000000E+04,stepMap,surface_12_12,1.80000000E+01,1.80000000E+01,0.00000000E+00,3.50839668E+02,0.00000000E+00
5.00000000E+04,stepMap,surface_12_13,1.80000000E+01,2.00000000E+01,0.00000000E+00,2.11475123E+02,0.00000000E+00
5.00000000E+04,stepMap,surface_13_1,2.00000000E+01,-4.00000000E+00,0.00000000E+00,1.63809023E+02,0.00000000E+00
5.00000000E+04,stepMap,surface_13_2,2.00000000E+01,-2.00000000E+00,0.00000000E+00,2.14756620E+02,0.00000000E+00
5.00000000E+04,stepMap,surface_13_3,2.00000000E+01,0.00000000E+00,0.00000000E+00,2.51316124E+02,0.00000000E+00
5.00000000E+04,stepMap,surface_13_4,2.00000000E+01,2.00000000E+00,0.00000000E+00,2.93835477E+02,0.00000000E+00
5.00000000E+04,stepMap,surface_13_5,2.00000000E+01,4.00000000E+00,0.00000000E+00,3.07467654E+02,0.00000000E+00
5.00000000E+04,stepMap,surface_13_6,2.00000000E+01,6.00000000E+00,0.00000000E+00,3.14306143E+02,0.00000000E+00
5.00000000E+04,stepMap,surface_13_7,2.00000000E+01,8.00000000E+00,0.00000000E+00,3.18544582E+02,0.00000000E+00
5.00000000E+04,stepMap,surface_13_8,2.00000000E+01,1.00000000E+01,0.00000000E+00,3.11795366E+02,0.00000000E+00
5.00000000E+04,stepMap,surface_13_9,2.00000000E+01,1.20000000E+01,0.00000000E+00,3.02575286E+02,0.00000000E+00
5.00000000E+04,stepMap,surface_13_10,2.00000000E+01,1.40000000E+01,0.00000000E+00,2.87096938E+02,0.00000000E+00
5.00000000E+04,stepMap,surface_13_11,2.00000000E+01,1.60000000E+01,0.00000000E+00,2.48165179E+02,0.00000000E+00
5.00000000E+04,stepMap,surface_13_12,2.00000000E+01,1.80000000E+01,0.00000000E+00,2.11475123E+02,0.00000000E+00
5.00000000E+04,stepMap,surface_13_13,2.00000000E+01,2.00000000E+01,0.00000000E+00,1.61392340E+02,0.00000000E+00
5.00000000E+04,gpr,tower,,,,5.90137065E+03,2.49567623E+03
5.00000000E+04,touch,tower,,,,3.78728596E+03,0.00000000E+00
5.00000000E+04,step,edge,,,,-9.41657343E+02,2.05312044E+02
