time_s,quantity,id,value
0.00000000E+00,injectedCurrent,Node_1,0.00000000E+00
0.00000000E+00,voltage,Node_1,5.58993769E+04
0.00000000E+00,voltage,Node_2,-2.54688644E+04
0.00000000E+00,i1,Line_1_e1,1.34150469E-11
0.00000000E+00,i2,Line_1_e1,6.51884293E+02
5.00000000E-07,injectedCurrent,Node_1,2.26147865E+04
5.00000000E-07,voltage,Node_1,4.88284171E+05
5.00000000E-07,voltage,Node_2,1.31342966E+05
5.00000000E-07,i1,Line_1_e1,2.26147865E+04
5.00000000E-07,i2,Line_1_e1,-1.78057531E+04
1.00000000E-06,injectedCurrent,Node_1,2.90297189E+04
1.00000000E-06,voltage,Node_1,4.06878320E+05
1.00000000E-06,voltage,Node_2,3.48904596E+05
1.00000000E-06,i1,Line_1_e1,2.90297189E+04
1.00000000E-06,i2,Line_1_e1,-2.52945842E+04
1.50000000E-06,injectedCurrent,Node_1,3.07322567E+04
1.50000000E-06,voltage,Node_1,4.45000225E+05
1.50000000E-06,voltage,Node_2,3.84709664E+05
1.50000000E-06,i1,Line_1_e1,3.07322567E+04
1.50000000E-06,i2,Line_1_e1,-2.66564792E+04
2.00000000E-06,injectedCurrent,Node_1,3.10648473E+04
2.00000000E-06,voltage,Node_1,4.13116914E+05
2.00000000E-06,voltage,Node_2,4.21374975E+05
2.00000000E-06,i1,Line_1_e1,3.10648473E+04
2.00000000E-06,i2,Line_1_e1,-2.73953327E+04
2.50000000E-06,injectedCurrent,Node_1,3.10000195E+04
2.50000000E-06,voltage,Node_1,4.33709934E+05
2.50000000E-06,voltage,Node_2,4.15296857E+05
2.50000000E-06,i1,Line_1_e1,3.10000195E+04
2.50000000E-06,i2,Line_1_e1,-2.71273717E+04
3.00000000E-06,injectedCurrent,Node_1,3.08207369E+04
3.00000000E-06,voltage,Node_1,4.14188341E+05
3.00000000E-06,voltage,Node_2,4.26627122E+05
3.00000000E-06,i1,Line_1_e1,3.08207369E+04
3.00000000E-06,i2,Line_1_e1,-2.71854516E+04
3.50000000E-06,injectedCurrent,Node_1,3.06093238E+04
3.50000000E-06,voltage,Node_1,4.27291348E+05
3.50000000E-06,voltage,Node_2,4.17902339E+05
3.50000000E-06,i1,Line_1_e1,3.06093238E+04
3.50000000E-06,i2,Line_1_e1,-2.68372088E+04
4.00000000E-06,injectedCurrent,Node_1,3.03897250E+04
4.00000000E-06,voltage,Node_1,4.12491110E+05
4.00000000E-06,voltage,Node_2,4.23628471E+05
4.00000000E-06,i1,Line_1_e1,3.03897250E+04
4.00000000E-06,i2,Line_1_e1,-2.67912766E+04
4.50000000E-06,injectedCurrent,Node_1,3.01688993E+04
4.50000000E-06,voltage,Node_1,4.21549203E+05
4.50000000E-06,voltage,Node_2,4.15718937E+05
4.50000000E-06,i1,Line_1_e1,3.01688993E+04
4.50000000E-06,i2,Line_1_e1,-2.64720887E+04
5.00000000E-06,injectedCurrent,Node_1,2.99488629E+04
5.00000000E-06,voltage,Node_1,4.09316441E+05
5.00000000E-06,voltage,Node_2,4.19156213E+05
5.00000000E-06,i1,Line_1_e1,2.99488629E+04
5.00000000E-06,i2,Line_1_e1,-2.63920323E+04
5.50000000E-06,injectedCurrent,Node_1,2.97301941E+04
5.50000000E-06,voltage,Node_1,4.15932138E+05
5.50000000E-06,voltage,Node_2,4.12078292E+05
5.50000000E-06,i1,Line_1_e1,2.97301941E+04
5.50000000E-06,i2,Line_1_e1,-2.60990171E+04
6.00000000E-06,injectedCurrent,Node_1,2.95130528E+04
6.00000000E-06,voltage,Node_1,4.05352472E+05
6.00000000E-06,voltage,Node_2,4.14232885E+05
6.00000000E-06,i1,Line_1_e1,2.95130528E+04
6.00000000E-06,i2,Line_1_e1,-2.60006348E+04
6.50000000E-06,injectedCurrent,Node_1,2.92974774E+04
6.50000000E-06,voltage,Node_1,4.10356571E+05
6.50000000E-06,voltage,Node_2,4.07766531E+05
6.50000000E-06,i1,Line_1_e1,2.92974774E+04
6.50000000E-06,i2,Line_1_e1,-2.57268672E+04
7.00000000E-06,injectedCurrent,Node_1,2.90834709E+04
7.00000000E-06,voltage,Node_1,4.00942315E+05
7.00000000E-06,voltage,Node_2,4.09103016E+05
7.00000000E-06,i1,Line_1_e1,2.90834709E+04
7.00000000E-06,i2,Line_1_e1,-2.56169002E+04
7.50000000E-06,injectedCurrent,Node_1,2.88710258E+04
7.50000000E-06,voltage,Node_1,4.04811832E+05
7.50000000E-06,voltage,Node_2,4.03107860E+05
7.50000000E-06,i1,Line_1_e1,2.88710258E+04
7.50000000E-06,i2,Line_1_e1,-2.53577899E+04
8.00000000E-06,injectedCurrent,Node_1,2.86601321E+04
8.00000000E-06,voltage,Node_1,3.96268814E+05
8.00000000E-06,voltage,Node_2,4.03854136E+05
8.00000000E-06,i1,Line_1_e1,2.86601321E+04
8.00000000E-06,i2,Line_1_e1,-2.52400740E+04
8.50000000E-06,injectedCurrent,Node_1,2.84507788E+04
8.50000000E-06,voltage,Node_1,3.99301195E+05
8.50000000E-06,voltage,Node_2,3.98257379E+05
8.50000000E-06,i1,Line_1_e1,2.84507788E+04
8.50000000E-06,i2,Line_1_e1,-2.49926522E+04
9.00000000E-06,injectedCurrent,Node_1,2.82429547E+04
9.00000000E-06,voltage,Node_1,3.91437553E+05
9.00000000E-06,voltage,Node_2,3.98555207E+05
9.00000000E-06,i1,Line_1_e1,2.82429547E+04
9.00000000E-06,i2,Line_1_e1,-2.48696295E+04
9.50000000E-06,injectedCurrent,Node_1,2.80366487E+04
9.50000000E-06,voltage,Node_1,3.93830304E+05
9.50000000E-06,voltage,Node_2,3.93281302E+05
9.50000000E-06,i1,Line_1_e1,2.80366487E+04
9.50000000E-06,i2,Line_1_e1,-2.46318848E+04
1.00000000E-05,injectedCurrent,Node_1,2.78318497E+04
1.00000000E-05,voltage,Node_1,3.86513915E+05
1.00000000E-05,voltage,Node_2,3.93254990E+05
1.00000000E-05,i1,Line_1_e1,2.78318497E+04
1.00000000E-05,i2,Line_1_e1,-2.45052067E+04
1.05000000E-05,injectedCurrent,Node_1,2.76285466E+04
1.05000000E-05,voltage,Node_1,3.88404211E+05
1.05000000E-05,voltage,Node_2,3.88232128E+05
1.05000000E-05,i1,Line_1_e1,2.76285466E+04
1.05000000E-05,i2,Line_1_e1,-2.42757162E+04
1.10000000E-05,injectedCurrent,Node_1,2.74267286E+04
1.10000000E-05,voltage,Node_1,3.81540872E+05
1.10000000E-05,voltage,Node_2,3.87963463E+05
1.10000000E-05,i1,Line_1_e1,2.74267286E+04
1.10000000E-05,i2,Line_1_e1,-2.41465433E+04
1.15000000E-05,injectedCurrent,Node_1,2.72263849E+04
1.15000000E-05,voltage,Node_1,3.83027012E+05
1.15000000E-05,voltage,Node_2,3.83159909E+05
1.15000000E-05,i1,Line_1_e1,2.72263849E+04
1.15000000E-05,i2,Line_1_e1,-2.39242650E+04
1.20000000E-05,injectedCurrent,Node_1,2.70275046E+04
1.20000000E-05,voltage,Node_1,3.76547069E+05
1.20000000E-05,voltage,Node_2,3.82687966E+05
1.20000000E-05,i1,Line_1_e1,2.70275046E+04
1.20000000E-05,i2,Line_1_e1,-2.37934421E+04
1.25000000E-05,injectedCurrent,Node_1,2.68300770E+04
1.25000000E-05,voltage,Node_1,3.77703434E+05
1.25000000E-05,voltage,Node_2,3.78083418E+05
1.25000000E-05,i1,Line_1_e1,2.68300770E+04
1.25000000E-05,i2,Line_1_e1,-2.35775752E+04
1.30000000E-05,injectedCurrent,Node_1,2.66340916E+04
1.30000000E-05,voltage,Node_1,3.71550895E+05
1.30000000E-05,voltage,Node_2,3.77450955E+05
1.30000000E-05,i1,Line_1_e1,2.66340916E+04
1.30000000E-05,i2,Line_1_e1,-2.34457555E+04
1.35000000E-05,injectedCurrent,Node_1,2.64395379E+04
1.35000000E-05,voltage,Node_1,3.72437264E+05
1.35000000E-05,voltage,Node_2,3.73011466E+05
1.35000000E-05,i1,Line_1_e1,2.64395379E+04
1.35000000E-05,i2,Line_1_e1,-2.32356539E+04
1.40000000E-05,injectedCurrent,Node_1,2.62464052E+04
1.40000000E-05,voltage,Node_1,3.66568114E+05
1.40000000E-05,voltage,Node_2,3.72255488E+05
1.40000000E-05,i1,Line_1_e1,2.62464052E+04
1.40000000E-05,i2,Line_1_e1,-2.31033372E+04
1.45000000E-05,injectedCurrent,Node_1,2.60546834E+04
1.45000000E-05,voltage,Node_1,3.67227448E+05
1.45000000E-05,voltage,Node_2,3.67968580E+05
1.45000000E-05,i1,Line_1_e1,2.60546834E+04
1.45000000E-05,i2,Line_1_e1,-2.28985153E+04
1.50000000E-05,injectedCurrent,Node_1,2.58643620E+04
1.50000000E-05,voltage,Node_1,3.61611273E+05
1.50000000E-05,voltage,Node_2,3.67099960E+05
1.50000000E-05,i1,Line_1_e1,2.58643620E+04
1.50000000E-05,i2,Line_1_e1,-2.27660545E+04
1.55000000E-05,injectedCurrent,Node_1,2.56754308E+04
1.55000000E-05,voltage,Node_1,3.62077493E+05
1.55000000E-05,voltage,Node_2,3.62956075E+05
1.55000000E-05,i1,Line_1_e1,2.56754308E+04
1.55000000E-05,i2,Line_1_e1,-2.25661166E+04
1.60000000E-05,injectedCurrent,Node_1,2.54878798E+04
1.60000000E-05,voltage,Node_1,3.56684408E+05
1.60000000E-05,voltage,Node_2,3.62002102E+05
1.60000000E-05,i1,Line_1_e1,2.54878798E+04
1.60000000E-05,i2,Line_1_e1,-2.24338313E+04
1.65000000E-05,injectedCurrent,Node_1,2.53016987E+04
1.65000000E-05,voltage,Node_1,3.56989015E+05
1.65000000E-05,voltage,Node_2,3.57977670E+05
1.65000000E-05,i1,Line_1_e1,2.53016987E+04
1.65000000E-05,i2,Line_1_e1,-2.22384180E+04
1.70000000E-05,injectedCurrent,Node_1,2.51168776E+04
1.70000000E-05,voltage,Node_1,3.51797281E+05
1.70000000E-05,voltage,Node_2,3.56953564E+05
1.70000000E-05,i1,Line_1_e1,2.51168776E+04
1.70000000E-05,i2,Line_1_e1,-2.21065396E+04
1.75000000E-05,injectedCurrent,Node_1,2.49334066E+04
1.75000000E-05,voltage,Node_1,3.51960601E+05
1.75000000E-05,voltage,Node_2,3.53047099E+05
1.75000000E-05,i1,Line_1_e1,2.49334066E+04
1.75000000E-05,i2,Line_1_e1,-2.19153926E+04
1.80000000E-05,injectedCurrent,Node_1,2.47512758E+04
1.80000000E-05,voltage,Node_1,3.46951353E+05
1.80000000E-05,voltage,Node_2,3.51961832E+05
1.80000000E-05,i1,Line_1_e1,2.47512758E+04
1.80000000E-05,i2,Line_1_e1,-2.17841136E+04
1.85000000E-05,injectedCurrent,Node_1,2.45704754E+04
1.85000000E-05,voltage,Node_1,3.46995548E+05
1.85000000E-05,voltage,Node_2,3.48160051E+05
1.85000000E-05,i1,Line_1_e1,2.45704754E+04
1.85000000E-05,i2,Line_1_e1,-2.15969689E+04
1.90000000E-05,injectedCurrent,Node_1,2.43909957E+04
1.90000000E-05,voltage,Node_1,3.42152682E+05
1.90000000E-05,voltage,Node_2,3.47025525E+05
1.90000000E-05,i1,Line_1_e1,2.43909957E+04
1.90000000E-05,i2,Line_1_e1,-2.14664469E+04
1.95000000E-05,injectedCurrent,Node_1,2.42128270E+04
1.95000000E-05,voltage,Node_1,3.42091464E+05
1.95000000E-05,voltage,Node_2,3.43325038E+05
1.95000000E-05,i1,Line_1_e1,2.42128270E+04
1.95000000E-05,i2,Line_1_e1,-2.12831168E+04
2.00000000E-05,injectedCurrent,Node_1,2.40359598E+04
2.00000000E-05,voltage,Node_1,3.37401419E+05
2.00000000E-05,voltage,Node_2,3.42149699E+05
2.00000000E-05,i1,Line_1_e1,2.40359598E+04
2.00000000E-05,i2,Line_1_e1,-2.11534786E+04
2.05000000E-05,injectedCurrent,Node_1,2.38603846E+04
2.05000000E-05,voltage,Node_1,3.37250589E+05
2.05000000E-05,voltage,Node_2,3.38539129E+05
2.05000000E-05,i1,Line_1_e1,2.38603846E+04
2.05000000E-05,i2,Line_1_e1,-2.09737641E+04
2.10000000E-05,injectedCurrent,Node_1,2.36860919E+04
2.10000000E-05,voltage,Node_1,3.32702362E+05
2.10000000E-05,voltage,Node_2,3.37331071E+05
2.10000000E-05,i1,Line_1_e1,2.36860919E+04
2.10000000E-05,i2,Line_1_e1,-2.08451091E+04
2.15000000E-05,injectedCurrent,Node_1,2.35130723E+04
2.15000000E-05,voltage,Node_1,3.32471823E+05
2.15000000E-05,voltage,Node_2,3.33807671E+05
2.15000000E-05,i1,Line_1_e1,2.35130723E+04
2.15000000E-05,i2,Line_1_e1,-2.06688645E+04
2.20000000E-05,injectedCurrent,Node_1,2.33413166E+04
2.20000000E-05,voltage,Node_1,3.28054200E+05
2.20000000E-05,voltage,Node_2,3.32573474E+05
2.20000000E-05,i1,Line_1_e1,2.33413166E+04
2.20000000E-05,i2,Line_1_e1,-2.05412866E+04
2.25000000E-05,injectedCurrent,Node_1,2.31708155E+04
2.25000000E-05,voltage,Node_1,3.27754987E+05
2.25000000E-05,voltage,Node_2,3.29131404E+05
2.25000000E-05,i1,Line_1_e1,2.31708155E+04
2.25000000E-05,i2,Line_1_e1,-2.03683606E+04
2.30000000E-05,injectedCurrent,Node_1,2.30015599E+04
2.30000000E-05,voltage,Node_1,3.23460450E+05
2.30000000E-05,voltage,Node_2,3.27873719E+05
2.30000000E-05,i1,Line_1_e1,2.30015599E+04
2.30000000E-05,i2,Line_1_e1,-2.02419195E+04
2.35000000E-05,injectedCurrent,Node_1,2.28335406E+04
2.35000000E-05,voltage,Node_1,3.23101342E+05
2.35000000E-05,voltage,Node_2,3.24509045E+05
2.35000000E-05,i1,Line_1_e1,2.28335406E+04
2.35000000E-05,i2,Line_1_e1,-2.00721840E+04
2.40000000E-05,injectedCurrent,Node_1,2.26667487E+04
2.40000000E-05,voltage,Node_1,3.18920708E+05
2.40000000E-05,voltage,Node_2,3.23235088E+05
2.40000000E-05,i1,Line_1_e1,2.26667487E+04
2.40000000E-05,i2,Line_1_e1,-1.99469485E+04
2.45000000E-05,injectedCurrent,Node_1,2.25011751E+04
2.45000000E-05,voltage,Node_1,3.18508395E+05
2.45000000E-05,voltage,Node_2,3.19944011E+05
2.45000000E-05,i1,Line_1_e1,2.25011751E+04
2.45000000E-05,i2,Line_1_e1,-1.97802941E+04
2.50000000E-05,injectedCurrent,Node_1,2.23368110E+04
2.50000000E-05,voltage,Node_1,3.14435493E+05
2.50000000E-05,voltage,Node_2,3.18656209E+05
2.50000000E-05,i1,Line_1_e1,2.23368110E+04
2.50000000E-05,i2,Line_1_e1,-1.96563047E+04
2.55000000E-05,injectedCurrent,Node_1,2.21736475E+04
2.55000000E-05,voltage,Node_1,3.13977308E+05
2.55000000E-05,voltage,Node_2,3.15434894E+05
2.55000000E-05,i1,Line_1_e1,2.21736475E+04
2.55000000E-05,i2,Line_1_e1,-1.94926200E+04
2.60000000E-05,injectedCurrent,Node_1,2.20116759E+04
2.60000000E-05,voltage,Node_1,3.10006509E+05
2.60000000E-05,voltage,Node_2,3.14135784E+05
2.60000000E-05,i1,Line_1_e1,2.20116759E+04
2.60000000E-05,i2,Line_1_e1,-1.93699116E+04
2.65000000E-05,injectedCurrent,Node_1,2.18508874E+04
2.65000000E-05,voltage,Node_1,3.09507633E+05
2.65000000E-05,voltage,Node_2,3.10981748E+05
2.65000000E-05,i1,Line_1_e1,2.18508874E+04
2.65000000E-05,i2,Line_1_e1,-1.92091053E+04
2.70000000E-05,injectedCurrent,Node_1,2.16912735E+04
2.70000000E-05,voltage,Node_1,3.05632286E+05
2.70000000E-05,voltage,Node_2,3.09676464E+05
2.70000000E-05,i1,Line_1_e1,2.16912735E+04
2.70000000E-05,i2,Line_1_e1,-1.90877174E+04
2.75000000E-05,injectedCurrent,Node_1,2.15328254E+04
2.75000000E-05,voltage,Node_1,3.05097697E+05
2.75000000E-05,voltage,Node_2,3.06585857E+05
2.75000000E-05,i1,Line_1_e1,2.15328254E+04
2.75000000E-05,i2,Line_1_e1,-1.89297007E+04
2.80000000E-05,injectedCurrent,Node_1,2.13755348E+04
2.80000000E-05,voltage,Node_1,3.01313445E+05
2.80000000E-05,voltage,Node_2,3.05275674E+05
2.80000000E-05,i1,Line_1_e1,2.13755348E+04
2.80000000E-05,i2,Line_1_e1,-1.88096522E+04
2.85000000E-05,injectedCurrent,Node_1,2.12193932E+04
2.85000000E-05,voltage,Node_1,3.00747937E+05
2.85000000E-05,voltage,Node_2,3.02246633E+05
2.85000000E-05,i1,Line_1_e1,2.12193932E+04
2.85000000E-05,i2,Line_1_e1,-1.86543408E+04
2.90000000E-05,injectedCurrent,Node_1,2.10643921E+04
2.90000000E-05,voltage,Node_1,2.97050698E+05
2.90000000E-05,voltage,Node_2,3.00932789E+05
2.90000000E-05,i1,Line_1_e1,2.10643921E+04
2.90000000E-05,i2,Line_1_e1,-1.85356485E+04
2.95000000E-05,injectedCurrent,Node_1,2.09105232E+04
2.95000000E-05,voltage,Node_1,2.96457973E+05
2.95000000E-05,voltage,Node_2,2.97963025E+05
2.95000000E-05,i1,Line_1_e1,2.09105232E+04
2.95000000E-05,i2,Line_1_e1,-1.83829685E+04
3.00000000E-05,injectedCurrent,Node_1,2.07577783E+04
3.00000000E-05,voltage,Node_1,2.92842796E+05
3.00000000E-05,voltage,Node_2,2.96649493E+05
3.00000000E-05,i1,Line_1_e1,2.07577783E+04
3.00000000E-05,i2,Line_1_e1,-1.82656537E+04
3.05000000E-05,injectedCurrent,Node_1,2.06061492E+04
3.05000000E-05,voltage,Node_1,2.92226032E+05
3.05000000E-05,voltage,Node_2,2.93736262E+05
3.05000000E-05,i1,Line_1_e1,2.06061492E+04
3.05000000E-05,i2,Line_1_e1,-1.81155361E+04
3.10000000E-05,injectedCurrent,Node_1,2.04556277E+04
3.10000000E-05,voltage,Node_1,2.88689639E+05
3.10000000E-05,voltage,Node_2,2.92423800E+05
3.10000000E-05,i1,Line_1_e1,2.04556277E+04
3.10000000E-05,i2,Line_1_e1,-1.79996053E+04
3.15000000E-05,injectedCurrent,Node_1,2.03062056E+04
3.15000000E-05,voltage,Node_1,2.88052207E+05
3.15000000E-05,voltage,Node_2,2.89565342E+05
3.15000000E-05,i1,Line_1_e1,2.03062056E+04
3.15000000E-05,i2,Line_1_e1,-1.78519816E+04
3.20000000E-05,injectedCurrent,Node_1,2.01578751E+04
3.20000000E-05,voltage,Node_1,2.84591393E+05
3.20000000E-05,voltage,Node_2,2.88255297E+05
3.20000000E-05,i1,Line_1_e1,2.01578751E+04
3.20000000E-05,i2,Line_1_e1,-1.77374414E+04
3.25000000E-05,injectedCurrent,Node_1,2.00106281E+04
3.25000000E-05,voltage,Node_1,2.83936417E+05
3.25000000E-05,voltage,Node_2,2.85449367E+05
3.25000000E-05,i1,Line_1_e1,2.00106281E+04
3.25000000E-05,i2,Line_1_e1,-1.75922472E+04
3.30000000E-05,injectedCurrent,Node_1,1.98644566E+04
3.30000000E-05,voltage,Node_1,2.80547852E+05
3.30000000E-05,voltage,Node_2,2.84143300E+05
3.30000000E-05,i1,Line_1_e1,1.98644566E+04
3.30000000E-05,i2,Line_1_e1,-1.74791040E+04
3.35000000E-05,injectedCurrent,Node_1,1.97193529E+04
3.35000000E-05,voltage,Node_1,2.79877234E+05
3.35000000E-05,voltage,Node_2,2.81389227E+05
3.35000000E-05,i1,Line_1_e1,1.97193529E+04
3.35000000E-05,i2,Line_1_e1,-1.73362850E+04
3.40000000E-05,injectedCurrent,Node_1,1.95753092E+04
3.40000000E-05,voltage,Node_1,2.76557814E+05
3.40000000E-05,voltage,Node_2,2.80088299E+05
3.40000000E-05,i1,Line_1_e1,1.95753092E+04
3.40000000E-05,i2,Line_1_e1,-1.72245421E+04
3.45000000E-05,injectedCurrent,Node_1,1.94323176E+04
3.45000000E-05,voltage,Node_1,2.75874107E+05
3.45000000E-05,voltage,Node_2,2.77383564E+05
3.45000000E-05,i1,Line_1_e1,1.94323176E+04
3.45000000E-05,i2,Line_1_e1,-1.70840398E+04
3.50000000E-05,injectedCurrent,Node_1,1.92903705E+04
3.50000000E-05,voltage,Node_1,2.72621451E+05
3.50000000E-05,voltage,Node_2,2.76088848E+05
3.50000000E-05,i1,Line_1_e1,1.92903705E+04
3.50000000E-05,i2,Line_1_e1,-1.69736950E+04
3.55000000E-05,injectedCurrent,Node_1,1.91494604E+04
3.55000000E-05,voltage,Node_1,2.71926694E+05
3.55000000E-05,voltage,Node_2,2.73432240E+05
3.55000000E-05,i1,Line_1_e1,1.91494604E+04
3.55000000E-05,i2,Line_1_e1,-1.68354569E+04
3.60000000E-05,injectedCurrent,Node_1,1.90095795E+04
3.60000000E-05,voltage,Node_1,2.68738611E+05
3.60000000E-05,voltage,Node_2,2.72144231E+05
3.60000000E-05,i1,Line_1_e1,1.90095795E+04
3.60000000E-05,i2,Line_1_e1,-1.67265066E+04
3.65000000E-05,injectedCurrent,Node_1,1.88707204E+04
3.65000000E-05,voltage,Node_1,2.68034825E+05
3.65000000E-05,voltage,Node_2,2.69534215E+05
3.65000000E-05,i1,Line_1_e1,1.88707204E+04
3.65000000E-05,i2,Line_1_e1,-1.65904812E+04
3.70000000E-05,injectedCurrent,Node_1,1.87328756E+04
3.70000000E-05,voltage,Node_1,2.64908753E+05
3.70000000E-05,voltage,Node_2,2.68254242E+05
3.70000000E-05,i1,Line_1_e1,1.87328756E+04
3.70000000E-05,i2,Line_1_e1,-1.64829241E+04
3.75000000E-05,injectedCurrent,Node_1,1.85960378E+04
3.75000000E-05,voltage,Node_1,2.64197201E+05
3.75000000E-05,voltage,Node_2,2.65689796E+05
3.75000000E-05,i1,Line_1_e1,1.85960378E+04
3.75000000E-05,i2,Line_1_e1,-1.63490662E+04
3.80000000E-05,injectedCurrent,Node_1,1.84601995E+04
3.80000000E-05,voltage,Node_1,2.61130852E+05
3.80000000E-05,voltage,Node_2,2.64418633E+05
3.80000000E-05,i1,Line_1_e1,1.84601995E+04
3.80000000E-05,i2,Line_1_e1,-1.62428978E+04
3.85000000E-05,injectedCurrent,Node_1,1.83253535E+04
3.85000000E-05,voltage,Node_1,2.60413201E+05
3.85000000E-05,voltage,Node_2,2.61898108E+05
3.85000000E-05,i1,Line_1_e1,1.83253535E+04
3.85000000E-05,i2,Line_1_e1,-1.61111595E+04
3.90000000E-05,injectedCurrent,Node_1,1.81914924E+04
3.90000000E-05,voltage,Node_1,2.57404802E+05
3.90000000E-05,voltage,Node_2,2.60635963E+05
3.90000000E-05,i1,Line_1_e1,1.81914924E+04
3.90000000E-05,i2,Line_1_e1,-1.60063715E+04
3.95000000E-05,injectedCurrent,Node_1,1.80586092E+04
3.95000000E-05,voltage,Node_1,2.56682326E+05
3.95000000E-05,voltage,Node_2,2.58158633E+05
3.95000000E-05,i1,Line_1_e1,1.80586092E+04
3.95000000E-05,i2,Line_1_e1,-1.58767095E+04
4.00000000E-05,injectedCurrent,Node_1,1.79266967E+04
4.00000000E-05,voltage,Node_1,2.53730059E+05
4.00000000E-05,voltage,Node_2,2.56906125E+05
4.00000000E-05,i1,Line_1_e1,1.79266967E+04
4.00000000E-05,i2,Line_1_e1,-1.57732942E+04
4.05000000E-05,injectedCurrent,Node_1,1.77957477E+04
4.05000000E-05,voltage,Node_1,2.53004211E+05
4.05000000E-05,voltage,Node_2,2.54470253E+05
4.05000000E-05,i1,Line_1_e1,1.77957477E+04
4.05000000E-05,i2,Line_1_e1,-1.56456645E+04
4.10000000E-05,injectedCurrent,Node_1,1.76657553E+04
4.10000000E-05,voltage,Node_1,2.50106277E+05
4.10000000E-05,voltage,Node_2,2.53228241E+05
4.10000000E-05,i1,Line_1_e1,1.76657553E+04
4.10000000E-05,i2,Line_1_e1,-1.55436138E+04
4.15000000E-05,injectedCurrent,Node_1,1.75367124E+04
4.15000000E-05,voltage,Node_1,2.49377877E+05
4.15000000E-05,voltage,Node_2,2.50833114E+05
4.15000000E-05,i1,Line_1_e1,1.75367124E+04
4.15000000E-05,i2,Line_1_e1,-1.54179778E+04
4.20000000E-05,injectedCurrent,Node_1,1.74086122E+04
4.20000000E-05,voltage,Node_1,2.46532360E+05
4.20000000E-05,voltage,Node_2,2.49601928E+05
4.20000000E-05,i1,Line_1_e1,1.74086122E+04
4.20000000E-05,i2,Line_1_e1,-1.53172839E+04
4.25000000E-05,injectedCurrent,Node_1,1.72814476E+04
4.25000000E-05,voltage,Node_1,2.45802283E+05
4.25000000E-05,voltage,Node_2,2.47246785E+05
4.25000000E-05,i1,Line_1_e1,1.72814476E+04
4.25000000E-05,i2,Line_1_e1,-1.51936026E+04
4.30000000E-05,injectedCurrent,Node_1,1.71552120E+04
4.30000000E-05,voltage,Node_1,2.43007702E+05
4.30000000E-05,voltage,Node_2,2.46026471E+05
4.30000000E-05,i1,Line_1_e1,1.71552120E+04
4.30000000E-05,i2,Line_1_e1,-1.50942542E+04
4.35000000E-05,injectedCurrent,Node_1,1.70298985E+04
4.35000000E-05,voltage,Node_1,2.42277034E+05
4.35000000E-05,voltage,Node_2,2.43709981E+05
4.35000000E-05,i1,Line_1_e1,1.70298985E+04
4.35000000E-05,i2,Line_1_e1,-1.49724882E+04
4.40000000E-05,injectedCurrent,Node_1,1.69055004E+04
4.40000000E-05,voltage,Node_1,2.39531873E+05
4.40000000E-05,voltage,Node_2,2.42501195E+05
4.40000000E-05,i1,Line_1_e1,1.69055004E+04
4.40000000E-05,i2,Line_1_e1,-1.48744752E+04
4.45000000E-05,injectedCurrent,Node_1,1.67820109E+04
4.45000000E-05,voltage,Node_1,2.38801375E+05
4.45000000E-05,voltage,Node_2,2.40222596E+05
4.45000000E-05,i1,Line_1_e1,1.67820109E+04
4.45000000E-05,i2,Line_1_e1,-1.47545889E+04
4.50000000E-05,injectedCurrent,Node_1,1.66594236E+04
4.50000000E-05,voltage,Node_1,2.36104431E+05
4.50000000E-05,voltage,Node_2,2.39025331E+05
4.50000000E-05,i1,Line_1_e1,1.66594236E+04
4.50000000E-05,i2,Line_1_e1,-1.46578989E+04
4.55000000E-05,injectedCurrent,Node_1,1.65377316E+04
4.55000000E-05,voltage,Node_1,2.35374988E+05
4.55000000E-05,voltage,Node_2,2.36783634E+05
4.55000000E-05,i1,Line_1_e1,1.65377316E+04
4.55000000E-05,i2,Line_1_e1,-1.45398561E+04
4.60000000E-05,injectedCurrent,Node_1,1.64169286E+04
4.60000000E-05,voltage,Node_1,2.32724861E+05
4.60000000E-05,voltage,Node_2,2.35598397E+05
4.60000000E-05,i1,Line_1_e1,1.64169286E+04
4.60000000E-05,i2,Line_1_e1,-1.44444782E+04
4.65000000E-05,injectedCurrent,Node_1,1.62970081E+04
4.65000000E-05,voltage,Node_1,2.31997002E+05
4.65000000E-05,voltage,Node_2,2.33392910E+05
4.65000000E-05,i1,Line_1_e1,1.62970081E+04
4.65000000E-05,i2,Line_1_e1,-1.43282461E+04
4.70000000E-05,injectedCurrent,Node_1,1.61779635E+04
4.70000000E-05,voltage,Node_1,2.29392317E+05
4.70000000E-05,voltage,Node_2,2.32219889E+05
4.70000000E-05,i1,Line_1_e1,1.61779635E+04
4.70000000E-05,i2,Line_1_e1,-1.42341690E+04
4.75000000E-05,injectedCurrent,Node_1,1.60597884E+04
4.75000000E-05,voltage,Node_1,2.28666619E+05
4.75000000E-05,voltage,Node_2,2.30049863E+05
4.75000000E-05,i1,Line_1_e1,1.60597884E+04
4.75000000E-05,i2,Line_1_e1,-1.41197145E+04
4.80000000E-05,injectedCurrent,Node_1,1.59424767E+04
4.80000000E-05,voltage,Node_1,2.26106242E+05
4.80000000E-05,voltage,Node_2,2.28889169E+05
4.80000000E-05,i1,Line_1_e1,1.59424767E+04
4.80000000E-05,i2,Line_1_e1,-1.40269253E+04
4.85000000E-05,injectedCurrent,Node_1,1.58260218E+04
4.85000000E-05,voltage,Node_1,2.25383447E+05
4.85000000E-05,voltage,Node_2,2.26753529E+05
4.85000000E-05,i1,Line_1_e1,1.58260218E+04
4.85000000E-05,i2,Line_1_e1,-1.39142150E+04
4.90000000E-05,injectedCurrent,Node_1,1.57104176E+04
4.90000000E-05,voltage,Node_1,2.22866326E+05
4.90000000E-05,voltage,Node_2,2.25605338E+05
4.90000000E-05,i1,Line_1_e1,1.57104176E+04
4.90000000E-05,i2,Line_1_e1,-1.38227006E+04
4.95000000E-05,injectedCurrent,Node_1,1.55956579E+04
4.95000000E-05,voltage,Node_1,2.22146868E+05
4.95000000E-05,voltage,Node_2,2.23503663E+05
4.95000000E-05,i1,Line_1_e1,1.55956579E+04
4.95000000E-05,i2,Line_1_e1,-1.37117045E+04
5.00000000E-05,injectedCurrent,Node_1,1.54817365E+04
5.00000000E-05,voltage,Node_1,2.19671987E+05
5.00000000E-05,voltage,Node_2,2.22368005E+05
5.00000000E-05,i1,Line_1_e1,1.54817365E+04
5.00000000E-05,i2,Line_1_e1,-1.36214519E+04
5.05000000E-05,injectedCurrent,Node_1,1.53686472E+04
5.05000000E-05,voltage,Node_1,2.18956519E+05
5.05000000E-05,voltage,Node_2,2.20299325E+05
5.05000000E-05,i1,Line_1_e1,1.53686472E+04
5.05000000E-05,i2,Line_1_e1,-1.35121384E+04
5.10000000E-05,injectedCurrent,Node_1,1.52563840E+04
5.10000000E-05,voltage,Node_1,2.16522888E+05
5.10000000E-05,voltage,Node_2,2.19176432E+05
5.10000000E-05,i1,Line_1_e1,1.52563840E+04
5.10000000E-05,i2,Line_1_e1,-1.34231343E+04
5.15000000E-05,injectedCurrent,Node_1,1.51449408E+04
5.15000000E-05,voltage,Node_1,2.15811768E+05
5.15000000E-05,voltage,Node_2,2.17140138E+05
5.15000000E-05,i1,Line_1_e1,1.51449408E+04
5.15000000E-05,i2,Line_1_e1,-1.33154745E+04
5.20000000E-05,injectedCurrent,Node_1,1.50343117E+04
5.20000000E-05,voltage,Node_1,2.13418276E+05
5.20000000E-05,voltage,Node_2,2.16030131E+05
5.20000000E-05,i1,Line_1_e1,1.50343117E+04
5.20000000E-05,i2,Line_1_e1,-1.32277063E+04
5.25000000E-05,injectedCurrent,Node_1,1.49244907E+04
5.25000000E-05,voltage,Node_1,2.12711778E+05
5.25000000E-05,voltage,Node_2,2.14025689E+05
5.25000000E-05,i1,Line_1_e1,1.49244907E+04
5.25000000E-05,i2,Line_1_e1,-1.31216719E+04
5.30000000E-05,injectedCurrent,Node_1,1.48154719E+04
5.30000000E-05,voltage,Node_1,2.10357403E+05
5.30000000E-05,voltage,Node_2,2.12928502E+05
5.30000000E-05,i1,Line_1_e1,1.48154719E+04
5.30000000E-05,i2,Line_1_e1,-1.30351262E+04
5.35000000E-05,injectedCurrent,Node_1,1.47072495E+04
5.35000000E-05,voltage,Node_1,2.09655829E+05
5.35000000E-05,voltage,Node_2,2.10955296E+05
5.35000000E-05,i1,Line_1_e1,1.47072495E+04
5.35000000E-05,i2,Line_1_e1,-1.29306891E+04
5.40000000E-05,injectedCurrent,Node_1,1.45998176E+04
5.40000000E-05,voltage,Node_1,2.07339695E+05
5.40000000E-05,voltage,Node_2,2.09870936E+05
5.40000000E-05,i1,Line_1_e1,1.45998176E+04
5.40000000E-05,i2,Line_1_e1,-1.28453516E+04
5.45000000E-05,injectedCurrent,Node_1,1.44931705E+04
5.45000000E-05,voltage,Node_1,2.06643435E+05
5.45000000E-05,voltage,Node_2,2.07928089E+05
5.45000000E-05,i1,Line_1_e1,1.44931705E+04
5.45000000E-05,i2,Line_1_e1,-1.27424838E+04
5.50000000E-05,injectedCurrent,Node_1,1.43873023E+04
5.50000000E-05,voltage,Node_1,2.04364626E+05
5.50000000E-05,voltage,Node_2,2.06856753E+05
5.50000000E-05,i1,Line_1_e1,1.43873023E+04
5.50000000E-05,i2,Line_1_e1,-1.26583412E+04
5.55000000E-05,injectedCurrent,Node_1,1.42822076E+04
5.55000000E-05,voltage,Node_1,2.03673847E+05
5.55000000E-05,voltage,Node_2,2.04943883E+05
5.55000000E-05,i1,Line_1_e1,1.42822076E+04
5.55000000E-05,i2,Line_1_e1,-1.25570169E+04
5.60000000E-05,injectedCurrent,Node_1,1.41778805E+04
5.60000000E-05,voltage,Node_1,2.01431563E+05
5.60000000E-05,voltage,Node_2,2.03885408E+05
5.60000000E-05,i1,Line_1_e1,1.41778805E+04
5.60000000E-05,i2,Line_1_e1,-1.24740550E+04
5.65000000E-05,injectedCurrent,Node_1,1.40743154E+04
5.65000000E-05,voltage,Node_1,2.00746624E+05
5.65000000E-05,voltage,Node_2,2.02001824E+05
5.65000000E-05,i1,Line_1_e1,1.40743154E+04
5.65000000E-05,i2,Line_1_e1,-1.23742474E+04
5.70000000E-05,injectedCurrent,Node_1,1.39715069E+04
5.70000000E-05,voltage,Node_1,1.98540061E+05
5.70000000E-05,voltage,Node_2,2.00956290E+05
5.70000000E-05,i1,Line_1_e1,1.39715069E+04
5.70000000E-05,i2,Line_1_e1,-1.22924525E+04
5.75000000E-05,injectedCurrent,Node_1,1.38694494E+04
5.75000000E-05,voltage,Node_1,1.97861148E+05
5.75000000E-05,voltage,Node_2,1.99101464E+05
5.75000000E-05,i1,Line_1_e1,1.38694494E+04
5.75000000E-05,i2,Line_1_e1,-1.21941365E+04
5.80000000E-05,injectedCurrent,Node_1,1.37681374E+04
5.80000000E-05,voltage,Node_1,1.95689458E+05
5.80000000E-05,voltage,Node_2,1.98068898E+05
5.80000000E-05,i1,Line_1_e1,1.37681374E+04
5.80000000E-05,i2,Line_1_e1,-1.21134951E+04
5.85000000E-05,injectedCurrent,Node_1,1.36675654E+04
5.85000000E-05,voltage,Node_1,1.95016703E+05
5.85000000E-05,voltage,Node_2,1.96242348E+05
5.85000000E-05,i1,Line_1_e1,1.36675654E+04
5.85000000E-05,i2,Line_1_e1,-1.20166464E+04
5.90000000E-05,injectedCurrent,Node_1,1.35677281E+04
5.90000000E-05,voltage,Node_1,1.92879102E+05
5.90000000E-05,voltage,Node_2,1.95222700E+05
5.90000000E-05,i1,Line_1_e1,1.35677281E+04
5.90000000E-05,i2,Line_1_e1,-1.19371448E+04
5.95000000E-05,injectedCurrent,Node_1,1.34686200E+04
5.95000000E-05,voltage,Node_1,1.92212666E+05
5.95000000E-05,voltage,Node_2,1.93423861E+05
5.95000000E-05,i1,Line_1_e1,1.34686200E+04
5.95000000E-05,i2,Line_1_e1,-1.18417391E+04
6.00000000E-05,injectedCurrent,Node_1,1.33702359E+04
6.00000000E-05,voltage,Node_1,1.90108444E+05
6.00000000E-05,voltage,Node_2,1.92417116E+05
6.00000000E-05,i1,Line_1_e1,1.33702359E+04
6.00000000E-05,i2,Line_1_e1,-1.17633634E+04
6.05000000E-05,injectedCurrent,Node_1,1.32725705E+04
6.05000000E-05,voltage,Node_1,1.89448569E+05
6.05000000E-05,voltage,Node_2,1.90645417E+05
6.05000000E-05,i1,Line_1_e1,1.32725705E+04
6.05000000E-05,i2,Line_1_e1,-1.16693767E+04
6.10000000E-05,injectedCurrent,Node_1,1.31756185E+04
6.10000000E-05,voltage,Node_1,1.87377131E+05
6.10000000E-05,voltage,Node_2,1.89651415E+05
6.10000000E-05,i1,Line_1_e1,1.31756185E+04
6.10000000E-05,i2,Line_1_e1,-1.15921125E+04
6.15000000E-05,injectedCurrent,Node_1,1.30793747E+04
6.15000000E-05,voltage,Node_1,1.86724002E+05
6.15000000E-05,voltage,Node_2,1.87906406E+05
6.15000000E-05,i1,Line_1_e1,1.30793747E+04
6.15000000E-05,i2,Line_1_e1,-1.14995216E+04
6.20000000E-05,injectedCurrent,Node_1,1.29838339E+04
6.20000000E-05,voltage,Node_1,1.84684630E+05
6.20000000E-05,voltage,Node_2,1.86925273E+05
6.20000000E-05,i1,Line_1_e1,1.29838339E+04
6.20000000E-05,i2,Line_1_e1,-1.14233561E+04
6.25000000E-05,injectedCurrent,Node_1,1.28889910E+04
6.25000000E-05,voltage,Node_1,1.84038414E+05
6.25000000E-05,voltage,Node_2,1.85206450E+05
6.25000000E-05,i1,Line_1_e1,1.28889910E+04
6.25000000E-05,i2,Line_1_e1,-1.13321384E+04
6.30000000E-05,injectedCurrent,Node_1,1.27948409E+04
6.30000000E-05,voltage,Node_1,1.82030589E+05
6.30000000E-05,voltage,Node_2,1.84237937E+05
6.30000000E-05,i1,Line_1_e1,1.27948409E+04
6.30000000E-05,i2,Line_1_e1,-1.12570571E+04
6.35000000E-05,injectedCurrent,Node_1,1.27013786E+04
6.35000000E-05,voltage,Node_1,1.81391462E+05
6.35000000E-05,voltage,Node_2,1.82544890E+05
6.35000000E-05,i1,Line_1_e1,1.27013786E+04
6.35000000E-05,i2,Line_1_e1,-1.11671902E+04
6.40000000E-05,injectedCurrent,Node_1,1.26085989E+04
6.40000000E-05,voltage,Node_1,1.79414554E+05
6.40000000E-05,voltage,Node_2,1.81588994E+05
6.40000000E-05,i1,Line_1_e1,1.26085989E+04
6.40000000E-05,i2,Line_1_e1,-1.10931795E+04
6.45000000E-05,injectedCurrent,Node_1,1.25164970E+04
6.45000000E-05,voltage,Node_1,1.78782597E+05
6.45000000E-05,voltage,Node_2,1.79921208E+05
6.45000000E-05,i1,Line_1_e1,1.25164970E+04
6.45000000E-05,i2,Line_1_e1,-1.10046418E+04
6.50000000E-05,injectedCurrent,Node_1,1.24250679E+04
6.50000000E-05,voltage,Node_1,1.76835947E+05
6.50000000E-05,voltage,Node_2,1.78977959E+05
6.50000000E-05,i1,Line_1_e1,1.24250679E+04
6.50000000E-05,i2,Line_1_e1,-1.09316886E+04
6.55000000E-05,injectedCurrent,Node_1,1.23343066E+04
6.55000000E-05,voltage,Node_1,1.76211178E+05
6.55000000E-05,voltage,Node_2,1.77334995E+05
6.55000000E-05,i1,Line_1_e1,1.23343066E+04
6.55000000E-05,i2,Line_1_e1,-1.08444590E+04
6.60000000E-05,injectedCurrent,Node_1,1.22442083E+04
6.60000000E-05,voltage,Node_1,1.74294150E+05
6.60000000E-05,voltage,Node_2,1.76404251E+05
6.60000000E-05,i1,Line_1_e1,1.22442083E+04
6.60000000E-05,i2,Line_1_e1,-1.07725497E+04
6.65000000E-05,injectedCurrent,Node_1,1.21547682E+04
6.65000000E-05,voltage,Node_1,1.73676589E+05
6.65000000E-05,voltage,Node_2,1.74785718E+05
6.65000000E-05,i1,Line_1_e1,1.21547682E+04
6.65000000E-05,i2,Line_1_e1,-1.06866074E+04
6.70000000E-05,injectedCurrent,Node_1,1.20659814E+04
6.70000000E-05,voltage,Node_1,1.71788560E+05
6.70000000E-05,voltage,Node_2,1.73867372E+05
6.70000000E-05,i1,Line_1_e1,1.20659814E+04
6.70000000E-05,i2,Line_1_e1,-1.06157285E+04
6.75000000E-05,injectedCurrent,Node_1,1.19778431E+04
6.75000000E-05,voltage,Node_1,1.71178256E+05
6.75000000E-05,voltage,Node_2,1.72272809E+05
6.75000000E-05,i1,Line_1_e1,1.19778431E+04
6.75000000E-05,i2,Line_1_e1,-1.05310530E+04
6.80000000E-05,injectedCurrent,Node_1,1.18903487E+04
6.80000000E-05,voltage,Node_1,1.69318685E+05
6.80000000E-05,voltage,Node_2,1.71366761E+05
6.80000000E-05,i1,Line_1_e1,1.18903487E+04
6.80000000E-05,i2,Line_1_e1,-1.04611909E+04
6.85000000E-05,injectedCurrent,Node_1,1.18034934E+04
6.85000000E-05,voltage,Node_1,1.68715702E+05
6.85000000E-05,voltage,Node_2,1.69795685E+05
6.85000000E-05,i1,Line_1_e1,1.18034934E+04
6.85000000E-05,i2,Line_1_e1,-1.03777617E+04
6.90000000E-05,injectedCurrent,Node_1,1.17172725E+04
6.90000000E-05,voltage,Node_1,1.66884012E+05
6.90000000E-05,voltage,Node_2,1.68901896E+05
6.90000000E-05,i1,Line_1_e1,1.17172725E+04
6.90000000E-05,i2,Line_1_e1,-1.03089034E+04
6.95000000E-05,injectedCurrent,Node_1,1.16316815E+04
6.95000000E-05,voltage,Node_1,1.66288309E+05
6.95000000E-05,voltage,Node_2,1.67354042E+05
6.95000000E-05,i1,Line_1_e1,1.16316815E+04
6.95000000E-05,i2,Line_1_e1,-1.02267015E+04
7.00000000E-05,injectedCurrent,Node_1,1.15467156E+04
7.00000000E-05,voltage,Node_1,1.64483978E+05
7.00000000E-05,voltage,Node_2,1.66472362E+05
7.00000000E-05,i1,Line_1_e1,1.15467156E+04
7.00000000E-05,i2,Line_1_e1,-1.01588337E+04
7.05000000E-05,injectedCurrent,Node_1,1.14623705E+04
7.05000000E-05,voltage,Node_1,1.63895654E+05
7.05000000E-05,voltage,Node_2,1.64947218E+05
7.05000000E-05,i1,Line_1_e1,1.14623705E+04
7.05000000E-05,i2,Line_1_e1,-1.00778393E+04
7.10000000E-05,injectedCurrent,Node_1,1.13786414E+04
7.10000000E-05,voltage,Node_1,1.62118198E+05
7.10000000E-05,voltage,Node_2,1.64077579E+05
7.10000000E-05,i1,Line_1_e1,1.13786414E+04
7.10000000E-05,i2,Line_1_e1,-1.00109489E+04
7.15000000E-05,injectedCurrent,Node_1,1.12955239E+04
7.15000000E-05,voltage,Node_1,1.61537270E+05
7.15000000E-05,voltage,Node_2,1.62574812E+05
7.15000000E-05,i1,Line_1_e1,1.12955239E+04
7.15000000E-05,i2,Line_1_e1,-9.93114314E+03
7.20000000E-05,injectedCurrent,Node_1,1.12130136E+04
7.20000000E-05,voltage,Node_1,1.59786195E+05
7.20000000E-05,voltage,Node_2,1.61717087E+05
7.20000000E-05,i1,Line_1_e1,1.12130136E+04
7.20000000E-05,i2,Line_1_e1,-9.86521727E+03
7.25000000E-05,injectedCurrent,Node_1,1.11311060E+04
7.25000000E-05,voltage,Node_1,1.59212669E+05
7.25000000E-05,voltage,Node_2,1.60236345E+05
7.25000000E-05,i1,Line_1_e1,1.11311060E+04
7.25000000E-05,i2,Line_1_e1,-9.78658176E+03
7.30000000E-05,injectedCurrent,Node_1,1.10497968E+04
7.30000000E-05,voltage,Node_1,1.57487472E+05
7.30000000E-05,voltage,Node_2,1.59390464E+05
7.30000000E-05,i1,Line_1_e1,1.10497968E+04
7.30000000E-05,i2,Line_1_e1,-9.72160777E+03
7.35000000E-05,injectedCurrent,Node_1,1.09690814E+04
7.35000000E-05,voltage,Node_1,1.56921339E+05
7.35000000E-05,voltage,Node_2,1.57931373E+05
7.35000000E-05,i1,Line_1_e1,1.09690814E+04
7.35000000E-05,i2,Line_1_e1,-9.64412440E+03
7.40000000E-05,injectedCurrent,Node_1,1.08889557E+04
7.40000000E-05,voltage,Node_1,1.55221566E+05
7.40000000E-05,voltage,Node_2,1.57097196E+05
7.40000000E-05,i1,Line_1_e1,1.08889557E+04
7.40000000E-05,i2,Line_1_e1,-9.58008948E+03
7.45000000E-05,injectedCurrent,Node_1,1.08094152E+04
7.45000000E-05,voltage,Node_1,1.54662830E+05
7.45000000E-05,voltage,Node_2,1.55659401E+05
7.45000000E-05,i1,Line_1_e1,1.08094152E+04
7.45000000E-05,i2,Line_1_e1,-9.50374041E+03
7.50000000E-05,injectedCurrent,Node_1,1.07304558E+04
7.50000000E-05,voltage,Node_1,1.52988033E+05
7.50000000E-05,voltage,Node_2,1.54836845E+05
7.50000000E-05,i1,Line_1_e1,1.07304558E+04
7.50000000E-05,i2,Line_1_e1,-9.44063201E+03
7.55000000E-05,injectedCurrent,Node_1,1.06520732E+04
7.55000000E-05,voltage,Node_1,1.52436722E+05
7.55000000E-05,voltage,Node_2,1.53419942E+05
7.55000000E-05,i1,Line_1_e1,1.06520732E+04
7.55000000E-05,i2,Line_1_e1,-9.36539956E+03
7.60000000E-05,injectedCurrent,Node_1,1.05742631E+04
7.60000000E-05,voltage,Node_1,1.50786506E+05
7.60000000E-05,voltage,Node_2,1.52608889E+05
7.60000000E-05,i1,Line_1_e1,1.05742631E+04
7.60000000E-05,i2,Line_1_e1,-9.30320504E+03
7.65000000E-05,injectedCurrent,Node_1,1.04970213E+04
7.65000000E-05,voltage,Node_1,1.50242662E+05
7.65000000E-05,voltage,Node_2,1.51212537E+05
7.65000000E-05,i1,Line_1_e1,1.04970213E+04
7.65000000E-05,i2,Line_1_e1,-9.22907181E+03
7.70000000E-05,injectedCurrent,Node_1,1.04203439E+04
7.70000000E-05,voltage,Node_1,1.48616632E+05
7.70000000E-05,voltage,Node_2,1.50412819E+05
7.70000000E-05,i1,Line_1_e1,1.04203439E+04
7.70000000E-05,i2,Line_1_e1,-9.16777874E+03
7.75000000E-05,injectedCurrent,Node_1,1.03442265E+04
7.75000000E-05,voltage,Node_1,1.48080216E+05
7.75000000E-05,voltage,Node_2,1.49036772E+05
7.75000000E-05,i1,Line_1_e1,1.03442265E+04
7.75000000E-05,i2,Line_1_e1,-9.09472813E+03
7.80000000E-05,injectedCurrent,Node_1,1.02686651E+04
7.80000000E-05,voltage,Node_1,1.46477919E+05
7.80000000E-05,voltage,Node_2,1.48248350E+05
7.80000000E-05,i1,Line_1_e1,1.02686651E+04
7.80000000E-05,i2,Line_1_e1,-9.03432462E+03
7.85000000E-05,injectedCurrent,Node_1,1.01936557E+04
7.85000000E-05,voltage,Node_1,1.45948940E+05
7.85000000E-05,voltage,Node_2,1.46892181E+05
7.85000000E-05,i1,Line_1_e1,1.01936557E+04
7.85000000E-05,i2,Line_1_e1,-8.96233979E+03
7.90000000E-05,injectedCurrent,Node_1,1.01191942E+04
7.90000000E-05,voltage,Node_1,1.44370013E+05
7.90000000E-05,voltage,Node_2,1.46114897E+05
7.90000000E-05,i1,Line_1_e1,1.01191942E+04
7.90000000E-05,i2,Line_1_e1,-8.90281332E+03
7.95000000E-05,injectedCurrent,Node_1,1.00452766E+04
7.95000000E-05,voltage,Node_1,1.43848438E+05
7.95000000E-05,voltage,Node_2,1.44778322E+05
7.95000000E-05,i1,Line_1_e1,1.00452766E+04
7.95000000E-05,i2,Line_1_e1,-8.83187794E+03
8.00000000E-05,injectedCurrent,Node_1,9.97189899E+03
8.00000000E-05,voltage,Node_1,1.42292454E+05
8.00000000E-05,voltage,Node_2,1.44012061E+05
8.00000000E-05,i1,Line_1_e1,9.97189899E+03
8.00000000E-05,i2,Line_1_e1,-8.77321663E+03
8.05000000E-05,injectedCurrent,Node_1,9.89905735E+03
8.05000000E-05,voltage,Node_1,1.41778223E+05
8.05000000E-05,voltage,Node_2,1.42694780E+05
8.05000000E-05,i1,Line_1_e1,9.89905735E+03
8.05000000E-05,i2,Line_1_e1,-8.70331471E+03
8.10000000E-05,injectedCurrent,Node_1,9.82674781E+03
8.10000000E-05,voltage,Node_1,1.40244752E+05
8.10000000E-05,voltage,Node_2,1.41939426E+05
8.10000000E-05,i1,Line_1_e1,9.82674781E+03
8.10000000E-05,i2,Line_1_e1,-8.64550676E+03
8.15000000E-05,injectedCurrent,Node_1,9.75496646E+03
8.15000000E-05,voltage,Node_1,1.39737777E+05
8.15000000E-05,voltage,Node_2,1.40641131E+05
8.15000000E-05,i1,Line_1_e1,9.75496646E+03
8.15000000E-05,i2,Line_1_e1,-8.57662260E+03
8.20000000E-05,injectedCurrent,Node_1,9.68370945E+03
8.20000000E-05,voltage,Node_1,1.38226375E+05
8.20000000E-05,voltage,Node_2,1.39896592E+05
8.20000000E-05,i1,Line_1_e1,9.68370945E+03
8.20000000E-05,i2,Line_1_e1,-8.51965641E+03
8.25000000E-05,injectedCurrent,Node_1,9.61297296E+03
8.25000000E-05,voltage,Node_1,1.37726571E+05
8.25000000E-05,voltage,Node_2,1.38616973E+05
8.25000000E-05,i1,Line_1_e1,9.61297296E+03
8.25000000E-05,i2,Line_1_e1,-8.45177455E+03
8.30000000E-05,injectedCurrent,Node_1,9.54275317E+03
8.30000000E-05,voltage,Node_1,1.36236839E+05
8.30000000E-05,voltage,Node_2,1.37883090E+05
8.30000000E-05,i1,Line_1_e1,9.54275317E+03
8.30000000E-05,i2,Line_1_e1,-8.39563839E+03
8.35000000E-05,injectedCurrent,Node_1,9.47304631E+03
8.35000000E-05,voltage,Node_1,1.35744122E+05
8.35000000E-05,voltage,Node_2,1.36621873E+05
8.35000000E-05,i1,Line_1_e1,9.47304631E+03
8.35000000E-05,i2,Line_1_e1,-8.32874369E+03
8.40000000E-05,injectedCurrent,Node_1,9.40384865E+03
8.40000000E-05,voltage,Node_1,1.34275673E+05
8.40000000E-05,voltage,Node_2,1.35898542E+05
8.40000000E-05,i1,Line_1_e1,9.40384865E+03
8.40000000E-05,i2,Line_1_e1,-8.27342615E+03
8.45000000E-05,injectedCurrent,Node_1,9.33515645E+03
8.45000000E-05,voltage,Node_1,1.33790002E+05
8.45000000E-05,voltage,Node_2,1.34655396E+05
8.45000000E-05,i1,Line_1_e1,9.33515645E+03
8.45000000E-05,i2,Line_1_e1,-8.20750355E+03
8.50000000E-05,injectedCurrent,Node_1,9.26696602E+03
8.50000000E-05,voltage,Node_1,1.32342500E+05
8.50000000E-05,voltage,Node_2,1.33942502E+05
8.50000000E-05,i1,Line_1_e1,9.26696602E+03
8.50000000E-05,i2,Line_1_e1,-8.15299318E+03
8.55000000E-05,injectedCurrent,Node_1,9.19927371E+03
8.55000000E-05,voltage,Node_1,1.31863859E+05
8.55000000E-05,voltage,Node_2,1.32717142E+05
8.55000000E-05,i1,Line_1_e1,9.19927371E+03
8.55000000E-05,i2,Line_1_e1,-8.08802791E+03
8.60000000E-05,injectedCurrent,Node_1,9.13207586E+03
8.60000000E-05,voltage,Node_1,1.30436999E+05
8.60000000E-05,voltage,Node_2,1.32014535E+05
8.60000000E-05,i1,Line_1_e1,9.13207586E+03
8.60000000E-05,i2,Line_1_e1,-8.03431338E+03
8.65000000E-05,injectedCurrent,Node_1,9.06536888E+03
8.65000000E-05,voltage,Node_1,1.29965363E+05
8.65000000E-05,voltage,Node_2,1.30806697E+05
8.65000000E-05,i1,Line_1_e1,9.06536888E+03
8.65000000E-05,i2,Line_1_e1,-7.97029103E+03
8.70000000E-05,injectedCurrent,Node_1,8.99914917E+03
8.70000000E-05,voltage,Node_1,1.28558803E+05
8.70000000E-05,voltage,Node_2,1.30114310E+05
8.70000000E-05,i1,Line_1_e1,8.99914917E+03
8.70000000E-05,i2,Line_1_e1,-7.91736155E+03
8.75000000E-05,injectedCurrent,Node_1,8.93341317E+03
8.75000000E-05,voltage,Node_1,1.28094133E+05
8.75000000E-05,voltage,Node_2,1.28923752E+05
8.75000000E-05,i1,Line_1_e1,8.93341317E+03
8.75000000E-05,i2,Line_1_e1,-7.85426808E+03
8.80000000E-05,injectedCurrent,Node_1,8.86815736E+03
8.80000000E-05,voltage,Node_1,1.26707609E+05
8.80000000E-05,voltage,Node_2,1.28241397E+05
8.80000000E-05,i1,Line_1_e1,8.86815736E+03
8.80000000E-05,i2,Line_1_e1,-7.80211243E+03
8.85000000E-05,injectedCurrent,Node_1,8.80337821E+03
8.85000000E-05,voltage,Node_1,1.26249915E+05
8.85000000E-05,voltage,Node_2,1.27067809E+05
8.85000000E-05,i1,Line_1_e1,8.80337821E+03
8.85000000E-05,i2,Line_1_e1,-7.73993360E+03
8.90000000E-05,injectedCurrent,Node_1,8.73907227E+03
8.90000000E-05,voltage,Node_1,1.24883130E+05
8.90000000E-05,voltage,Node_2,1.26395415E+05
8.90000000E-05,i1,Line_1_e1,8.73907227E+03
8.90000000E-05,i2,Line_1_e1,-7.68854100E+03
8.95000000E-05,injectedCurrent,Node_1,8.67523605E+03
8.95000000E-05,voltage,Node_1,1.24432369E+05
8.95000000E-05,voltage,Node_2,1.25238536E+05
8.95000000E-05,i1,Line_1_e1,8.67523605E+03
8.95000000E-05,i2,Line_1_e1,-7.62726318E+03
9.00000000E-05,injectedCurrent,Node_1,8.61186614E+03
9.00000000E-05,voltage,Node_1,1.23085023E+05
9.00000000E-05,voltage,Node_2,1.24575972E+05
9.00000000E-05,i1,Line_1_e1,8.61186614E+03
9.00000000E-05,i2,Line_1_e1,-7.57662291E+03
9.05000000E-05,injectedCurrent,Node_1,8.54895913E+03
9.05000000E-05,voltage,Node_1,1.22641134E+05
9.05000000E-05,voltage,Node_2,1.23435575E+05
9.05000000E-05,i1,Line_1_e1,8.54895913E+03
9.05000000E-05,i2,Line_1_e1,-7.51623262E+03
9.10000000E-05,injectedCurrent,Node_1,8.48651163E+03
9.10000000E-05,voltage,Node_1,1.21312905E+05
9.10000000E-05,voltage,Node_2,1.22782700E+05
9.10000000E-05,i1,Line_1_e1,8.48651163E+03
9.10000000E-05,i2,Line_1_e1,-7.46633415E+03
9.15000000E-05,injectedCurrent,Node_1,8.42452029E+03
9.15000000E-05,voltage,Node_1,1.20875803E+05
9.15000000E-05,voltage,Node_2,1.21658534E+05
9.15000000E-05,i1,Line_1_e1,8.42452029E+03
9.15000000E-05,i2,Line_1_e1,-7.40681814E+03
9.20000000E-05,injectedCurrent,Node_1,8.36298178E+03
9.20000000E-05,voltage,Node_1,1.19566347E+05
9.20000000E-05,voltage,Node_2,1.21015263E+05
9.20000000E-05,i1,Line_1_e1,8.36298178E+03
9.20000000E-05,i2,Line_1_e1,-7.35765112E+03
9.25000000E-05,injectedCurrent,Node_1,8.30189279E+03
9.25000000E-05,voltage,Node_1,1.19135940E+05
9.25000000E-05,voltage,Node_2,1.19907049E+05
9.25000000E-05,i1,Line_1_e1,8.30189279E+03
9.25000000E-05,i2,Line_1_e1,-7.29899630E+03
9.30000000E-05,injectedCurrent,Node_1,8.24125004E+03
9.30000000E-05,voltage,Node_1,1.17844937E+05
9.30000000E-05,voltage,Node_2,1.19273239E+05
9.30000000E-05,i1,Line_1_e1,8.24125004E+03
9.30000000E-05,i2,Line_1_e1,-7.25055031E+03
9.35000000E-05,injectedCurrent,Node_1,8.18105026E+03
9.35000000E-05,voltage,Node_1,1.17421116E+05
9.35000000E-05,voltage,Node_2,1.18180764E+05
9.35000000E-05,i1,Line_1_e1,8.18105026E+03
9.35000000E-05,i2,Line_1_e1,-7.19274392E+03
9.40000000E-05,injectedCurrent,Node_1,8.12129022E+03
9.40000000E-05,voltage,Node_1,1.16148238E+05
9.40000000E-05,voltage,Node_2,1.17556296E+05
9.40000000E-05,i1,Line_1_e1,8.12129022E+03
9.40000000E-05,i2,Line_1_e1,-7.14500880E+03
9.45000000E-05,injectedCurrent,Node_1,8.06196671E+03
9.45000000E-05,voltage,Node_1,1.15730916E+05
9.45000000E-05,voltage,Node_2,1.16479297E+05
9.45000000E-05,i1,Line_1_e1,8.06196671E+03
9.45000000E-05,i2,Line_1_e1,-7.08803813E+03
9.50000000E-05,injectedCurrent,Node_1,8.00307654E+03
9.50000000E-05,voltage,Node_1,1.14475864E+05
9.50000000E-05,voltage,Node_2,1.15864060E+05
9.50000000E-05,i1,Line_1_e1,8.00307654E+03
9.50000000E-05,i2,Line_1_e1,-7.04100378E+03
9.55000000E-05,injectedCurrent,Node_1,7.94461655E+03
9.55000000E-05,voltage,Node_1,1.14064967E+05
9.55000000E-05,voltage,Node_2,1.14802297E+05
9.55000000E-05,i1,Line_1_e1,7.94461655E+03
9.55000000E-05,i2,Line_1_e1,-6.98485635E+03
9.60000000E-05,injectedCurrent,Node_1,7.88658359E+03
9.60000000E-05,voltage,Node_1,1.12827463E+05
9.60000000E-05,voltage,Node_2,1.14196163E+05
9.60000000E-05,i1,Line_1_e1,7.88658359E+03
9.60000000E-05,i2,Line_1_e1,-6.93851276E+03
9.65000000E-05,injectedCurrent,Node_1,7.82897454E+03
9.65000000E-05,voltage,Node_1,1.12422930E+05
9.65000000E-05,voltage,Node_2,1.13149406E+05
9.65000000E-05,i1,Line_1_e1,7.82897454E+03
9.65000000E-05,i2,Line_1_e1,-6.88317628E+03
9.70000000E-05,injectedCurrent,Node_1,7.77178631E+03
9.70000000E-05,voltage,Node_1,1.11202696E+05
9.70000000E-05,voltage,Node_2,1.12552256E+05
9.70000000E-05,i1,Line_1_e1,7.77178631E+03
9.70000000E-05,i2,Line_1_e1,-6.83751370E+03
9.75000000E-05,injectedCurrent,Node_1,7.71501582E+03
9.75000000E-05,voltage,Node_1,1.10804438E+05
9.75000000E-05,voltage,Node_2,1.11520322E+05
9.75000000E-05,i1,Line_1_e1,7.71501582E+03
9.75000000E-05,i2,Line_1_e1,-6.78297634E+03
9.80000000E-05,injectedCurrent,Node_1,7.65866002E+03
9.80000000E-05,voltage,Node_1,1.09601203E+05
9.80000000E-05,voltage,Node_2,1.10932058E+05
9.80000000E-05,i1,Line_1_e1,7.65866002E+03
9.80000000E-05,i2,Line_1_e1,-6.73798518E+03
9.85000000E-05,injectedCurrent,Node_1,7.60271588E+03
9.85000000E-05,voltage,Node_1,1.09209182E+05
9.85000000E-05,voltage,Node_2,1.09914679E+05
9.85000000E-05,i1,Line_1_e1,7.60271588E+03
9.85000000E-05,i2,Line_1_e1,-6.68423494E+03
9.90000000E-05,injectedCurrent,Node_1,7.54718039E+03
9.90000000E-05,voltage,Node_1,1.08022729E+05
9.90000000E-05,voltage,Node_2,1.09335159E+05
9.90000000E-05,i1,Line_1_e1,7.54718039E+03
9.90000000E-05,i2,Line_1_e1,-6.63990542E+03
9.95000000E-05,injectedCurrent,Node_1,7.49205058E+03
9.95000000E-05,voltage,Node_1,1.07636900E+05
9.95000000E-05,voltage,Node_2,1.08332130E+05
9.95000000E-05,i1,Line_1_e1,7.49205058E+03
9.95000000E-05,i2,Line_1_e1,-6.58693065E+03
1.00000000E-04,injectedCurrent,Node_1,7.43732347E+03
1.00000000E-04,voltage,Node_1,1.06466985E+05
1.00000000E-04,voltage,Node_2,1.07761259E+05
1.00000000E-04,i1,Line_1_e1,7.43732347E+03
1.00000000E-04,i2,Line_1_e1,-6.54325340E+03
1.00500000E-04,injectedCurrent,Node_1,7.38299613E+03
1.00500000E-04,voltage,Node_1,1.06087299E+05
1.00500000E-04,voltage,Node_2,1.06772366E+05
1.00500000E-04,i1,Line_1_e1,7.38299613E+03
1.00500000E-04,i2,Line_1_e1,-6.49104265E+03
1.01000000E-04,injectedCurrent,Node_1,7.32906563E+03
1.01000000E-04,voltage,Node_1,1.04933689E+05
1.01000000E-04,voltage,Node_2,1.06210020E+05
1.01000000E-04,i1,Line_1_e1,7.32906563E+03
1.01000000E-04,i2,Line_1_e1,-6.44800834E+03
1.01500000E-04,injectedCurrent,Node_1,7.27552908E+03
1.01500000E-04,voltage,Node_1,1.04560080E+05
1.01500000E-04,voltage,Node_2,1.05235071E+05
1.01500000E-04,i1,Line_1_e1,7.27552908E+03
1.01500000E-04,i2,Line_1_e1,-6.39655036E+03
1.02000000E-04,injectedCurrent,Node_1,7.22238359E+03
1.02000000E-04,voltage,Node_1,1.03422535E+05
1.02000000E-04,voltage,Node_2,1.04681129E+05
1.02000000E-04,i1,Line_1_e1,7.22238359E+03
1.02000000E-04,i2,Line_1_e1,-6.35414979E+03
1.02500000E-04,injectedCurrent,Node_1,7.16962632E+03
1.02500000E-04,voltage,Node_1,1.03054934E+05
1.02500000E-04,voltage,Node_2,1.03719903E+05
1.02500000E-04,i1,Line_1_e1,7.16962632E+03
1.02500000E-04,i2,Line_1_e1,-6.30343349E+03
1.03000000E-04,injectedCurrent,Node_1,7.11725442E+03
1.03000000E-04,voltage,Node_1,1.01933198E+05
1.03000000E-04,voltage,Node_2,1.03174286E+05
1.03000000E-04,i1,Line_1_e1,7.11725442E+03
1.03000000E-04,i2,Line_1_e1,-6.26165765E+03
1.03500000E-04,injectedCurrent,Node_1,7.06526508E+03
1.03500000E-04,voltage,Node_1,1.01571521E+05
1.03500000E-04,voltage,Node_2,1.02226571E+05
1.03500000E-04,i1,Line_1_e1,7.06526508E+03
1.03500000E-04,i2,Line_1_e1,-6.21167212E+03
1.04000000E-04,injectedCurrent,Node_1,7.01365551E+03
1.04000000E-04,voltage,Node_1,1.00465362E+05
1.04000000E-04,voltage,Node_2,1.01689130E+05
1.04000000E-04,i1,Line_1_e1,7.01365551E+03
1.04000000E-04,i2,Line_1_e1,-6.17051193E+03
1.04500000E-04,injectedCurrent,Node_1,6.96242293E+03
1.04500000E-04,voltage,Node_1,1.00109525E+05
1.04500000E-04,voltage,Node_2,1.00754746E+05
1.04500000E-04,i1,Line_1_e1,6.96242293E+03
1.04500000E-04,i2,Line_1_e1,-6.12124643E+03
1.05000000E-04,injectedCurrent,Node_1,6.91156459E+03
1.05000000E-04,voltage,Node_1,9.90186854E+04
1.05000000E-04,voltage,Node_2,1.00225387E+05
1.05000000E-04,i1,Line_1_e1,6.91156459E+03
1.05000000E-04,i2,Line_1_e1,-6.08069313E+03
1.05500000E-04,injectedCurrent,Node_1,6.86107775E+03
1.05500000E-04,voltage,Node_1,9.86686081E+04
1.05500000E-04,voltage,Node_2,9.93041158E+04
1.05500000E-04,i1,Line_1_e1,6.86107775E+03
1.05500000E-04,i2,Line_1_e1,-6.03213706E+03
1.06000000E-04,injectedCurrent,Node_1,6.81095970E+03
1.06000000E-04,voltage,Node_1,9.75928535E+04
1.06000000E-04,voltage,Node_2,9.87827275E+04
1.06000000E-04,i1,Line_1_e1,6.81095970E+03
1.06000000E-04,i2,Line_1_e1,-5.99218187E+03
1.06500000E-04,injectedCurrent,Node_1,6.76120775E+03
1.06500000E-04,voltage,Node_1,9.72484551E+04
1.06500000E-04,voltage,Node_2,9.78743831E+04
1.06500000E-04,i1,Line_1_e1,6.76120775E+03
1.06500000E-04,i2,Line_1_e1,-5.94432478E+03
1.07000000E-04,injectedCurrent,Node_1,6.71181923E+03
1.07000000E-04,voltage,Node_1,9.61875589E+04
1.07000000E-04,voltage,Node_2,9.73608422E+04
1.07000000E-04,i1,Line_1_e1,6.71181923E+03
1.07000000E-04,i2,Line_1_e1,-5.90495904E+03
1.07500000E-04,injectedCurrent,Node_1,6.66279147E+03
1.07500000E-04,voltage,Node_1,9.58487634E+04
1.07500000E-04,voltage,Node_2,9.64652429E+04
1.07500000E-04,i1,Line_1_e1,6.66279147E+03
1.07500000E-04,i2,Line_1_e1,-5.85779067E+03
1.08000000E-04,injectedCurrent,Node_1,6.61412184E+03
1.08000000E-04,voltage,Node_1,9.48025071E+04
1.08000000E-04,voltage,Node_2,9.59594374E+04
1.08000000E-04,i1,Line_1_e1,6.61412184E+03
1.08000000E-04,i2,Line_1_e1,-5.81900583E+03
1.08500000E-04,injectedCurrent,Node_1,6.56580773E+03
1.08500000E-04,voltage,Node_1,9.44692385E+04
1.08500000E-04,voltage,Node_2,9.50763855E+04
1.08500000E-04,i1,Line_1_e1,6.56580773E+03
1.08500000E-04,i2,Line_1_e1,-5.77251608E+03
1.09000000E-04,injectedCurrent,Node_1,6.51784654E+03
1.09000000E-04,voltage,Node_1,9.34373877E+04
1.09000000E-04,voltage,Node_2,9.45782352E+04
1.09000000E-04,i1,Line_1_e1,6.51784654E+03
1.09000000E-04,i2,Line_1_e1,-5.73430385E+03
1.09500000E-04,injectedCurrent,Node_1,6.47023569E+03
1.09500000E-04,voltage,Node_1,9.31095511E+04
1.09500000E-04,voltage,Node_2,9.37075666E+04
1.09500000E-04,i1,Line_1_e1,6.47023569E+03
1.09500000E-04,i2,Line_1_e1,-5.68848292E+03
1.10000000E-04,injectedCurrent,Node_1,6.42297262E+03
1.10000000E-04,voltage,Node_1,9.20918906E+04
1.10000000E-04,voltage,Node_2,9.32169541E+04
1.10000000E-04,i1,Line_1_e1,6.42297262E+03
1.10000000E-04,i2,Line_1_e1,-5.65083501E+03
1.10500000E-04,injectedCurrent,Node_1,6.37605480E+03
1.10500000E-04,voltage,Node_1,9.17694294E+04
1.10500000E-04,voltage,Node_2,9.23584684E+04
1.10500000E-04,i1,Line_1_e1,6.37605480E+03
1.10500000E-04,i2,Line_1_e1,-5.60567297E+03
1.11000000E-04,injectedCurrent,Node_1,6.32947969E+03
1.11000000E-04,voltage,Node_1,9.07657690E+04
1.11000000E-04,voltage,Node_2,9.18752704E+04
1.11000000E-04,i1,Line_1_e1,6.32947969E+03
1.11000000E-04,i2,Line_1_e1,-5.56858108E+03
1.11500000E-04,injectedCurrent,Node_1,6.28324481E+03
1.11500000E-04,voltage,Node_1,9.04486143E+04
1.11500000E-04,voltage,Node_2,9.10288052E+04
1.11500000E-04,i1,Line_1_e1,6.28324481E+03
1.11500000E-04,i2,Line_1_e1,-5.52406834E+03
1.12000000E-04,injectedCurrent,Node_1,6.23734765E+03
1.12000000E-04,voltage,Node_1,8.94587493E+04
1.12000000E-04,voltage,Node_2,9.05529328E+04
1.12000000E-04,i1,Line_1_e1,6.23734765E+03
1.12000000E-04,i2,Line_1_e1,-5.48752449E+03
1.12500000E-04,injectedCurrent,Node_1,6.19178576E+03
1.12500000E-04,voltage,Node_1,8.91468339E+04
1.12500000E-04,voltage,Node_2,8.97183070E+04
1.12500000E-04,i1,Line_1_e1,6.19178576E+03
1.12500000E-04,i2,Line_1_e1,-5.44365157E+03
1.13000000E-04,injectedCurrent,Node_1,6.14655668E+03
1.13000000E-04,voltage,Node_1,8.81705729E+04
1.13000000E-04,voltage,Node_2,8.92496570E+04
1.13000000E-04,i1,Line_1_e1,6.14655668E+03
1.13000000E-04,i2,Line_1_e1,-5.40764776E+03
1.13500000E-04,injectedCurrent,Node_1,6.10165799E+03
1.13500000E-04,voltage,Node_1,8.78638257E+04
1.13500000E-04,voltage,Node_2,8.84267010E+04
1.13500000E-04,i1,Line_1_e1,6.10165799E+03
1.13500000E-04,i2,Line_1_e1,-5.36440537E+03
1.14000000E-04,injectedCurrent,Node_1,6.05708727E+03
1.14000000E-04,voltage,Node_1,8.69009722E+04
1.14000000E-04,voltage,Node_2,8.79651767E+04
1.14000000E-04,i1,Line_1_e1,6.05708727E+03
1.14000000E-04,i2,Line_1_e1,-5.32893377E+03
1.14500000E-04,injectedCurrent,Node_1,6.01284212E+03
1.14500000E-04,voltage,Node_1,8.65993235E+04
1.14500000E-04,voltage,Node_2,8.71537191E+04
1.14500000E-04,i1,Line_1_e1,6.01284212E+03
1.14500000E-04,i2,Line_1_e1,-5.28631271E+03
1.15000000E-04,injectedCurrent,Node_1,5.96892018E+03
1.15000000E-04,voltage,Node_1,8.56496829E+04
1.15000000E-04,voltage,Node_2,8.66992107E+04
1.15000000E-04,i1,Line_1_e1,5.96892018E+03
1.15000000E-04,i2,Line_1_e1,-5.25136559E+03
1.15500000E-04,injectedCurrent,Node_1,5.92531906E+03
1.15500000E-04,voltage,Node_1,8.53530523E+04
1.15500000E-04,voltage,Node_2,8.58991052E+04
1.15500000E-04,i1,Line_1_e1,5.92531906E+03
1.15500000E-04,i2,Line_1_e1,-5.20935687E+03
1.16000000E-04,injectedCurrent,Node_1,5.88203644E+03
1.16000000E-04,voltage,Node_1,8.44164317E+04
1.16000000E-04,voltage,Node_2,8.54515123E+04
1.16000000E-04,i1,Line_1_e1,5.88203644E+03
1.16000000E-04,i2,Line_1_e1,-5.17492661E+03
1.16500000E-04,injectedCurrent,Node_1,5.83906999E+03
1.16500000E-04,voltage,Node_1,8.41247577E+04
1.16500000E-04,voltage,Node_2,8.46625665E+04
1.16500000E-04,i1,Line_1_e1,5.83906999E+03
1.16500000E-04,i2,Line_1_e1,-5.13352124E+03
1.17000000E-04,injectedCurrent,Node_1,5.79641739E+03
1.17000000E-04,voltage,Node_1,8.32009726E+04
1.17000000E-04,voltage,Node_2,8.42217945E+04
1.17000000E-04,i1,Line_1_e1,5.79641739E+03
1.17000000E-04,i2,Line_1_e1,-5.09960029E+03
1.17500000E-04,injectedCurrent,Node_1,5.75407636E+03
1.17500000E-04,voltage,Node_1,8.29141722E+04
1.17500000E-04,voltage,Node_2,8.34438736E+04
1.17500000E-04,i1,Line_1_e1,5.75407636E+03
1.17500000E-04,i2,Line_1_e1,-5.05878960E+03
1.18000000E-04,injectedCurrent,Node_1,5.71204462E+03
1.18000000E-04,voltage,Node_1,8.20030410E+04
1.18000000E-04,voltage,Node_2,8.30098090E+04
1.18000000E-04,i1,Line_1_e1,5.71204462E+03
1.18000000E-04,i2,Line_1_e1,-5.02537051E+03
1.18500000E-04,injectedCurrent,Node_1,5.67031990E+03
1.18500000E-04,voltage,Node_1,8.17210493E+04
1.18500000E-04,voltage,Node_2,8.22427455E+04
1.18500000E-04,i1,Line_1_e1,5.67031990E+03
1.18500000E-04,i2,Line_1_e1,-4.98514583E+03
1.19000000E-04,injectedCurrent,Node_1,5.62889997E+03
1.19000000E-04,voltage,Node_1,8.08223939E+04
1.19000000E-04,voltage,Node_2,8.18153045E+04
1.19000000E-04,i1,Line_1_e1,5.62889997E+03
1.19000000E-04,i2,Line_1_e1,-4.95222126E+03
1.19500000E-04,injectedCurrent,Node_1,5.58778260E+03
1.19500000E-04,voltage,Node_1,8.05451451E+04
1.19500000E-04,voltage,Node_2,8.10589332E+04
1.19500000E-04,i1,Line_1_e1,5.58778260E+03
1.19500000E-04,i2,Line_1_e1,-4.91257407E+03
1.20000000E-04,injectedCurrent,Node_1,5.54696558E+03
1.20000000E-04,voltage,Node_1,7.96587947E+04
1.20000000E-04,voltage,Node_2,8.06380162E+04
1.20000000E-04,i1,Line_1_e1,5.54696558E+03
1.20000000E-04,i2,Line_1_e1,-4.88013678E+03
1.20500000E-04,injectedCurrent,Node_1,5.50644672E+03
1.20500000E-04,voltage,Node_1,7.93862212E+04
1.20500000E-04,voltage,Node_2,7.98921959E+04
1.20500000E-04,i1,Line_1_e1,5.50644672E+03
1.20500000E-04,i2,Line_1_e1,-4.84105871E+03
1.21000000E-04,injectedCurrent,Node_1,5.46622383E+03
1.21000000E-04,voltage,Node_1,7.85120082E+04
1.21000000E-04,voltage,Node_2,7.94776965E+04
1.21000000E-04,i1,Line_1_e1,5.46622383E+03
1.21000000E-04,i2,Line_1_e1,-4.80910152E+03
1.21500000E-04,injectedCurrent,Node_1,5.42629476E+03
1.21500000E-04,voltage,Node_1,7.82440418E+04
1.21500000E-04,voltage,Node_2,7.87422754E+04
1.21500000E-04,i1,Line_1_e1,5.42629476E+03
1.21500000E-04,i2,Line_1_e1,-4.77058432E+03
1.22000000E-04,injectedCurrent,Node_1,5.38665736E+03
1.22000000E-04,voltage,Node_1,7.73817868E+04
1.22000000E-04,voltage,Node_2,7.83341125E+04
1.22000000E-04,i1,Line_1_e1,5.38665736E+03
1.22000000E-04,i2,Line_1_e1,-4.73910025E+03
1.22500000E-04,injectedCurrent,Node_1,5.34730949E+03
1.22500000E-04,voltage,Node_1,7.71183408E+04
1.22500000E-04,voltage,Node_2,7.76089516E+04
1.22500000E-04,i1,Line_1_e1,5.34730949E+03
1.22500000E-04,i2,Line_1_e1,-4.70113590E+03
1.23000000E-04,injectedCurrent,Node_1,5.30824905E+03
1.23000000E-04,voltage,Node_1,7.62678646E+04
1.23000000E-04,voltage,Node_2,7.72070397E+04
1.23000000E-04,i1,Line_1_e1,5.30824905E+03
1.23000000E-04,i2,Line_1_e1,-4.67011804E+03
1.23500000E-04,injectedCurrent,Node_1,5.26947394E+03
1.23500000E-04,voltage,Node_1,7.60088697E+04
1.23500000E-04,voltage,Node_2,7.64919811E+04
1.23500000E-04,i1,Line_1_e1,5.26947394E+03
1.23500000E-04,i2,Line_1_e1,-4.63269850E+03
1.24000000E-04,injectedCurrent,Node_1,5.23098207E+03
1.24000000E-04,voltage,Node_1,7.51700161E+04
1.24000000E-04,voltage,Node_2,7.60962111E+04
1.24000000E-04,i1,Line_1_e1,5.23098207E+03
1.24000000E-04,i2,Line_1_e1,-4.60213991E+03
1.24500000E-04,injectedCurrent,Node_1,5.19277136E+03
1.24500000E-04,voltage,Node_1,7.49154079E+04
1.24500000E-04,voltage,Node_2,7.53911115E+04
1.24500000E-04,i1,Line_1_e1,5.19277136E+03
1.24500000E-04,i2,Line_1_e1,-4.56525726E+03
1.25000000E-04,injectedCurrent,Node_1,5.15483978E+03
1.25000000E-04,voltage,Node_1,7.40880101E+04
1.25000000E-04,voltage,Node_2,7.50013983E+04
1.25000000E-04,i1,Line_1_e1,5.15483978E+03
1.25000000E-04,i2,Line_1_e1,-4.53515121E+03
1.25500000E-04,injectedCurrent,Node_1,5.11718527E+03
1.25500000E-04,voltage,Node_1,7.38377132E+04
1.25500000E-04,voltage,Node_2,7.43061301E+04
1.25500000E-04,i1,Line_1_e1,5.11718527E+03
1.25500000E-04,i2,Line_1_e1,-4.49879776E+03
1.26000000E-04,injectedCurrent,Node_1,5.07980582E+03
1.26000000E-04,voltage,Node_1,7.30216093E+04
1.26000000E-04,voltage,Node_2,7.39223812E+04
1.26000000E-04,i1,Line_1_e1,5.07980582E+03
1.26000000E-04,i2,Line_1_e1,-4.46913760E+03
1.26500000E-04,injectedCurrent,Node_1,5.04269941E+03
1.26500000E-04,voltage,Node_1,7.27755562E+04
1.26500000E-04,voltage,Node_2,7.32367995E+04
1.26500000E-04,i1,Line_1_e1,5.04269941E+03
1.26500000E-04,i2,Line_1_e1,-4.43330568E+03
1.27000000E-04,injectedCurrent,Node_1,5.00586405E+03
1.27000000E-04,voltage,Node_1,7.19705877E+04
1.27000000E-04,voltage,Node_2,7.28589314E+04
1.27000000E-04,i1,Line_1_e1,5.00586405E+03
1.27000000E-04,i2,Line_1_e1,-4.40408485E+03
1.27500000E-04,injectedCurrent,Node_1,4.96929777E+03
1.27500000E-04,voltage,Node_1,7.17287050E+04
1.27500000E-04,voltage,Node_2,7.21829031E+04
1.27500000E-04,i1,Line_1_e1,4.96929777E+03
1.27500000E-04,i2,Line_1_e1,-4.36876699E+03
1.28000000E-04,injectedCurrent,Node_1,4.93299859E+03
1.28000000E-04,voltage,Node_1,7.09347172E+04
1.28000000E-04,voltage,Node_2,7.18108247E+04
1.28000000E-04,i1,Line_1_e1,4.93299859E+03
1.28000000E-04,i2,Line_1_e1,-4.33997900E+03
1.28500000E-04,injectedCurrent,Node_1,4.89696456E+03
1.28500000E-04,voltage,Node_1,7.06969372E+04
1.28500000E-04,voltage,Node_2,7.11442153E+04
1.28500000E-04,i1,Line_1_e1,4.89696456E+03
1.28500000E-04,i2,Line_1_e1,-4.30516780E+03
1.29000000E-04,injectedCurrent,Node_1,4.86119375E+03
1.29000000E-04,voltage,Node_1,6.99137758E+04
1.29000000E-04,voltage,Node_2,7.07778386E+04
1.29000000E-04,i1,Line_1_e1,4.86119375E+03
1.29000000E-04,i2,Line_1_e1,-4.27680627E+03
1.29500000E-04,injectedCurrent,Node_1,4.82568424E+03
1.29500000E-04,voltage,Node_1,6.96800264E+04
1.29500000E-04,voltage,Node_2,7.01205228E+04
1.29500000E-04,i1,Line_1_e1,4.82568424E+03
1.29500000E-04,i2,Line_1_e1,-4.24249447E+03
1.30000000E-04,injectedCurrent,Node_1,4.79043411E+03
1.30000000E-04,voltage,Node_1,6.89075415E+04
1.30000000E-04,voltage,Node_2,6.97597679E+04
1.30000000E-04,i1,Line_1_e1,4.79043411E+03
1.30000000E-04,i2,Line_1_e1,-4.21455313E+03
1.30500000E-04,injectedCurrent,Node_1,4.75544147E+03
1.30500000E-04,voltage,Node_1,6.86777670E+04
1.30500000E-04,voltage,Node_2,6.91115968E+04
1.30500000E-04,i1,Line_1_e1,4.75544147E+03
1.30500000E-04,i2,Line_1_e1,-4.18073351E+03
1.31000000E-04,injectedCurrent,Node_1,4.72070445E+03
1.31000000E-04,voltage,Node_1,6.79158212E+04
1.31000000E-04,voltage,Node_2,6.87563699E+04
1.31000000E-04,i1,Line_1_e1,4.72070445E+03
1.31000000E-04,i2,Line_1_e1,-4.15320609E+03
1.31500000E-04,injectedCurrent,Node_1,4.68622116E+03
1.31500000E-04,voltage,Node_1,6.76899517E+04
1.31500000E-04,voltage,Node_2,6.81172408E+04
1.31500000E-04,i1,Line_1_e1,4.68622116E+03
1.31500000E-04,i2,Line_1_e1,-4.11987165E+03
1.32000000E-04,injectedCurrent,Node_1,4.65198977E+03
1.32000000E-04,voltage,Node_1,6.69384032E+04
1.32000000E-04,voltage,Node_2,6.77674565E+04
1.32000000E-04,i1,Line_1_e1,4.65198977E+03
1.32000000E-04,i2,Line_1_e1,-4.09275207E+03
1.32500000E-04,injectedCurrent,Node_1,4.61800843E+03
1.32500000E-04,voltage,Node_1,6.67163851E+04
1.32500000E-04,voltage,Node_2,6.71372255E+04
1.32500000E-04,i1,Line_1_e1,4.61800843E+03
1.32500000E-04,i2,Line_1_e1,-4.05989579E+03
1.33000000E-04,injectedCurrent,Node_1,4.58427531E+03
1.33000000E-04,voltage,Node_1,6.59751005E+04
1.33000000E-04,voltage,Node_2,6.67928108E+04
1.33000000E-04,i1,Line_1_e1,4.58427531E+03
1.33000000E-04,i2,Line_1_e1,-4.03317800E+03
1.33500000E-04,injectedCurrent,Node_1,4.55078860E+03
1.33500000E-04,voltage,Node_1,6.57568747E+04
1.33500000E-04,voltage,Node_2,6.61713558E+04
1.33500000E-04,i1,Line_1_e1,4.55078860E+03
1.33500000E-04,i2,Line_1_e1,-4.00079306E+03
1.34000000E-04,injectedCurrent,Node_1,4.51754650E+03
1.34000000E-04,voltage,Node_1,6.50257243E+04
1.34000000E-04,voltage,Node_2,6.58322197E+04
1.34000000E-04,i1,Line_1_e1,4.51754650E+03
1.34000000E-04,i2,Line_1_e1,-3.97447106E+03
1.34500000E-04,injectedCurrent,Node_1,4.48454722E+03
1.34500000E-04,voltage,Node_1,6.48112348E+04
1.34500000E-04,voltage,Node_2,6.52194244E+04
1.34500000E-04,i1,Line_1_e1,4.48454722E+03
1.34500000E-04,i2,Line_1_e1,-3.94255069E+03
1.35000000E-04,injectedCurrent,Node_1,4.45178899E+03
1.35000000E-04,voltage,Node_1,6.40900866E+04
1.35000000E-04,voltage,Node_2,6.48854861E+04
1.35000000E-04,i1,Line_1_e1,4.45178899E+03
1.35000000E-04,i2,Line_1_e1,-3.91661863E+03
1.35500000E-04,injectedCurrent,Node_1,4.41927005E+03
1.35500000E-04,voltage,Node_1,6.38792751E+04
1.35500000E-04,voltage,Node_2,6.42812298E+04
1.35500000E-04,i1,Line_1_e1,4.41927005E+03
1.35500000E-04,i2,Line_1_e1,-3.88515616E+03
1.36000000E-04,injectedCurrent,Node_1,4.38698865E+03
1.36000000E-04,voltage,Node_1,6.31679983E+04
1.36000000E-04,voltage,Node_2,6.39524063E+04
1.36000000E-04,i1,Line_1_e1,4.38698865E+03
1.36000000E-04,i2,Line_1_e1,-3.85960823E+03
1.36500000E-04,injectedCurrent,Node_1,4.35494306E+03
1.36500000E-04,voltage,Node_1,6.29607987E+04
1.36500000E-04,voltage,Node_2,6.33565730E+04
1.36500000E-04,i1,Line_1_e1,4.35494306E+03
1.36500000E-04,i2,Line_1_e1,-3.82859713E+03
1.37000000E-04,injectedCurrent,Node_1,4.32313155E+03
1.37000000E-04,voltage,Node_1,6.22592505E+04
1.37000000E-04,voltage,Node_2,6.30327950E+04
1.37000000E-04,i1,Line_1_e1,4.32313155E+03
1.37000000E-04,i2,Line_1_e1,-3.80342765E+03
1.37500000E-04,injectedCurrent,Node_1,4.29155242E+03
1.37500000E-04,voltage,Node_1,6.20555866E+04
1.37500000E-04,voltage,Node_2,6.24452733E+04
1.37500000E-04,i1,Line_1_e1,4.29155242E+03
1.37500000E-04,i2,Line_1_e1,-3.77286153E+03
1.38000000E-04,injectedCurrent,Node_1,4.26020395E+03
1.38000000E-04,voltage,Node_1,6.13636291E+04
1.38000000E-04,voltage,Node_2,6.21264616E+04
1.38000000E-04,i1,Line_1_e1,4.26020395E+03
1.38000000E-04,i2,Line_1_e1,-3.74806488E+03
1.38500000E-04,injectedCurrent,Node_1,4.22908449E+03
1.38500000E-04,voltage,Node_1,6.11634370E+04
1.38500000E-04,voltage,Node_2,6.15471305E+04
1.38500000E-04,i1,Line_1_e1,4.22908449E+03
1.38500000E-04,i2,Line_1_e1,-3.71793734E+03
1.39000000E-04,injectedCurrent,Node_1,4.19819233E+03
1.39000000E-04,voltage,Node_1,6.04809442E+04
1.39000000E-04,voltage,Node_2,6.12331975E+04
1.39000000E-04,i1,Line_1_e1,4.19819233E+03
1.39000000E-04,i2,Line_1_e1,-3.69350790E+03
1.39500000E-04,injectedCurrent,Node_1,4.16752584E+03
1.39500000E-04,voltage,Node_1,6.02841625E+04
1.39500000E-04,voltage,Node_2,6.06619441E+04
1.39500000E-04,i1,Line_1_e1,4.16752584E+03
1.39500000E-04,i2,Line_1_e1,-3.66381266E+03
1.40000000E-04,injectedCurrent,Node_1,4.13708335E+03
1.40000000E-04,voltage,Node_1,5.96110027E+04
1.40000000E-04,voltage,Node_2,6.03528204E+04
1.40000000E-04,i1,Line_1_e1,4.13708335E+03
1.40000000E-04,i2,Line_1_e1,-3.63974498E+03
1.40500000E-04,injectedCurrent,Node_1,4.10686324E+03
1.40500000E-04,voltage,Node_1,5.94175638E+04
1.40500000E-04,voltage,Node_2,5.97895382E+04
1.40500000E-04,i1,Line_1_e1,4.10686324E+03
1.40500000E-04,i2,Line_1_e1,-3.61047590E+03
1.41000000E-04,injectedCurrent,Node_1,4.07686388E+03
1.41000000E-04,voltage,Node_1,5.87536088E+04
1.41000000E-04,voltage,Node_2,5.94851515E+04
1.41000000E-04,i1,Line_1_e1,4.07686388E+03
1.41000000E-04,i2,Line_1_e1,-3.58676460E+03
1.41500000E-04,injectedCurrent,Node_1,4.04708365E+03
1.41500000E-04,voltage,Node_1,5.85634507E+04
1.41500000E-04,voltage,Node_2,5.89297301E+04
1.41500000E-04,i1,Line_1_e1,4.04708365E+03
1.41500000E-04,i2,Line_1_e1,-3.55791561E+03
1.42000000E-04,injectedCurrent,Node_1,4.01752096E+03
1.42000000E-04,voltage,Node_1,5.79085797E+04
1.42000000E-04,voltage,Node_2,5.86299998E+04
1.42000000E-04,i1,Line_1_e1,4.01752096E+03
1.42000000E-04,i2,Line_1_e1,-3.53455533E+03
1.42500000E-04,injectedCurrent,Node_1,3.98817421E+03
1.42500000E-04,voltage,Node_1,5.77216401E+04
1.42500000E-04,voltage,Node_2,5.80823375E+04
1.42500000E-04,i1,Line_1_e1,3.98817421E+03
1.42500000E-04,i2,Line_1_e1,-3.50612046E+03
1.43000000E-04,injectedCurrent,Node_1,3.95904184E+03
1.43000000E-04,voltage,Node_1,5.70757304E+04
1.43000000E-04,voltage,Node_2,5.77871954E+04
1.43000000E-04,i1,Line_1_e1,3.95904184E+03
1.43000000E-04,i2,Line_1_e1,-3.48310599E+03
1.43500000E-04,injectedCurrent,Node_1,3.93012226E+03
1.43500000E-04,voltage,Node_1,5.68919523E+04
1.43500000E-04,voltage,Node_2,5.72471790E+04
1.43500000E-04,i1,Line_1_e1,3.93012226E+03
1.43500000E-04,i2,Line_1_e1,-3.45507935E+03
1.44000000E-04,injectedCurrent,Node_1,3.90141394E+03
1.44000000E-04,voltage,Node_1,5.62548881E+04
1.44000000E-04,voltage,Node_2,5.69565538E+04
1.44000000E-04,i1,Line_1_e1,3.90141394E+03
1.44000000E-04,i2,Line_1_e1,-3.43240549E+03
1.44500000E-04,injectedCurrent,Node_1,3.87291532E+03
1.44500000E-04,voltage,Node_1,5.60742145E+04
1.44500000E-04,voltage,Node_2,5.64240821E+04
1.44500000E-04,i1,Line_1_e1,3.87291532E+03
1.44500000E-04,i2,Line_1_e1,-3.40478128E+03
1.45000000E-04,injectedCurrent,Node_1,3.84462487E+03
1.45000000E-04,voltage,Node_1,5.54458804E+04
1.45000000E-04,voltage,Node_2,5.61378975E+04
1.45000000E-04,i1,Line_1_e1,3.84462487E+03
1.45000000E-04,i2,Line_1_e1,-3.38244296E+03
1.45500000E-04,injectedCurrent,Node_1,3.81654108E+03
1.45500000E-04,voltage,Node_1,5.52682525E+04
1.45500000E-04,voltage,Node_2,5.56128798E+04
1.45500000E-04,i1,Line_1_e1,3.81654108E+03
1.45500000E-04,i2,Line_1_e1,-3.35521550E+03
1.46000000E-04,injectedCurrent,Node_1,3.78866243E+03
1.46000000E-04,voltage,Node_1,5.46485406E+04
1.46000000E-04,voltage,Node_2,5.53310611E+04
1.46000000E-04,i1,Line_1_e1,3.78866243E+03
1.46000000E-04,i2,Line_1_e1,-3.33320766E+03
1.46500000E-04,injectedCurrent,Node_1,3.76098742E+03
1.46500000E-04,voltage,Node_1,5.44739135E+04
1.46500000E-04,voltage,Node_2,5.48133785E+04
1.46500000E-04,i1,Line_1_e1,3.76098742E+03
1.46500000E-04,i2,Line_1_e1,-3.30637127E+03
1.47000000E-04,injectedCurrent,Node_1,3.73351458E+03
1.47000000E-04,voltage,Node_1,5.38627166E+04
1.47000000E-04,voltage,Node_2,5.45358641E+04
1.47000000E-04,i1,Line_1_e1,3.73351458E+03
1.47000000E-04,i2,Line_1_e1,-3.28468897E+03
1.47500000E-04,injectedCurrent,Node_1,3.70624241E+03
1.47500000E-04,voltage,Node_1,5.36910313E+04
1.47500000E-04,voltage,Node_2,5.40254304E+04
1.47500000E-04,i1,Line_1_e1,3.70624241E+03
1.47500000E-04,i2,Line_1_e1,-3.25823816E+03
1.48000000E-04,injectedCurrent,Node_1,3.67916946E+03
1.48000000E-04,voltage,Node_1,5.30882444E+04
1.48000000E-04,voltage,Node_2,5.37521457E+04
1.48000000E-04,i1,Line_1_e1,3.67916946E+03
1.48000000E-04,i2,Line_1_e1,-3.23687650E+03
1.48500000E-04,injectedCurrent,Node_1,3.65229426E+03
1.48500000E-04,voltage,Node_1,5.29194548E+04
1.48500000E-04,voltage,Node_2,5.32488552E+04
1.48500000E-04,i1,Line_1_e1,3.65229426E+03
1.48500000E-04,i2,Line_1_e1,-3.21080578E+03
1.49000000E-04,injectedCurrent,Node_1,3.62561539E+03
1.49000000E-04,voltage,Node_1,5.23249750E+04
1.49000000E-04,voltage,Node_2,5.29797340E+04
1.49000000E-04,i1,Line_1_e1,3.62561539E+03
1.49000000E-04,i2,Line_1_e1,-3.18975994E+03
1.49500000E-04,injectedCurrent,Node_1,3.59913139E+03
1.49500000E-04,voltage,Node_1,5.21590286E+04
1.49500000E-04,voltage,Node_2,5.24834955E+04
1.49500000E-04,i1,Line_1_e1,3.59913139E+03
1.49500000E-04,i2,Line_1_e1,-3.16406395E+03
1.50000000E-04,injectedCurrent,Node_1,3.57284085E+03
1.50000000E-04,voltage,Node_1,5.15727537E+04
1.50000000E-04,voltage,Node_2,5.22184676E+04
1.50000000E-04,i1,Line_1_e1,3.57284085E+03
1.50000000E-04,i2,Line_1_e1,-3.14332916E+03
1.50500000E-04,injectedCurrent,Node_1,3.54674236E+03
1.50500000E-04,voltage,Node_1,5.14096009E+04
1.50500000E-04,voltage,Node_2,5.17291837E+04
1.50500000E-04,i1,Line_1_e1,3.54674236E+03
1.50500000E-04,i2,Line_1_e1,-3.11800258E+03
1.51000000E-04,injectedCurrent,Node_1,3.52083450E+03
1.51000000E-04,voltage,Node_1,5.08314274E+04
1.51000000E-04,voltage,Node_2,5.14681867E+04
1.51000000E-04,i1,Line_1_e1,3.52083450E+03
1.51000000E-04,i2,Line_1_e1,-3.09757417E+03
1.51500000E-04,injectedCurrent,Node_1,3.49511590E+03
1.51500000E-04,voltage,Node_1,5.06710135E+04
1.51500000E-04,voltage,Node_2,5.09857655E+04
1.51500000E-04,i1,Line_1_e1,3.49511590E+03
1.51500000E-04,i2,Line_1_e1,-3.07261178E+03
1.52000000E-04,injectedCurrent,Node_1,3.46958516E+03
1.52000000E-04,voltage,Node_1,5.01008399E+04
1.52000000E-04,voltage,Node_2,5.07287304E+04
1.52000000E-04,i1,Line_1_e1,3.46958516E+03
1.52000000E-04,i2,Line_1_e1,-3.05248511E+03
1.52500000E-04,injectedCurrent,Node_1,3.44424091E+03
1.52500000E-04,voltage,Node_1,4.99431108E+04
1.52500000E-04,voltage,Node_2,5.02530799E+04
1.52500000E-04,i1,Line_1_e1,3.44424091E+03
1.52500000E-04,i2,Line_1_e1,-3.02788177E+03
1.53000000E-04,injectedCurrent,Node_1,3.41908180E+03
1.53000000E-04,voltage,Node_1,4.93808306E+04
1.53000000E-04,voltage,Node_2,4.99999431E+04
1.53000000E-04,i1,Line_1_e1,3.41908180E+03
1.53000000E-04,i2,Line_1_e1,-3.00805229E+03
1.53500000E-04,injectedCurrent,Node_1,3.39410647E+03
1.53500000E-04,voltage,Node_1,4.92257245E+04
1.53500000E-04,voltage,Node_2,4.95309768E+04
1.53500000E-04,i1,Line_1_e1,3.39410647E+03
1.53500000E-04,i2,Line_1_e1,-2.98380296E+03
1.54000000E-04,injectedCurrent,Node_1,3.36931357E+03
1.54000000E-04,voltage,Node_1,4.86712259E+04
1.54000000E-04,voltage,Node_2,4.92816807E+04
1.54000000E-04,i1,Line_1_e1,3.36931357E+03
1.54000000E-04,i2,Line_1_e1,-2.96426621E+03
1.54500000E-04,injectedCurrent,Node_1,3.34470178E+03
1.54500000E-04,voltage,Node_1,4.85186819E+04
1.54500000E-04,voltage,Node_2,4.88193090E+04
1.54500000E-04,i1,Line_1_e1,3.34470178E+03
1.54500000E-04,i2,Line_1_e1,-2.94036592E+03
1.55000000E-04,injectedCurrent,Node_1,3.32026977E+03
1.55000000E-04,voltage,Node_1,4.79718628E+04
1.55000000E-04,voltage,Node_2,4.85737848E+04
1.55000000E-04,i1,Line_1_e1,3.32026977E+03
1.55000000E-04,i2,Line_1_e1,-2.92111746E+03
1.55500000E-04,injectedCurrent,Node_1,3.29601623E+03
1.55500000E-04,voltage,Node_1,4.78218284E+04
1.55500000E-04,voltage,Node_2,4.81179194E+04
1.55500000E-04,i1,Line_1_e1,3.29601623E+03
1.55500000E-04,i2,Line_1_e1,-2.89756126E+03
1.56000000E-04,injectedCurrent,Node_1,3.27193985E+03
1.56000000E-04,voltage,Node_1,4.72825945E+04
1.56000000E-04,voltage,Node_2,4.78760974E+04
1.56000000E-04,i1,Line_1_e1,3.27193985E+03
1.56000000E-04,i2,Line_1_e1,-2.87859669E+03
1.56500000E-04,injectedCurrent,Node_1,3.24803935E+03
1.56500000E-04,voltage,Node_1,4.71350186E+04
1.56500000E-04,voltage,Node_2,4.74266520E+04
1.56500000E-04,i1,Line_1_e1,3.24803935E+03
1.56500000E-04,i2,Line_1_e1,-2.85537973E+03
1.57000000E-04,injectedCurrent,Node_1,3.22431342E+03
1.57000000E-04,voltage,Node_1,4.66032719E+04
1.57000000E-04,voltage,Node_2,4.71884811E+04
1.57000000E-04,i1,Line_1_e1,3.22431342E+03
1.57000000E-04,i2,Line_1_e1,-2.83669477E+03
1.57500000E-04,injectedCurrent,Node_1,3.20076081E+03
1.57500000E-04,voltage,Node_1,4.64581018E+04
1.57500000E-04,voltage,Node_2,4.67453686E+04
1.57500000E-04,i1,Line_1_e1,3.20076081E+03
1.57500000E-04,i2,Line_1_e1,-2.81381230E+03
1.58000000E-04,injectedCurrent,Node_1,3.17738025E+03
1.58000000E-04,voltage,Node_1,4.59337485E+04
1.58000000E-04,voltage,Node_2,4.65107897E+04
1.58000000E-04,i1,Line_1_e1,3.17738025E+03
1.58000000E-04,i2,Line_1_e1,-2.79540271E+03
1.58500000E-04,injectedCurrent,Node_1,3.15417047E+03
1.58500000E-04,voltage,Node_1,4.57909354E+04
1.58500000E-04,voltage,Node_2,4.60739304E+04
1.58500000E-04,i1,Line_1_e1,3.15417047E+03
1.58500000E-04,i2,Line_1_e1,-2.77285003E+03
1.59000000E-04,injectedCurrent,Node_1,3.13113023E+03
1.59000000E-04,voltage,Node_1,4.52738872E+04
1.59000000E-04,voltage,Node_2,4.58428754E+04
1.59000000E-04,i1,Line_1_e1,3.13113023E+03
1.59000000E-04,i2,Line_1_e1,-2.75471162E+03
1.59500000E-04,injectedCurrent,Node_1,3.10825830E+03
1.59500000E-04,voltage,Node_1,4.51333844E+04
1.59500000E-04,voltage,Node_2,4.54121885E+04
1.59500000E-04,i1,Line_1_e1,3.10825830E+03
1.59500000E-04,i2,Line_1_e1,-2.73248411E+03
1.60000000E-04,injectedCurrent,Node_1,3.08555343E+03
1.60000000E-04,voltage,Node_1,4.46235503E+04
1.60000000E-04,voltage,Node_2,4.51846054E+04
1.60000000E-04,i1,Line_1_e1,3.08555343E+03
1.60000000E-04,i2,Line_1_e1,-2.71461276E+03
1.60500000E-04,injectedCurrent,Node_1,3.06301442E+03
1.60500000E-04,voltage,Node_1,4.44853110E+04
1.60500000E-04,voltage,Node_2,4.47600061E+04
1.60500000E-04,i1,Line_1_e1,3.06301442E+03
1.60500000E-04,i2,Line_1_e1,-2.69270586E+03
1.61000000E-04,injectedCurrent,Node_1,3.04064005E+03
1.61000000E-04,voltage,Node_1,4.39826056E+04
1.61000000E-04,voltage,Node_2,4.45358344E+04
1.61000000E-04,i1,Line_1_e1,3.04064005E+03
1.61000000E-04,i2,Line_1_e1,-2.67509751E+03
1.61500000E-04,injectedCurrent,Node_1,3.01842912E+03
1.61500000E-04,voltage,Node_1,4.38465831E+04
1.61500000E-04,voltage,Node_2,4.41172460E+04
1.61500000E-04,i1,Line_1_e1,3.01842912E+03
1.61500000E-04,i2,Line_1_e1,-2.65350674E+03
1.62000000E-04,injectedCurrent,Node_1,2.99638043E+03
1.62000000E-04,voltage,Node_1,4.33509206E+04
1.62000000E-04,voltage,Node_2,4.38964268E+04
1.62000000E-04,i1,Line_1_e1,2.99638043E+03
1.62000000E-04,i2,Line_1_e1,-2.63615738E+03
1.62500000E-04,injectedCurrent,Node_1,2.97449280E+03
1.62500000E-04,voltage,Node_1,4.32170681E+04
1.62500000E-04,voltage,Node_2,4.34837700E+04
1.62500000E-04,i1,Line_1_e1,2.97449280E+03
1.62500000E-04,i2,Line_1_e1,-2.61487831E+03
1.63000000E-04,injectedCurrent,Node_1,2.95276505E+03
1.63000000E-04,voltage,Node_1,4.27283609E+04
1.63000000E-04,voltage,Node_2,4.32662510E+04
1.63000000E-04,i1,Line_1_e1,2.95276505E+03
1.63000000E-04,i2,Line_1_e1,-2.59778402E+03
1.63500000E-04,injectedCurrent,Node_1,2.93119601E+03
1.63500000E-04,voltage,Node_1,4.25966325E+04
1.63500000E-04,voltage,Node_2,4.28594498E+04
1.63500000E-04,i1,Line_1_e1,2.93119601E+03
1.63500000E-04,i2,Line_1_e1,-2.57681231E+03
1.64000000E-04,injectedCurrent,Node_1,2.90978454E+03
1.64000000E-04,voltage,Node_1,4.21148018E+04
1.64000000E-04,voltage,Node_2,4.26451658E+04
1.64000000E-04,i1,Line_1_e1,2.90978454E+03
1.64000000E-04,i2,Line_1_e1,-2.55996914E+03
1.64500000E-04,injectedCurrent,Node_1,2.88852946E+03
1.64500000E-04,voltage,Node_1,4.19851566E+04
1.64500000E-04,voltage,Node_2,4.22441393E+04
1.64500000E-04,i1,Line_1_e1,2.88852946E+03
1.64500000E-04,i2,Line_1_e1,-2.53930046E+03
1.65000000E-04,injectedCurrent,Node_1,2.86742965E+03
1.65000000E-04,voltage,Node_1,4.15101165E+04
1.65000000E-04,voltage,Node_2,4.20330437E+04
1.65000000E-04,i1,Line_1_e1,2.86742965E+03
1.65000000E-04,i2,Line_1_e1,-2.52270463E+03
1.65500000E-04,injectedCurrent,Node_1,2.84648396E+03
1.65500000E-04,voltage,Node_1,4.13825038E+04
1.65500000E-04,voltage,Node_2,4.16377245E+04
1.65500000E-04,i1,Line_1_e1,2.84648396E+03
1.65500000E-04,i2,Line_1_e1,-2.50233480E+03
1.66000000E-04,injectedCurrent,Node_1,2.82569128E+03
1.66000000E-04,voltage,Node_1,4.09141750E+04
1.66000000E-04,voltage,Node_2,4.14297556E+04
1.66000000E-04,i1,Line_1_e1,2.82569128E+03
1.66000000E-04,i2,Line_1_e1,-2.48598249E+03
1.66500000E-04,injectedCurrent,Node_1,2.80505048E+03
1.66500000E-04,voltage,Node_1,4.07885537E+04
1.66500000E-04,voltage,Node_2,4.10400646E+04
1.66500000E-04,i1,Line_1_e1,2.80505048E+03
1.66500000E-04,i2,Line_1_e1,-2.46590732E+03
1.67000000E-04,injectedCurrent,Node_1,2.78456046E+03
1.67000000E-04,voltage,Node_1,4.03268561E+04
1.67000000E-04,voltage,Node_2,4.08351721E+04
1.67000000E-04,i1,Line_1_e1,2.78456046E+03
1.67000000E-04,i2,Line_1_e1,-2.44979481E+03
1.67500000E-04,injectedCurrent,Node_1,2.76422011E+03
1.67500000E-04,voltage,Node_1,4.02031806E+04
1.67500000E-04,voltage,Node_2,4.04510368E+04
1.67500000E-04,i1,Line_1_e1,2.76422011E+03
1.67500000E-04,i2,Line_1_e1,-2.43001019E+03
1.68000000E-04,injectedCurrent,Node_1,2.74402833E+03
1.68000000E-04,voltage,Node_1,3.97480347E+04
1.68000000E-04,voltage,Node_2,4.02491695E+04
1.68000000E-04,i1,Line_1_e1,2.74402833E+03
1.68000000E-04,i2,Line_1_e1,-2.41413380E+03
1.68500000E-04,injectedCurrent,Node_1,2.72398406E+03
1.68500000E-04,voltage,Node_1,3.96262622E+04
1.68500000E-04,voltage,Node_2,3.98705165E+04
1.68500000E-04,i1,Line_1_e1,2.72398406E+03
1.68500000E-04,i2,Line_1_e1,-2.39463569E+03
1.69000000E-04,injectedCurrent,Node_1,2.70408620E+03
1.69000000E-04,voltage,Node_1,3.91775903E+04
1.69000000E-04,voltage,Node_2,3.96716187E+04
1.69000000E-04,i1,Line_1_e1,2.70408620E+03
1.69000000E-04,i2,Line_1_e1,-2.37899179E+03
1.69500000E-04,injectedCurrent,Node_1,2.68433369E+03
1.69500000E-04,voltage,Node_1,3.90576753E+04
1.69500000E-04,voltage,Node_2,3.92983841E+04
1.69500000E-04,i1,Line_1_e1,2.68433369E+03
1.69500000E-04,i2,Line_1_e1,-2.35977622E+03
1.70000000E-04,injectedCurrent,Node_1,2.66472546E+03
1.70000000E-04,voltage,Node_1,3.86153997E+04
1.70000000E-04,voltage,Node_2,3.91024026E+04
1.70000000E-04,i1,Line_1_e1,2.66472546E+03
1.70000000E-04,i2,Line_1_e1,-2.34436123E+03
1.70500000E-04,injectedCurrent,Node_1,2.64526047E+03
1.70500000E-04,voltage,Node_1,3.84972993E+04
1.70500000E-04,voltage,Node_2,3.87345120E+04
1.70500000E-04,i1,Line_1_e1,2.64526047E+03
1.70500000E-04,i2,Line_1_e1,-2.32542426E+03
1.71000000E-04,injectedCurrent,Node_1,2.62593766E+03
1.71000000E-04,voltage,Node_1,3.80613423E+04
1.71000000E-04,voltage,Node_2,3.85414003E+04
1.71000000E-04,i1,Line_1_e1,2.62593766E+03
1.71000000E-04,i2,Line_1_e1,-2.31023466E+03
1.71500000E-04,injectedCurrent,Node_1,2.60675600E+03
1.71500000E-04,voltage,Node_1,3.79450101E+04
1.71500000E-04,voltage,Node_2,3.81787855E+04
1.71500000E-04,i1,Line_1_e1,2.60675600E+03
1.71500000E-04,i2,Line_1_e1,-2.29157242E+03
1.72000000E-04,injectedCurrent,Node_1,2.58771445E+03
1.72000000E-04,voltage,Node_1,3.75152924E+04
1.72000000E-04,voltage,Node_2,3.79884925E+04
1.72000000E-04,i1,Line_1_e1,2.58771445E+03
1.72000000E-04,i2,Line_1_e1,-2.27660476E+03
1.72500000E-04,injectedCurrent,Node_1,2.56881200E+03
1.72500000E-04,voltage,Node_1,3.74006794E+04
1.72500000E-04,voltage,Node_2,3.76310922E+04
1.72500000E-04,i1,Line_1_e1,2.56881200E+03
1.72500000E-04,i2,Line_1_e1,-2.25821348E+03
1.73000000E-04,injectedCurrent,Node_1,2.55004763E+03
1.73000000E-04,voltage,Node_1,3.69771225E+04
1.73000000E-04,voltage,Node_2,3.74435673E+04
1.73000000E-04,i1,Line_1_e1,2.55004763E+03
1.73000000E-04,i2,Line_1_e1,-2.24346433E+03
1.73500000E-04,injectedCurrent,Node_1,2.53142032E+03
1.73500000E-04,voltage,Node_1,3.68641856E+04
1.73500000E-04,voltage,Node_2,3.70913116E+04
1.73500000E-04,i1,Line_1_e1,2.53142032E+03
1.73500000E-04,i2,Line_1_e1,-2.22534025E+03
1.74000000E-04,injectedCurrent,Node_1,2.51292908E+03
1.74000000E-04,voltage,Node_1,3.64467173E+04
1.74000000E-04,voltage,Node_2,3.69065059E+04
1.74000000E-04,i1,Line_1_e1,2.51292908E+03
1.74000000E-04,i2,Line_1_e1,-2.21080623E+03
1.74500000E-04,injectedCurrent,Node_1,2.49457291E+03
1.74500000E-04,voltage,Node_1,3.63354181E+04
1.74500000E-04,voltage,Node_2,3.65593268E+04
1.74500000E-04,i1,Line_1_e1,2.49457291E+03
1.74500000E-04,i2,Line_1_e1,-2.19294563E+03
1.75000000E-04,injectedCurrent,Node_1,2.47635083E+03
1.75000000E-04,voltage,Node_1,3.59239722E+04
1.75000000E-04,voltage,Node_2,3.63771876E+04
1.75000000E-04,i1,Line_1_e1,2.47635083E+03
1.75000000E-04,i2,Line_1_e1,-2.17862339E+03
1.75500000E-04,injectedCurrent,Node_1,2.45826185E+03
1.75500000E-04,voltage,Node_1,3.58142724E+04
1.75500000E-04,voltage,Node_2,3.60350238E+04
1.75500000E-04,i1,Line_1_e1,2.45826185E+03
1.75500000E-04,i2,Line_1_e1,-2.16102264E+03
1.76000000E-04,injectedCurrent,Node_1,2.44030501E+03
1.76000000E-04,voltage,Node_1,3.54087802E+04
1.76000000E-04,voltage,Node_2,3.58555074E+04
1.76000000E-04,i1,Line_1_e1,2.44030501E+03
1.76000000E-04,i2,Line_1_e1,-2.14690891E+03
1.76500000E-04,injectedCurrent,Node_1,2.42247934E+03
1.76500000E-04,voltage,Node_1,3.53006410E+04
1.76500000E-04,voltage,Node_2,3.55182954E+04
1.76500000E-04,i1,Line_1_e1,2.42247934E+03
1.76500000E-04,i2,Line_1_e1,-2.12956443E+03
1.77000000E-04,injectedCurrent,Node_1,2.40478388E+03
1.77000000E-04,voltage,Node_1,3.49010355E+04
1.77000000E-04,voltage,Node_2,3.53413557E+04
1.77000000E-04,i1,Line_1_e1,2.40478388E+03
1.77000000E-04,i2,Line_1_e1,-2.11565599E+03
1.77500000E-04,injectedCurrent,Node_1,2.38721768E+03
1.77500000E-04,voltage,Node_1,3.47944188E+04
1.77500000E-04,voltage,Node_2,3.50090340E+04
1.77500000E-04,i1,Line_1_e1,2.38721768E+03
1.77500000E-04,i2,Line_1_e1,-2.09856424E+03
1.78000000E-04,injectedCurrent,Node_1,2.36977979E+03
1.78000000E-04,voltage,Node_1,3.44006347E+04
1.78000000E-04,voltage,Node_2,3.48346237E+04
1.78000000E-04,i1,Line_1_e1,2.36977979E+03
1.78000000E-04,i2,Line_1_e1,-2.08485790E+03
1.78500000E-04,injectedCurrent,Node_1,2.35246928E+03
1.78500000E-04,voltage,Node_1,3.42955044E+04
1.78500000E-04,voltage,Node_2,3.45071276E+04
1.78500000E-04,i1,Line_1_e1,2.35246928E+03
1.78500000E-04,i2,Line_1_e1,-2.06801540E+03
1.79000000E-04,injectedCurrent,Node_1,2.33528523E+03
1.79000000E-04,voltage,Node_1,3.39074750E+04
1.79000000E-04,voltage,Node_2,3.43352023E+04
1.79000000E-04,i1,Line_1_e1,2.33528523E+03
1.79000000E-04,i2,Line_1_e1,-2.05450802E+03
1.79500000E-04,injectedCurrent,Node_1,2.31822669E+03
1.79500000E-04,voltage,Node_1,3.38037902E+04
1.79500000E-04,voltage,Node_2,3.40124773E+04
1.79500000E-04,i1,Line_1_e1,2.31822669E+03
1.79500000E-04,i2,Line_1_e1,-2.03791135E+03
1.80000000E-04,injectedCurrent,Node_1,2.30129276E+03
1.80000000E-04,voltage,Node_1,3.34214500E+04
1.80000000E-04,voltage,Node_2,3.38429870E+04
1.80000000E-04,i1,Line_1_e1,2.30129276E+03
1.80000000E-04,i2,Line_1_e1,-2.02459982E+03
1.80500000E-04,injectedCurrent,Node_1,2.28448253E+03
1.80500000E-04,voltage,Node_1,3.33191727E+04
1.80500000E-04,voltage,Node_2,3.35249710E+04
1.80500000E-04,i1,Line_1_e1,2.28448253E+03
1.80500000E-04,i2,Line_1_e1,-2.00824559E+03
1.81000000E-04,injectedCurrent,Node_1,2.26779510E+03
1.81000000E-04,voltage,Node_1,3.29424549E+04
1.81000000E-04,voltage,Node_2,3.33578759E+04
1.81000000E-04,i1,Line_1_e1,2.26779510E+03
1.81000000E-04,i2,Line_1_e1,-1.99512689E+03
1.81500000E-04,injectedCurrent,Node_1,2.25122956E+03
1.81500000E-04,voltage,Node_1,3.28415446E+04
1.81500000E-04,voltage,Node_2,3.30445082E+04
1.81500000E-04,i1,Line_1_e1,2.25122956E+03
1.81500000E-04,i2,Line_1_e1,-1.97901178E+03
1.82000000E-04,injectedCurrent,Node_1,2.23478502E+03
1.82000000E-04,voltage,Node_1,3.24703831E+04
1.82000000E-04,voltage,Node_2,3.28797631E+04
1.82000000E-04,i1,Line_1_e1,2.23478502E+03
1.82000000E-04,i2,Line_1_e1,-1.96608287E+03
1.82500000E-04,injectedCurrent,Node_1,2.21846061E+03
1.82500000E-04,voltage,Node_1,3.23707984E+04
1.82500000E-04,voltage,Node_2,3.25709894E+04
1.82500000E-04,i1,Line_1_e1,2.21846061E+03
1.82500000E-04,i2,Line_1_e1,-1.95020362E+03
1.83000000E-04,injectedCurrent,Node_1,2.20225544E+03
1.83000000E-04,voltage,Node_1,3.20051269E+04
1.83000000E-04,voltage,Node_2,3.24085504E+04
1.83000000E-04,i1,Line_1_e1,2.20225544E+03
1.83000000E-04,i2,Line_1_e1,-1.93746156E+03
1.83500000E-04,injectedCurrent,Node_1,2.18616865E+03
1.83500000E-04,voltage,Node_1,3.19068300E+04
1.83500000E-04,voltage,Node_2,3.21043139E+04
1.83500000E-04,i1,Line_1_e1,2.18616865E+03
1.83500000E-04,i2,Line_1_e1,-1.92181492E+03
1.84000000E-04,injectedCurrent,Node_1,2.17019936E+03
1.84000000E-04,voltage,Node_1,3.15465895E+04
1.84000000E-04,voltage,Node_2,3.19441330E+04
1.84000000E-04,i1,Line_1_e1,2.17019936E+03
1.84000000E-04,i2,Line_1_e1,-1.90925676E+03
1.84500000E-04,injectedCurrent,Node_1,2.15434673E+03
1.84500000E-04,voltage,Node_1,3.14495460E+04
1.84500000E-04,voltage,Node_2,3.16443729E+04
1.84500000E-04,i1,Line_1_e1,2.15434673E+03
1.84500000E-04,i2,Line_1_e1,-1.89383954E+03
1.85000000E-04,injectedCurrent,Node_1,2.13860989E+03
1.85000000E-04,voltage,Node_1,3.10946725E+04
1.85000000E-04,voltage,Node_2,3.14864158E+04
1.85000000E-04,i1,Line_1_e1,2.13860989E+03
1.85000000E-04,i2,Line_1_e1,-1.88146241E+03
1.85500000E-04,injectedCurrent,Node_1,2.12298801E+03
1.85500000E-04,voltage,Node_1,3.09988417E+04
1.85500000E-04,voltage,Node_2,3.11910832E+04
1.85500000E-04,i1,Line_1_e1,2.12298801E+03
1.85500000E-04,i2,Line_1_e1,-1.86627152E+03
1.86000000E-04,injectedCurrent,Node_1,2.10748024E+03
1.86000000E-04,voltage,Node_1,3.06492772E+04
1.86000000E-04,voltage,Node_2,3.10353029E+04
1.86000000E-04,i1,Line_1_e1,2.10748024E+03
1.86000000E-04,i2,Line_1_e1,-1.85407259E+03
1.86500000E-04,injectedCurrent,Node_1,2.09208575E+03
1.86500000E-04,voltage,Node_1,3.05546273E+04
1.86500000E-04,voltage,Node_2,3.07443396E+04
1.86500000E-04,i1,Line_1_e1,2.09208575E+03
1.86500000E-04,i2,Line_1_e1,-1.83910491E+03
1.87000000E-04,injectedCurrent,Node_1,2.07680371E+03
1.87000000E-04,voltage,Node_1,3.02103160E+04
1.87000000E-04,voltage,Node_2,3.05906963E+04
1.87000000E-04,i1,Line_1_e1,2.07680371E+03
1.87000000E-04,i2,Line_1_e1,-1.82708135E+03
1.87500000E-04,injectedCurrent,Node_1,2.06163331E+03
1.87500000E-04,voltage,Node_1,3.01168144E+04
1.87500000E-04,voltage,Node_2,3.03040487E+04
1.87500000E-04,i1,Line_1_e1,2.06163331E+03
1.87500000E-04,i2,Line_1_e1,-1.81233385E+03
1.88000000E-04,injectedCurrent,Node_1,2.04657371E+03
1.88000000E-04,voltage,Node_1,2.97777008E+04
1.88000000E-04,voltage,Node_2,3.01525028E+04
1.88000000E-04,i1,Line_1_e1,2.04657371E+03
1.88000000E-04,i2,Line_1_e1,-1.80048292E+03
1.88500000E-04,injectedCurrent,Node_1,2.03162413E+03
1.88500000E-04,voltage,Node_1,2.96853167E+04
1.88500000E-04,voltage,Node_2,2.98701185E+04
1.88500000E-04,i1,Line_1_e1,2.03162413E+03
1.88500000E-04,i2,Line_1_e1,-1.78595259E+03
1.89000000E-04,injectedCurrent,Node_1,2.01678374E+03
1.89000000E-04,voltage,Node_1,2.93513486E+04
1.89000000E-04,voltage,Node_2,2.97206271E+04
1.89000000E-04,i1,Line_1_e1,2.01678374E+03
1.89000000E-04,i2,Line_1_e1,-1.77427156E+03
1.89500000E-04,injectedCurrent,Node_1,2.00205176E+03
1.89500000E-04,voltage,Node_1,2.92600505E+04
1.89500000E-04,voltage,Node_2,2.94424559E+04
1.89500000E-04,i1,Line_1_e1,2.00205176E+03
1.89500000E-04,i2,Line_1_e1,-1.75995545E+03
1.90000000E-04,injectedCurrent,Node_1,1.98742739E+03
1.90000000E-04,voltage,Node_1,2.89311733E+04
1.90000000E-04,voltage,Node_2,2.92949813E+04
1.90000000E-04,i1,Line_1_e1,1.98742739E+03
1.90000000E-04,i2,Line_1_e1,-1.74844164E+03
1.90500000E-04,injectedCurrent,Node_1,1.97290985E+03
1.90500000E-04,voltage,Node_1,2.88409284E+04
1.90500000E-04,voltage,Node_2,2.90209725E+04
1.90500000E-04,i1,Line_1_e1,1.97290985E+03
1.90500000E-04,i2,Line_1_e1,-1.73433685E+03
1.91000000E-04,injectedCurrent,Node_1,1.95849836E+03
1.91000000E-04,voltage,Node_1,2.85170891E+04
1.91000000E-04,voltage,Node_2,2.88754742E+04
1.91000000E-04,i1,Line_1_e1,1.95849836E+03
1.91000000E-04,i2,Line_1_e1,-1.72298760E+03
1.91500000E-04,injectedCurrent,Node_1,1.94419213E+03
1.91500000E-04,voltage,Node_1,2.84278648E+04
1.91500000E-04,voltage,Node_2,2.86055759E+04
1.91500000E-04,i1,Line_1_e1,1.94419213E+03
1.91500000E-04,i2,Line_1_e1,-1.70909126E+03
1.92000000E-04,injectedCurrent,Node_1,1.92999041E+03
1.92000000E-04,voltage,Node_1,2.81090078E+04
1.92000000E-04,voltage,Node_2,2.84620179E+04
1.92000000E-04,i1,Line_1_e1,1.92999041E+03
1.92000000E-04,i2,Line_1_e1,-1.69790398E+03
1.92500000E-04,injectedCurrent,Node_1,1.91589243E+03
1.92500000E-04,voltage,Node_1,2.80207684E+04
1.92500000E-04,voltage,Node_2,2.81961803E+04
1.92500000E-04,i1,Line_1_e1,1.91589243E+03
1.92500000E-04,i2,Line_1_e1,-1.68421325E+03
1.93000000E-04,injectedCurrent,Node_1,1.90189743E+03
1.93000000E-04,voltage,Node_1,2.77068360E+04
1.93000000E-04,voltage,Node_2,2.80545238E+04
1.93000000E-04,i1,Line_1_e1,1.90189743E+03
1.93000000E-04,i2,Line_1_e1,-1.67318537E+03
1.93500000E-04,injectedCurrent,Node_1,1.88800466E+03
1.93500000E-04,voltage,Node_1,2.76195423E+04
1.93500000E-04,voltage,Node_2,2.77927039E+04
1.93500000E-04,i1,Line_1_e1,1.88800466E+03
1.93500000E-04,i2,Line_1_e1,-1.65969752E+03
1.94000000E-04,injectedCurrent,Node_1,1.87421337E+03
1.94000000E-04,voltage,Node_1,2.73104768E+04
1.94000000E-04,voltage,Node_2,2.76529099E+04
1.94000000E-04,i1,Line_1_e1,1.87421337E+03
1.94000000E-04,i2,Line_1_e1,-1.64882651E+03
1.94500000E-04,injectedCurrent,Node_1,1.86052282E+03
1.94500000E-04,voltage,Node_1,2.72240938E+04
1.94500000E-04,voltage,Node_2,2.73950551E+04
1.94500000E-04,i1,Line_1_e1,1.86052282E+03
1.94500000E-04,i2,Line_1_e1,-1.63553877E+03
1.95000000E-04,injectedCurrent,Node_1,1.84693228E+03
1.95000000E-04,voltage,Node_1,2.69198413E+04
1.95000000E-04,voltage,Node_2,2.72570887E+04
1.95000000E-04,i1,Line_1_e1,1.84693228E+03
1.95000000E-04,i2,Line_1_e1,-1.62482213E+03
1.95500000E-04,injectedCurrent,Node_1,1.83344101E+03
1.95500000E-04,voltage,Node_1,2.68343355E+04
1.95500000E-04,voltage,Node_2,2.70031499E+04
1.95500000E-04,i1,Line_1_e1,1.83344101E+03
1.95500000E-04,i2,Line_1_e1,-1.61173180E+03
1.96000000E-04,injectedCurrent,Node_1,1.82004829E+03
1.96000000E-04,voltage,Node_1,2.65348459E+04
1.96000000E-04,voltage,Node_2,2.68669717E+04
1.96000000E-04,i1,Line_1_e1,1.82004829E+03
1.96000000E-04,i2,Line_1_e1,-1.60116705E+03
1.96500000E-04,injectedCurrent,Node_1,1.80675341E+03
1.96500000E-04,voltage,Node_1,2.64501854E+04
1.96500000E-04,voltage,Node_2,2.66169043E+04
1.96500000E-04,i1,Line_1_e1,1.80675341E+03
1.96500000E-04,i2,Line_1_e1,-1.58827147E+03
1.97000000E-04,injectedCurrent,Node_1,1.79355563E+03
1.97000000E-04,voltage,Node_1,2.61554075E+04
1.97000000E-04,voltage,Node_2,2.64824799E+04
1.97000000E-04,i1,Line_1_e1,1.79355563E+03
1.97000000E-04,i2,Line_1_e1,-1.57785618E+03
1.97500000E-04,injectedCurrent,Node_1,1.78045426E+03
1.97500000E-04,voltage,Node_1,2.60715608E+04
1.97500000E-04,voltage,Node_2,2.62362393E+04
1.97500000E-04,i1,Line_1_e1,1.78045426E+03
1.97500000E-04,i2,Line_1_e1,-1.56515274E+03
1.98000000E-04,injectedCurrent,Node_1,1.76744860E+03
1.98000000E-04,voltage,Node_1,2.57814457E+04
1.98000000E-04,voltage,Node_2,2.61035336E+04
1.98000000E-04,i1,Line_1_e1,1.76744860E+03
1.98000000E-04,i2,Line_1_e1,-1.55488454E+03
1.98500000E-04,injectedCurrent,Node_1,1.75453793E+03
1.98500000E-04,voltage,Node_1,2.56983836E+04
1.98500000E-04,voltage,Node_2,2.58610730E+04
1.98500000E-04,i1,Line_1_e1,1.75453793E+03
1.98500000E-04,i2,Line_1_e1,-1.54237065E+03
1.99000000E-04,injectedCurrent,Node_1,1.74172158E+03
1.99000000E-04,voltage,Node_1,2.54128840E+04
1.99000000E-04,voltage,Node_2,2.57300519E+04
1.99000000E-04,i1,Line_1_e1,1.74172158E+03
1.99000000E-04,i2,Line_1_e1,-1.53224718E+03
1.99500000E-04,injectedCurrent,Node_1,1.72899884E+03
1.99500000E-04,voltage,Node_1,2.53305774E+04
1.99500000E-04,voltage,Node_2,2.54913293E+04
1.99500000E-04,i1,Line_1_e1,1.72899884E+03
1.99500000E-04,i2,Line_1_e1,-1.51992031E+03
2.00000000E-04,injectedCurrent,Node_1,1.71636904E+03
2.00000000E-04,voltage,Node_1,2.50496493E+04
2.00000000E-04,voltage,Node_2,2.53619540E+04
2.00000000E-04,i1,Line_1_e1,1.71636904E+03
2.00000000E-04,i2,Line_1_e1,-1.50993921E+03
2.00500000E-04,injectedCurrent,Node_1,1.70383150E+03
2.00500000E-04,voltage,Node_1,2.49680706E+04
2.00500000E-04,voltage,Node_2,2.51269250E+04
2.00500000E-04,i1,Line_1_e1,1.70383150E+03
2.00500000E-04,i2,Line_1_e1,-1.49779685E+03
2.01000000E-04,injectedCurrent,Node_1,1.69138553E+03
2.01000000E-04,voltage,Node_1,2.46916671E+04
2.01000000E-04,voltage,Node_2,2.49991664E+04
2.01000000E-04,i1,Line_1_e1,1.69138553E+03
2.01000000E-04,i2,Line_1_e1,-1.48795587E+03
2.01500000E-04,injectedCurrent,Node_1,1.67903049E+03
2.01500000E-04,voltage,Node_1,2.46107873E+04
2.01500000E-04,voltage,Node_2,2.47677874E+04
2.01500000E-04,i1,Line_1_e1,1.67903049E+03
2.01500000E-04,i2,Line_1_e1,-1.47599557E+03
2.02000000E-04,injectedCurrent,Node_1,1.66676569E+03
2.02000000E-04,voltage,Node_1,2.43388650E+04
2.02000000E-04,voltage,Node_2,2.46416090E+04
2.02000000E-04,i1,Line_1_e1,1.66676569E+03
2.02000000E-04,i2,Line_1_e1,-1.46629243E+03
2.02500000E-04,injectedCurrent,Node_1,1.65459048E+03
2.02500000E-04,voltage,Node_1,2.42586567E+04
2.02500000E-04,voltage,Node_2,2.44138375E+04
2.02500000E-04,i1,Line_1_e1,1.65459048E+03
2.02500000E-04,i2,Line_1_e1,-1.45451173E+03
2.03000000E-04,injectedCurrent,Node_1,1.64250421E+03
2.03000000E-04,voltage,Node_1,2.39911701E+04
2.03000000E-04,voltage,Node_2,2.42892072E+04
2.03000000E-04,i1,Line_1_e1,1.64250421E+03
2.03000000E-04,i2,Line_1_e1,-1.44494421E+03
2.03500000E-04,injectedCurrent,Node_1,1.63050623E+03
2.03500000E-04,voltage,Node_1,2.39116042E+04
2.03500000E-04,voltage,Node_2,2.40650026E+04
2.03500000E-04,i1,Line_1_e1,1.63050623E+03
2.03500000E-04,i2,Line_1_e1,-1.43334075E+03
2.04000000E-04,injectedCurrent,Node_1,1.61859589E+03
2.04000000E-04,voltage,Node_1,2.36485094E+04
2.04000000E-04,voltage,Node_2,2.39418851E+04
2.04000000E-04,i1,Line_1_e1,1.61859589E+03
2.04000000E-04,i2,Line_1_e1,-1.42390664E+03
2.04500000E-04,injectedCurrent,Node_1,1.60677254E+03
2.04500000E-04,voltage,Node_1,2.35695566E+04
2.04500000E-04,voltage,Node_2,2.37212065E+04
2.04500000E-04,i1,Line_1_e1,1.60677254E+03
2.04500000E-04,i2,Line_1_e1,-1.41247805E+03
2.05000000E-04,injectedCurrent,Node_1,1.59503557E+03
2.05000000E-04,voltage,Node_1,2.33108076E+04
2.05000000E-04,voltage,Node_2,2.35995725E+04
2.05000000E-04,i1,Line_1_e1,1.59503557E+03
2.05000000E-04,i2,Line_1_e1,-1.40317521E+03
2.05500000E-04,injectedCurrent,Node_1,1.58338433E+03
2.05500000E-04,voltage,Node_1,2.32324379E+04
2.05500000E-04,voltage,Node_2,2.33823780E+04
2.05500000E-04,i1,Line_1_e1,1.58338433E+03
2.05500000E-04,i2,Line_1_e1,-1.39191917E+03
2.06000000E-04,injectedCurrent,Node_1,1.57181820E+03
2.06000000E-04,voltage,Node_1,2.29779918E+04
2.06000000E-04,voltage,Node_2,2.32621946E+04
2.06000000E-04,i1,Line_1_e1,1.57181820E+03
2.06000000E-04,i2,Line_1_e1,-1.38274544E+03
2.06500000E-04,injectedCurrent,Node_1,1.56033655E+03
2.06500000E-04,voltage,Node_1,2.29001783E+04
2.06500000E-04,voltage,Node_2,2.30484419E+04
2.06500000E-04,i1,Line_1_e1,1.56033655E+03
2.06500000E-04,i2,Line_1_e1,-1.37165965E+03
2.07000000E-04,injectedCurrent,Node_1,1.54893878E+03
2.07000000E-04,voltage,Node_1,2.26499920E+04
2.07000000E-04,voltage,Node_2,2.29296755E+04
2.07000000E-04,i1,Line_1_e1,1.54893878E+03
2.07000000E-04,i2,Line_1_e1,-1.36261293E+03
2.07500000E-04,injectedCurrent,Node_1,1.53762426E+03
2.07500000E-04,voltage,Node_1,2.25727026E+04
2.07500000E-04,voltage,Node_2,2.27193317E+04
2.07500000E-04,i1,Line_1_e1,1.53762426E+03
2.07500000E-04,i2,Line_1_e1,-1.35169515E+03
2.08000000E-04,injectedCurrent,Node_1,1.52639239E+03
2.08000000E-04,voltage,Node_1,2.23267292E+04
2.08000000E-04,voltage,Node_2,2.26019542E+04
2.08000000E-04,i1,Line_1_e1,1.52639239E+03
2.08000000E-04,i2,Line_1_e1,-1.34277339E+03
2.08500000E-04,injectedCurrent,Node_1,1.51524257E+03
2.08500000E-04,voltage,Node_1,2.22499357E+04
2.08500000E-04,voltage,Node_2,2.23949764E+04
2.08500000E-04,i1,Line_1_e1,1.51524257E+03
2.08500000E-04,i2,Line_1_e1,-1.33202141E+03
2.09000000E-04,injectedCurrent,Node_1,1.50417419E+03
2.09000000E-04,voltage,Node_1,2.20081346E+04
2.09000000E-04,voltage,Node_2,2.22789552E+04
2.09000000E-04,i1,Line_1_e1,1.50417419E+03
2.09000000E-04,i2,Line_1_e1,-1.32322254E+03
2.09500000E-04,injectedCurrent,Node_1,1.49318666E+03
2.09500000E-04,voltage,Node_1,2.19318098E+04
2.09500000E-04,voltage,Node_2,2.20753059E+04
2.09500000E-04,i1,Line_1_e1,1.49318666E+03
2.09500000E-04,i2,Line_1_e1,-1.31263416E+03
2.10000000E-04,injectedCurrent,Node_1,1.48227940E+03
2.10000000E-04,voltage,Node_1,2.16941406E+04
2.10000000E-04,voltage,Node_2,2.19606097E+04
2.10000000E-04,i1,Line_1_e1,1.48227940E+03
2.10000000E-04,i2,Line_1_e1,-1.30395616E+03
2.10500000E-04,injectedCurrent,Node_1,1.47145181E+03
2.10500000E-04,voltage,Node_1,2.16182573E+04
2.10500000E-04,voltage,Node_2,2.17602532E+04
2.10500000E-04,i1,Line_1_e1,1.47145181E+03
2.10500000E-04,i2,Line_1_e1,-1.29352924E+03
2.11000000E-04,injectedCurrent,Node_1,1.46070331E+03
2.11000000E-04,voltage,Node_1,2.13846807E+04
2.11000000E-04,voltage,Node_2,2.16468531E+04
2.11000000E-04,i1,Line_1_e1,1.46070331E+03
2.11000000E-04,i2,Line_1_e1,-1.28497014E+03
2.11500000E-04,injectedCurrent,Node_1,1.45003332E+03
2.11500000E-04,voltage,Node_1,2.13092148E+04
2.11500000E-04,voltage,Node_2,2.14497503E+04
2.11500000E-04,i1,Line_1_e1,1.45003332E+03
2.11500000E-04,i2,Line_1_e1,-1.27470254E+03
2.12000000E-04,injectedCurrent,Node_1,1.43944128E+03
2.12000000E-04,voltage,Node_1,2.10796945E+04
2.12000000E-04,voltage,Node_2,2.13376167E+04
2.12000000E-04,i1,Line_1_e1,1.43944128E+03
2.12000000E-04,i2,Line_1_e1,-1.26626037E+03
2.12500000E-04,injectedCurrent,Node_1,1.42892660E+03
2.12500000E-04,voltage,Node_1,2.10046226E+04
2.12500000E-04,voltage,Node_2,2.11437312E+04
2.12500000E-04,i1,Line_1_e1,1.42892660E+03
2.12500000E-04,i2,Line_1_e1,-1.25615000E+03
2.13000000E-04,injectedCurrent,Node_1,1.41848874E+03
2.13000000E-04,voltage,Node_1,2.07791219E+04
2.13000000E-04,voltage,Node_2,2.10328353E+04
2.13000000E-04,i1,Line_1_e1,1.41848874E+03
2.13000000E-04,i2,Line_1_e1,-1.24782283E+03
2.13500000E-04,injectedCurrent,Node_1,1.40812712E+03
2.13500000E-04,voltage,Node_1,2.07044193E+04
2.13500000E-04,voltage,Node_2,2.08421345E+04
2.13500000E-04,i1,Line_1_e1,1.40812712E+03
2.13500000E-04,i2,Line_1_e1,-1.23786764E+03
2.14000000E-04,injectedCurrent,Node_1,1.39784119E+03
2.14000000E-04,voltage,Node_1,2.04829029E+04
2.14000000E-04,voltage,Node_2,2.07324457E+04
2.14000000E-04,i1,Line_1_e1,1.39784119E+03
2.14000000E-04,i2,Line_1_e1,-1.22965356E+03
2.14500000E-04,injectedCurrent,Node_1,1.38763039E+03
2.14500000E-04,voltage,Node_1,2.04085469E+04
2.14500000E-04,voltage,Node_2,2.05448921E+04
2.14500000E-04,i1,Line_1_e1,1.38763039E+03
2.14500000E-04,i2,Line_1_e1,-1.21985152E+03
2.15000000E-04,injectedCurrent,Node_1,1.37749418E+03
2.15000000E-04,voltage,Node_1,2.01909786E+04
2.15000000E-04,voltage,Node_2,2.04363847E+04
2.15000000E-04,i1,Line_1_e1,1.37749418E+03
2.15000000E-04,i2,Line_1_e1,-1.21174865E+03
2.15500000E-04,injectedCurrent,Node_1,1.36743201E+03
2.15500000E-04,voltage,Node_1,2.01169440E+04
2.15500000E-04,voltage,Node_2,2.02519437E+04
2.15500000E-04,i1,Line_1_e1,1.36743201E+03
2.15500000E-04,i2,Line_1_e1,-1.20209776E+03
2.16000000E-04,injectedCurrent,Node_1,1.35744334E+03
2.16000000E-04,voltage,Node_1,1.99032869E+04
2.16000000E-04,voltage,Node_2,2.01445890E+04
2.16000000E-04,i1,Line_1_e1,1.35744334E+03
2.16000000E-04,i2,Line_1_e1,-1.19410425E+03
2.16500000E-04,injectedCurrent,Node_1,1.34752764E+03
2.16500000E-04,voltage,Node_1,1.98295469E+04
2.16500000E-04,voltage,Node_2,1.99632275E+04
2.16500000E-04,i1,Line_1_e1,1.34752764E+03
2.16500000E-04,i2,Line_1_e1,-1.18460255E+03
2.17000000E-04,injectedCurrent,Node_1,1.33768437E+03
2.17000000E-04,voltage,Node_1,1.96197613E+04
2.17000000E-04,voltage,Node_2,1.98569994E+04
2.17000000E-04,i1,Line_1_e1,1.33768437E+03
2.17000000E-04,i2,Line_1_e1,-1.17671659E+03
2.17500000E-04,injectedCurrent,Node_1,1.32791300E+03
2.17500000E-04,voltage,Node_1,1.95462882E+04
2.17500000E-04,voltage,Node_2,1.96786852E+04
2.17500000E-04,i1,Line_1_e1,1.32791300E+03
2.17500000E-04,i2,Line_1_e1,-1.16736215E+03
2.18000000E-04,injectedCurrent,Node_1,1.31821301E+03
2.18000000E-04,voltage,Node_1,1.93403372E+04
2.18000000E-04,voltage,Node_2,1.95735528E+04
2.18000000E-04,i1,Line_1_e1,1.31821301E+03
2.18000000E-04,i2,Line_1_e1,-1.15958193E+03
2.18500000E-04,injectedCurrent,Node_1,1.30858387E+03
2.18500000E-04,voltage,Node_1,1.92671052E+04
2.18500000E-04,voltage,Node_2,1.93982523E+04
2.18500000E-04,i1,Line_1_e1,1.30858387E+03
2.18500000E-04,i2,Line_1_e1,-1.15037283E+03
2.19000000E-04,injectedCurrent,Node_1,1.29902507E+03
2.19000000E-04,voltage,Node_1,1.90649520E+04
2.19000000E-04,voltage,Node_2,1.92941909E+04
2.19000000E-04,i1,Line_1_e1,1.29902507E+03
2.19000000E-04,i2,Line_1_e1,-1.14269658E+03
2.19500000E-04,injectedCurrent,Node_1,1.28953609E+03
2.19500000E-04,voltage,Node_1,1.89919367E+04
2.19500000E-04,voltage,Node_2,1.91218689E+04
2.19500000E-04,i1,Line_1_e1,1.28953609E+03
2.19500000E-04,i2,Line_1_e1,-1.13363093E+03
2.20000000E-04,injectedCurrent,Node_1,1.28011643E+03
2.20000000E-04,voltage,Node_1,1.87935483E+04
2.20000000E-04,voltage,Node_2,1.90188497E+04
2.20000000E-04,i1,Line_1_e1,1.28011643E+03
2.20000000E-04,i2,Line_1_e1,-1.12605688E+03
2.20500000E-04,injectedCurrent,Node_1,1.27076558E+03
2.20500000E-04,voltage,Node_1,1.87207249E+04
2.20500000E-04,voltage,Node_2,1.88494763E+04
2.20500000E-04,i1,Line_1_e1,1.27076558E+03
2.20500000E-04,i2,Line_1_e1,-1.11713284E+03
2.21000000E-04,injectedCurrent,Node_1,1.26148303E+03
2.21000000E-04,voltage,Node_1,1.85260652E+04
2.21000000E-04,voltage,Node_2,1.87474746E+04
2.21000000E-04,i1,Line_1_e1,1.26148303E+03
2.21000000E-04,i2,Line_1_e1,-1.10965928E+03
2.21500000E-04,injectedCurrent,Node_1,1.25226829E+03
2.21500000E-04,voltage,Node_1,1.84534079E+04
2.21500000E-04,voltage,Node_2,1.85810202E+04
2.21500000E-04,i1,Line_1_e1,1.25226829E+03
2.21500000E-04,i2,Line_1_e1,-1.10087503E+03
2.22000000E-04,injectedCurrent,Node_1,1.24312085E+03
2.22000000E-04,voltage,Node_1,1.82624422E+04
2.22000000E-04,voltage,Node_2,1.84800110E+04
2.22000000E-04,i1,Line_1_e1,1.24312085E+03
2.22000000E-04,i2,Line_1_e1,-1.09350027E+03
2.22500000E-04,injectedCurrent,Node_1,1.23404024E+03
2.22500000E-04,voltage,Node_1,1.81899281E+04
2.22500000E-04,voltage,Node_2,1.83164417E+04
2.22500000E-04,i1,Line_1_e1,1.23404024E+03
2.22500000E-04,i2,Line_1_e1,-1.08485400E+03
2.23000000E-04,injectedCurrent,Node_1,1.22502596E+03
2.23000000E-04,voltage,Node_1,1.80026247E+04
2.23000000E-04,voltage,Node_2,1.82163990E+04
2.23000000E-04,i1,Line_1_e1,1.22502596E+03
2.23000000E-04,i2,Line_1_e1,-1.07757635E+03
2.23500000E-04,injectedCurrent,Node_1,1.21607753E+03
2.23500000E-04,voltage,Node_1,1.79302309E+04
2.23500000E-04,voltage,Node_2,1.80556863E+04
2.23500000E-04,i1,Line_1_e1,1.21607753E+03
2.23500000E-04,i2,Line_1_e1,-1.06906630E+03
2.24000000E-04,injectedCurrent,Node_1,1.20719446E+03
2.24000000E-04,voltage,Node_1,1.77465595E+04
2.24000000E-04,voltage,Node_2,1.79565824E+04
2.24000000E-04,i1,Line_1_e1,1.20719446E+03
2.24000000E-04,i2,Line_1_e1,-1.06188410E+03
2.24500000E-04,injectedCurrent,Node_1,1.19837627E+03
2.24500000E-04,voltage,Node_1,1.76742650E+04
2.24500000E-04,voltage,Node_2,1.77986954E+04
2.24500000E-04,i1,Line_1_e1,1.19837627E+03
2.24500000E-04,i2,Line_1_e1,-1.05350853E+03
2.25000000E-04,injectedCurrent,Node_1,1.18962251E+03
2.25000000E-04,voltage,Node_1,1.74941945E+04
2.25000000E-04,voltage,Node_2,1.77005083E+04
2.25000000E-04,i1,Line_1_e1,1.18962251E+03
2.25000000E-04,i2,Line_1_e1,-1.04642016E+03
2.25500000E-04,injectedCurrent,Node_1,1.18093268E+03
2.25500000E-04,voltage,Node_1,1.74219763E+04
2.25500000E-04,voltage,Node_2,1.75454184E+04
2.25500000E-04,i1,Line_1_e1,1.18093268E+03
2.25500000E-04,i2,Line_1_e1,-1.03817735E+03
2.26000000E-04,injectedCurrent,Node_1,1.17230634E+03
2.26000000E-04,voltage,Node_1,1.72454762E+04
2.26000000E-04,voltage,Node_2,1.74481239E+04
2.26000000E-04,i1,Line_1_e1,1.17230634E+03
2.26000000E-04,i2,Line_1_e1,-1.03118120E+03
2.26500000E-04,injectedCurrent,Node_1,1.16374300E+03
2.26500000E-04,voltage,Node_1,1.71733144E+04
2.26500000E-04,voltage,Node_2,1.72958002E+04
2.26500000E-04,i1,Line_1_e1,1.16374300E+03
2.26500000E-04,i2,Line_1_e1,-1.02306946E+03
2.27000000E-04,injectedCurrent,Node_1,1.15524222E+03
2.27000000E-04,voltage,Node_1,1.70003566E+04
2.27000000E-04,voltage,Node_2,1.71993714E+04
2.27000000E-04,i1,Line_1_e1,1.15524222E+03
2.27000000E-04,i2,Line_1_e1,-1.01616395E+03
2.27500000E-04,injectedCurrent,Node_1,1.14680353E+03
2.27500000E-04,voltage,Node_1,1.69282297E+04
2.27500000E-04,voltage,Node_2,1.70497883E+04
2.27500000E-04,i1,Line_1_e1,1.14680353E+03
2.27500000E-04,i2,Line_1_e1,-1.00818162E+03
2.28000000E-04,injectedCurrent,Node_1,1.13842649E+03
2.28000000E-04,voltage,Node_1,1.67587847E+04
2.28000000E-04,voltage,Node_2,1.69542016E+04
2.28000000E-04,i1,Line_1_e1,1.13842649E+03
2.28000000E-04,i2,Line_1_e1,-1.00136518E+03
2.28500000E-04,injectedCurrent,Node_1,1.13011064E+03
2.28500000E-04,voltage,Node_1,1.66866721E+04
2.28500000E-04,voltage,Node_2,1.68073293E+04
2.28500000E-04,i1,Line_1_e1,1.13011064E+03
2.28500000E-04,i2,Line_1_e1,-9.93510613E+02
2.29000000E-04,injectedCurrent,Node_1,1.12185553E+03
2.29000000E-04,voltage,Node_1,1.65207116E+04
2.29000000E-04,voltage,Node_2,1.67125614E+04
2.29000000E-04,i1,Line_1_e1,1.12185553E+03
2.29000000E-04,i2,Line_1_e1,-9.86781707E+02
2.29500000E-04,injectedCurrent,Node_1,1.11366072E+03
2.29500000E-04,voltage,Node_1,1.64485914E+04
2.29500000E-04,voltage,Node_2,1.65683724E+04
2.29500000E-04,i1,Line_1_e1,1.11366072E+03
2.29500000E-04,i2,Line_1_e1,-9.79053298E+02
2.30000000E-04,injectedCurrent,Node_1,1.10552577E+03
2.30000000E-04,voltage,Node_1,1.62860863E+04
2.30000000E-04,voltage,Node_2,1.64744005E+04
2.30000000E-04,i1,Line_1_e1,1.10552577E+03
2.30000000E-04,i2,Line_1_e1,-9.72410408E+02
2.30500000E-04,injectedCurrent,Node_1,1.09745025E+03
2.30500000E-04,voltage,Node_1,1.62139370E+04
2.30500000E-04,voltage,Node_2,1.63328676E+04
2.30500000E-04,i1,Line_1_e1,1.09745025E+03
2.30500000E-04,i2,Line_1_e1,-9.64806567E+02
2.31000000E-04,injectedCurrent,Node_1,1.08943372E+03
2.31000000E-04,voltage,Node_1,1.60548594E+04
2.31000000E-04,voltage,Node_2,1.62396674E+04
2.31000000E-04,i1,Line_1_e1,1.08943372E+03
2.31000000E-04,i2,Line_1_e1,-9.58248189E+02
2.31500000E-04,injectedCurrent,Node_1,1.08147574E+03
2.31500000E-04,voltage,Node_1,1.59826608E+04
2.31500000E-04,voltage,Node_2,1.61007633E+04
2.31500000E-04,i1,Line_1_e1,1.08147574E+03
2.31500000E-04,i2,Line_1_e1,-9.50767340E+02
2.32000000E-04,injectedCurrent,Node_1,1.07357590E+03
2.32000000E-04,voltage,Node_1,1.58269836E+04
2.32000000E-04,voltage,Node_2,1.60083103E+04
2.32000000E-04,i1,Line_1_e1,1.07357590E+03
2.32000000E-04,i2,Line_1_e1,-9.44291989E+02
2.32500000E-04,injectedCurrent,Node_1,1.06573376E+03
2.32500000E-04,voltage,Node_1,1.57547137E+04
2.32500000E-04,voltage,Node_2,1.58720092E+04
2.32500000E-04,i1,Line_1_e1,1.06573376E+03
2.32500000E-04,i2,Line_1_e1,-9.36932595E+02
2.33000000E-04,injectedCurrent,Node_1,1.05794890E+03
2.33000000E-04,voltage,Node_1,1.56024062E+04
2.33000000E-04,voltage,Node_2,1.57802854E+04
2.33000000E-04,i1,Line_1_e1,1.05794890E+03
2.33000000E-04,i2,Line_1_e1,-9.30538833E+02
2.33500000E-04,injectedCurrent,Node_1,1.05022091E+03
2.33500000E-04,voltage,Node_1,1.55300419E+04
2.33500000E-04,voltage,Node_2,1.56465615E+04
2.33500000E-04,i1,Line_1_e1,1.05022091E+03
2.33500000E-04,i2,Line_1_e1,-9.23299383E+02
2.34000000E-04,injectedCurrent,Node_1,1.04254938E+03
2.34000000E-04,voltage,Node_1,1.53810779E+04
2.34000000E-04,voltage,Node_2,1.55555405E+04
2.34000000E-04,i1,Line_1_e1,1.04254938E+03
2.34000000E-04,i2,Line_1_e1,-9.16985756E+02
2.34500000E-04,injectedCurrent,Node_1,1.03493388E+03
2.34500000E-04,voltage,Node_1,1.53085985E+04
2.34500000E-04,voltage,Node_2,1.54243682E+04
2.34500000E-04,i1,Line_1_e1,1.03493388E+03
2.34500000E-04,i2,Line_1_e1,-9.09864745E+02
2.35000000E-04,injectedCurrent,Node_1,1.02737400E+03
2.35000000E-04,voltage,Node_1,1.51629504E+04
2.35000000E-04,voltage,Node_2,1.53340291E+04
2.35000000E-04,i1,Line_1_e1,1.02737400E+03
2.35000000E-04,i2,Line_1_e1,-9.03629840E+02
2.35500000E-04,injectedCurrent,Node_1,1.01986936E+03
2.35500000E-04,voltage,Node_1,1.50903345E+04
2.35500000E-04,voltage,Node_2,1.52053830E+04
2.35500000E-04,i1,Line_1_e1,1.01986936E+03
2.35500000E-04,i2,Line_1_e1,-8.96625799E+02
2.36000000E-04,injectedCurrent,Node_1,1.01241953E+03
2.36000000E-04,voltage,Node_1,1.49479751E+04
2.36000000E-04,voltage,Node_2,1.51157053E+04
2.36000000E-04,i1,Line_1_e1,1.01241953E+03
2.36000000E-04,i2,Line_1_e1,-8.90468222E+02
2.36500000E-04,injectedCurrent,Node_1,1.00502411E+03
2.36500000E-04,voltage,Node_1,1.48752022E+04
2.36500000E-04,voltage,Node_2,1.49895607E+04
2.36500000E-04,i1,Line_1_e1,1.00502411E+03
2.36500000E-04,i2,Line_1_e1,-8.83579701E+02
2.37000000E-04,injectedCurrent,Node_1,9.97682725E+02
2.37000000E-04,voltage,Node_1,1.47361064E+04
2.37000000E-04,voltage,Node_2,1.49005220E+04
2.37000000E-04,i1,Line_1_e1,9.97682725E+02
2.37000000E-04,i2,Line_1_e1,-8.77498071E+02
2.37500000E-04,injectedCurrent,Node_1,9.90394962E+02
2.37500000E-04,voltage,Node_1,1.46631572E+04
2.37500000E-04,voltage,Node_2,1.47768558E+04
2.37500000E-04,i1,Line_1_e1,9.90394962E+02
2.37500000E-04,i2,Line_1_e1,-8.70723638E+02
2.38000000E-04,injectedCurrent,Node_1,9.83160433E+02
2.38000000E-04,voltage,Node_1,1.45273020E+04
2.38000000E-04,voltage,Node_2,1.46884323E+04
2.38000000E-04,i1,Line_1_e1,9.83160433E+02
2.38000000E-04,i2,Line_1_e1,-8.64716585E+02
2.38500000E-04,injectedCurrent,Node_1,9.75978751E+02
2.38500000E-04,voltage,Node_1,1.44541581E+04
2.38500000E-04,voltage,Node_2,1.45672206E+04
2.38500000E-04,i1,Line_1_e1,9.75978751E+02
2.38500000E-04,i2,Line_1_e1,-8.58054832E+02
2.39000000E-04,injectedCurrent,Node_1,9.68849529E+02
2.39000000E-04,voltage,Node_1,1.43215187E+04
2.39000000E-04,voltage,Node_2,1.44793951E+04
2.39000000E-04,i1,Line_1_e1,9.68849529E+02
2.39000000E-04,i2,Line_1_e1,-8.52121026E+02
2.39500000E-04,injectedCurrent,Node_1,9.61772383E+02
2.39500000E-04,voltage,Node_1,1.42481606E+04
2.39500000E-04,voltage,Node_2,1.43606138E+04
2.39500000E-04,i1,Line_1_e1,9.61772383E+02
2.39500000E-04,i2,Line_1_e1,-8.45570573E+02
2.40000000E-04,injectedCurrent,Node_1,9.54746934E+02
2.40000000E-04,voltage,Node_1,1.41187147E+04
2.40000000E-04,voltage,Node_2,1.42733644E+04
2.40000000E-04,i1,Line_1_e1,9.54746934E+02
2.40000000E-04,i2,Line_1_e1,-8.39708683E+02
2.40500000E-04,injectedCurrent,Node_1,9.47772804E+02
2.40500000E-04,voltage,Node_1,1.40451244E+04
2.40500000E-04,voltage,Node_2,1.41569902E+04
2.40500000E-04,i1,Line_1_e1,9.47772804E+02
2.40500000E-04,i2,Line_1_e1,-8.33268161E+02
2.41000000E-04,injectedCurrent,Node_1,9.40849617E+02
2.41000000E-04,voltage,Node_1,1.39188484E+04
2.41000000E-04,voltage,Node_2,1.40702966E+04
2.41000000E-04,i1,Line_1_e1,9.40849617E+02
2.41000000E-04,i2,Line_1_e1,-8.27476887E+02
2.41500000E-04,injectedCurrent,Node_1,9.33977002E+02
2.41500000E-04,voltage,Node_1,1.38450055E+04
2.41500000E-04,voltage,Node_2,1.39563094E+04
2.41500000E-04,i1,Line_1_e1,9.33977002E+02
2.41500000E-04,i2,Line_1_e1,-8.21144963E+02
2.42000000E-04,injectedCurrent,Node_1,9.27154589E+02
2.42000000E-04,voltage,Node_1,1.37218753E+04
2.42000000E-04,voltage,Node_2,1.38701510E+04
2.42000000E-04,i1,Line_1_e1,9.27154589E+02
2.42000000E-04,i2,Line_1_e1,-8.15423023E+02
2.42500000E-04,injectedCurrent,Node_1,9.20382013E+02
2.42500000E-04,voltage,Node_1,1.36477608E+04
2.42500000E-04,voltage,Node_2,1.37585264E+04
2.42500000E-04,i1,Line_1_e1,9.20382013E+02
2.42500000E-04,i2,Line_1_e1,-8.09198371E+02
2.43000000E-04,injectedCurrent,Node_1,9.13658907E+02
2.43000000E-04,voltage,Node_1,1.35277527E+04
2.43000000E-04,voltage,Node_2,1.36728843E+04
2.43000000E-04,i1,Line_1_e1,9.13658907E+02
2.43000000E-04,i2,Line_1_e1,-8.03544498E+02
2.43500000E-04,injectedCurrent,Node_1,9.06984912E+02
2.43500000E-04,voltage,Node_1,1.34533458E+04
2.43500000E-04,voltage,Node_2,1.35636014E+04
2.43500000E-04,i1,Line_1_e1,9.06984912E+02
2.43500000E-04,i2,Line_1_e1,-7.97425827E+02
2.44000000E-04,injectedCurrent,Node_1,9.00359668E+02
2.44000000E-04,voltage,Node_1,1.33364373E+04
2.44000000E-04,voltage,Node_2,1.34784551E+04
2.44000000E-04,i1,Line_1_e1,9.00359668E+02
2.44000000E-04,i2,Line_1_e1,-7.91838768E+02
2.44500000E-04,injectedCurrent,Node_1,8.93782820E+02
2.44500000E-04,voltage,Node_1,1.32617203E+04
2.44500000E-04,voltage,Node_2,1.33714910E+04
2.44500000E-04,i1,Line_1_e1,8.93782820E+02
2.44500000E-04,i2,Line_1_e1,-7.85824788E+02
2.45000000E-04,injectedCurrent,Node_1,8.87254013E+02
2.45000000E-04,voltage,Node_1,1.31478905E+04
2.45000000E-04,voltage,Node_2,1.32868197E+04
2.45000000E-04,i1,Line_1_e1,8.87254013E+02
2.45000000E-04,i2,Line_1_e1,-7.80303301E+02
2.45500000E-04,injectedCurrent,Node_1,8.80772898E+02
2.45500000E-04,voltage,Node_1,1.30728454E+04
2.45500000E-04,voltage,Node_2,1.31821544E+04
2.45500000E-04,i1,Line_1_e1,8.80772898E+02
2.45500000E-04,i2,Line_1_e1,-7.74392751E+02
2.46000000E-04,injectedCurrent,Node_1,8.74339125E+02
2.46000000E-04,voltage,Node_1,1.29620736E+04
2.46000000E-04,voltage,Node_2,1.30979394E+04
2.46000000E-04,i1,Line_1_e1,8.74339125E+02
2.46000000E-04,i2,Line_1_e1,-7.68935620E+02
2.46500000E-04,injectedCurrent,Node_1,8.67952348E+02
2.46500000E-04,voltage,Node_1,1.28866837E+04
2.46500000E-04,voltage,Node_2,1.29955503E+04
2.46500000E-04,i1,Line_1_e1,8.67952348E+02
2.46500000E-04,i2,Line_1_e1,-7.63127251E+02
2.47000000E-04,injectedCurrent,Node_1,8.61612225E+02
2.47000000E-04,voltage,Node_1,1.27789497E+04
2.47000000E-04,voltage,Node_2,1.29117730E+04
2.47000000E-04,i1,Line_1_e1,8.61612225E+02
2.47000000E-04,i2,Line_1_e1,-7.57733274E+02
2.47500000E-04,injectedCurrent,Node_1,8.55318415E+02
2.47500000E-04,voltage,Node_1,1.27031967E+04
2.47500000E-04,voltage,Node_2,1.28116419E+04
2.47500000E-04,i1,Line_1_e1,8.55318415E+02
2.47500000E-04,i2,Line_1_e1,-7.52025868E+02
2.48000000E-04,injectedCurrent,Node_1,8.49070579E+02
2.48000000E-04,voltage,Node_1,1.25984802E+04
2.48000000E-04,voltage,Node_2,1.27282818E+04
2.48000000E-04,i1,Line_1_e1,8.49070579E+02
2.48000000E-04,i2,Line_1_e1,-7.46693858E+02
2.48500000E-04,injectedCurrent,Node_1,8.42868382E+02
2.48500000E-04,voltage,Node_1,1.25223455E+04
2.48500000E-04,voltage,Node_2,1.26303893E+04
2.48500000E-04,i1,Line_1_e1,8.42868382E+02
2.48500000E-04,i2,Line_1_e1,-7.41086214E+02
2.49000000E-04,injectedCurrent,Node_1,8.36711489E+02
2.49000000E-04,voltage,Node_1,1.24206252E+04
2.49000000E-04,voltage,Node_2,1.25474296E+04
2.49000000E-04,i1,Line_1_e1,8.36711489E+02
2.49000000E-04,i2,Line_1_e1,-7.35815005E+02
2.49500000E-04,injectedCurrent,Node_1,8.30599571E+02
2.49500000E-04,voltage,Node_1,1.23440898E+04
2.49500000E-04,voltage,Node_2,1.24517542E+04
2.49500000E-04,i1,Line_1_e1,8.30599571E+02
2.49500000E-04,i2,Line_1_e1,-7.30305939E+02
2.50000000E-04,injectedCurrent,Node_1,8.24532299E+02
2.50000000E-04,voltage,Node_1,1.22453445E+04
2.50000000E-04,voltage,Node_2,1.23691774E+04
2.50000000E-04,i1,Line_1_e1,8.24532299E+02
2.50000000E-04,i2,Line_1_e1,-7.25094378E+02
2.50500000E-04,injectedCurrent,Node_1,8.18509346E+02
2.50500000E-04,voltage,Node_1,1.21683891E+04
2.50500000E-04,voltage,Node_2,1.22757003E+04
2.50500000E-04,i1,Line_1_e1,8.18509346E+02
2.50500000E-04,i2,Line_1_e1,-7.19682725E+02
2.51000000E-04,injectedCurrent,Node_1,8.12530389E+02
2.51000000E-04,voltage,Node_1,1.20725984E+04
2.51000000E-04,voltage,Node_2,1.21934869E+04
2.51000000E-04,i1,Line_1_e1,8.12530389E+02
2.51000000E-04,i2,Line_1_e1,-7.14529673E+02
2.51500000E-04,injectedCurrent,Node_1,8.06595106E+02
2.51500000E-04,voltage,Node_1,1.19952050E+04
2.51500000E-04,voltage,Node_2,1.21021893E+04
2.51500000E-04,i1,Line_1_e1,8.06595106E+02
2.51500000E-04,i2,Line_1_e1,-7.09214279E+02
2.52000000E-04,injectedCurrent,Node_1,8.00703179E+02
2.52000000E-04,voltage,Node_1,1.19023498E+04
2.52000000E-04,voltage,Node_2,1.20203190E+04
2.52000000E-04,i1,Line_1_e1,8.00703179E+02
2.52000000E-04,i2,Line_1_e1,-7.04118605E+02
2.52500000E-04,injectedCurrent,Node_1,7.94854290E+02
2.52500000E-04,voltage,Node_1,1.18244990E+04
2.52500000E-04,voltage,Node_2,1.19311830E+04
2.52500000E-04,i1,Line_1_e1,7.94854290E+02
2.52500000E-04,i2,Line_1_e1,-6.98898346E+02
2.53000000E-04,injectedCurrent,Node_1,7.89048126E+02
2.53000000E-04,voltage,Node_1,1.17345572E+04
2.53000000E-04,voltage,Node_2,1.18496429E+04
2.53000000E-04,i1,Line_1_e1,7.89048126E+02
2.53000000E-04,i2,Line_1_e1,-6.93858963E+02
2.53500000E-04,injectedCurrent,Node_1,7.83284374E+02
2.53500000E-04,voltage,Node_1,1.16562300E+04
2.53500000E-04,voltage,Node_2,1.17626494E+04
2.53500000E-04,i1,Line_1_e1,7.83284374E+02
2.53500000E-04,i2,Line_1_e1,-6.88732735E+02
2.54000000E-04,injectedCurrent,Node_1,7.77562724E+02
2.54000000E-04,voltage,Node_1,1.15691847E+04
2.54000000E-04,voltage,Node_2,1.16814186E+04
2.54000000E-04,i1,Line_1_e1,7.77562724E+02
2.54000000E-04,i2,Line_1_e1,-6.83748536E+02
2.54500000E-04,injectedCurrent,Node_1,7.71882869E+02
2.54500000E-04,voltage,Node_1,1.14903655E+04
2.54500000E-04,voltage,Node_2,1.15965488E+04
2.54500000E-04,i1,Line_1_e1,7.71882869E+02
2.54500000E-04,i2,Line_1_e1,-6.78715232E+02
2.55000000E-04,injectedCurrent,Node_1,7.66244504E+02
2.55000000E-04,voltage,Node_1,1.14061999E+04
2.55000000E-04,voltage,Node_2,1.15156096E+04
2.55000000E-04,i1,Line_1_e1,7.66244504E+02
2.55000000E-04,i2,Line_1_e1,-6.73785137E+02
2.55500000E-04,injectedCurrent,Node_1,7.60647326E+02
2.55500000E-04,voltage,Node_1,1.13268727E+04
2.55500000E-04,voltage,Node_2,1.14328467E+04
2.55500000E-04,i1,Line_1_e1,7.60647326E+02
2.55500000E-04,i2,Line_1_e1,-6.68843684E+02
2.56000000E-04,injectedCurrent,Node_1,7.55091033E+02
2.56000000E-04,voltage,Node_1,1.12455705E+04
2.56000000E-04,voltage,Node_2,1.13521821E+04
2.56000000E-04,i1,Line_1_e1,7.55091033E+02
2.56000000E-04,i2,Line_1_e1,-6.63966633E+02
2.56500000E-04,injectedCurrent,Node_1,7.49575327E+02
2.56500000E-04,voltage,Node_1,1.11657196E+04
2.56500000E-04,voltage,Node_2,1.12715085E+04
2.56500000E-04,i1,Line_1_e1,7.49575327E+02
2.56500000E-04,i2,Line_1_e1,-6.59115971E+02
2.57000000E-04,injectedCurrent,Node_1,7.44099911E+02
2.57000000E-04,voltage,Node_1,1.10872642E+04
2.57000000E-04,voltage,Node_2,1.11911026E+04
2.57000000E-04,i1,Line_1_e1,7.44099911E+02
2.57000000E-04,i2,Line_1_e1,-6.54290920E+02
2.57500000E-04,injectedCurrent,Node_1,7.38664492E+02
2.57500000E-04,voltage,Node_1,1.10068733E+04
2.57500000E-04,voltage,Node_2,1.11125022E+04
2.57500000E-04,i1,Line_1_e1,7.38664492E+02
2.57500000E-04,i2,Line_1_e1,-6.49530014E+02
2.58000000E-04,injectedCurrent,Node_1,7.33268777E+02
2.58000000E-04,voltage,Node_1,1.09312499E+04
2.58000000E-04,voltage,Node_2,1.10323363E+04
2.58000000E-04,i1,Line_1_e1,7.33268777E+02
2.58000000E-04,i2,Line_1_e1,-6.44755924E+02
2.58500000E-04,injectedCurrent,Node_1,7.27912475E+02
2.58500000E-04,voltage,Node_1,1.08503040E+04
2.58500000E-04,voltage,Node_2,1.09557918E+04
2.58500000E-04,i1,Line_1_e1,7.27912475E+02
2.58500000E-04,i2,Line_1_e1,-6.40083744E+02
2.59000000E-04,injectedCurrent,Node_1,7.22595300E+02
2.59000000E-04,voltage,Node_1,1.07774981E+04
2.59000000E-04,voltage,Node_2,1.08758495E+04
2.59000000E-04,i1,Line_1_e1,7.22595300E+02
2.59000000E-04,i2,Line_1_e1,-6.35359590E+02
2.59500000E-04,injectedCurrent,Node_1,7.17316966E+02
2.59500000E-04,voltage,Node_1,1.06959825E+04
2.59500000E-04,voltage,Node_2,1.08013433E+04
2.59500000E-04,i1,Line_1_e1,7.17316966E+02
2.59500000E-04,i2,Line_1_e1,-6.30775121E+02
2.60000000E-04,injectedCurrent,Node_1,7.12077187E+02
2.60000000E-04,voltage,Node_1,1.06259801E+04
2.60000000E-04,voltage,Node_2,1.07216078E+04
2.60000000E-04,i1,Line_1_e1,7.12077187E+02
2.60000000E-04,i2,Line_1_e1,-6.26099888E+02
2.60500000E-04,injectedCurrent,Node_1,7.06875684E+02
2.60500000E-04,voltage,Node_1,1.05438797E+04
2.60500000E-04,voltage,Node_2,1.06491227E+04
2.60500000E-04,i1,Line_1_e1,7.06875684E+02
2.60500000E-04,i2,Line_1_e1,-6.21602133E+02
2.61000000E-04,injectedCurrent,Node_1,7.01712176E+02
2.61000000E-04,voltage,Node_1,1.04766638E+04
2.61000000E-04,voltage,Node_2,1.05695795E+04
2.61000000E-04,i1,Line_1_e1,7.01712176E+02
2.61000000E-04,i2,Line_1_e1,-6.16974837E+02
2.61500000E-04,injectedCurrent,Node_1,6.96586386E+02
2.61500000E-04,voltage,Node_1,1.03939592E+04
2.61500000E-04,voltage,Node_2,1.04991038E+04
2.61500000E-04,i1,Line_1_e1,6.96586386E+02
2.61500000E-04,i2,Line_1_e1,-6.12562836E+02
2.62000000E-04,injectedCurrent,Node_1,6.91498039E+02
2.62000000E-04,voltage,Node_1,1.03295138E+04
2.62000000E-04,voltage,Node_2,1.04197342E+04
2.62000000E-04,i1,Line_1_e1,6.91498039E+02
2.62000000E-04,i2,Line_1_e1,-6.07982493E+02
2.62500000E-04,injectedCurrent,Node_1,6.86446860E+02
2.62500000E-04,voltage,Node_1,1.02461897E+04
2.62500000E-04,voltage,Node_2,1.03512493E+04
2.62500000E-04,i1,Line_1_e1,6.86446860E+02
2.62500000E-04,i2,Line_1_e1,-6.03655268E+02
2.63000000E-04,injectedCurrent,Node_1,6.81432578E+02
2.63000000E-04,voltage,Node_1,1.01845001E+04
2.63000000E-04,voltage,Node_2,1.02720376E+04
2.63000000E-04,i1,Line_1_e1,6.81432578E+02
2.63000000E-04,i2,Line_1_e1,-5.99120898E+02
2.63500000E-04,injectedCurrent,Node_1,6.76454924E+02
2.63500000E-04,voltage,Node_1,1.01005388E+04
2.63500000E-04,voltage,Node_2,1.02055281E+04
2.63500000E-04,i1,Line_1_e1,6.76454924E+02
2.63500000E-04,i2,Line_1_e1,-5.94877505E+02
2.64000000E-04,injectedCurrent,Node_1,6.71513631E+02
2.64000000E-04,voltage,Node_1,1.00415886E+04
2.64000000E-04,voltage,Node_2,1.01264599E+04
2.64000000E-04,i1,Line_1_e1,6.71513631E+02
2.64000000E-04,i2,Line_1_e1,-5.90388156E+02
2.64500000E-04,injectedCurrent,Node_1,6.66608432E+02
2.64500000E-04,voltage,Node_1,9.95697258E+03
2.64500000E-04,voltage,Node_2,1.00619114E+04
2.64500000E-04,i1,Line_1_e1,6.66608432E+02
2.64500000E-04,i2,Line_1_e1,-5.86227666E+02
2.65000000E-04,injectedCurrent,Node_1,6.61739064E+02
2.65000000E-04,voltage,Node_1,9.90074636E+03
2.65000000E-04,voltage,Node_2,9.98296951E+03
2.65000000E-04,i1,Line_1_e1,6.61739064E+02
2.65000000E-04,i2,Line_1_e1,-5.81782393E+02
2.65500000E-04,injectedCurrent,Node_1,6.56905265E+02
2.65500000E-04,voltage,Node_1,9.81545833E+03
2.65500000E-04,voltage,Node_2,9.92036911E+03
2.65500000E-04,i1,Line_1_e1,6.56905265E+02
2.65500000E-04,i2,Line_1_e1,-5.77703892E+02
2.66000000E-04,injectedCurrent,Node_1,6.52106776E+02
2.66000000E-04,voltage,Node_1,9.76194139E+03
2.66000000E-04,voltage,Node_2,9.84153743E+03
2.66000000E-04,i1,Line_1_e1,6.52106776E+02
2.66000000E-04,i2,Line_1_e1,-5.73301762E+02
2.66500000E-04,injectedCurrent,Node_1,6.47343338E+02
2.66500000E-04,voltage,Node_1,9.67596543E+03
2.66500000E-04,voltage,Node_2,9.78086938E+03
2.66500000E-04,i1,Line_1_e1,6.47343338E+02
2.66500000E-04,i2,Line_1_e1,-5.69304342E+02
2.67000000E-04,injectedCurrent,Node_1,6.42614695E+02
2.67000000E-04,voltage,Node_1,9.62514415E+03
2.67000000E-04,voltage,Node_2,9.70213405E+03
2.67000000E-04,i1,Line_1_e1,6.42614695E+02
2.67000000E-04,i2,Line_1_e1,-5.64944434E+02
2.67500000E-04,injectedCurrent,Node_1,6.37920594E+02
2.67500000E-04,voltage,Node_1,9.53846477E+03
2.67500000E-04,voltage,Node_2,9.64338395E+03
2.67500000E-04,i1,Line_1_e1,6.37920594E+02
2.67500000E-04,i2,Line_1_e1,-5.61027210E+02
2.68000000E-04,injectedCurrent,Node_1,6.33260782E+02
2.68000000E-04,voltage,Node_1,9.49032764E+03
2.68000000E-04,voltage,Node_2,9.56472796E+03
2.68000000E-04,i1,Line_1_e1,6.33260782E+02
2.68000000E-04,i2,Line_1_e1,-5.56708605E+02
2.68500000E-04,injectedCurrent,Node_1,6.28635008E+02
2.68500000E-04,voltage,Node_1,9.40292967E+03
2.68500000E-04,voltage,Node_2,9.50788338E+03
2.68500000E-04,i1,Line_1_e1,6.28635008E+02
2.68500000E-04,i2,Line_1_e1,-5.52870706E+02
2.69000000E-04,injectedCurrent,Node_1,6.24043024E+02
2.69000000E-04,voltage,Node_1,9.35746427E+03
2.69000000E-04,voltage,Node_2,9.42929288E+03
2.69000000E-04,i1,Line_1_e1,6.24043024E+02
2.69000000E-04,i2,Line_1_e1,-5.48592511E+02
2.69500000E-04,injectedCurrent,Node_1,6.19484583E+02
2.69500000E-04,voltage,Node_1,9.26933317E+03
2.69500000E-04,voltage,Node_2,9.37433908E+03
2.69500000E-04,i1,Line_1_e1,6.19484583E+02
2.69500000E-04,i2,Line_1_e1,-5.44833075E+02
2.70000000E-04,injectedCurrent,Node_1,6.14959440E+02
2.70000000E-04,voltage,Node_1,9.22652776E+03
2.70000000E-04,voltage,Node_2,9.29579900E+03
2.70000000E-04,i1,Line_1_e1,6.14959440E+02
2.70000000E-04,i2,Line_1_e1,-5.40594402E+02
2.70500000E-04,injectedCurrent,Node_1,6.10467352E+02
2.70500000E-04,voltage,Node_1,9.13764744E+03
2.70500000E-04,voltage,Node_2,9.24272370E+03
2.70500000E-04,i1,Line_1_e1,6.10467352E+02
2.70500000E-04,i2,Line_1_e1,-5.36912592E+02
2.71000000E-04,injectedCurrent,Node_1,6.06008077E+02
2.71000000E-04,voltage,Node_1,9.09748819E+03
2.71000000E-04,voltage,Node_2,9.16422076E+03
2.71000000E-04,i1,Line_1_e1,6.06008077E+02
2.71000000E-04,i2,Line_1_e1,-5.32712577E+02
2.71500000E-04,injectedCurrent,Node_1,6.01581376E+02
2.71500000E-04,voltage,Node_1,9.00784201E+03
2.71500000E-04,voltage,Node_2,9.11301152E+03
2.71500000E-04,i1,Line_1_e1,6.01581376E+02
2.71500000E-04,i2,Line_1_e1,-5.29107568E+02
2.72000000E-04,injectedCurrent,Node_1,5.97187011E+02
2.72000000E-04,voltage,Node_1,8.97031729E+03
2.72000000E-04,voltage,Node_2,9.03452813E+03
2.72000000E-04,i1,Line_1_e1,5.97187011E+02
2.72000000E-04,i2,Line_1_e1,-5.24945339E+02
2.72500000E-04,injectedCurrent,Node_1,5.92824745E+02
2.72500000E-04,voltage,Node_1,8.87988906E+03
2.72500000E-04,voltage,Node_2,8.98517260E+03
2.72500000E-04,i1,Line_1_e1,5.92824745E+02
2.72500000E-04,i2,Line_1_e1,-5.21416317E+02
2.73000000E-04,injectedCurrent,Node_1,5.88494343E+02
2.73000000E-04,voltage,Node_1,8.84498612E+03
2.73000000E-04,voltage,Node_2,8.90669589E+03
2.73000000E-04,i1,Line_1_e1,5.88494343E+02
2.73000000E-04,i2,Line_1_e1,-5.17291027E+02
2.73500000E-04,injectedCurrent,Node_1,5.84195575E+02
2.73500000E-04,voltage,Node_1,8.75376044E+03
2.73500000E-04,voltage,Node_2,8.85918001E+03
2.73500000E-04,i1,Line_1_e1,5.84195575E+02
2.73500000E-04,i2,Line_1_e1,-5.13837187E+02
2.74000000E-04,injectedCurrent,Node_1,5.79928207E+02
2.74000000E-04,voltage,Node_1,8.72146941E+03
2.74000000E-04,voltage,Node_2,8.78069441E+03
2.74000000E-04,i1,Line_1_e1,5.79928207E+02
2.74000000E-04,i2,Line_1_e1,-5.09747985E+02
2.74500000E-04,injectedCurrent,Node_1,5.75692011E+02
2.74500000E-04,voltage,Node_1,8.62943231E+03
2.74500000E-04,voltage,Node_2,8.73500512E+03
2.74500000E-04,i1,Line_1_e1,5.75692011E+02
2.74500000E-04,i2,Line_1_e1,-5.06368532E+02
2.75000000E-04,injectedCurrent,Node_1,5.71486759E+02
2.75000000E-04,voltage,Node_1,8.59974258E+03
2.75000000E-04,voltage,Node_2,8.65649670E+03
2.75000000E-04,i1,Line_1_e1,5.71486759E+02
2.75000000E-04,i2,Line_1_e1,-5.02314589E+02
2.75500000E-04,injectedCurrent,Node_1,5.67312226E+02
2.75500000E-04,voltage,Node_1,8.50687861E+03
2.75500000E-04,voltage,Node_2,8.61262533E+03
2.75500000E-04,i1,Line_1_e1,5.67312226E+02
2.75500000E-04,i2,Line_1_e1,-4.99008757E+02
2.76000000E-04,injectedCurrent,Node_1,5.63168186E+02
2.76000000E-04,voltage,Node_1,8.47978114E+03
2.76000000E-04,voltage,Node_2,8.53407769E+03
2.76000000E-04,i1,Line_1_e1,5.63168186E+02
2.76000000E-04,i2,Line_1_e1,-4.94989246E+02
2.76500000E-04,injectedCurrent,Node_1,5.59054417E+02
2.76500000E-04,voltage,Node_1,8.38607742E+03
2.76500000E-04,voltage,Node_2,8.49201062E+03
2.76500000E-04,i1,Line_1_e1,5.59054417E+02
2.76500000E-04,i2,Line_1_e1,-4.91756262E+02
2.77000000E-04,injectedCurrent,Node_1,5.54970697E+02
2.77000000E-04,voltage,Node_1,8.36156306E+03
2.77000000E-04,voltage,Node_2,8.41341153E+03
2.77000000E-04,i1,Line_1_e1,5.54970697E+02
2.77000000E-04,i2,Line_1_e1,-4.87770369E+02
2.77500000E-04,injectedCurrent,Node_1,5.50916808E+02
2.77500000E-04,voltage,Node_1,8.26700426E+03
2.77500000E-04,voltage,Node_2,8.37313748E+03
2.77500000E-04,i1,Line_1_e1,5.50916808E+02
2.77500000E-04,i2,Line_1_e1,-4.84609489E+02
2.78000000E-04,injectedCurrent,Node_1,5.46892532E+02
2.78000000E-04,voltage,Node_1,8.24506298E+03
2.78000000E-04,voltage,Node_2,8.29447375E+03
2.78000000E-04,i1,Line_1_e1,5.46892532E+02
2.78000000E-04,i2,Line_1_e1,-4.80656415E+02
2.78500000E-04,injectedCurrent,Node_1,5.42897651E+02
2.78500000E-04,voltage,Node_1,8.14963312E+03
2.78500000E-04,voltage,Node_2,8.25598256E+03
2.78500000E-04,i1,Line_1_e1,5.42897651E+02
2.78500000E-04,i2,Line_1_e1,-4.77566909E+02
2.79000000E-04,injectedCurrent,Node_1,5.38931952E+02
2.79000000E-04,voltage,Node_1,8.13025466E+03
2.79000000E-04,voltage,Node_2,8.17723955E+03
2.79000000E-04,i1,Line_1_e1,5.38931952E+02
2.79000000E-04,i2,Line_1_e1,-4.73645863E+02
2.79500000E-04,injectedCurrent,Node_1,5.34995221E+02
2.79500000E-04,voltage,Node_1,8.03393808E+03
2.79500000E-04,voltage,Node_2,8.14052081E+03
2.79500000E-04,i1,Line_1_e1,5.34995221E+02
2.79500000E-04,i2,Line_1_e1,-4.70627006E+02
2.80000000E-04,injectedCurrent,Node_1,5.31087247E+02
2.80000000E-04,voltage,Node_1,8.01711293E+03
2.80000000E-04,voltage,Node_2,8.06168397E+03
2.80000000E-04,i1,Line_1_e1,5.31087247E+02
2.80000000E-04,i2,Line_1_e1,-4.66737198E+02
2.80500000E-04,injectedCurrent,Node_1,5.27207819E+02
2.80500000E-04,voltage,Node_1,7.91989452E+03
2.80500000E-04,voltage,Node_2,8.02672462E+03
2.80500000E-04,i1,Line_1_e1,5.27207819E+02
2.80500000E-04,i2,Line_1_e1,-4.63788271E+02
2.81000000E-04,injectedCurrent,Node_1,5.23356730E+02
2.81000000E-04,voltage,Node_1,7.90561126E+03
2.81000000E-04,voltage,Node_2,7.94778272E+03
2.81000000E-04,i1,Line_1_e1,5.23356730E+02
2.81000000E-04,i2,Line_1_e1,-4.59928939E+02
2.81500000E-04,injectedCurrent,Node_1,5.19533771E+02
2.81500000E-04,voltage,Node_1,7.80747233E+03
2.81500000E-04,voltage,Node_2,7.91457636E+03
2.81500000E-04,i1,Line_1_e1,5.19533771E+02
2.81500000E-04,i2,Line_1_e1,-4.57049263E+02
2.82000000E-04,injectedCurrent,Node_1,5.15738738E+02
2.82000000E-04,voltage,Node_1,7.79572149E+03
2.82000000E-04,voltage,Node_2,7.83551302E+03
2.82000000E-04,i1,Line_1_e1,5.15738738E+02
2.82000000E-04,i2,Line_1_e1,-4.53219639E+02
2.82500000E-04,injectedCurrent,Node_1,5.11971426E+02
2.82500000E-04,voltage,Node_1,7.69664797E+03
2.82500000E-04,voltage,Node_2,7.80404676E+03
2.82500000E-04,i1,Line_1_e1,5.11971426E+02
2.82500000E-04,i2,Line_1_e1,-4.50408513E+02
2.83000000E-04,injectedCurrent,Node_1,5.08231633E+02
2.83000000E-04,voltage,Node_1,7.68742175E+03
2.83000000E-04,voltage,Node_2,7.72484856E+03
2.83000000E-04,i1,Line_1_e1,5.08231633E+02
2.83000000E-04,i2,Line_1_e1,-4.46607832E+02
2.83500000E-04,injectedCurrent,Node_1,5.04519159E+02
2.83500000E-04,voltage,Node_1,7.58739825E+03
2.83500000E-04,voltage,Node_2,7.69511265E+03
2.83500000E-04,i1,Line_1_e1,5.04519159E+02
2.83500000E-04,i2,Line_1_e1,-4.43864583E+02
2.84000000E-04,injectedCurrent,Node_1,5.00833803E+02
2.84000000E-04,voltage,Node_1,7.58068765E+03
2.84000000E-04,voltage,Node_2,7.61576765E+03
2.84000000E-04,i1,Line_1_e1,5.00833803E+02
2.84000000E-04,i2,Line_1_e1,-4.40092108E+02
2.84500000E-04,injectedCurrent,Node_1,4.97175367E+02
2.84500000E-04,voltage,Node_1,7.47969855E+03
2.84500000E-04,voltage,Node_2,7.58775323E+03
2.84500000E-04,i1,Line_1_e1,4.97175367E+02
2.84500000E-04,i2,Line_1_e1,-4.37416080E+02
2.85000000E-04,injectedCurrent,Node_1,4.93543655E+02
2.85000000E-04,voltage,Node_1,7.47549563E+03
2.85000000E-04,voltage,Node_2,7.50824767E+03
2.85000000E-04,i1,Line_1_e1,4.93543655E+02
2.85000000E-04,i2,Line_1_e1,-4.33671074E+02
2.85500000E-04,injectedCurrent,Node_1,4.89938471E+02
2.85500000E-04,voltage,Node_1,7.37352653E+03
2.85500000E-04,voltage,Node_2,7.48194560E+03
2.85500000E-04,i1,Line_1_e1,4.89938471E+02
2.85500000E-04,i2,Line_1_e1,-4.31061617E+02
2.86000000E-04,injectedCurrent,Node_1,4.86359623E+02
2.86000000E-04,voltage,Node_1,7.37182501E+03
2.86000000E-04,voltage,Node_2,7.40226422E+03
2.86000000E-04,i1,Line_1_e1,4.86359623E+02
2.86000000E-04,i2,Line_1_e1,-4.27343347E+02
2.86500000E-04,injectedCurrent,Node_1,4.82806916E+02
2.86500000E-04,voltage,Node_1,7.26886136E+03
2.86500000E-04,voltage,Node_2,7.37766642E+03
2.86500000E-04,i1,Line_1_e1,4.82806916E+02
2.86500000E-04,i2,Line_1_e1,-4.24799825E+02
2.87000000E-04,injectedCurrent,Node_1,4.79280162E+02
2.87000000E-04,voltage,Node_1,7.26965479E+03
2.87000000E-04,voltage,Node_2,7.29779769E+03
2.87000000E-04,i1,Line_1_e1,4.79280162E+02
2.87000000E-04,i2,Line_1_e1,-4.21107573E+02
2.87500000E-04,injectedCurrent,Node_1,4.75779168E+02
2.87500000E-04,voltage,Node_1,7.16568376E+03
2.87500000E-04,voltage,Node_2,7.27489205E+03
2.87500000E-04,i1,Line_1_e1,4.75779168E+02
2.87500000E-04,i2,Line_1_e1,-4.18629352E+02
2.88000000E-04,injectedCurrent,Node_1,4.72303749E+02
2.88000000E-04,voltage,Node_1,7.16896759E+03
2.88000000E-04,voltage,Node_2,7.19482266E+03
2.88000000E-04,i1,Line_1_e1,4.72303749E+02
2.88000000E-04,i2,Line_1_e1,-4.14962398E+02
2.88500000E-04,injectedCurrent,Node_1,4.68853717E+02
2.88500000E-04,voltage,Node_1,7.06397470E+03
2.88500000E-04,voltage,Node_2,7.17360215E+03
2.88500000E-04,i1,Line_1_e1,4.68853717E+02
2.88500000E-04,i2,Line_1_e1,-4.12548872E+02
2.89000000E-04,injectedCurrent,Node_1,4.65428885E+02
2.89000000E-04,voltage,Node_1,7.06974226E+03
2.89000000E-04,voltage,Node_2,7.09332012E+03
2.89000000E-04,i1,Line_1_e1,4.65428885E+02
2.89000000E-04,i2,Line_1_e1,-4.08906523E+02
2.89500000E-04,injectedCurrent,Node_1,4.62029072E+02
2.89500000E-04,voltage,Node_1,6.96371360E+03
2.89500000E-04,voltage,Node_2,7.07377722E+03
2.89500000E-04,i1,Line_1_e1,4.62029072E+02
2.89500000E-04,i2,Line_1_e1,-4.06557089E+02
2.90000000E-04,injectedCurrent,Node_1,4.58654092E+02
2.90000000E-04,voltage,Node_1,6.97196122E+03
2.90000000E-04,voltage,Node_2,6.99326658E+03
2.90000000E-04,i1,Line_1_e1,4.58654092E+02
2.90000000E-04,i2,Line_1_e1,-4.02938637E+02
2.90500000E-04,injectedCurrent,Node_1,4.55303766E+02
2.90500000E-04,voltage,Node_1,6.86488454E+03
2.90500000E-04,voltage,Node_2,6.97539148E+03
2.90500000E-04,i1,Line_1_e1,4.55303766E+02
2.90500000E-04,i2,Line_1_e1,-4.00652691E+02
2.91000000E-04,injectedCurrent,Node_1,4.51977914E+02
2.91000000E-04,voltage,Node_1,6.87560706E+03
2.91000000E-04,voltage,Node_2,6.89464197E+03
2.91000000E-04,i1,Line_1_e1,4.51977914E+02
2.91000000E-04,i2,Line_1_e1,-3.97057449E+02
2.91500000E-04,injectedCurrent,Node_1,4.48676355E+02
2.91500000E-04,voltage,Node_1,6.76746805E+03
2.91500000E-04,voltage,Node_2,6.87842649E+03
2.91500000E-04,i1,Line_1_e1,4.48676355E+02
2.91500000E-04,i2,Line_1_e1,-3.94834412E+02
2.92000000E-04,injectedCurrent,Node_1,4.45398913E+02
2.92000000E-04,voltage,Node_1,6.78066084E+03
2.92000000E-04,voltage,Node_2,6.79742370E+03
2.92000000E-04,i1,Line_1_e1,4.45398913E+02
2.92000000E-04,i2,Line_1_e1,-3.91261696E+02
2.92500000E-04,injectedCurrent,Node_1,4.42145412E+02
2.92500000E-04,voltage,Node_1,6.67144345E+03
2.92500000E-04,voltage,Node_2,6.78286271E+03
2.92500000E-04,i1,Line_1_e1,4.42145412E+02
2.92500000E-04,i2,Line_1_e1,-3.89101005E+02
2.93000000E-04,injectedCurrent,Node_1,4.38915677E+02
2.93000000E-04,voltage,Node_1,6.68709925E+03
2.93000000E-04,voltage,Node_2,6.70159522E+03
2.93000000E-04,i1,Line_1_e1,4.38915677E+02
2.93000000E-04,i2,Line_1_e1,-3.85550151E+02
2.93500000E-04,injectedCurrent,Node_1,4.35709534E+02
2.93500000E-04,voltage,Node_1,6.57678756E+03
2.93500000E-04,voltage,Node_2,6.68868062E+03
2.93500000E-04,i1,Line_1_e1,4.35709534E+02
2.93500000E-04,i2,Line_1_e1,-3.83451248E+02
2.94000000E-04,injectedCurrent,Node_1,4.32526811E+02
2.94000000E-04,voltage,Node_1,6.59490157E+03
2.94000000E-04,voltage,Node_2,6.60713526E+03
2.94000000E-04,i1,Line_1_e1,4.32526811E+02
2.94000000E-04,i2,Line_1_e1,-3.79921580E+02
2.94500000E-04,injectedCurrent,Node_1,4.29367336E+02
2.94500000E-04,voltage,Node_1,6.48348223E+03
2.94500000E-04,voltage,Node_2,6.59585645E+03
2.94500000E-04,i1,Line_1_e1,4.29367336E+02
2.94500000E-04,i2,Line_1_e1,-3.77883896E+02
2.95000000E-04,injectedCurrent,Node_1,4.26230941E+02
2.95000000E-04,voltage,Node_1,6.50404983E+03
2.95000000E-04,voltage,Node_2,6.51401996E+03
2.95000000E-04,i1,Line_1_e1,4.26230941E+02
2.95000000E-04,i2,Line_1_e1,-3.74374748E+02
2.95500000E-04,injectedCurrent,Node_1,4.23117456E+02
2.95500000E-04,voltage,Node_1,6.39150567E+03
2.95500000E-04,voltage,Node_2,6.50437432E+03
2.95500000E-04,i1,Line_1_e1,4.23117456E+02
2.95500000E-04,i2,Line_1_e1,-3.72397755E+02
2.96000000E-04,injectedCurrent,Node_1,4.20026714E+02
2.96000000E-04,voltage,Node_1,6.41452070E+03
2.96000000E-04,voltage,Node_2,6.42223342E+03
2.96000000E-04,i1,Line_1_e1,4.20026714E+02
2.96000000E-04,i2,Line_1_e1,-3.68908478E+02
2.96500000E-04,injectedCurrent,Node_1,4.16958549E+02
2.96500000E-04,voltage,Node_1,6.30083493E+03
2.96500000E-04,voltage,Node_2,6.41421292E+03
2.96500000E-04,i1,Line_1_e1,4.16958549E+02
2.96500000E-04,i2,Line_1_e1,-3.66991649E+02
2.97000000E-04,injectedCurrent,Node_1,4.13912796E+02
2.97000000E-04,voltage,Node_1,6.32628989E+03
2.97000000E-04,voltage,Node_2,6.33175826E+03
2.97000000E-04,i1,Line_1_e1,4.13912796E+02
2.97000000E-04,i2,Line_1_e1,-3.63521606E+02
2.97500000E-04,injectedCurrent,Node_1,4.10889292E+02
2.97500000E-04,voltage,Node_1,6.21144356E+03
2.97500000E-04,voltage,Node_2,6.32535713E+03
2.97500000E-04,i1,Line_1_e1,4.10889292E+02
2.97500000E-04,i2,Line_1_e1,-3.61664436E+02
2.98000000E-04,injectedCurrent,Node_1,4.07887873E+02
2.98000000E-04,voltage,Node_1,6.23933261E+03
2.98000000E-04,voltage,Node_2,6.24257551E+03
2.98000000E-04,i1,Line_1_e1,4.07887873E+02
2.98000000E-04,i2,Line_1_e1,-3.58212987E+02
2.98500000E-04,injectedCurrent,Node_1,4.04908378E+02
2.98500000E-04,voltage,Node_1,6.12331038E+03
2.98500000E-04,voltage,Node_2,6.23778495E+03
2.98500000E-04,i1,Line_1_e1,4.04908378E+02
2.98500000E-04,i2,Line_1_e1,-3.56414958E+02
2.99000000E-04,injectedCurrent,Node_1,4.01950648E+02
2.99000000E-04,voltage,Node_1,6.15362968E+03
2.99000000E-04,voltage,Node_2,6.15466359E+03
2.99000000E-04,i1,Line_1_e1,4.01950648E+02
2.99000000E-04,i2,Line_1_e1,-3.52981467E+02
2.99500000E-04,injectedCurrent,Node_1,3.99014523E+02
2.99500000E-04,voltage,Node_1,6.03641673E+03
2.99500000E-04,voltage,Node_2,6.15147903E+03
2.99500000E-04,i1,Line_1_e1,3.99014523E+02
2.99500000E-04,i2,Line_1_e1,-3.51242081E+02
3.00000000E-04,injectedCurrent,Node_1,3.96099845E+02
3.00000000E-04,voltage,Node_1,6.06916487E+03
3.00000000E-04,voltage,Node_2,6.06800269E+03
3.00000000E-04,i1,Line_1_e1,3.96099845E+02
3.00000000E-04,i2,Line_1_e1,-3.47825913E+02
3.00500000E-04,injectedCurrent,Node_1,3.93206459E+02
3.00500000E-04,voltage,Node_1,5.95074820E+03
3.00500000E-04,voltage,Node_2,6.06641824E+03
3.00500000E-04,i1,Line_1_e1,3.93206459E+02
3.00500000E-04,i2,Line_1_e1,-3.46144678E+02
3.01000000E-04,injectedCurrent,Node_1,3.90334207E+02
3.01000000E-04,voltage,Node_1,5.98592301E+03
3.01000000E-04,voltage,Node_2,5.98257790E+03
3.01000000E-04,i1,Line_1_e1,3.90334207E+02
3.01000000E-04,i2,Line_1_e1,-3.42745223E+02
3.01500000E-04,injectedCurrent,Node_1,3.87482937E+02
3.01500000E-04,voltage,Node_1,5.86628904E+03
3.01500000E-04,voltage,Node_2,5.98258745E+03
3.01500000E-04,i1,Line_1_e1,3.87482937E+02
3.01500000E-04,i2,Line_1_e1,-3.41121667E+02
3.02000000E-04,injectedCurrent,Node_1,3.84652494E+02
3.02000000E-04,voltage,Node_1,5.90389116E+03
3.02000000E-04,voltage,Node_2,5.89836991E+03
3.02000000E-04,i1,Line_1_e1,3.84652494E+02
3.02000000E-04,i2,Line_1_e1,-3.37738302E+02
3.02500000E-04,injectedCurrent,Node_1,3.81842726E+02
3.02500000E-04,voltage,Node_1,5.78302777E+03
3.02500000E-04,voltage,Node_2,5.89996795E+03
3.02500000E-04,i1,Line_1_e1,3.81842726E+02
3.02500000E-04,i2,Line_1_e1,-3.36171951E+02
3.03000000E-04,injectedCurrent,Node_1,3.79053484E+02
3.03000000E-04,voltage,Node_1,5.82305723E+03
3.03000000E-04,voltage,Node_2,5.81536029E+03
3.03000000E-04,i1,Line_1_e1,3.79053484E+02
3.03000000E-04,i2,Line_1_e1,-3.32804068E+02
3.03500000E-04,injectedCurrent,Node_1,3.76284615E+02
3.03500000E-04,voltage,Node_1,5.70095031E+03
3.03500000E-04,voltage,Node_2,5.81854364E+03
3.03500000E-04,i1,Line_1_e1,3.76284615E+02
3.03500000E-04,i2,Line_1_e1,-3.31294472E+02
3.04000000E-04,injectedCurrent,Node_1,3.73535972E+02
3.04000000E-04,voltage,Node_1,5.74340537E+03
3.04000000E-04,voltage,Node_2,5.73353489E+03
3.04000000E-04,i1,Line_1_e1,3.73535972E+02
3.04000000E-04,i2,Line_1_e1,-3.27941477E+02
3.04500000E-04,injectedCurrent,Node_1,3.70807408E+02
3.04500000E-04,voltage,Node_1,5.62004077E+03
3.04500000E-04,voltage,Node_2,5.73829703E+03
3.04500000E-04,i1,Line_1_e1,3.70807408E+02
3.04500000E-04,i2,Line_1_e1,-3.26488184E+02
3.05000000E-04,injectedCurrent,Node_1,3.68098774E+02
3.05000000E-04,voltage,Node_1,5.66492048E+03
3.05000000E-04,voltage,Node_2,5.65287518E+03
3.05000000E-04,i1,Line_1_e1,3.68098774E+02
3.05000000E-04,i2,Line_1_e1,-3.23149475E+02
3.05500000E-04,injectedCurrent,Node_1,3.65409926E+02
3.05500000E-04,voltage,Node_1,5.54028319E+03
3.05500000E-04,voltage,Node_2,5.65921050E+03
3.05500000E-04,i1,Line_1_e1,3.65409926E+02
3.05500000E-04,i2,Line_1_e1,-3.21752044E+02
3.06000000E-04,injectedCurrent,Node_1,3.62740720E+02
3.06000000E-04,voltage,Node_1,5.58758521E+03
3.06000000E-04,voltage,Node_2,5.57336182E+03
3.06000000E-04,i1,Line_1_e1,3.62740720E+02
3.06000000E-04,i2,Line_1_e1,-3.18427030E+02
3.06500000E-04,injectedCurrent,Node_1,3.60091011E+02
3.06500000E-04,voltage,Node_1,5.46165539E+03
3.06500000E-04,voltage,Node_2,5.58127082E+03
3.06500000E-04,i1,Line_1_e1,3.60091011E+02
3.06500000E-04,i2,Line_1_e1,-3.17085054E+02
3.07000000E-04,injectedCurrent,Node_1,3.57460657E+02
3.07000000E-04,voltage,Node_1,5.51137485E+03
3.07000000E-04,voltage,Node_2,5.49498579E+03
3.07000000E-04,i1,Line_1_e1,3.57460657E+02
3.07000000E-04,i2,Line_1_e1,-3.13773165E+02
3.07500000E-04,injectedCurrent,Node_1,3.54849517E+02
3.07500000E-04,voltage,Node_1,5.38413741E+03
3.07500000E-04,voltage,Node_2,5.50445757E+03
3.07500000E-04,i1,Line_1_e1,3.54849517E+02
3.07500000E-04,i2,Line_1_e1,-3.12486207E+02
3.08000000E-04,injectedCurrent,Node_1,3.52257451E+02
3.08000000E-04,voltage,Node_1,5.43627482E+03
3.08000000E-04,voltage,Node_2,5.41772197E+03
3.08000000E-04,i1,Line_1_e1,3.52257451E+02
3.08000000E-04,i2,Line_1_e1,-3.09186839E+02
3.08500000E-04,injectedCurrent,Node_1,3.49684319E+02
3.08500000E-04,voltage,Node_1,5.30771378E+03
3.08500000E-04,voltage,Node_2,5.42875310E+03
3.08500000E-04,i1,Line_1_e1,3.49684319E+02
3.08500000E-04,i2,Line_1_e1,-3.07954485E+02
3.09000000E-04,injectedCurrent,Node_1,3.47129982E+02
3.09000000E-04,voltage,Node_1,5.36226617E+03
3.09000000E-04,voltage,Node_2,5.34155577E+03
3.09000000E-04,i1,Line_1_e1,3.47129982E+02
3.09000000E-04,i2,Line_1_e1,-3.04667074E+02
3.09500000E-04,injectedCurrent,Node_1,3.44594304E+02
3.09500000E-04,voltage,Node_1,5.23236338E+03
3.09500000E-04,voltage,Node_2,5.35414599E+03
3.09500000E-04,i1,Line_1_e1,3.44594304E+02
3.09500000E-04,i2,Line_1_e1,-3.03488937E+02
3.10000000E-04,injectedCurrent,Node_1,3.42077149E+02
3.10000000E-04,voltage,Node_1,5.28932955E+03
3.10000000E-04,voltage,Node_2,5.26647335E+03
3.10000000E-04,i1,Line_1_e1,3.42077149E+02
3.10000000E-04,i2,Line_1_e1,-3.00212915E+02
3.10500000E-04,injectedCurrent,Node_1,3.39578380E+02
3.10500000E-04,voltage,Node_1,5.15806974E+03
3.10500000E-04,voltage,Node_2,5.28061680E+03
3.10500000E-04,i1,Line_1_e1,3.39578380E+02
3.10500000E-04,i2,Line_1_e1,-2.99088594E+02
3.11000000E-04,injectedCurrent,Node_1,3.37097864E+02
3.11000000E-04,voltage,Node_1,5.21744944E+03
3.11000000E-04,voltage,Node_2,5.19245809E+03
3.11000000E-04,i1,Line_1_e1,3.37097864E+02
3.11000000E-04,i2,Line_1_e1,-2.95823396E+02
3.11500000E-04,injectedCurrent,Node_1,3.34635467E+02
3.11500000E-04,voltage,Node_1,5.08481645E+03
3.11500000E-04,voltage,Node_2,5.20815192E+03
3.11500000E-04,i1,Line_1_e1,3.34635467E+02
3.11500000E-04,i2,Line_1_e1,-2.94752516E+02
3.12000000E-04,injectedCurrent,Node_1,3.32191056E+02
3.12000000E-04,voltage,Node_1,5.14661146E+03
3.12000000E-04,voltage,Node_2,5.11949417E+03
3.12000000E-04,i1,Line_1_e1,3.32191056E+02
3.12000000E-04,i2,Line_1_e1,-2.91497576E+02
3.12500000E-04,injectedCurrent,Node_1,3.29764501E+02
3.12500000E-04,voltage,Node_1,5.01259151E+03
3.12500000E-04,voltage,Node_2,5.13673297E+03
3.12500000E-04,i1,Line_1_e1,3.29764501E+02
3.12500000E-04,i2,Line_1_e1,-2.90479755E+02
3.13000000E-04,injectedCurrent,Node_1,3.27355671E+02
3.13000000E-04,voltage,Node_1,5.07680310E+03
3.13000000E-04,voltage,Node_2,5.04756565E+03
3.13000000E-04,i1,Line_1_e1,3.27355671E+02
3.13000000E-04,i2,Line_1_e1,-2.87234523E+02
3.13500000E-04,injectedCurrent,Node_1,3.24964437E+02
3.13500000E-04,voltage,Node_1,4.94138037E+03
3.13500000E-04,voltage,Node_2,5.06635023E+03
3.13500000E-04,i1,Line_1_e1,3.24964437E+02
3.13500000E-04,i2,Line_1_e1,-2.86269410E+02
3.14000000E-04,injectedCurrent,Node_1,3.22590669E+02
3.14000000E-04,voltage,Node_1,5.00801213E+03
3.14000000E-04,voltage,Node_2,4.97665799E+03
3.14000000E-04,i1,Line_1_e1,3.22590669E+02
3.14000000E-04,i2,Line_1_e1,-2.83033331E+02
3.14500000E-04,injectedCurrent,Node_1,3.20234240E+02
3.14500000E-04,voltage,Node_1,4.87117480E+03
3.14500000E-04,voltage,Node_2,4.99698230E+03
3.14500000E-04,i1,Line_1_e1,3.20234240E+02
3.14500000E-04,i2,Line_1_e1,-2.82120554E+02
3.15000000E-04,injectedCurrent,Node_1,3.17895024E+02
3.15000000E-04,voltage,Node_1,4.94022976E+03
3.15000000E-04,voltage,Node_2,4.90675645E+03
3.15000000E-04,i1,Line_1_e1,3.17895024E+02
3.15000000E-04,i2,Line_1_e1,-2.78893082E+02
3.15500000E-04,injectedCurrent,Node_1,3.15572894E+02
3.15500000E-04,voltage,Node_1,4.80196271E+03
3.15500000E-04,voltage,Node_2,4.92861862E+03
3.15500000E-04,i1,Line_1_e1,3.15572894E+02
3.15500000E-04,i2,Line_1_e1,-2.78032304E+02
3.16000000E-04,injectedCurrent,Node_1,3.13267726E+02
3.16000000E-04,voltage,Node_1,4.87344498E+03
3.16000000E-04,voltage,Node_2,4.83784532E+03
3.16000000E-04,i1,Line_1_e1,3.13267726E+02
3.16000000E-04,i2,Line_1_e1,-2.74812891E+02
3.16500000E-04,injectedCurrent,Node_1,3.10979396E+02
3.16500000E-04,voltage,Node_1,4.73373336E+03
3.16500000E-04,voltage,Node_2,4.86124393E+03
3.16500000E-04,i1,Line_1_e1,3.10979396E+02
3.16500000E-04,i2,Line_1_e1,-2.74003775E+02
3.17000000E-04,injectedCurrent,Node_1,3.08707780E+02
3.17000000E-04,voltage,Node_1,4.80764536E+03
3.17000000E-04,voltage,Node_2,4.76991194E+03
3.17000000E-04,i1,Line_1_e1,3.08707780E+02
3.17000000E-04,i2,Line_1_e1,-2.70791886E+02
3.17500000E-04,injectedCurrent,Node_1,3.06452757E+02
3.17500000E-04,voltage,Node_1,4.66647338E+03
3.17500000E-04,voltage,Node_2,4.79484461E+03
3.17500000E-04,i1,Line_1_e1,3.06452757E+02
3.17500000E-04,i2,Line_1_e1,-2.70034104E+02
3.18000000E-04,injectedCurrent,Node_1,3.04214204E+02
3.18000000E-04,voltage,Node_1,4.74281833E+03
3.18000000E-04,voltage,Node_2,4.70294212E+03
3.18000000E-04,i1,Line_1_e1,3.04214204E+02
3.18000000E-04,i2,Line_1_e1,-2.66829198E+02
3.18500000E-04,injectedCurrent,Node_1,3.01992003E+02
3.18500000E-04,voltage,Node_1,4.60017146E+03
3.18500000E-04,voltage,Node_2,4.72940352E+03
3.18500000E-04,i1,Line_1_e1,3.01992003E+02
3.18500000E-04,i2,Line_1_e1,-2.66122411E+02
3.19000000E-04,injectedCurrent,Node_1,2.99786032E+02
3.19000000E-04,voltage,Node_1,4.67895144E+03
3.19000000E-04,voltage,Node_2,4.63691893E+03
3.19000000E-04,i1,Line_1_e1,2.99786032E+02
3.19000000E-04,i2,Line_1_e1,-2.62923953E+02
3.19500000E-04,injectedCurrent,Node_1,2.97596173E+02
3.19500000E-04,voltage,Node_1,4.53481063E+03
3.19500000E-04,voltage,Node_2,4.66491143E+03
3.19500000E-04,i1,Line_1_e1,2.97596173E+02
3.19500000E-04,i2,Line_1_e1,-2.62267859E+02
3.20000000E-04,injectedCurrent,Node_1,2.95422308E+02
3.20000000E-04,voltage,Node_1,4.61602566E+03
3.20000000E-04,voltage,Node_2,4.57182977E+03
3.20000000E-04,i1,Line_1_e1,2.95422308E+02
3.20000000E-04,i2,Line_1_e1,-2.59075324E+02
3.20500000E-04,injectedCurrent,Node_1,2.93264321E+02
3.20500000E-04,voltage,Node_1,4.47036920E+03
3.20500000E-04,voltage,Node_2,4.60135418E+03
3.20500000E-04,i1,Line_1_e1,2.93264321E+02
3.20500000E-04,i2,Line_1_e1,-2.58469632E+02
3.21000000E-04,injectedCurrent,Node_1,2.91122095E+02
3.21000000E-04,voltage,Node_1,4.55401582E+03
3.21000000E-04,voltage,Node_2,4.50766815E+03
3.21000000E-04,i1,Line_1_e1,2.91122095E+02
3.21000000E-04,i2,Line_1_e1,-2.55282515E+02
3.21500000E-04,injectedCurrent,Node_1,2.88995513E+02
3.21500000E-04,voltage,Node_1,4.40682247E+03
3.21500000E-04,voltage,Node_2,4.53871934E+03
3.21500000E-04,i1,Line_1_e1,2.88995513E+02
3.21500000E-04,i2,Line_1_e1,-2.54726930E+02
3.22000000E-04,injectedCurrent,Node_1,2.86884463E+02
3.22000000E-04,voltage,Node_1,4.49290180E+03
3.22000000E-04,voltage,Node_2,4.44441501E+03
3.22000000E-04,i1,Line_1_e1,2.86884463E+02
3.22000000E-04,i2,Line_1_e1,-2.51544698E+02
3.22500000E-04,injectedCurrent,Node_1,2.84788829E+02
3.22500000E-04,voltage,Node_1,4.34415262E+03
3.22500000E-04,voltage,Node_2,4.47699231E+03
3.22500000E-04,i1,Line_1_e1,2.84788829E+02
3.22500000E-04,i2,Line_1_e1,-2.51038928E+02
3.23000000E-04,injectedCurrent,Node_1,2.82708499E+02
3.23000000E-04,voltage,Node_1,4.43266796E+03
3.23000000E-04,voltage,Node_2,4.38205489E+03
3.23000000E-04,i1,Line_1_e1,2.82708499E+02
3.23000000E-04,i2,Line_1_e1,-2.47861053E+02
3.23500000E-04,injectedCurrent,Node_1,2.80643361E+02
3.23500000E-04,voltage,Node_1,4.28234636E+03
3.23500000E-04,voltage,Node_2,4.41615697E+03
3.23500000E-04,i1,Line_1_e1,2.80643361E+02
3.23500000E-04,i2,Line_1_e1,-2.47404810E+02
3.24000000E-04,injectedCurrent,Node_1,2.78593303E+02
3.24000000E-04,voltage,Node_1,4.37330156E+03
3.24000000E-04,voltage,Node_2,4.32057585E+03
3.24000000E-04,i1,Line_1_e1,2.78593303E+02
3.24000000E-04,i2,Line_1_e1,-2.44230783E+02
3.24500000E-04,injectedCurrent,Node_1,2.76558213E+02
3.24500000E-04,voltage,Node_1,4.22139055E+03
3.24500000E-04,voltage,Node_2,4.35620403E+03
3.24500000E-04,i1,Line_1_e1,2.76558213E+02
3.24500000E-04,i2,Line_1_e1,-2.43823806E+02
3.25000000E-04,injectedCurrent,Node_1,2.74537983E+02
3.25000000E-04,voltage,Node_1,4.31479239E+03
3.25000000E-04,voltage,Node_2,4.25996652E+03
3.25000000E-04,i1,Line_1_e1,2.74537983E+02
3.25000000E-04,i2,Line_1_e1,-2.40653112E+02
3.25500000E-04,injectedCurrent,Node_1,2.72532502E+02
3.25500000E-04,voltage,Node_1,4.16127847E+03
3.25500000E-04,voltage,Node_2,4.29711786E+03
3.25500000E-04,i1,Line_1_e1,2.72532502E+02
3.25500000E-04,i2,Line_1_e1,-2.40295128E+02
3.26000000E-04,injectedCurrent,Node_1,2.70541662E+02
3.26000000E-04,voltage,Node_1,4.25713543E+03
3.26000000E-04,voltage,Node_2,4.20021305E+03
3.26000000E-04,i1,Line_1_e1,2.70541662E+02
3.26000000E-04,i2,Line_1_e1,-2.37127252E+02
3.26500000E-04,injectedCurrent,Node_1,2.68565356E+02
3.26500000E-04,voltage,Node_1,4.10200347E+03
3.26500000E-04,voltage,Node_2,4.23888851E+03
3.26500000E-04,i1,Line_1_e1,2.68565356E+02
3.26500000E-04,i2,Line_1_e1,-2.36818016E+02
3.27000000E-04,injectedCurrent,Node_1,2.66603475E+02
3.27000000E-04,voltage,Node_1,4.20032358E+03
3.27000000E-04,voltage,Node_2,4.14130411E+03
3.27000000E-04,i1,Line_1_e1,2.66603475E+02
3.27000000E-04,i2,Line_1_e1,-2.33652453E+02
3.27500000E-04,injectedCurrent,Node_1,2.64655913E+02
3.27500000E-04,voltage,Node_1,4.04355948E+03
3.27500000E-04,voltage,Node_2,4.18150425E+03
3.27500000E-04,i1,Line_1_e1,2.64655913E+02
3.27500000E-04,i2,Line_1_e1,-2.33391712E+02
3.28000000E-04,injectedCurrent,Node_1,2.62722564E+02
3.28000000E-04,voltage,Node_1,4.14435176E+03
3.28000000E-04,voltage,Node_2,4.08322536E+03
3.28000000E-04,i1,Line_1_e1,2.62722564E+02
3.28000000E-04,i2,Line_1_e1,-2.30227948E+02
3.28500000E-04,injectedCurrent,Node_1,2.60803323E+02
3.28500000E-04,voltage,Node_1,3.98593937E+03
3.28500000E-04,voltage,Node_2,4.12494949E+03
3.28500000E-04,i1,Line_1_e1,2.60803323E+02
3.28500000E-04,i2,Line_1_e1,-2.30015464E+02
3.29000000E-04,injectedCurrent,Node_1,2.58898085E+02
3.29000000E-04,voltage,Node_1,4.08920642E+03
3.29000000E-04,voltage,Node_2,4.02597092E+03
3.29000000E-04,i1,Line_1_e1,2.58898085E+02
3.29000000E-04,i2,Line_1_e1,-2.26853028E+02
3.29500000E-04,injectedCurrent,Node_1,2.57006746E+02
3.29500000E-04,voltage,Node_1,3.92912594E+03
3.29500000E-04,voltage,Node_2,4.06922192E+03
3.29500000E-04,i1,Line_1_e1,2.57006746E+02
3.29500000E-04,i2,Line_1_e1,-2.26688585E+02
3.30000000E-04,injectedCurrent,Node_1,2.55129203E+02
3.30000000E-04,voltage,Node_1,4.03487801E+03
3.30000000E-04,voltage,Node_2,3.96952111E+03
3.30000000E-04,i1,Line_1_e1,2.55129203E+02
3.30000000E-04,i2,Line_1_e1,-2.23526938E+02
3.30500000E-04,injectedCurrent,Node_1,2.53265351E+02
3.30500000E-04,voltage,Node_1,3.87311476E+03
3.30500000E-04,voltage,Node_2,4.01429678E+03
3.30500000E-04,i1,Line_1_e1,2.53265351E+02
3.30500000E-04,i2,Line_1_e1,-2.23410280E+02
3.31000000E-04,injectedCurrent,Node_1,2.51415089E+02
3.31000000E-04,voltage,Node_1,3.98135708E+03
3.31000000E-04,voltage,Node_2,3.91386477E+03
3.31000000E-04,i1,Line_1_e1,2.51415089E+02
3.31000000E-04,i2,Line_1_e1,-2.20248925E+02
3.31500000E-04,injectedCurrent,Node_1,2.49578315E+02
3.31500000E-04,voltage,Node_1,3.81788846E+03
3.31500000E-04,voltage,Node_2,3.96016791E+03
3.31500000E-04,i1,Line_1_e1,2.49578315E+02
3.31500000E-04,i2,Line_1_e1,-2.20179858E+02
3.32000000E-04,injectedCurrent,Node_1,2.47754926E+02
3.32000000E-04,voltage,Node_1,3.92862409E+03
3.32000000E-04,voltage,Node_2,3.85899522E+03
3.32000000E-04,i1,Line_1_e1,2.47754926E+02
3.32000000E-04,i2,Line_1_e1,-2.17018308E+02
3.32500000E-04,injectedCurrent,Node_1,2.45944823E+02
3.32500000E-04,voltage,Node_1,3.76342963E+03
3.32500000E-04,voltage,Node_2,3.90682367E+03
3.32500000E-04,i1,Line_1_e1,2.45944823E+02
3.32500000E-04,i2,Line_1_e1,-2.16996615E+02
3.33000000E-04,injectedCurrent,Node_1,2.44147903E+02
3.33000000E-04,voltage,Node_1,3.87666375E+03
3.33000000E-04,voltage,Node_2,3.80489543E+03
3.33000000E-04,i1,Line_1_e1,2.44147903E+02
3.33000000E-04,i2,Line_1_e1,-2.13834362E+02
3.33500000E-04,injectedCurrent,Node_1,2.42364067E+02
3.33500000E-04,voltage,Node_1,3.70972200E+03
3.33500000E-04,voltage,Node_2,3.85425418E+03
3.33500000E-04,i1,Line_1_e1,2.42364067E+02
3.33500000E-04,i2,Line_1_e1,-2.13859838E+02
3.34000000E-04,injectedCurrent,Node_1,2.40593214E+02
3.34000000E-04,voltage,Node_1,3.82546140E+03
3.34000000E-04,voltage,Node_2,3.75155316E+03
3.34000000E-04,i1,Line_1_e1,2.40593214E+02
3.34000000E-04,i2,Line_1_e1,-2.10696370E+02
3.34500000E-04,injectedCurrent,Node_1,2.38835245E+02
3.34500000E-04,voltage,Node_1,3.65675289E+03
3.34500000E-04,voltage,Node_2,3.80244147E+03
3.34500000E-04,i1,Line_1_e1,2.38835245E+02
3.34500000E-04,i2,Line_1_e1,-2.10768807E+02
3.35000000E-04,injectedCurrent,Node_1,2.37090060E+02
3.35000000E-04,voltage,Node_1,3.77500278E+03
3.35000000E-04,voltage,Node_2,3.69896089E+03
3.35000000E-04,i1,Line_1_e1,2.37090060E+02
3.35000000E-04,i2,Line_1_e1,-2.07603635E+02
3.35500000E-04,injectedCurrent,Node_1,2.35357559E+02
3.35500000E-04,voltage,Node_1,3.60450719E+03
3.35500000E-04,voltage,Node_2,3.75137920E+03
3.35500000E-04,i1,Line_1_e1,2.35357559E+02
3.35500000E-04,i2,Line_1_e1,-2.07722846E+02
3.36000000E-04,injectedCurrent,Node_1,2.33637645E+02
3.36000000E-04,voltage,Node_1,3.72527846E+03
3.36000000E-04,voltage,Node_2,3.64710176E+03
3.36000000E-04,i1,Line_1_e1,2.33637645E+02
3.36000000E-04,i2,Line_1_e1,-2.04555445E+02
3.36500000E-04,injectedCurrent,Node_1,2.31930216E+02
3.36500000E-04,voltage,Node_1,3.55297807E+03
3.36500000E-04,voltage,Node_2,3.70105247E+03
3.36500000E-04,i1,Line_1_e1,2.31930216E+02
3.36500000E-04,i2,Line_1_e1,-2.04721231E+02
3.37000000E-04,injectedCurrent,Node_1,2.30235176E+02
3.37000000E-04,voltage,Node_1,3.67627973E+03
3.37000000E-04,voltage,Node_2,3.59596718E+03
3.37000000E-04,i1,Line_1_e1,2.30235176E+02
3.37000000E-04,i2,Line_1_e1,-2.01551103E+02
3.37500000E-04,injectedCurrent,Node_1,2.28552423E+02
3.37500000E-04,voltage,Node_1,3.50215606E+03
3.37500000E-04,voltage,Node_2,3.65145254E+03
3.37500000E-04,i1,Line_1_e1,2.28552423E+02
3.37500000E-04,i2,Line_1_e1,-2.01763282E+02
3.38000000E-04,injectedCurrent,Node_1,2.26881860E+02
3.38000000E-04,voltage,Node_1,3.62799854E+03
3.38000000E-04,voltage,Node_2,3.54554551E+03
3.38000000E-04,i1,Line_1_e1,2.26881860E+02
3.38000000E-04,i2,Line_1_e1,-1.98589920E+02
3.38500000E-04,injectedCurrent,Node_1,2.25223388E+02
3.38500000E-04,voltage,Node_1,3.45203391E+03
3.38500000E-04,voltage,Node_2,3.60256962E+03
3.38500000E-04,i1,Line_1_e1,2.25223388E+02
3.38500000E-04,i2,Line_1_e1,-1.98848309E+02
3.39000000E-04,injectedCurrent,Node_1,2.23576906E+02
3.39000000E-04,voltage,Node_1,3.58043007E+03
3.39000000E-04,voltage,Node_2,3.49582571E+03
3.39000000E-04,i1,Line_1_e1,2.23576906E+02
3.39000000E-04,i2,Line_1_e1,-1.95671187E+02
3.39500000E-04,injectedCurrent,Node_1,2.21942316E+02
3.39500000E-04,voltage,Node_1,3.40260958E+03
3.39500000E-04,voltage,Node_2,3.55438670E+03
3.39500000E-04,i1,Line_1_e1,2.21942316E+02
3.39500000E-04,i2,Line_1_e1,-1.95975581E+02
3.40000000E-04,injectedCurrent,Node_1,2.20319517E+02
3.40000000E-04,voltage,Node_1,3.53357265E+03
3.40000000E-04,voltage,Node_2,3.44679249E+03
3.40000000E-04,i1,Line_1_e1,2.20319517E+02
3.40000000E-04,i2,Line_1_e1,-1.92794168E+02
3.40500000E-04,injectedCurrent,Node_1,2.18708410E+02
3.40500000E-04,voltage,Node_1,3.35387513E+03
3.40500000E-04,voltage,Node_2,3.50689691E+03
3.40500000E-04,i1,Line_1_e1,2.18708410E+02
3.40500000E-04,i2,Line_1_e1,-1.93144402E+02
3.41000000E-04,injectedCurrent,Node_1,2.17108894E+02
3.41000000E-04,voltage,Node_1,3.48741316E+03
3.41000000E-04,voltage,Node_2,3.39843842E+03
3.41000000E-04,i1,Line_1_e1,2.17108894E+02
3.41000000E-04,i2,Line_1_e1,-1.89958184E+02
3.41500000E-04,injectedCurrent,Node_1,2.15520866E+02
3.41500000E-04,voltage,Node_1,3.30581310E+03
3.41500000E-04,voltage,Node_2,3.46009124E+03
3.41500000E-04,i1,Line_1_e1,2.15520866E+02
3.41500000E-04,i2,Line_1_e1,-1.90354100E+02
3.42000000E-04,injectedCurrent,Node_1,2.13944226E+02
3.42000000E-04,voltage,Node_1,3.44192996E+03
3.42000000E-04,voltage,Node_2,3.35075926E+03
3.42000000E-04,i1,Line_1_e1,2.13944226E+02
3.42000000E-04,i2,Line_1_e1,-1.87162566E+02
3.42500000E-04,injectedCurrent,Node_1,2.12378871E+02
3.42500000E-04,voltage,Node_1,3.25840221E+03
3.42500000E-04,voltage,Node_2,3.41395827E+03
3.42500000E-04,i1,Line_1_e1,2.12378871E+02
3.42500000E-04,i2,Line_1_e1,-1.87603983E+02
3.43000000E-04,injectedCurrent,Node_1,2.10824698E+02
3.43000000E-04,voltage,Node_1,3.39710566E+03
3.43000000E-04,voltage,Node_2,3.30373615E+03
3.43000000E-04,i1,Line_1_e1,2.10824698E+02
3.43000000E-04,i2,Line_1_e1,-1.84406578E+02
3.43500000E-04,injectedCurrent,Node_1,2.09281601E+02
3.43500000E-04,voltage,Node_1,3.21162616E+03
3.43500000E-04,voltage,Node_2,3.36848564E+03
3.43500000E-04,i1,Line_1_e1,2.09281601E+02
3.43500000E-04,i2,Line_1_e1,-1.84893305E+02
3.44000000E-04,injectedCurrent,Node_1,2.07749477E+02
3.44000000E-04,voltage,Node_1,3.35292644E+03
3.44000000E-04,voltage,Node_2,3.25735215E+03
3.44000000E-04,i1,Line_1_e1,2.07749477E+02
3.44000000E-04,i2,Line_1_e1,-1.81689460E+02
3.44500000E-04,injectedCurrent,Node_1,2.06228217E+02
3.44500000E-04,voltage,Node_1,3.16547116E+03
3.44500000E-04,voltage,Node_2,3.32365665E+03
3.44500000E-04,i1,Line_1_e1,2.06228217E+02
3.44500000E-04,i2,Line_1_e1,-1.82221311E+02
3.45000000E-04,injectedCurrent,Node_1,2.04717715E+02
3.45000000E-04,voltage,Node_1,3.30937608E+03
3.45000000E-04,voltage,Node_2,3.21160252E+03
3.45000000E-04,i1,Line_1_e1,2.04717715E+02
3.45000000E-04,i2,Line_1_e1,-1.79010475E+02
3.45500000E-04,injectedCurrent,Node_1,2.03217862E+02
3.45500000E-04,voltage,Node_1,3.11992148E+03
3.45500000E-04,voltage,Node_2,3.27946058E+03
3.45500000E-04,i1,Line_1_e1,2.03217862E+02
3.45500000E-04,i2,Line_1_e1,-1.79587261E+02
3.46000000E-04,injectedCurrent,Node_1,2.01728547E+02
3.46000000E-04,voltage,Node_1,3.26644273E+03
3.46000000E-04,voltage,Node_2,3.16647058E+03
3.46000000E-04,i1,Line_1_e1,2.01728547E+02
3.46000000E-04,i2,Line_1_e1,-1.76368847E+02
3.46500000E-04,injectedCurrent,Node_1,2.00249657E+02
3.46500000E-04,voltage,Node_1,3.07496437E+03
3.46500000E-04,voltage,Node_2,3.23588767E+03
3.46500000E-04,i1,Line_1_e1,2.00249657E+02
3.46500000E-04,i2,Line_1_e1,-1.76990381E+02
3.47000000E-04,injectedCurrent,Node_1,1.98781079E+02
3.47000000E-04,voltage,Node_1,3.22411160E+03
3.47000000E-04,voltage,Node_2,3.12194649E+03
3.47000000E-04,i1,Line_1_e1,1.98781079E+02
3.47000000E-04,i2,Line_1_e1,-1.73763808E+02
3.47500000E-04,injectedCurrent,Node_1,1.97322698E+02
3.47500000E-04,voltage,Node_1,3.03058594E+03
3.47500000E-04,voltage,Node_2,3.19292775E+03
3.47500000E-04,i1,Line_1_e1,1.97322698E+02
3.47500000E-04,i2,Line_1_e1,-1.74429887E+02
3.48000000E-04,injectedCurrent,Node_1,1.95874395E+02
3.48000000E-04,voltage,Node_1,3.18237295E+03
3.48000000E-04,voltage,Node_2,3.07801415E+03
3.48000000E-04,i1,Line_1_e1,1.95874395E+02
3.48000000E-04,i2,Line_1_e1,-1.71194533E+02
3.48500000E-04,injectedCurrent,Node_1,1.94436050E+02
3.48500000E-04,voltage,Node_1,2.98677651E+03
3.48500000E-04,voltage,Node_2,3.15056107E+03
3.48500000E-04,i1,Line_1_e1,1.94436050E+02
3.48500000E-04,i2,Line_1_e1,-1.71904943E+02
3.49000000E-04,injectedCurrent,Node_1,1.93007542E+02
3.49000000E-04,voltage,Node_1,3.14121011E+03
3.49000000E-04,voltage,Node_2,3.03466795E+03
3.49000000E-04,i1,Line_1_e1,1.93007542E+02
3.49000000E-04,i2,Line_1_e1,-1.68660219E+02
3.49500000E-04,injectedCurrent,Node_1,1.91588746E+02
3.49500000E-04,voltage,Node_1,2.94351489E+03
3.49500000E-04,voltage,Node_2,3.10878690E+03
3.49500000E-04,i1,Line_1_e1,1.91588746E+02
3.49500000E-04,i2,Line_1_e1,-1.69414766E+02
3.50000000E-04,injectedCurrent,Node_1,1.90179534E+02
3.50000000E-04,voltage,Node_1,3.10061240E+03
3.50000000E-04,voltage,Node_2,2.99188659E+03
3.50000000E-04,i1,Line_1_e1,1.90179534E+02
3.50000000E-04,i2,Line_1_e1,-1.66159984E+02
3.50500000E-04,injectedCurrent,Node_1,1.88779778E+02
3.50500000E-04,voltage,Node_1,2.90079803E+03
3.50500000E-04,voltage,Node_2,3.06757489E+03
3.50500000E-04,i1,Line_1_e1,1.88779778E+02
3.50500000E-04,i2,Line_1_e1,-1.66958399E+02
3.51000000E-04,injectedCurrent,Node_1,1.87389343E+02
3.51000000E-04,voltage,Node_1,3.06057070E+03
3.51000000E-04,voltage,Node_2,2.94965699E+03
3.51000000E-04,i1,Line_1_e1,1.87389343E+02
3.51000000E-04,i2,Line_1_e1,-1.63692906E+02
3.51500000E-04,injectedCurrent,Node_1,1.86008094E+02
3.51500000E-04,voltage,Node_1,2.85860771E+03
3.51500000E-04,voltage,Node_2,3.02692220E+03
3.51500000E-04,i1,Line_1_e1,1.86008094E+02
3.51500000E-04,i2,Line_1_e1,-1.64534975E+02
3.52000000E-04,injectedCurrent,Node_1,1.84635892E+02
3.52000000E-04,voltage,Node_1,3.02106774E+03
3.52000000E-04,voltage,Node_2,2.90796620E+03
3.52000000E-04,i1,Line_1_e1,1.84635892E+02
3.52000000E-04,i2,Line_1_e1,-1.61258082E+02
3.52500000E-04,injectedCurrent,Node_1,1.83272595E+02
3.52500000E-04,voltage,Node_1,2.81693132E+03
3.52500000E-04,voltage,Node_2,2.98680865E+03
3.52500000E-04,i1,Line_1_e1,1.83272595E+02
3.52500000E-04,i2,Line_1_e1,-1.62143528E+02
3.53000000E-04,injectedCurrent,Node_1,1.81918057E+02
3.53000000E-04,voltage,Node_1,2.98209199E+03
3.53000000E-04,voltage,Node_2,2.86679748E+03
3.53000000E-04,i1,Line_1_e1,1.81918057E+02
3.53000000E-04,i2,Line_1_e1,-1.58854508E+02
3.53500000E-04,injectedCurrent,Node_1,1.80572128E+02
3.53500000E-04,voltage,Node_1,2.77575657E+03
3.53500000E-04,voltage,Node_2,2.94721697E+03
3.53500000E-04,i1,Line_1_e1,1.80572128E+02
3.53500000E-04,i2,Line_1_e1,-1.59783040E+02
3.54000000E-04,injectedCurrent,Node_1,1.79234655E+02
3.54000000E-04,voltage,Node_1,2.94363223E+03
3.54000000E-04,voltage,Node_2,2.82612907E+03
3.54000000E-04,i1,Line_1_e1,1.79234655E+02
3.54000000E-04,i2,Line_1_e1,-1.56481135E+02
3.54500000E-04,injectedCurrent,Node_1,1.77905479E+02
3.54500000E-04,voltage,Node_1,2.73506855E+03
3.54500000E-04,voltage,Node_2,2.90813482E+03
3.54500000E-04,i1,Line_1_e1,1.77905479E+02
3.54500000E-04,i2,Line_1_e1,-1.57452463E+02
3.55000000E-04,injectedCurrent,Node_1,1.76584441E+02
3.55000000E-04,voltage,Node_1,2.90567365E+03
3.55000000E-04,voltage,Node_2,2.78594761E+03
3.55000000E-04,i1,Line_1_e1,1.76584441E+02
3.55000000E-04,i2,Line_1_e1,-1.54136883E+02
3.55500000E-04,injectedCurrent,Node_1,1.75271373E+02
3.55500000E-04,voltage,Node_1,2.69485628E+03
3.55500000E-04,voltage,Node_2,2.86953488E+03
3.55500000E-04,i1,Line_1_e1,1.75271373E+02
3.55500000E-04,i2,Line_1_e1,-1.55150655E+02
3.56000000E-04,injectedCurrent,Node_1,1.73966106E+02
3.56000000E-04,voltage,Node_1,2.86820373E+03
3.56000000E-04,voltage,Node_2,2.74623442E+03
3.56000000E-04,i1,Line_1_e1,1.73966106E+02
3.56000000E-04,i2,Line_1_e1,-1.51820581E+02
3.56500000E-04,injectedCurrent,Node_1,1.72668464E+02
3.56500000E-04,voltage,Node_1,2.65510137E+03
3.56500000E-04,voltage,Node_2,2.83140535E+03
3.56500000E-04,i1,Line_1_e1,1.72668464E+02
3.56500000E-04,i2,Line_1_e1,-1.52876455E+02
3.57000000E-04,injectedCurrent,Node_1,1.71378268E+02
3.57000000E-04,voltage,Node_1,2.83120255E+03
3.57000000E-04,voltage,Node_2,2.70696839E+03
3.57000000E-04,i1,Line_1_e1,1.71378268E+02
3.57000000E-04,i2,Line_1_e1,-1.49531037E+02
3.57500000E-04,injectedCurrent,Node_1,1.70095334E+02
3.57500000E-04,voltage,Node_1,2.61578274E+03
3.57500000E-04,voltage,Node_2,2.79373130E+03
3.57500000E-04,i1,Line_1_e1,1.70095334E+02
3.57500000E-04,i2,Line_1_e1,-1.50628633E+02
3.58000000E-04,injectedCurrent,Node_1,1.68819472E+02
3.58000000E-04,voltage,Node_1,2.79465135E+03
3.58000000E-04,voltage,Node_2,2.66812909E+03
3.58000000E-04,i1,Line_1_e1,1.68819472E+02
3.58000000E-04,i2,Line_1_e1,-1.47266953E+02
3.58500000E-04,injectedCurrent,Node_1,1.67550487E+02
3.58500000E-04,voltage,Node_1,2.57688485E+03
3.58500000E-04,voltage,Node_2,2.75648005E+03
3.58500000E-04,i1,Line_1_e1,1.67550487E+02
3.58500000E-04,i2,Line_1_e1,-1.48405821E+02
3.59000000E-04,injectedCurrent,Node_1,1.66288180E+02
3.59000000E-04,voltage,Node_1,2.75853156E+03
3.59000000E-04,voltage,Node_2,2.62969389E+03
3.59000000E-04,i1,Line_1_e1,1.66288180E+02
3.59000000E-04,i2,Line_1_e1,-1.45026935E+02
3.59500000E-04,injectedCurrent,Node_1,1.65032346E+02
3.59500000E-04,voltage,Node_1,2.53837838E+03
3.59500000E-04,voltage,Node_2,2.71963558E+03
3.59500000E-04,i1,Line_1_e1,1.65032346E+02
3.59500000E-04,i2,Line_1_e1,-1.46206657E+02
3.60000000E-04,injectedCurrent,Node_1,1.63782775E+02
3.60000000E-04,voltage,Node_1,2.72280559E+03
3.60000000E-04,voltage,Node_2,2.59164649E+03
3.60000000E-04,i1,Line_1_e1,1.63782775E+02
3.60000000E-04,i2,Line_1_e1,-1.42809616E+02
3.60500000E-04,injectedCurrent,Node_1,1.62539250E+02
3.60500000E-04,voltage,Node_1,2.50021858E+03
3.60500000E-04,voltage,Node_2,2.68318584E+03
3.60500000E-04,i1,Line_1_e1,1.62539250E+02
3.60500000E-04,i2,Line_1_e1,-1.44029759E+02
3.61000000E-04,injectedCurrent,Node_1,1.61301551E+02
3.61000000E-04,voltage,Node_1,2.68742914E+03
3.61000000E-04,voltage,Node_2,2.55396734E+03
3.61000000E-04,i1,Line_1_e1,1.61301551E+02
3.61000000E-04,i2,Line_1_e1,-1.40613546E+02
3.61500000E-04,injectedCurrent,Node_1,1.60069452E+02
3.61500000E-04,voltage,Node_1,2.46236766E+03
3.61500000E-04,voltage,Node_2,2.64709967E+03
3.61500000E-04,i1,Line_1_e1,1.60069452E+02
3.61500000E-04,i2,Line_1_e1,-1.41873581E+02
3.62000000E-04,injectedCurrent,Node_1,1.58842720E+02
3.62000000E-04,voltage,Node_1,2.65237069E+03
3.62000000E-04,voltage,Node_2,2.51662305E+03
3.62000000E-04,i1,Line_1_e1,1.58842720E+02
3.62000000E-04,i2,Line_1_e1,-1.38437101E+02
3.62500000E-04,injectedCurrent,Node_1,1.57621117E+02
3.62500000E-04,voltage,Node_1,2.42479635E+03
3.62500000E-04,voltage,Node_2,2.61134525E+03
3.62500000E-04,i1,Line_1_e1,1.57621117E+02
3.62500000E-04,i2,Line_1_e1,-1.39736467E+02
3.63000000E-04,injectedCurrent,Node_1,1.56404401E+02
3.63000000E-04,voltage,Node_1,2.61760006E+03
3.63000000E-04,voltage,Node_2,2.47958701E+03
3.63000000E-04,i1,Line_1_e1,1.56404401E+02
3.63000000E-04,i2,Line_1_e1,-1.36278617E+02
3.63500000E-04,injectedCurrent,Node_1,1.55192323E+02
3.63500000E-04,voltage,Node_1,2.38747223E+03
3.63500000E-04,voltage,Node_2,2.57590330E+03
3.63500000E-04,i1,Line_1_e1,1.55192323E+02
3.63500000E-04,i2,Line_1_e1,-1.37616757E+02
3.64000000E-04,injectedCurrent,Node_1,1.53984630E+02
3.64000000E-04,voltage,Node_1,2.58308999E+03
3.64000000E-04,voltage,Node_2,2.44283212E+03
3.64000000E-04,i1,Line_1_e1,1.53984630E+02
3.64000000E-04,i2,Line_1_e1,-1.34136368E+02
3.64500000E-04,injectedCurrent,Node_1,1.52781062E+02
3.64500000E-04,voltage,Node_1,2.35037098E+03
3.64500000E-04,voltage,Node_2,2.54074193E+03
3.64500000E-04,i1,Line_1_e1,1.52781062E+02
3.64500000E-04,i2,Line_1_e1,-1.35512678E+02
3.65000000E-04,injectedCurrent,Node_1,1.51581356E+02
3.65000000E-04,voltage,Node_1,2.54881488E+03
3.65000000E-04,voltage,Node_2,2.40633529E+03
3.65000000E-04,i1,Line_1_e1,1.51581356E+02
3.65000000E-04,i2,Line_1_e1,-1.32008565E+02
3.65500000E-04,injectedCurrent,Node_1,1.50385242E+02
3.65500000E-04,voltage,Node_1,2.31346716E+03
3.65500000E-04,voltage,Node_2,2.50583774E+03
3.65500000E-04,i1,Line_1_e1,1.50385242E+02
3.65500000E-04,i2,Line_1_e1,-1.33422416E+02
3.66000000E-04,injectedCurrent,Node_1,1.49192447E+02
3.66000000E-04,voltage,Node_1,2.51475520E+03
3.66000000E-04,voltage,Node_2,2.37006066E+03
3.66000000E-04,i1,Line_1_e1,1.49192447E+02
3.66000000E-04,i2,Line_1_e1,-1.29893317E+02
3.66500000E-04,injectedCurrent,Node_1,1.48002692E+02
3.66500000E-04,voltage,Node_1,2.27674052E+03
3.66500000E-04,voltage,Node_2,2.47115512E+03
3.66500000E-04,i1,Line_1_e1,1.48002692E+02
3.66500000E-04,i2,Line_1_e1,-1.31344055E+02
3.67000000E-04,injectedCurrent,Node_1,1.46815694E+02
3.67000000E-04,voltage,Node_1,2.48088161E+03
3.67000000E-04,voltage,Node_2,2.33399070E+03
3.67000000E-04,i1,Line_1_e1,1.46815694E+02
3.67000000E-04,i2,Line_1_e1,-1.27788743E+02
3.67500000E-04,injectedCurrent,Node_1,1.45631168E+02
3.67500000E-04,voltage,Node_1,2.24016119E+03
3.67500000E-04,voltage,Node_2,2.43667515E+03
3.67500000E-04,i1,Line_1_e1,1.45631168E+02
3.67500000E-04,i2,Line_1_e1,-1.29275688E+02
3.68000000E-04,injectedCurrent,Node_1,1.44448821E+02
3.68000000E-04,voltage,Node_1,2.44717917E+03
3.68000000E-04,voltage,Node_2,2.29807268E+03
3.68000000E-04,i1,Line_1_e1,1.44448821E+02
3.68000000E-04,i2,Line_1_e1,-1.25692781E+02
3.68500000E-04,injectedCurrent,Node_1,1.43268361E+02
3.68500000E-04,voltage,Node_1,2.20371450E+03
3.68500000E-04,voltage,Node_2,2.40235219E+03
3.68500000E-04,i1,Line_1_e1,1.43268361E+02
3.68500000E-04,i2,Line_1_e1,-1.27215219E+02
3.69000000E-04,injectedCurrent,Node_1,1.42089489E+02
3.69000000E-04,voltage,Node_1,2.41361884E+03
3.69000000E-04,voltage,Node_2,2.26229215E+03
3.69000000E-04,i1,Line_1_e1,1.42089489E+02
3.69000000E-04,i2,Line_1_e1,-1.23603419E+02
3.69500000E-04,injectedCurrent,Node_1,1.40911907E+02
3.69500000E-04,voltage,Node_1,2.16736530E+03
3.69500000E-04,voltage,Node_2,2.36815877E+03
3.69500000E-04,i1,Line_1_e1,1.40911907E+02
3.69500000E-04,i2,Line_1_e1,-1.25160651E+02
3.70000000E-04,injectedCurrent,Node_1,1.39735311E+02
3.70000000E-04,voltage,Node_1,2.38017187E+03
3.70000000E-04,voltage,Node_2,2.22661001E+03
3.70000000E-04,i1,Line_1_e1,1.39735311E+02
3.70000000E-04,i2,Line_1_e1,-1.21518563E+02
3.70500000E-04,injectedCurrent,Node_1,1.38559399E+02
3.70500000E-04,voltage,Node_1,2.13108632E+03
3.70500000E-04,voltage,Node_2,2.33406014E+03
3.70500000E-04,i1,Line_1_e1,1.38559399E+02
3.70500000E-04,i2,Line_1_e1,-1.23109848E+02
3.71000000E-04,injectedCurrent,Node_1,1.37383864E+02
3.71000000E-04,voltage,Node_1,2.34681023E+03
3.71000000E-04,voltage,Node_2,2.19098363E+03
3.71000000E-04,i1,Line_1_e1,1.37383864E+02
3.71000000E-04,i2,Line_1_e1,-1.19436059E+02
3.71500000E-04,injectedCurrent,Node_1,1.36208400E+02
3.71500000E-04,voltage,Node_1,2.09484469E+03
3.71500000E-04,voltage,Node_2,2.30002263E+03
3.71500000E-04,i1,Line_1_e1,1.36208400E+02
3.71500000E-04,i2,Line_1_e1,-1.21060673E+02
3.72000000E-04,injectedCurrent,Node_1,1.35032702E+02
3.72000000E-04,voltage,Node_1,2.31349685E+03
3.72000000E-04,voltage,Node_2,2.15538677E+03
3.72000000E-04,i1,Line_1_e1,1.35032702E+02
3.72000000E-04,i2,Line_1_e1,-1.17353780E+02
3.72500000E-04,injectedCurrent,Node_1,1.33856463E+02
3.72500000E-04,voltage,Node_1,2.05860577E+03
3.72500000E-04,voltage,Node_2,2.26600585E+03
3.72500000E-04,i1,Line_1_e1,1.33856463E+02
3.72500000E-04,i2,Line_1_e1,-1.19010967E+02
3.73000000E-04,injectedCurrent,Node_1,1.32679378E+02
3.73000000E-04,voltage,Node_1,2.28019941E+03
3.73000000E-04,voltage,Node_2,2.11977755E+03
3.73000000E-04,i1,Line_1_e1,1.32679378E+02
3.73000000E-04,i2,Line_1_e1,-1.15269534E+02
3.73500000E-04,injectedCurrent,Node_1,1.31501143E+02
3.73500000E-04,voltage,Node_1,2.02233010E+03
3.73500000E-04,voltage,Node_2,2.23198066E+03
3.73500000E-04,i1,Line_1_e1,1.31501143E+02
3.73500000E-04,i2,Line_1_e1,-1.16958590E+02
3.74000000E-04,injectedCurrent,Node_1,1.30321459E+02
3.74000000E-04,voltage,Node_1,2.24687510E+03
3.74000000E-04,voltage,Node_2,2.08412602E+03
3.74000000E-04,i1,Line_1_e1,1.30321459E+02
3.74000000E-04,i2,Line_1_e1,-1.13181206E+02
3.74500000E-04,injectedCurrent,Node_1,1.29140026E+02
3.74500000E-04,voltage,Node_1,1.98597534E+03
3.74500000E-04,voltage,Node_2,2.19791491E+03
3.74500000E-04,i1,Line_1_e1,1.29140026E+02
3.74500000E-04,i2,Line_1_e1,-1.14901433E+02
3.75000000E-04,injectedCurrent,Node_1,1.27956550E+02
3.75000000E-04,voltage,Node_1,2.21348858E+03
3.75000000E-04,voltage,Node_2,2.04839431E+03
3.75000000E-04,i1,Line_1_e1,1.27956550E+02
3.75000000E-04,i2,Line_1_e1,-1.11086641E+02
3.75500000E-04,injectedCurrent,Node_1,1.26770741E+02
3.75500000E-04,voltage,Node_1,1.94951085E+03
3.75500000E-04,voltage,Node_2,2.16376243E+03
3.75500000E-04,i1,Line_1_e1,1.26770741E+02
3.75500000E-04,i2,Line_1_e1,-1.12837327E+02
3.76000000E-04,injectedCurrent,Node_1,1.25582315E+02
3.76000000E-04,voltage,Node_1,2.18000384E+03
3.76000000E-04,voltage,Node_2,2.01254661E+03
3.76000000E-04,i1,Line_1_e1,1.25582315E+02
3.76000000E-04,i2,Line_1_e1,-1.08983741E+02
3.76500000E-04,injectedCurrent,Node_1,1.24390994E+02
3.76500000E-04,voltage,Node_1,1.91288718E+03
3.76500000E-04,voltage,Node_2,2.12950388E+03
3.76500000E-04,i1,Line_1_e1,1.24390994E+02
3.76500000E-04,i2,Line_1_e1,-1.10764312E+02
3.77000000E-04,injectedCurrent,Node_1,1.23196506E+02
3.77000000E-04,voltage,Node_1,2.14636286E+03
3.77000000E-04,voltage,Node_2,1.97656530E+03
3.77000000E-04,i1,Line_1_e1,1.23196506E+02
3.77000000E-04,i2,Line_1_e1,-1.06870632E+02
3.77500000E-04,injectedCurrent,Node_1,1.21998587E+02
3.77500000E-04,voltage,Node_1,1.87604663E+03
3.77500000E-04,voltage,Node_2,2.09511833E+03
3.77500000E-04,i1,Line_1_e1,1.21998587E+02
3.77500000E-04,i2,Line_1_e1,-1.08680544E+02
3.78000000E-04,injectedCurrent,Node_1,1.20796982E+02
3.78000000E-04,voltage,Node_1,2.11252180E+03
3.78000000E-04,voltage,Node_2,1.94041392E+03
3.78000000E-04,i1,Line_1_e1,1.20796982E+02
3.78000000E-04,i2,Line_1_e1,-1.04745417E+02
3.78500000E-04,injectedCurrent,Node_1,1.19591447E+02
3.78500000E-04,voltage,Node_1,1.83895835E+03
3.78500000E-04,voltage,Node_2,2.06056004E+03
3.78500000E-04,i1,Line_1_e1,1.19591447E+02
3.78500000E-04,i2,Line_1_e1,-1.06584123E+02
3.79000000E-04,injectedCurrent,Node_1,1.18381746E+02
3.79000000E-04,voltage,Node_1,2.07845731E+03
3.79000000E-04,voltage,Node_2,1.90405435E+03
3.79000000E-04,i1,Line_1_e1,1.18381746E+02
3.79000000E-04,i2,Line_1_e1,-1.02606253E+02
3.79500000E-04,injectedCurrent,Node_1,1.17167655E+02
3.79500000E-04,voltage,Node_1,1.80159854E+03
3.79500000E-04,voltage,Node_2,2.02580147E+03
3.79500000E-04,i1,Line_1_e1,1.17167655E+02
3.79500000E-04,i2,Line_1_e1,-1.04473337E+02
3.80000000E-04,injectedCurrent,Node_1,1.15948963E+02
3.80000000E-04,voltage,Node_1,2.04414900E+03
3.80000000E-04,voltage,Node_2,1.86746666E+03
3.80000000E-04,i1,Line_1_e1,1.15948963E+02
3.80000000E-04,i2,Line_1_e1,-1.00451524E+02
3.80500000E-04,injectedCurrent,Node_1,1.14725472E+02
3.80500000E-04,voltage,Node_1,1.76395307E+03
3.80500000E-04,voltage,Node_2,1.99081422E+03
3.80500000E-04,i1,Line_1_e1,1.14725472E+02
3.80500000E-04,i2,Line_1_e1,-1.02346644E+02
3.81000000E-04,injectedCurrent,Node_1,1.13496997E+02
3.81000000E-04,voltage,Node_1,2.00958557E+03
3.81000000E-04,voltage,Node_2,1.83062577E+03
3.81000000E-04,i1,Line_1_e1,1.13496997E+02
3.81000000E-04,i2,Line_1_e1,-9.82797801E+01
3.81500000E-04,injectedCurrent,Node_1,1.12263369E+02
3.81500000E-04,voltage,Node_1,1.72600980E+03
3.81500000E-04,voltage,Node_2,1.95559024E+03
3.81500000E-04,i1,Line_1_e1,1.12263369E+02
3.81500000E-04,i2,Line_1_e1,-1.00202721E+02
3.82000000E-04,injectedCurrent,Node_1,1.11024433E+02
3.82000000E-04,voltage,Node_1,1.97476234E+03
3.82000000E-04,voltage,Node_2,1.79350149E+03
3.82000000E-04,i1,Line_1_e1,1.11024433E+02
3.82000000E-04,i2,Line_1_e1,-9.60897533E+01
3.82500000E-04,injectedCurrent,Node_1,1.09780053E+02
3.82500000E-04,voltage,Node_1,1.68776317E+03
3.82500000E-04,voltage,Node_2,1.92010259E+03
3.82500000E-04,i1,Line_1_e1,1.09780053E+02
3.82500000E-04,i2,Line_1_e1,-9.80404272E+01
3.83000000E-04,injectedCurrent,Node_1,1.08530108E+02
3.83000000E-04,voltage,Node_1,1.93966437E+03
3.83000000E-04,voltage,Node_2,1.75610198E+03
3.83000000E-04,i1,Line_1_e1,1.08530108E+02
3.83000000E-04,i2,Line_1_e1,-9.38804899E+01
3.83500000E-04,injectedCurrent,Node_1,1.07274498E+02
3.83500000E-04,voltage,Node_1,1.64920455E+03
3.83500000E-04,voltage,Node_2,1.88433503E+03
3.83500000E-04,i1,Line_1_e1,1.07274498E+02
3.83500000E-04,i2,Line_1_e1,-9.58588840E+01
3.84000000E-04,injectedCurrent,Node_1,1.06013139E+02
3.84000000E-04,voltage,Node_1,1.90430197E+03
3.84000000E-04,voltage,Node_2,1.71838078E+03
3.84000000E-04,i1,Line_1_e1,1.06013139E+02
3.84000000E-04,i2,Line_1_e1,-9.16510863E+01
3.84500000E-04,injectedCurrent,Node_1,1.04745969E+02
3.84500000E-04,voltage,Node_1,1.61033547E+03
3.84500000E-04,voltage,Node_2,1.84827702E+03
3.84500000E-04,i1,Line_1_e1,1.04745969E+02
3.84500000E-04,i2,Line_1_e1,-9.36573969E+01
3.85000000E-04,injectedCurrent,Node_1,1.03472945E+02
3.85000000E-04,voltage,Node_1,1.86866116E+03
3.85000000E-04,voltage,Node_2,1.68034795E+03
3.85000000E-04,i1,Line_1_e1,1.03472945E+02
3.85000000E-04,i2,Line_1_e1,-8.94011085E+01
3.85500000E-04,injectedCurrent,Node_1,1.02194045E+02
3.85500000E-04,voltage,Node_1,1.57114422E+03
3.85500000E-04,voltage,Node_2,1.81192074E+03
3.85500000E-04,i1,Line_1_e1,1.02194045E+02
3.85500000E-04,i2,Line_1_e1,-9.14356495E+01
3.86000000E-04,injectedCurrent,Node_1,1.00909270E+02
3.86000000E-04,voltage,Node_1,1.83274087E+03
3.86000000E-04,voltage,Node_2,1.64198915E+03
3.86000000E-04,i1,Line_1_e1,1.00909270E+02
3.86000000E-04,i2,Line_1_e1,-8.71302892E+01
3.86500000E-04,injectedCurrent,Node_1,9.96186432E+01
3.86500000E-04,voltage,Node_1,1.53163208E+03
3.86500000E-04,voltage,Node_2,1.77525592E+03
3.86500000E-04,i1,Line_1_e1,9.96186432E+01
3.86500000E-04,i2,Line_1_e1,-8.91935174E+01
3.87000000E-04,injectedCurrent,Node_1,9.83222093E+01
3.87000000E-04,voltage,Node_1,1.79654072E+03
3.87000000E-04,voltage,Node_2,1.60330097E+03
3.87000000E-04,i1,Line_1_e1,9.83222093E+01
3.87000000E-04,i2,Line_1_e1,-8.48386831E+01
3.87500000E-04,injectedCurrent,Node_1,9.70200374E+01
3.87500000E-04,voltage,Node_1,1.49179728E+03
3.87500000E-04,voltage,Node_2,1.73828963E+03
3.87500000E-04,i1,Line_1_e1,9.70200374E+01
3.87500000E-04,i2,Line_1_e1,-8.69312454E+01
3.88000000E-04,injectedCurrent,Node_1,9.57122199E+01
3.88000000E-04,voltage,Node_1,1.76006799E+03
3.88000000E-04,voltage,Node_2,1.56428010E+03
3.88000000E-04,i1,Line_1_e1,9.57122199E+01
3.88000000E-04,i2,Line_1_e1,-8.25266388E+01
3.88500000E-04,injectedCurrent,Node_1,9.43988733E+01
3.88500000E-04,voltage,Node_1,1.45164846E+03
3.88500000E-04,voltage,Node_2,1.70102053E+03
3.88500000E-04,i1,Line_1_e1,9.43988733E+01
3.88500000E-04,i2,Line_1_e1,-8.46493590E+01
3.89000000E-04,injectedCurrent,Node_1,9.30801386E+01
3.89000000E-04,voltage,Node_1,1.72332848E+03
3.89000000E-04,voltage,Node_2,1.52494661E+03
3.89000000E-04,i1,Line_1_e1,9.30801386E+01
3.89000000E-04,i2,Line_1_e1,-8.01948920E+01
3.89500000E-04,injectedCurrent,Node_1,9.17561811E+01
3.89500000E-04,voltage,Node_1,1.41119352E+03
3.89500000E-04,voltage,Node_2,1.66346646E+03
3.89500000E-04,i1,Line_1_e1,9.17561811E+01
3.89500000E-04,i2,Line_1_e1,-8.23487738E+01
3.90000000E-04,injectedCurrent,Node_1,9.04271911E+01
3.90000000E-04,voltage,Node_1,1.68634476E+03
3.90000000E-04,voltage,Node_2,1.48530563E+03
3.90000000E-04,i1,Line_1_e1,9.04271911E+01
3.90000000E-04,i2,Line_1_e1,-7.78444336E+01
3.90500000E-04,injectedCurrent,Node_1,8.90933833E+01
3.90500000E-04,voltage,Node_1,1.37046546E+03
3.90500000E-04,voltage,Node_2,1.62562859E+03
3.90500000E-04,i1,Line_1_e1,8.90933833E+01
3.90500000E-04,i2,Line_1_e1,-8.00306015E+01
3.91000000E-04,injectedCurrent,Node_1,8.77549976E+01
3.91000000E-04,voltage,Node_1,1.64914393E+03
3.91000000E-04,voltage,Node_2,1.44537224E+03
3.91000000E-04,i1,Line_1_e1,8.77549976E+01
3.91000000E-04,i2,Line_1_e1,-7.54766126E+01
3.91500000E-04,injectedCurrent,Node_1,8.64122981E+01
3.91500000E-04,voltage,Node_1,1.32947054E+03
3.91500000E-04,voltage,Node_2,1.58755496E+03
3.91500000E-04,i1,Line_1_e1,8.64122981E+01
3.91500000E-04,i2,Line_1_e1,-7.76965392E+01
3.92000000E-04,injectedCurrent,Node_1,8.50655737E+01
3.92000000E-04,voltage,Node_1,1.61172343E+03
3.92000000E-04,voltage,Node_2,1.40519619E+03
3.92000000E-04,i1,Line_1_e1,8.50655737E+01
3.92000000E-04,i2,Line_1_e1,-7.30933547E+01
3.92500000E-04,injectedCurrent,Node_1,8.37151375E+01
3.92500000E-04,voltage,Node_1,1.28821625E+03
3.92500000E-04,voltage,Node_2,1.54928080E+03
3.92500000E-04,i1,Line_1_e1,8.37151375E+01
3.92500000E-04,i2,Line_1_e1,-7.53486053E+01
3.93000000E-04,injectedCurrent,Node_1,8.23613266E+01
3.93000000E-04,voltage,Node_1,1.57411507E+03
3.93000000E-04,voltage,Node_2,1.36479225E+03
3.93000000E-04,i1,Line_1_e1,8.23613266E+01
3.93000000E-04,i2,Line_1_e1,-7.06966768E+01
3.93500000E-04,injectedCurrent,Node_1,8.10045015E+01
3.93500000E-04,voltage,Node_1,1.24674789E+03
3.93500000E-04,voltage,Node_2,1.51081316E+03
3.93500000E-04,i1,Line_1_e1,8.10045015E+01
3.93500000E-04,i2,Line_1_e1,-7.29889400E+01
3.94000000E-04,injectedCurrent,Node_1,7.96450459E+01
3.94000000E-04,voltage,Node_1,1.53636569E+03
3.94000000E-04,voltage,Node_2,1.32419806E+03
3.94000000E-04,i1,Line_1_e1,7.96450459E+01
3.94000000E-04,i2,Line_1_e1,-6.82889391E+01
3.94500000E-04,injectedCurrent,Node_1,7.82833659E+01
3.94500000E-04,voltage,Node_1,1.20511036E+03
3.94500000E-04,voltage,Node_2,1.47219878E+03
3.94500000E-04,i1,Line_1_e1,7.82833659E+01
3.94500000E-04,i2,Line_1_e1,-7.06201478E+01
3.95000000E-04,injectedCurrent,Node_1,7.69198896E+01
3.95000000E-04,voltage,Node_1,1.49852703E+03
3.95000000E-04,voltage,Node_2,1.28344716E+03
3.95000000E-04,i1,Line_1_e1,7.69198896E+01
3.95000000E-04,i2,Line_1_e1,-6.58728881E+01
3.95500000E-04,injectedCurrent,Node_1,7.55550660E+01
3.95500000E-04,voltage,Node_1,1.16335494E+03
3.95500000E-04,voltage,Node_2,1.43349476E+03
3.95500000E-04,i1,Line_1_e1,7.55550660E+01
3.95500000E-04,i2,Line_1_e1,-6.82451636E+01
3.96000000E-04,injectedCurrent,Node_1,7.41893645E+01
3.96000000E-04,voltage,Node_1,1.46065296E+03
3.96000000E-04,voltage,Node_2,1.24259194E+03
3.96000000E-04,i1,Line_1_e1,7.41893645E+01
3.96000000E-04,i2,Line_1_e1,-6.34516016E+01
3.96500000E-04,injectedCurrent,Node_1,7.28232740E+01
3.96500000E-04,voltage,Node_1,1.12153785E+03
3.96500000E-04,voltage,Node_2,1.39473638E+03
3.96500000E-04,i1,Line_1_e1,7.28232740E+01
3.96500000E-04,i2,Line_1_e1,-6.58672052E+01
3.97000000E-04,injectedCurrent,Node_1,7.14573018E+01
3.97000000E-04,voltage,Node_1,1.42279159E+03
3.97000000E-04,voltage,Node_2,1.20170359E+03
3.97000000E-04,i1,Line_1_e1,7.14573018E+01
3.97000000E-04,i2,Line_1_e1,-6.10284975E+01
3.97500000E-04,injectedCurrent,Node_1,7.00919727E+01
3.97500000E-04,voltage,Node_1,1.07970581E+03
3.97500000E-04,voltage,Node_2,1.35599529E+03
3.97500000E-04,i1,Line_1_e1,7.00919727E+01
3.97500000E-04,i2,Line_1_e1,-6.34898454E+01
3.98000000E-04,injectedCurrent,Node_1,6.87278280E+01
3.98000000E-04,voltage,Node_1,1.38501370E+03
3.98000000E-04,voltage,Node_2,1.16080173E+03
3.98000000E-04,i1,Line_1_e1,6.87278280E+01
3.98000000E-04,i2,Line_1_e1,-5.86070857E+01
3.98500000E-04,injectedCurrent,Node_1,6.73654238E+01
3.98500000E-04,voltage,Node_1,1.03792666E+03
3.98500000E-04,voltage,Node_2,1.31731641E+03
3.98500000E-04,i1,Line_1_e1,6.73654238E+01
3.98500000E-04,i2,Line_1_e1,-6.11167523E+01
3.99000000E-04,injectedCurrent,Node_1,6.60053307E+01
3.99000000E-04,voltage,Node_1,1.34736821E+03
3.99000000E-04,voltage,Node_2,1.11997784E+03
3.99000000E-04,i1,Line_1_e1,6.60053307E+01
3.99000000E-04,i2,Line_1_e1,-5.61913087E+01
3.99500000E-04,injectedCurrent,Node_1,6.46481316E+01
3.99500000E-04,voltage,Node_1,9.96251146E+02
3.99500000E-04,voltage,Node_2,1.27876241E+03
3.99500000E-04,i1,Line_1_e1,6.46481316E+01
3.99500000E-04,i2,Line_1_e1,-5.87519699E+01
4.00000000E-04,injectedCurrent,Node_1,6.32944212E+01
4.00000000E-04,voltage,Node_1,1.30992311E+03
4.00000000E-04,voltage,Node_2,1.07927624E+03
4.00000000E-04,i1,Line_1_e1,6.32944212E+01
4.00000000E-04,i2,Line_1_e1,-5.37851678E+01
4.00500000E-04,injectedCurrent,Node_1,6.19448038E+01
4.00500000E-04,voltage,Node_1,9.54749693E+02
4.00500000E-04,voltage,Node_2,1.24039727E+03
4.00500000E-04,i1,Line_1_e1,6.19448038E+01
4.00500000E-04,i2,Line_1_e1,-5.63995949E+01
4.01000000E-04,injectedCurrent,Node_1,6.05998925E+01
4.01000000E-04,voltage,Node_1,1.27274899E+03
4.01000000E-04,voltage,Node_2,1.03876156E+03
4.01000000E-04,i1,Line_1_e1,6.05998925E+01
4.01000000E-04,i2,Line_1_e1,-5.13928636E+01
4.01500000E-04,injectedCurrent,Node_1,5.92603076E+01
4.01500000E-04,voltage,Node_1,9.13498617E+02
4.01500000E-04,voltage,Node_2,1.20228405E+03
4.01500000E-04,i1,Line_1_e1,5.92603076E+01
4.01500000E-04,i2,Line_1_e1,-5.40638874E+01
4.02000000E-04,injectedCurrent,Node_1,5.79266748E+01
4.02000000E-04,voltage,Node_1,1.23593080E+03
4.02000000E-04,voltage,Node_2,9.98491381E+02
4.02000000E-04,i1,Line_1_e1,5.79266748E+01
4.02000000E-04,i2,Line_1_e1,-4.90186658E+01
4.02500000E-04,injectedCurrent,Node_1,5.65996243E+01
4.02500000E-04,voltage,Node_1,8.72576533E+02
4.02500000E-04,voltage,Node_2,1.16449830E+03
4.02500000E-04,i1,Line_1_e1,5.65996243E+01
4.02500000E-04,i2,Line_1_e1,-5.17492445E+01
4.03000000E-04,injectedCurrent,Node_1,5.52797886E+01
4.03000000E-04,voltage,Node_1,1.19955047E+03
4.03000000E-04,voltage,Node_2,9.58548534E+02
4.03000000E-04,i1,Line_1_e1,5.52797886E+01
4.03000000E-04,i2,Line_1_e1,-4.66669929E+01
4.03500000E-04,injectedCurrent,Node_1,5.39678013E+01
4.03500000E-04,voltage,Node_1,8.32080498E+02
4.03500000E-04,voltage,Node_2,1.12709104E+03
4.03500000E-04,i1,Line_1_e1,5.39678013E+01
4.03500000E-04,i2,Line_1_e1,-4.94600033E+01
4.04000000E-04,injectedCurrent,Node_1,5.26642954E+01
4.04000000E-04,voltage,Node_1,1.16371386E+03
4.04000000E-04,voltage,Node_2,9.18979808E+02
4.04000000E-04,i1,Line_1_e1,5.26642954E+01
4.04000000E-04,i2,Line_1_e1,-4.43421164E+01
4.04500000E-04,injectedCurrent,Node_1,5.13699020E+01
4.04500000E-04,voltage,Node_1,7.92089197E+02
4.04500000E-04,voltage,Node_2,1.09014310E+03
4.04500000E-04,i1,Line_1_e1,5.13699020E+01
4.04500000E-04,i2,Line_1_e1,-4.72006361E+01
4.05000000E-04,injectedCurrent,Node_1,5.00852484E+01
4.05000000E-04,voltage,Node_1,1.12846607E+03
4.05000000E-04,voltage,Node_2,8.79896759E+02
4.05000000E-04,i1,Line_1_e1,5.00852484E+01
4.05000000E-04,i2,Line_1_e1,-4.20487065E+01
4.05500000E-04,injectedCurrent,Node_1,4.88109565E+01
4.05500000E-04,voltage,Node_1,7.52638855E+02
4.05500000E-04,voltage,Node_2,1.05376057E+03
4.05500000E-04,i1,Line_1_e1,4.88109565E+01
4.05500000E-04,i2,Line_1_e1,-4.49757979E+01
4.06000000E-04,injectedCurrent,Node_1,4.75476418E+01
4.06000000E-04,voltage,Node_1,1.09386936E+03
4.06000000E-04,voltage,Node_2,8.41345924E+02
4.06000000E-04,i1,Line_1_e1,4.75476418E+01
4.06000000E-04,i2,Line_1_e1,-3.97911171E+01
4.06500000E-04,injectedCurrent,Node_1,4.62959111E+01
4.06500000E-04,voltage,Node_1,7.13808844E+02
4.06500000E-04,voltage,Node_2,1.01797734E+03
4.06500000E-04,i1,Line_1_e1,4.62959111E+01
4.06500000E-04,i2,Line_1_e1,-4.27896564E+01
4.07000000E-04,injectedCurrent,Node_1,4.50563617E+01
4.07000000E-04,voltage,Node_1,1.05999825E+03
4.07000000E-04,voltage,Node_2,8.03393785E+02
4.07000000E-04,i1,Line_1_e1,4.50563617E+01
4.07000000E-04,i2,Line_1_e1,-3.75735090E+01
4.07500000E-04,injectedCurrent,Node_1,4.38295794E+01
4.07500000E-04,voltage,Node_1,6.75659227E+02
4.07500000E-04,voltage,Node_2,9.82859744E+02
4.07500000E-04,i1,Line_1_e1,4.38295794E+01
4.07500000E-04,i2,Line_1_e1,-4.06464416E+01
4.08000000E-04,injectedCurrent,Node_1,4.26161375E+01
4.08000000E-04,voltage,Node_1,1.02690930E+03
4.08000000E-04,voltage,Node_2,7.66112536E+02
4.08000000E-04,i1,Line_1_e1,4.26161375E+01
4.08000000E-04,i2,Line_1_e1,-3.54000419E+01
4.08500000E-04,injectedCurrent,Node_1,4.14165949E+01
4.08500000E-04,voltage,Node_1,6.38237456E+02
4.08500000E-04,voltage,Node_2,9.48488490E+02
4.08500000E-04,i1,Line_1_e1,4.14165949E+01
4.08500000E-04,i2,Line_1_e1,-3.85502736E+01
4.09000000E-04,injectedCurrent,Node_1,4.02314954E+01
4.09000000E-04,voltage,Node_1,9.94647815E+02
4.09000000E-04,voltage,Node_2,7.29558193E+02
4.09000000E-04,i1,Line_1_e1,4.02314954E+01
4.09000000E-04,i2,Line_1_e1,-3.32747120E+01
4.09500000E-04,injectedCurrent,Node_1,3.90613659E+01
4.09500000E-04,voltage,Node_1,6.01573909E+02
4.09500000E-04,voltage,Node_2,9.14939685E+02
4.09500000E-04,i1,Line_1_e1,3.90613659E+01
4.09500000E-04,i2,Line_1_e1,-3.65051263E+01
4.10000000E-04,injectedCurrent,Node_1,3.79067153E+01
4.10000000E-04,voltage,Node_1,9.63237376E+02
4.10000000E-04,voltage,Node_2,6.93821010E+02
4.10000000E-04,i1,Line_1_e1,3.79067153E+01
4.10000000E-04,i2,Line_1_e1,-3.12013928E+01
4.10500000E-04,injectedCurrent,Node_1,3.67680333E+01
4.10500000E-04,voltage,Node_1,5.65709656E+02
4.10500000E-04,voltage,Node_2,8.82242940E+02
4.10500000E-04,i1,Line_1_e1,3.67680333E+01
4.10500000E-04,i2,Line_1_e1,-3.45146033E+01
4.11000000E-04,injectedCurrent,Node_1,3.56457896E+01
4.11000000E-04,voltage,Node_1,9.32723722E+02
4.11000000E-04,voltage,Node_2,6.58930969E+02
4.11000000E-04,i1,Line_1_e1,3.56457896E+01
4.11000000E-04,i2,Line_1_e1,-2.91835082E+01
4.11500000E-04,injectedCurrent,Node_1,3.45404324E+01
4.11500000E-04,voltage,Node_1,5.30664213E+02
4.11500000E-04,voltage,Node_2,8.50496306E+02
4.11500000E-04,i1,Line_1_e1,3.45404324E+01
4.11500000E-04,i2,Line_1_e1,-3.25822257E+01
4.12000000E-04,injectedCurrent,Node_1,3.34523878E+01
4.12000000E-04,voltage,Node_1,9.03134070E+02
4.12000000E-04,voltage,Node_2,6.24942867E+02
4.12000000E-04,i1,Line_1_e1,3.34523878E+01
4.12000000E-04,i2,Line_1_e1,-2.72243877E+01
4.12500000E-04,injectedCurrent,Node_1,3.23820586E+01
4.12500000E-04,voltage,Node_1,4.96483982E+02
4.12500000E-04,voltage,Node_2,8.19720742E+02
4.12500000E-04,i1,Line_1_e1,3.23820586E+01
4.12500000E-04,i2,Line_1_e1,-3.07110532E+01
4.13000000E-04,injectedCurrent,Node_1,3.13298239E+01
4.13000000E-04,voltage,Node_1,8.74523049E+02
4.13000000E-04,voltage,Node_2,5.91914481E+02
4.13000000E-04,i1,Line_1_e1,3.13298239E+01
4.13000000E-04,i2,Line_1_e1,-2.53269112E+01
4.13500000E-04,injectedCurrent,Node_1,3.02960378E+01
4.13500000E-04,voltage,Node_1,4.63227051E+02
4.13500000E-04,voltage,Node_2,7.89957108E+02
4.13500000E-04,i1,Line_1_e1,3.02960378E+01
4.13500000E-04,i2,Line_1_e1,-2.89038528E+01
4.14000000E-04,injectedCurrent,Node_1,2.92810295E+01
4.14000000E-04,voltage,Node_1,8.46964094E+02
4.14000000E-04,voltage,Node_2,5.59870353E+02
4.14000000E-04,i1,Line_1_e1,2.92810295E+01
4.14000000E-04,i2,Line_1_e1,-2.34936088E+01
4.14500000E-04,injectedCurrent,Node_1,2.82851019E+01
4.14500000E-04,voltage,Node_1,4.30965468E+02
4.14500000E-04,voltage,Node_2,7.61258263E+02
4.14500000E-04,i1,Line_1_e1,2.82851019E+01
4.14500000E-04,i2,Line_1_e1,-2.71630534E+01
4.15000000E-04,injectedCurrent,Node_1,2.73085318E+01
4.15000000E-04,voltage,Node_1,8.20537154E+02
4.15000000E-04,voltage,Node_2,5.28857503E+02
4.15000000E-04,i1,Line_1_e1,2.73085318E+01
4.15000000E-04,i2,Line_1_e1,-2.17266998E+01
4.15500000E-04,injectedCurrent,Node_1,2.63515693E+01
4.15500000E-04,voltage,Node_1,3.99800176E+02
4.15500000E-04,voltage,Node_2,7.33633572E+02
4.15500000E-04,i1,Line_1_e1,2.63515693E+01
4.15500000E-04,i2,Line_1_e1,-2.54905527E+01
4.16000000E-04,injectedCurrent,Node_1,2.54144374E+01
4.16000000E-04,voltage,Node_1,7.95347162E+02
4.16000000E-04,voltage,Node_2,4.98871747E+02
4.16000000E-04,i1,Line_1_e1,2.54144374E+01
4.16000000E-04,i2,Line_1_e1,-2.00278376E+01
4.16500000E-04,injectedCurrent,Node_1,2.44973317E+01
4.16500000E-04,voltage,Node_1,3.69783336E+02
4.16500000E-04,voltage,Node_2,7.07150526E+02
4.16500000E-04,i1,Line_1_e1,2.44973317E+01
4.16500000E-04,i2,Line_1_e1,-2.38881845E+01
4.17000000E-04,injectedCurrent,Node_1,2.36004206E+01
4.17000000E-04,voltage,Node_1,7.71402317E+02
4.17000000E-04,voltage,Node_2,4.70015188E+02
4.17000000E-04,i1,Line_1_e1,2.36004206E+01
4.17000000E-04,i2,Line_1_e1,-1.83988927E+01
4.17500000E-04,injectedCurrent,Node_1,2.27238450E+01
4.17500000E-04,voltage,Node_1,3.40930522E+02
4.17500000E-04,voltage,Node_2,6.81836021E+02
4.17500000E-04,i1,Line_1_e1,2.27238450E+01
4.17500000E-04,i2,Line_1_e1,-2.23574415E+01
4.18000000E-04,injectedCurrent,Node_1,2.18677185E+01
4.18000000E-04,voltage,Node_1,7.48755090E+02
4.18000000E-04,voltage,Node_2,4.42263089E+02
4.18000000E-04,i1,Line_1_e1,2.18677185E+01
4.18000000E-04,i2,Line_1_e1,-1.68407470E+01
4.18500000E-04,injectedCurrent,Node_1,2.10321273E+01
4.18500000E-04,voltage,Node_1,3.13288611E+02
4.18500000E-04,voltage,Node_2,6.57677255E+02
4.18500000E-04,i1,Line_1_e1,2.10321273E+01
4.18500000E-04,i2,Line_1_e1,-2.08990001E+01
4.19000000E-04,injectedCurrent,Node_1,2.02171305E+01
4.19000000E-04,voltage,Node_1,7.27427611E+02
4.19000000E-04,voltage,Node_2,4.15624375E+02
4.19000000E-04,i1,Line_1_e1,2.02171305E+01
4.19000000E-04,i2,Line_1_e1,-1.53540149E+01
4.19500000E-04,injectedCurrent,Node_1,1.94227607E+01
4.19500000E-04,voltage,Node_1,2.86851786E+02
4.19500000E-04,voltage,Node_2,6.34705488E+02
4.19500000E-04,i1,Line_1_e1,1.94227607E+01
4.19500000E-04,i2,Line_1_e1,-1.95134250E+01
4.20000000E-04,injectedCurrent,Node_1,1.86490238E+01
4.20000000E-04,voltage,Node_1,7.07398240E+02
4.20000000E-04,voltage,Node_2,3.90107594E+02
4.20000000E-04,i1,Line_1_e1,1.86490238E+01
4.20000000E-04,i2,Line_1_e1,-1.39390592E+01
4.20500000E-04,injectedCurrent,Node_1,1.78958998E+01
4.20500000E-04,voltage,Node_1,2.61572991E+02
4.20500000E-04,voltage,Node_2,6.12932627E+02
4.20500000E-04,i1,Line_1_e1,1.78958998E+01
4.20500000E-04,i2,Line_1_e1,-1.82009663E+01
4.21000000E-04,injectedCurrent,Node_1,1.71633431E+01
4.21000000E-04,voltage,Node_1,6.88596225E+02
4.21000000E-04,voltage,Node_2,3.65752914E+02
4.21000000E-04,i1,Line_1_e1,1.71633431E+01
4.21000000E-04,i2,Line_1_e1,-1.25959876E+01
4.21500000E-04,injectedCurrent,Node_1,1.64512834E+01
4.21500000E-04,voltage,Node_1,2.37378703E+02
4.21500000E-04,voltage,Node_2,5.92353868E+02
4.21500000E-04,i1,Line_1_e1,1.64512834E+01
4.21500000E-04,i2,Line_1_e1,-1.69614832E+01
4.22000000E-04,injectedCurrent,Node_1,1.57596260E+01
4.22000000E-04,voltage,Node_1,6.70962080E+02
4.22000000E-04,voltage,Node_2,3.42511650E+02
4.22000000E-04,i1,Line_1_e1,1.57596260E+01
4.22000000E-04,i2,Line_1_e1,-1.13242885E+01
4.22500000E-04,injectedCurrent,Node_1,1.50882523E+01
4.22500000E-04,voltage,Node_1,2.14180039E+02
4.22500000E-04,voltage,Node_2,5.72990630E+02
4.22500000E-04,i1,Line_1_e1,1.50882523E+01
4.22500000E-04,i2,Line_1_e1,-1.57945144E+01
4.23000000E-04,injectedCurrent,Node_1,1.44370213E+01
4.23000000E-04,voltage,Node_1,6.54403435E+02
4.23000000E-04,voltage,Node_2,3.20399774E+02
4.23000000E-04,i1,Line_1_e1,1.44370213E+01
4.23000000E-04,i2,Line_1_e1,-1.01233704E+01
4.23500000E-04,injectedCurrent,Node_1,1.38057697E+01
4.23500000E-04,voltage,Node_1,1.91909080E+02
4.23500000E-04,voltage,Node_2,5.54792951E+02
4.23500000E-04,i1,Line_1_e1,1.38057697E+01
4.23500000E-04,i2,Line_1_e1,-1.46991745E+01
4.24000000E-04,injectedCurrent,Node_1,1.31943127E+01
4.24000000E-04,voltage,Node_1,6.38875617E+02
4.24000000E-04,voltage,Node_2,2.99402281E+02
4.24000000E-04,i1,Line_1_e1,1.31943127E+01
4.24000000E-04,i2,Line_1_e1,-8.99209220E+00
4.24500000E-04,injectedCurrent,Node_1,1.26024456E+01
4.24500000E-04,voltage,Node_1,1.70535150E+02
4.24500000E-04,voltage,Node_2,5.37740349E+02
4.24500000E-04,i1,Line_1_e1,1.26024456E+01
4.24500000E-04,i2,Line_1_e1,-1.36742256E+01
4.25000000E-04,injectedCurrent,Node_1,1.20299440E+01
4.25000000E-04,voltage,Node_1,6.24372694E+02
4.25000000E-04,voltage,Node_2,2.79470244E+02
4.25000000E-04,i1,Line_1_e1,1.20299440E+01
4.25000000E-04,i2,Line_1_e1,-7.92902231E+00
4.25500000E-04,injectedCurrent,Node_1,1.14765651E+01
4.25500000E-04,voltage,Node_1,1.50064374E+02
4.25500000E-04,voltage,Node_2,5.21842712E+02
4.25500000E-04,i1,Line_1_e1,1.14765651E+01
4.25500000E-04,i2,Line_1_e1,-1.27181791E+01
4.26000000E-04,injectedCurrent,Node_1,1.09420484E+01
4.26000000E-04,voltage,Node_1,6.10944935E+02
4.26000000E-04,voltage,Node_2,2.60558433E+02
4.26000000E-04,i1,Line_1_e1,1.09420484E+01
4.26000000E-04,i2,Line_1_e1,-6.93232603E+00
4.26500000E-04,injectedCurrent,Node_1,1.04261172E+01
4.26500000E-04,voltage,Node_1,1.30571006E+02
4.26500000E-04,voltage,Node_2,5.07005851E+02
4.26500000E-04,i1,Line_1_e1,1.04261172E+01
4.26500000E-04,i2,Line_1_e1,-1.18290115E+01
4.27000000E-04,injectedCurrent,Node_1,9.92847904E+00
4.27000000E-04,voltage,Node_1,5.98625941E+02
4.27000000E-04,voltage,Node_2,2.42686873E+02
4.27000000E-04,i1,Line_1_e1,9.92847904E+00
4.27000000E-04,i2,Line_1_e1,-6.00021973E+00
4.27500000E-04,injectedCurrent,Node_1,9.44882726E+00
4.27500000E-04,voltage,Node_1,1.12028744E+02
4.27500000E-04,voltage,Node_2,4.93308232E+02
4.27500000E-04,i1,Line_1_e1,9.44882726E+00
4.27500000E-04,i2,Line_1_e1,-1.10053045E+01
4.28000000E-04,injectedCurrent,Node_1,8.98684170E+00
4.28000000E-04,voltage,Node_1,5.87424930E+02
4.28000000E-04,voltage,Node_2,2.25833970E+02
4.28000000E-04,i1,Line_1_e1,8.98684170E+00
4.28000000E-04,i2,Line_1_e1,-5.13081458E+00
4.28500000E-04,injectedCurrent,Node_1,8.54218990E+00
4.28500000E-04,voltage,Node_1,9.45027451E+01
4.28500000E-04,voltage,Node_2,4.80643134E+02
4.28500000E-04,i1,Line_1_e1,8.54218990E+00
4.28500000E-04,i2,Line_1_e1,-1.02445810E+01
4.29000000E-04,injectedCurrent,Node_1,8.11452813E+00
4.29000000E-04,voltage,Node_1,5.77414364E+02
4.29000000E-04,voltage,Node_2,2.09924650E+02
4.29000000E-04,i1,Line_1_e1,8.11452813E+00
4.29000000E-04,i2,Line_1_e1,-4.32144487E+00
4.29500000E-04,injectedCurrent,Node_1,7.70350248E+00
4.29500000E-04,voltage,Node_1,7.80235941E+01
4.29500000E-04,voltage,Node_2,4.68994089E+02
4.29500000E-04,i1,Line_1_e1,7.70350248E+00
4.29500000E-04,i2,Line_1_e1,-9.54440527E+00
4.30000000E-04,injectedCurrent,Node_1,7.30874991E+00
4.30000000E-04,voltage,Node_1,5.68597756E+02
4.30000000E-04,voltage,Node_2,1.94916037E+02
4.30000000E-04,i1,Line_1_e1,7.30874991E+00
4.30000000E-04,i2,Line_1_e1,-3.56967871E+00
4.30500000E-04,injectedCurrent,Node_1,6.92989925E+00
4.30500000E-04,voltage,Node_1,6.25546860E+01
4.30500000E-04,voltage,Node_2,4.58346639E+02
4.30500000E-04,i1,Line_1_e1,6.92989925E+00
4.30500000E-04,i2,Line_1_e1,-8.90242039E+00
4.31000000E-04,injectedCurrent,Node_1,6.56657230E+00
4.31000000E-04,voltage,Node_1,5.60902993E+02
4.31000000E-04,voltage,Node_2,1.80818109E+02
4.31000000E-04,i1,Line_1_e1,6.56657230E+00
4.31000000E-04,i2,Line_1_e1,-2.87313079E+00
4.31500000E-04,injectedCurrent,Node_1,6.21838482E+00
4.31500000E-04,voltage,Node_1,4.80068358E+01
4.31500000E-04,voltage,Node_2,4.48645194E+02
4.31500000E-04,i1,Line_1_e1,6.21838482E+00
4.31500000E-04,i2,Line_1_e1,-8.31612021E+00
4.32000000E-04,injectedCurrent,Node_1,5.88494750E+00
4.32000000E-04,voltage,Node_1,5.54239844E+02
4.32000000E-04,voltage,Node_2,1.67559813E+02
4.32000000E-04,i1,Line_1_e1,5.88494750E+00
4.32000000E-04,i2,Line_1_e1,-2.22903655E+00
4.32500000E-04,injectedCurrent,Node_1,5.56586700E+00
4.32500000E-04,voltage,Node_1,3.42412593E+01
4.32500000E-04,voltage,Node_2,4.39879158E+02
4.32500000E-04,i1,Line_1_e1,5.56586700E+00
4.32500000E-04,i2,Line_1_e1,-7.78296012E+00
4.33000000E-04,injectedCurrent,Node_1,5.26074685E+00
4.33000000E-04,voltage,Node_1,5.48461704E+02
4.33000000E-04,voltage,Node_2,1.55105063E+02
4.33000000E-04,i1,Line_1_e1,5.26074685E+00
4.33000000E-04,i2,Line_1_e1,-1.63477467E+00
4.33500000E-04,injectedCurrent,Node_1,4.96918839E+00
4.33500000E-04,voltage,Node_1,2.11266449E+01
4.33500000E-04,voltage,Node_2,4.31975826E+02
4.33500000E-04,i1,Line_1_e1,4.96918839E+00
4.33500000E-04,i2,Line_1_e1,-7.30015617E+00
4.34000000E-04,injectedCurrent,Node_1,4.69079169E+00
4.34000000E-04,voltage,Node_1,5.43458484E+02
4.34000000E-04,voltage,Node_2,1.43392655E+02
4.34000000E-04,i1,Line_1_e1,4.69079169E+00
4.34000000E-04,i2,Line_1_e1,-1.08739793E+00
4.34500000E-04,injectedCurrent,Node_1,4.42515638E+00
4.34500000E-04,voltage,Node_1,8.55862495E+00
4.34500000E-04,voltage,Node_2,4.24873516E+02
4.34500000E-04,i1,Line_1_e1,4.42515638E+00
4.34500000E-04,i2,Line_1_e1,-6.86484562E+00
4.35000000E-04,injectedCurrent,Node_1,4.17188250E+00
4.35000000E-04,voltage,Node_1,5.39151328E+02
4.35000000E-04,voltage,Node_2,1.32381471E+02
4.35000000E-04,i1,Line_1_e1,4.17188250E+00
4.35000000E-04,i2,Line_1_e1,-5.83963272E-01
4.35500000E-04,injectedCurrent,Node_1,3.93057130E+00
4.35500000E-04,voltage,Node_1,-3.50121502E+00
4.35500000E-04,voltage,Node_2,4.18506175E+02
4.35500000E-04,i1,Line_1_e1,3.93057130E+00
4.35500000E-04,i2,Line_1_e1,-6.47396314E+00
4.36000000E-04,injectedCurrent,Node_1,3.70082596E+00
4.36000000E-04,voltage,Node_1,5.35534939E+02
4.36000000E-04,voltage,Node_2,1.21940399E+02
4.36000000E-04,i1,Line_1_e1,3.70082596E+00
4.36000000E-04,i2,Line_1_e1,-1.21279413E-01
4.36500000E-04,injectedCurrent,Node_1,3.48225239E+00
4.36500000E-04,voltage,Node_1,-1.51341987E+01
4.36500000E-04,voltage,Node_2,4.12917836E+02
4.36500000E-04,i1,Line_1_e1,3.48225239E+00
4.36500000E-04,i2,Line_1_e1,-6.12506911E+00
4.37000000E-04,injectedCurrent,Node_1,3.27445981E+00
4.37000000E-04,voltage,Node_1,5.32495177E+02
4.37000000E-04,voltage,Node_2,1.12184167E+02
4.37000000E-04,i1,Line_1_e1,3.27445981E+00
4.37000000E-04,i2,Line_1_e1,3.02770915E-01
4.37500000E-04,injectedCurrent,Node_1,3.07706148E+00
4.37500000E-04,voltage,Node_1,-2.63729862E+01
4.37500000E-04,voltage,Node_2,4.08002571E+02
4.37500000E-04,i1,Line_1_e1,3.07706148E+00
4.37500000E-04,i2,Line_1_e1,-5.81549406E+00
4.38000000E-04,injectedCurrent,Node_1,2.88967527E+00
4.38000000E-04,voltage,Node_1,5.30094971E+02
4.38000000E-04,voltage,Node_2,1.02969437E+02
4.38000000E-04,i1,Line_1_e1,2.88967527E+00
4.38000000E-04,i2,Line_1_e1,6.91525355E-01
4.38500000E-04,injectedCurrent,Node_1,2.71192420E+00
4.38500000E-04,voltage,Node_1,-3.71672494E+01
4.38500000E-04,voltage,Node_2,4.03721221E+02
4.38500000E-04,i1,Line_1_e1,2.71192420E+00
4.38500000E-04,i2,Line_1_e1,-5.54221410E+00
4.39000000E-04,injectedCurrent,Node_1,2.54343699E+00
4.39000000E-04,voltage,Node_1,5.28361568E+02
4.39000000E-04,voltage,Node_2,9.42414727E+01
4.39000000E-04,i1,Line_1_e1,2.54343699E+00
4.39000000E-04,i2,Line_1_e1,1.04770792E+00
4.39500000E-04,injectedCurrent,Node_1,2.38384854E+00
4.39500000E-04,voltage,Node_1,-4.75274949E+01
4.39500000E-04,voltage,Node_2,4.00079560E+02
4.39500000E-04,i1,Line_1_e1,2.38384854E+00
4.39500000E-04,i2,Line_1_e1,-5.30286037E+00
4.40000000E-04,injectedCurrent,Node_1,2.23280037E+00
4.40000000E-04,voltage,Node_1,5.27269170E+02
4.40000000E-04,voltage,Node_2,8.60167219E+01
4.40000000E-04,i1,Line_1_e1,2.23280037E+00
4.40000000E-04,i2,Line_1_e1,1.37364915E+00
4.40500000E-04,injectedCurrent,Node_1,2.08994098E+00
4.40500000E-04,voltage,Node_1,-5.74795103E+01
4.40500000E-04,voltage,Node_2,3.97021554E+02
4.40500000E-04,i1,Line_1_e1,2.08994098E+00
4.40500000E-04,i2,Line_1_e1,-5.09505920E+00
4.41000000E-04,injectedCurrent,Node_1,1.95492628E+00
4.41000000E-04,voltage,Node_1,5.26796226E+02
4.41000000E-04,voltage,Node_2,7.82348779E+01
4.41000000E-04,i1,Line_1_e1,1.95492628E+00
4.41000000E-04,i2,Line_1_e1,1.67186039E+00
4.41500000E-04,injectedCurrent,Node_1,1.82741986E+00
4.41500000E-04,voltage,Node_1,-6.70873415E+01
4.41500000E-04,voltage,Node_2,3.94545761E+02
4.41500000E-04,i1,Line_1_e1,1.82741986E+00
4.41500000E-04,i2,Line_1_e1,-4.91664238E+00
4.42000000E-04,injectedCurrent,Node_1,1.70709331E+00
4.42000000E-04,voltage,Node_1,5.26898373E+02
4.42000000E-04,voltage,Node_2,7.08601932E+01
4.42000000E-04,i1,Line_1_e1,1.70709331E+00
4.42000000E-04,i2,Line_1_e1,1.94468788E+00
4.42500000E-04,injectedCurrent,Node_1,1.59362643E+00
4.42500000E-04,voltage,Node_1,-7.63735352E+01
4.42500000E-04,voltage,Node_2,3.92548833E+02
4.42500000E-04,i1,Line_1_e1,1.59362643E+00
4.42500000E-04,i2,Line_1_e1,-4.76517677E+00
4.43000000E-04,injectedCurrent,Node_1,1.48670746E+00
4.43000000E-04,voltage,Node_1,5.27575604E+02
4.43000000E-04,voltage,Node_2,6.38350056E+01
4.43000000E-04,i1,Line_1_e1,1.48670746E+00
4.43000000E-04,i2,Line_1_e1,2.19466667E+00
4.43500000E-04,injectedCurrent,Node_1,1.38603327E+00
4.43500000E-04,voltage,Node_1,-8.53345632E+01
4.43500000E-04,voltage,Node_2,3.91010731E+02
4.43500000E-04,i1,Line_1_e1,1.38603327E+00
4.43500000E-04,i2,Line_1_e1,-4.63827736E+00
4.44000000E-04,injectedCurrent,Node_1,1.29130949E+00
4.44000000E-04,voltage,Node_1,5.28885525E+02
4.44000000E-04,voltage,Node_2,5.70217103E+01
4.44000000E-04,i1,Line_1_e1,1.29130949E+00
4.44000000E-04,i2,Line_1_e1,2.42451982E+00
4.44500000E-04,injectedCurrent,Node_1,1.20225061E+00
4.44500000E-04,voltage,Node_1,-9.39463724E+01
4.44500000E-04,voltage,Node_2,3.89845084E+02
4.44500000E-04,i1,Line_1_e1,1.20225061E+00
4.44500000E-04,i2,Line_1_e1,-4.53359142E+00
4.45000000E-04,injectedCurrent,Node_1,1.11858008E+00
4.45000000E-04,voltage,Node_1,5.30732121E+02
4.45000000E-04,voltage,Node_2,5.05652108E+01
4.45000000E-04,i1,Line_1_e1,1.11858008E+00
4.45000000E-04,i2,Line_1_e1,2.63570319E+00
4.45500000E-04,injectedCurrent,Node_1,1.04003036E+00
4.45500000E-04,voltage,Node_1,-1.02346424E+02
4.45500000E-04,voltage,Node_2,3.89150797E+02
4.45500000E-04,i1,Line_1_e1,1.04003036E+00
4.45500000E-04,i2,Line_1_e1,-4.44996541E+00
4.46000000E-04,injectedCurrent,Node_1,9.66342909E-01
4.46000000E-04,voltage,Node_1,5.33111425E+02
4.46000000E-04,voltage,Node_2,4.42985143E+01
4.46000000E-04,i1,Line_1_e1,9.66342909E-01
4.46000000E-04,i2,Line_1_e1,2.83055645E+00
4.46500000E-04,injectedCurrent,Node_1,8.97268230E-01
4.46500000E-04,voltage,Node_1,-1.10505430E+02
4.46500000E-04,voltage,Node_2,3.88805937E+02
4.46500000E-04,i1,Line_1_e1,8.97268230E-01
4.46500000E-04,i2,Line_1_e1,-4.38484813E+00
4.47000000E-04,injectedCurrent,Node_1,8.32565808E-01
4.47000000E-04,voltage,Node_1,5.36002102E+02
4.47000000E-04,voltage,Node_2,3.82052375E+01
4.47000000E-04,i1,Line_1_e1,8.32565808E-01
4.47000000E-04,i2,Line_1_e1,3.01118887E+00
4.47500000E-04,injectedCurrent,Node_1,7.72004071E-01
4.47500000E-04,voltage,Node_1,-1.18533568E+02
4.47500000E-04,voltage,Node_2,3.88821508E+02
4.47500000E-04,i1,Line_1_e1,7.72004071E-01
4.47500000E-04,i2,Line_1_e1,-4.33688392E+00
4.48000000E-04,injectedCurrent,Node_1,7.15360314E-01
4.48000000E-04,voltage,Node_1,5.39266791E+02
4.48000000E-04,voltage,Node_2,3.23491925E+01
4.48000000E-04,i1,Line_1_e1,7.15360314E-01
4.48000000E-04,i2,Line_1_e1,3.17888062E+00
4.48500000E-04,injectedCurrent,Node_1,6.62420603E-01
4.48500000E-04,voltage,Node_1,-1.26576432E+02
4.48500000E-04,voltage,Node_2,3.89173600E+02
4.48500000E-04,i1,Line_1_e1,6.62420603E-01
4.48500000E-04,i2,Line_1_e1,-4.30481083E+00
4.49000000E-04,injectedCurrent,Node_1,6.12979666E-01
4.49000000E-04,voltage,Node_1,5.42769595E+02
4.49000000E-04,voltage,Node_2,2.66742344E+01
4.49000000E-04,i1,Line_1_e1,6.12979666E-01
4.49000000E-04,i2,Line_1_e1,3.33505590E+00
4.49500000E-04,injectedCurrent,Node_1,5.66840763E-01
4.49500000E-04,voltage,Node_1,-1.34792973E+02
4.49500000E-04,voltage,Node_2,3.89924635E+02
4.49500000E-04,i1,Line_1_e1,5.66840763E-01
4.49500000E-04,i2,Line_1_e1,-4.28752954E+00
4.50000000E-04,injectedCurrent,Node_1,5.23815540E-01
4.50000000E-04,voltage,Node_1,5.46423098E+02
4.50000000E-04,voltage,Node_2,2.10837705E+01
4.50000000E-04,i1,Line_1_e1,5.23815540E-01
4.50000000E-04,i2,Line_1_e1,3.48123051E+00
4.50500000E-04,injectedCurrent,Node_1,4.83723870E-01
4.50500000E-04,voltage,Node_1,-1.43218173E+02
4.50500000E-04,voltage,Node_2,3.90978874E+02
4.50500000E-04,i1,Line_1_e1,4.83723870E-01
4.50500000E-04,i2,Line_1_e1,-4.28347358E+00
4.51000000E-04,injectedCurrent,Node_1,4.46393684E-01
4.51000000E-04,voltage,Node_1,5.50268443E+02
4.51000000E-04,voltage,Node_2,1.55756472E+01
4.51000000E-04,i1,Line_1_e1,4.46393684E-01
4.51000000E-04,i2,Line_1_e1,3.61922735E+00
4.51500000E-04,injectedCurrent,Node_1,4.11660787E-01
4.51500000E-04,voltage,Node_1,-1.51743875E+02
4.51500000E-04,voltage,Node_2,3.92161464E+02
4.51500000E-04,i1,Line_1_e1,4.11660787E-01
4.51500000E-04,i2,Line_1_e1,-4.29077442E+00
4.52000000E-04,injectedCurrent,Node_1,3.79368665E-01
4.52000000E-04,voltage,Node_1,5.54418813E+02
4.52000000E-04,voltage,Node_2,1.00681489E+01
4.52000000E-04,i1,Line_1_e1,3.79368665E-01
4.52000000E-04,i2,Line_1_e1,3.75069231E+00
4.52500000E-04,injectedCurrent,Node_1,3.49368288E-01
4.52500000E-04,voltage,Node_1,-1.60418485E+02
4.52500000E-04,voltage,Node_2,3.93721428E+02
4.52500000E-04,i1,Line_1_e1,3.49368288E-01
4.52500000E-04,i2,Line_1_e1,-4.30932505E+00
4.53000000E-04,injectedCurrent,Node_1,3.21517896E-01
4.53000000E-04,voltage,Node_1,5.58864978E+02
4.53000000E-04,voltage,Node_2,4.65831489E+00
4.53000000E-04,i1,Line_1_e1,3.21517896E-01
4.53000000E-04,i2,Line_1_e1,3.87603018E+00
4.53500000E-04,injectedCurrent,Node_1,2.95682793E-01
4.53500000E-04,voltage,Node_1,-1.69091108E+02
4.53500000E-04,voltage,Node_2,3.95450004E+02
4.53500000E-04,i1,Line_1_e1,2.95682793E-01
4.53500000E-04,i2,Line_1_e1,-4.33752112E+00
4.54000000E-04,injectedCurrent,Node_1,2.71735121E-01
4.54000000E-04,voltage,Node_1,5.63809356E+02
4.54000000E-04,voltage,Node_2,-7.94720164E-01
4.54000000E-04,i1,Line_1_e1,2.71735121E-01
4.54000000E-04,i2,Line_1_e1,3.99726922E+00
4.54500000E-04,injectedCurrent,Node_1,2.49553644E-01
4.54500000E-04,voltage,Node_1,-1.77703852E+02
4.54500000E-04,voltage,Node_2,3.97436841E+02
4.54500000E-04,i1,Line_1_e1,2.49553644E-01
4.54500000E-04,i2,Line_1_e1,-4.37460169E+00
4.55000000E-04,injectedCurrent,Node_1,2.29023521E-01
4.55000000E-04,voltage,Node_1,5.69228090E+02
4.55000000E-04,voltage,Node_2,-6.22348661E+00
4.55000000E-04,i1,Line_1_e1,2.29023521E-01
4.55000000E-04,i2,Line_1_e1,4.11474046E+00
4.55500000E-04,injectedCurrent,Node_1,2.10036076E-01
4.55500000E-04,voltage,Node_1,-1.86334617E+02
4.55500000E-04,voltage,Node_2,3.99707682E+02
4.55500000E-04,i1,Line_1_e1,2.10036076E-01
4.55500000E-04,i2,Line_1_e1,-4.42044867E+00
4.56000000E-04,injectedCurrent,Node_1,1.92488579E-01
4.56000000E-04,voltage,Node_1,5.75042583E+02
4.56000000E-04,voltage,Node_2,-1.15935385E+01
4.56000000E-04,i1,Line_1_e1,1.92488579E-01
4.56000000E-04,i2,Line_1_e1,4.22893593E+00
4.56500000E-04,injectedCurrent,Node_1,1.76284011E-01
4.56500000E-04,voltage,Node_1,-1.95107215E+02
4.56500000E-04,voltage,Node_2,4.02271982E+02
4.56500000E-04,i1,Line_1_e1,1.76284011E-01
4.56500000E-04,i2,Line_1_e1,-4.47484067E+00
4.57000000E-04,injectedCurrent,Node_1,1.61330841E-01
4.57000000E-04,voltage,Node_1,5.81204729E+02
4.57000000E-04,voltage,Node_2,-1.69920678E+01
4.57000000E-04,i1,Line_1_e1,1.61330841E-01
4.57000000E-04,i2,Line_1_e1,4.34077863E+00
4.57500000E-04,injectedCurrent,Node_1,1.47542803E-01
4.57500000E-04,voltage,Node_1,-2.04021845E+02
4.57500000E-04,voltage,Node_2,4.05064900E+02
4.57500000E-04,i1,Line_1_e1,1.47542803E-01
4.57500000E-04,i2,Line_1_e1,-4.53668928E+00
4.58000000E-04,injectedCurrent,Node_1,1.34838671E-01
4.58000000E-04,voltage,Node_1,5.87824041E+02
4.58000000E-04,voltage,Node_2,-2.25732104E+01
4.58000000E-04,i1,Line_1_e1,1.34838671E-01
4.58000000E-04,i2,Line_1_e1,4.45205906E+00
4.58500000E-04,injectedCurrent,Node_1,1.23142043E-01
4.58500000E-04,voltage,Node_1,-2.12987229E+02
4.58500000E-04,voltage,Node_2,4.07900020E+02
4.58500000E-04,i1,Line_1_e1,1.23142043E-01
4.58500000E-04,i2,Line_1_e1,-4.60468730E+00
4.59000000E-04,injectedCurrent,Node_1,1.12381120E-01
4.59000000E-04,voltage,Node_1,5.94832854E+02
4.59000000E-04,voltage,Node_2,-2.81325110E+01
4.59000000E-04,i1,Line_1_e1,1.12381120E-01
4.59000000E-04,i2,Line_1_e1,4.56282376E+00
4.59500000E-04,injectedCurrent,Node_1,1.02488498E-01
4.59500000E-04,voltage,Node_1,-2.22176521E+02
4.59500000E-04,voltage,Node_2,4.11088440E+02
4.59500000E-04,i1,Line_1_e1,1.02488498E-01
4.59500000E-04,i2,Line_1_e1,-4.67971137E+00
4.60000000E-04,injectedCurrent,Node_1,9.34009615E-02
4.60000000E-04,voltage,Node_1,6.02297126E+02
4.60000000E-04,voltage,Node_2,-3.39466904E+01
4.60000000E-04,i1,Line_1_e1,9.34009615E-02
4.60000000E-04,i2,Line_1_e1,4.67431932E+00
4.60500000E-04,injectedCurrent,Node_1,8.50592760E-02
4.60500000E-04,voltage,Node_1,-2.31480502E+02
4.60500000E-04,voltage,Node_2,4.14442021E+02
4.60500000E-04,i1,Line_1_e1,8.50592760E-02
4.60500000E-04,i2,Line_1_e1,-4.76021460E+00
4.61000000E-04,injectedCurrent,Node_1,7.74079941E-02
4.61000000E-04,voltage,Node_1,6.10184419E+02
4.61000000E-04,voltage,Node_2,-3.98452224E+01
4.61000000E-04,i1,Line_1_e1,7.74079942E-02
4.61000000E-04,i2,Line_1_e1,4.78707558E+00
4.61500000E-04,injectedCurrent,Node_1,7.03952617E-02
4.61500000E-04,voltage,Node_1,-2.41108568E+02
4.61500000E-04,voltage,Node_2,4.18032252E+02
4.61500000E-04,i1,Line_1_e1,7.03952617E-02
4.61500000E-04,i2,Line_1_e1,-4.84705810E+00
4.62000000E-04,injectedCurrent,Node_1,6.39726314E-02
4.62000000E-04,voltage,Node_1,6.18292920E+02
4.62000000E-04,voltage,Node_2,-4.57220066E+01
4.62000000E-04,i1,Line_1_e1,6.39726314E-02
4.62000000E-04,i2,Line_1_e1,4.90070497E+00
4.62500000E-04,injectedCurrent,Node_1,5.80948815E-02
4.62500000E-04,voltage,Node_1,-2.51298055E+02
4.62500000E-04,voltage,Node_2,4.21944181E+02
4.62500000E-04,i1,Line_1_e1,5.80948815E-02
4.62500000E-04,i2,Line_1_e1,-4.94085094E+00
4.63000000E-04,injectedCurrent,Node_1,5.27198413E-02
4.63000000E-04,voltage,Node_1,6.26501171E+02
4.63000000E-04,voltage,Node_2,-5.16792068E+01
4.63000000E-04,i1,Line_1_e1,5.27198413E-02
4.63000000E-04,i2,Line_1_e1,5.01558234E+00
4.63500000E-04,injectedCurrent,Node_1,4.78082220E-02
4.63500000E-04,voltage,Node_1,-2.62052412E+02
4.63500000E-04,voltage,Node_2,4.26121656E+02
4.63500000E-04,i1,Line_1_e1,4.78082220E-02
4.63500000E-04,i2,Line_1_e1,-5.04075361E+00
4.64000000E-04,injectedCurrent,Node_1,4.33234542E-02
4.64000000E-04,voltage,Node_1,6.35023769E+02
4.64000000E-04,voltage,Node_2,-5.80258366E+01
4.64000000E-04,i1,Line_1_e1,4.33234542E-02
4.64000000E-04,i2,Line_1_e1,5.13387106E+00
4.64500000E-04,injectedCurrent,Node_1,3.92315312E-02
4.64500000E-04,voltage,Node_1,-2.73197247E+02
4.64500000E-04,voltage,Node_2,4.30371558E+02
4.64500000E-04,i1,Line_1_e1,3.92315312E-02
4.64500000E-04,i2,Line_1_e1,-5.14563736E+00
4.65000000E-04,injectedCurrent,Node_1,3.55008591E-02
4.65000000E-04,voltage,Node_1,6.43855513E+02
4.65000000E-04,voltage,Node_2,-6.43992494E+01
4.65000000E-04,i1,Line_1_e1,3.55008591E-02
4.65000000E-04,i2,Line_1_e1,5.25506499E+00
4.65500000E-04,injectedCurrent,Node_1,3.21021124E-02
4.65500000E-04,voltage,Node_1,-2.84775707E+02
4.65500000E-04,voltage,Node_2,4.34923373E+02
4.65500000E-04,i1,Line_1_e1,3.21021124E-02
4.65500000E-04,i2,Line_1_e1,-5.25662486E+00
4.66000000E-04,injectedCurrent,Node_1,2.90080966E-02
4.66000000E-04,voltage,Node_1,6.53282849E+02
4.66000000E-04,voltage,Node_2,-7.11840716E+01
4.66000000E-04,i1,Line_1_e1,2.90080966E-02
4.66000000E-04,i2,Line_1_e1,5.38089512E+00
4.66500000E-04,injectedCurrent,Node_1,2.61936163E-02
4.66500000E-04,voltage,Node_1,-2.96589005E+02
4.66500000E-04,voltage,Node_2,4.39683628E+02
4.66500000E-04,i1,Line_1_e1,2.61936163E-02
4.66500000E-04,i2,Line_1_e1,-5.37277171E+00
4.67000000E-04,injectedCurrent,Node_1,2.36353498E-02
4.67000000E-04,voltage,Node_1,6.63277147E+02
4.67000000E-04,voltage,Node_2,-7.80750906E+01
4.67000000E-04,i1,Line_1_e1,2.36353498E-02
4.67000000E-04,i2,Line_1_e1,5.51080293E+00
4.67500000E-04,injectedCurrent,Node_1,2.13117295E-02
4.67500000E-04,voltage,Node_1,-3.08869297E+02
4.67500000E-04,voltage,Node_2,4.44821521E+02
4.67500000E-04,i1,Line_1_e1,2.13117295E-02
4.67500000E-04,i2,Line_1_e1,-5.49605174E+00
4.68000000E-04,injectedCurrent,Node_1,1.92028278E-02
4.68000000E-04,voltage,Node_1,6.73657871E+02
4.68000000E-04,voltage,Node_2,-8.50118379E+01
4.68000000E-04,i1,Line_1_e1,1.92028278E-02
4.68000000E-04,i2,Line_1_e1,5.64391680E+00
4.68500000E-04,injectedCurrent,Node_1,1.72902496E-02
4.68500000E-04,voltage,Node_1,-3.21751230E+02
4.68500000E-04,voltage,Node_2,4.50427941E+02
4.68500000E-04,i1,Line_1_e1,1.72902496E-02
4.68500000E-04,i2,Line_1_e1,-5.62697400E+00
4.69000000E-04,injectedCurrent,Node_1,1.55570295E-02
4.69000000E-04,voltage,Node_1,6.84600812E+02
4.69000000E-04,voltage,Node_2,-9.23224535E+01
4.69000000E-04,i1,Line_1_e1,1.55570295E-02
4.69000000E-04,i2,Line_1_e1,5.78223536E+00
4.69500000E-04,injectedCurrent,Node_1,1.39875349E-02
4.69500000E-04,voltage,Node_1,-3.34937310E+02
4.69500000E-04,voltage,Node_2,4.56029468E+02
4.69500000E-04,i1,Line_1_e1,1.39875349E-02
4.69500000E-04,i2,Line_1_e1,-5.76327825E+00
4.70000000E-04,injectedCurrent,Node_1,1.25673743E-02
4.70000000E-04,voltage,Node_1,6.96290438E+02
4.70000000E-04,voltage,Node_2,-9.99593879E+01
4.70000000E-04,i1,Line_1_e1,1.25673743E-02
4.70000000E-04,i2,Line_1_e1,5.92692528E+00
4.70500000E-04,injectedCurrent,Node_1,1.12833104E-02
4.70500000E-04,voltage,Node_1,-3.48570869E+02
4.70500000E-04,voltage,Node_2,4.62149393E+02
4.70500000E-04,i1,Line_1_e1,1.12833104E-02
4.70500000E-04,i2,Line_1_e1,-5.90686677E+00
4.71000000E-04,injectedCurrent,Node_1,1.01231790E-02
4.71000000E-04,voltage,Node_1,7.08873376E+02
4.71000000E-04,voltage,Node_2,-1.08117952E+02
4.71000000E-04,i1,Line_1_e1,1.01231790E-02
4.71000000E-04,i2,Line_1_e1,6.07878724E+00
4.71500000E-04,injectedCurrent,Node_1,9.07581140E-03
4.71500000E-04,voltage,Node_1,-3.62457589E+02
4.71500000E-04,voltage,Node_2,4.68398483E+02
4.71500000E-04,i1,Line_1_e1,9.07581140E-03
4.71500000E-04,i2,Line_1_e1,-6.05646841E+00
4.72000000E-04,injectedCurrent,Node_1,8.13096235E-03
4.72000000E-04,voltage,Node_1,7.22270175E+02
4.72000000E-04,voltage,Node_2,-1.16389229E+02
4.72000000E-04,i1,Line_1_e1,8.13096235E-03
4.72000000E-04,i2,Line_1_e1,6.23755660E+00
4.72500000E-04,injectedCurrent,Node_1,7.27924203E-03
4.72500000E-04,voltage,Node_1,-3.77087117E+02
4.72500000E-04,voltage,Node_2,4.75125780E+02
4.72500000E-04,i1,Line_1_e1,7.27924203E-03
4.72500000E-04,i2,Line_1_e1,-6.21541678E+00
4.73000000E-04,injectedCurrent,Node_1,6.51205222E-03
4.73000000E-04,voltage,Node_1,7.36083208E+02
4.73000000E-04,voltage,Node_2,-1.24674918E+02
4.73000000E-04,i1,Line_1_e1,6.51205222E-03
4.73000000E-04,i2,Line_1_e1,6.40159648E+00
4.73500000E-04,injectedCurrent,Node_1,5.82152654E-03
4.73500000E-04,voltage,Node_1,-3.92689092E+02
4.73500000E-04,voltage,Node_2,4.82486870E+02
4.73500000E-04,i1,Line_1_e1,5.82152654E-03
4.73500000E-04,i2,Line_1_e1,-6.38411491E+00
4.74000000E-04,injectedCurrent,Node_1,5.20047451E-03
4.74000000E-04,voltage,Node_1,7.50617469E+02
4.74000000E-04,voltage,Node_2,-1.33807316E+02
4.74000000E-04,i1,Line_1_e1,5.20047450E-03
4.74000000E-04,i2,Line_1_e1,6.57469002E+00
4.74500000E-04,injectedCurrent,Node_1,4.64232924E-03
4.74500000E-04,voltage,Node_1,-4.08998000E+02
4.74500000E-04,voltage,Node_2,4.90076162E+02
4.74500000E-04,i1,Line_1_e1,4.64232923E-03
4.74500000E-04,i2,Line_1_e1,-6.56024572E+00
4.75000000E-04,injectedCurrent,Node_1,4.14109865E-03
4.75000000E-04,voltage,Node_1,7.65901038E+02
4.75000000E-04,voltage,Node_2,-1.43188863E+02
4.75000000E-04,i1,Line_1_e1,4.14109865E-03
4.75000000E-04,i2,Line_1_e1,6.75692654E+00
4.75500000E-04,injectedCurrent,Node_1,3.69131992E-03
4.75500000E-04,voltage,Node_1,-4.26059097E+02
4.75500000E-04,voltage,Node_2,4.97902510E+02
4.75500000E-04,i1,Line_1_e1,3.69131992E-03
4.75500000E-04,i2,Line_1_e1,-6.74507342E+00
4.76000000E-04,injectedCurrent,Node_1,3.28801714E-03
4.76000000E-04,voltage,Node_1,7.82273085E+02
4.76000000E-04,voltage,Node_2,-1.53295452E+02
4.76000000E-04,i1,Line_1_e1,3.28801713E-03
4.76000000E-04,i2,Line_1_e1,6.95072893E+00
4.76500000E-04,injectedCurrent,Node_1,2.92666180E-03
4.76500000E-04,voltage,Node_1,-4.44034269E+02
4.76500000E-04,voltage,Node_2,5.06350177E+02
4.76500000E-04,i1,Line_1_e1,2.92666179E-03
4.76500000E-04,i2,Line_1_e1,-6.94025543E+00
4.77000000E-04,injectedCurrent,Node_1,2.60313622E-03
4.77000000E-04,voltage,Node_1,7.99223536E+02
4.77000000E-04,voltage,Node_2,-1.63503670E+02
4.77000000E-04,i1,Line_1_e1,2.60313622E-03
4.77000000E-04,i2,Line_1_e1,7.15261040E+00
4.77500000E-04,injectedCurrent,Node_1,2.31369949E-03
4.77500000E-04,voltage,Node_1,-4.63515227E+02
4.77500000E-04,voltage,Node_2,5.15805549E+02
4.77500000E-04,i1,Line_1_e1,2.31369949E-03
4.77500000E-04,i2,Line_1_e1,-7.14982725E+00
4.78000000E-04,injectedCurrent,Node_1,2.05495598E-03
4.78000000E-04,voltage,Node_1,8.16922836E+02
4.78000000E-04,voltage,Node_2,-1.74304384E+02
4.78000000E-04,i1,Line_1_e1,2.05495598E-03
4.78000000E-04,i2,Line_1_e1,7.36523384E+00
4.78500000E-04,injectedCurrent,Node_1,1.82382611E-03
4.78500000E-04,voltage,Node_1,-4.83988798E+02
4.78500000E-04,voltage,Node_2,5.25327741E+02
4.78500000E-04,i1,Line_1_e1,1.82382611E-03
4.78500000E-04,i2,Line_1_e1,-7.36968928E+00
4.79000000E-04,injectedCurrent,Node_1,1.61751935E-03
4.79000000E-04,voltage,Node_1,8.35823711E+02
4.79000000E-04,voltage,Node_2,-1.85754172E+02
4.79000000E-04,i1,Line_1_e1,1.61751936E-03
4.79000000E-04,i2,Line_1_e1,7.59176872E+00
4.79500000E-04,injectedCurrent,Node_1,1.43350931E-03
4.79500000E-04,voltage,Node_1,-5.05429210E+02
4.79500000E-04,voltage,Node_2,5.35490166E+02
4.79500000E-04,i1,Line_1_e1,1.43350931E-03
4.79500000E-04,i2,Line_1_e1,-7.60155145E+00
4.80000000E-04,injectedCurrent,Node_1,1.26951066E-03
4.80000000E-04,voltage,Node_1,8.56365257E+02
4.80000000E-04,voltage,Node_2,-1.98404515E+02
4.80000000E-04,i1,Line_1_e1,1.26951066E-03
4.80000000E-04,i2,Line_1_e1,7.83451092E+00
4.80500000E-04,injectedCurrent,Node_1,1.12345793E-03
4.80500000E-04,voltage,Node_1,-5.27998434E+02
4.80500000E-04,voltage,Node_2,5.46442934E+02
4.80500000E-04,i1,Line_1_e1,1.12345793E-03
4.80500000E-04,i2,Line_1_e1,-7.84794598E+00
4.81000000E-04,injectedCurrent,Node_1,9.93485960E-04
4.81000000E-04,voltage,Node_1,8.77880359E+02
4.81000000E-04,voltage,Node_2,-2.10884541E+02
4.81000000E-04,i1,Line_1_e1,9.93485959E-04
4.81000000E-04,i2,Line_1_e1,8.08851059E+00
4.81500000E-04,injectedCurrent,Node_1,8.77911920E-04
4.81500000E-04,voltage,Node_1,-5.52418426E+02
4.81500000E-04,voltage,Node_2,5.58537999E+02
4.81500000E-04,i1,Line_1_e1,8.77911920E-04
4.81500000E-04,i2,Line_1_e1,-8.11420589E+00
4.82000000E-04,injectedCurrent,Node_1,7.75218779E-04
4.82000000E-04,voltage,Node_1,9.00897119E+02
4.82000000E-04,voltage,Node_2,-2.24474424E+02
4.82000000E-04,i1,Line_1_e1,7.75218776E-04
4.82000000E-04,i2,Line_1_e1,8.35948935E+00
4.82500000E-04,injectedCurrent,Node_1,6.84040142E-04
4.82500000E-04,voltage,Node_1,-5.78050708E+02
4.82500000E-04,voltage,Node_2,5.70998455E+02
4.82500000E-04,i1,Line_1_e1,6.84040139E-04
4.82500000E-04,i2,Line_1_e1,-8.39542439E+00
4.83000000E-04,injectedCurrent,Node_1,6.03146340E-04
4.83000000E-04,voltage,Node_1,9.25927665E+02
4.83000000E-04,voltage,Node_2,-2.38940063E+02
4.83000000E-04,i1,Line_1_e1,6.03146340E-04
4.83000000E-04,i2,Line_1_e1,8.65108262E+00
4.83500000E-04,injectedCurrent,Node_1,5.31431694E-04
4.83500000E-04,voltage,Node_1,-6.04790481E+02
4.83500000E-04,voltage,Node_2,5.83791609E+02
4.83500000E-04,i1,Line_1_e1,5.31431694E-04
4.83500000E-04,i2,Line_1_e1,-8.69285252E+00
4.84000000E-04,injectedCurrent,Node_1,4.67902859E-04
4.84000000E-04,voltage,Node_1,9.53031142E+02
4.84000000E-04,voltage,Node_2,-2.54596041E+02
4.84000000E-04,i1,Line_1_e1,4.67902860E-04
4.84000000E-04,i2,Line_1_e1,8.96351663E+00
4.84500000E-04,injectedCurrent,Node_1,4.11668167E-04
4.84500000E-04,voltage,Node_1,-6.33925729E+02
4.84500000E-04,voltage,Node_2,5.99089405E+02
4.84500000E-04,i1,Line_1_e1,4.11668165E-04
4.84500000E-04,i2,Line_1_e1,-9.01696608E+00
4.85000000E-04,injectedCurrent,Node_1,3.61927897E-04
4.85000000E-04,voltage,Node_1,9.81535596E+02
4.85000000E-04,voltage,Node_2,-2.70934454E+02
4.85000000E-04,i1,Line_1_e1,3.61927902E-04
4.85000000E-04,i2,Line_1_e1,9.29356655E+00
4.85500000E-04,injectedCurrent,Node_1,3.17965406E-04
4.85500000E-04,voltage,Node_1,-6.65109082E+02
4.85500000E-04,voltage,Node_2,6.14783606E+02
4.85500000E-04,i1,Line_1_e1,3.17965411E-04
4.85500000E-04,i2,Line_1_e1,-9.36388171E+00
4.86000000E-04,injectedCurrent,Node_1,2.79139038E-04
4.86000000E-04,voltage,Node_1,1.01265996E+03
4.86000000E-04,voltage,Node_2,-2.88502300E+02
4.86000000E-04,i1,Line_1_e1,2.79139046E-04
4.86000000E-04,i2,Line_1_e1,9.65257160E+00
4.86500000E-04,injectedCurrent,Node_1,2.44874765E-04
4.86500000E-04,voltage,Node_1,-6.98051905E+02
4.86500000E-04,voltage,Node_2,6.30878714E+02
4.86500000E-04,i1,Line_1_e1,2.44874766E-04
4.86500000E-04,i2,Line_1_e1,-9.73297960E+00
4.87000000E-04,injectedCurrent,Node_1,2.14659489E-04
4.87000000E-04,voltage,Node_1,1.04668043E+03
4.87000000E-04,voltage,Node_2,-3.07968870E+02
4.87000000E-04,i1,Line_1_e1,2.14659495E-04
4.87000000E-04,i2,Line_1_e1,1.00423014E+01
4.87500000E-04,injectedCurrent,Node_1,1.88034966E-04
4.87500000E-04,voltage,Node_1,-7.34225516E+02
4.87500000E-04,voltage,Node_2,6.49925686E+02
4.87500000E-04,i1,Line_1_e1,1.88034974E-04
4.87500000E-04,i2,Line_1_e1,-1.01370690E+01
4.88000000E-04,injectedCurrent,Node_1,1.64592282E-04
4.88000000E-04,voltage,Node_1,1.08249224E+03
4.88000000E-04,voltage,Node_2,-3.27998419E+02
4.88000000E-04,i1,Line_1_e1,1.64592289E-04
4.88000000E-04,i2,Line_1_e1,1.04561908E+01
4.88500000E-04,injectedCurrent,Node_1,1.43966852E-04
4.88500000E-04,voltage,Node_1,-7.73518797E+02
4.88500000E-04,voltage,Node_2,6.69962117E+02
4.88500000E-04,i1,Line_1_e1,1.43966854E-04
4.88500000E-04,i2,Line_1_e1,-1.05744915E+01
4.89000000E-04,injectedCurrent,Node_1,1.25833885E-04
4.89000000E-04,voltage,Node_1,1.12198912E+03
4.89000000E-04,voltage,Node_2,-3.50407304E+02
4.89000000E-04,i1,Line_1_e1,1.25833891E-04
4.89000000E-04,i2,Line_1_e1,1.09116334E+01
4.89500000E-04,injectedCurrent,Node_1,1.09904285E-04
4.89500000E-04,voltage,Node_1,-8.15388486E+02
4.89500000E-04,voltage,Node_2,6.90740481E+02
4.89500000E-04,i1,Line_1_e1,1.09904284E-04
4.89500000E-04,i2,Line_1_e1,-1.10433548E+01
4.90000000E-04,injectedCurrent,Node_1,9.59209419E-05
4.90000000E-04,voltage,Node_1,1.16507136E+03
4.90000000E-04,voltage,Node_2,-3.74695393E+02
4.90000000E-04,i1,Line_1_e1,9.59209489E-05
4.90000000E-04,i2,Line_1_e1,1.14074820E+01
4.90500000E-04,injectedCurrent,Node_1,8.36553862E-05
4.90500000E-04,voltage,Node_1,-8.62291779E+02
4.90500000E-04,voltage,Node_2,7.15750670E+02
4.90500000E-04,i1,Line_1_e1,8.36553851E-05
4.90500000E-04,i2,Line_1_e1,-1.15652215E+01
4.91000000E-04,injectedCurrent,Node_1,7.29047655E-05
4.91000000E-04,voltage,Node_1,1.21145544E+03
4.91000000E-04,voltage,Node_2,-4.00576315E+02
4.91000000E-04,i1,Line_1_e1,7.29047722E-05
4.91000000E-04,i2,Line_1_e1,1.19442552E+01
4.91500000E-04,injectedCurrent,Node_1,6.34891241E-05
4.91500000E-04,voltage,Node_1,-9.12960169E+02
4.91500000E-04,voltage,Node_2,7.41195074E+02
4.91500000E-04,i1,Line_1_e1,6.34891275E-05
4.91500000E-04,i2,Line_1_e1,-1.21303891E+01
4.92000000E-04,injectedCurrent,Node_1,5.52489514E-05
4.92000000E-04,voltage,Node_1,1.26369177E+03
4.92000000E-04,voltage,Node_2,-4.29978061E+02
4.92000000E-04,i1,Line_1_e1,5.52489538E-05
4.92000000E-04,i2,Line_1_e1,1.25439104E+01
4.92500000E-04,injectedCurrent,Node_1,4.80429767E-05
4.92500000E-04,voltage,Node_1,-9.68564572E+02
4.92500000E-04,voltage,Node_2,7.69431418E+02
4.92500000E-04,i1,Line_1_e1,4.80429748E-05
4.92500000E-04,i2,Line_1_e1,-1.27525655E+01
4.93000000E-04,injectedCurrent,Node_1,4.17461875E-05
4.93000000E-04,voltage,Node_1,1.31990227E+03
4.93000000E-04,voltage,Node_2,-4.59871341E+02
4.93000000E-04,i1,Line_1_e1,4.17461907E-05
4.93000000E-04,i2,Line_1_e1,1.31926962E+01
4.93500000E-04,injectedCurrent,Node_1,3.62480505E-05
4.93500000E-04,voltage,Node_1,-1.03060775E+03
4.93500000E-04,voltage,Node_2,8.01697168E+02
4.93500000E-04,i1,Line_1_e1,3.62480517E-05
4.93500000E-04,i2,Line_1_e1,-1.34457376E+01
4.94000000E-04,injectedCurrent,Node_1,3.14509158E-05
4.94000000E-04,voltage,Node_1,1.38374498E+03
4.94000000E-04,voltage,Node_2,-4.96474314E+02
4.94000000E-04,i1,Line_1_e1,3.14509194E-05
4.94000000E-04,i2,Line_1_e1,1.39241327E+01
4.94500000E-04,injectedCurrent,Node_1,2.72685867E-05
4.94500000E-04,voltage,Node_1,-1.09826679E+03
4.94500000E-04,voltage,Node_2,8.36776700E+02
4.94500000E-04,i1,Line_1_e1,2.72685866E-05
4.94500000E-04,i2,Line_1_e1,-1.42071174E+01
4.95000000E-04,injectedCurrent,Node_1,2.36250393E-05
4.95000000E-04,voltage,Node_1,1.45388797E+03
4.95000000E-04,voltage,Node_2,-5.34368079E+02
4.95000000E-04,i1,Line_1_e1,2.36250454E-05
4.95000000E-04,i2,Line_1_e1,1.47293962E+01
4.95500000E-04,injectedCurrent,Node_1,2.04532777E-05
4.95500000E-04,voltage,Node_1,-1.17529758E+03
4.95500000E-04,voltage,Node_2,8.78100814E+02
4.95500000E-04,i1,Line_1_e1,2.04532830E-05
4.95500000E-04,i2,Line_1_e1,-1.50713901E+01
4.96000000E-04,injectedCurrent,Node_1,1.76943104E-05
4.96000000E-04,voltage,Node_1,1.53405334E+03
4.96000000E-04,voltage,Node_2,-5.79866768E+02
4.96000000E-04,i1,Line_1_e1,1.76943187E-05
4.96000000E-04,i2,Line_1_e1,1.56441264E+01
4.96500000E-04,injectedCurrent,Node_1,1.52962373E-05
4.96500000E-04,voltage,Node_1,-1.26032816E+03
4.96500000E-04,voltage,Node_2,9.21507995E+02
4.96500000E-04,i1,Line_1_e1,1.52962438E-05
4.96500000E-04,i2,Line_1_e1,-1.60317681E+01
4.97000000E-04,injectedCurrent,Node_1,1.32134346E-05
4.97000000E-04,voltage,Node_1,1.62328172E+03
4.97000000E-04,voltage,Node_2,-6.25630875E+02
4.97000000E-04,i1,Line_1_e1,1.32134424E-05
4.97000000E-04,i2,Line_1_e1,1.66654240E+01
4.97500000E-04,injectedCurrent,Node_1,1.14058290E-05
4.97500000E-04,voltage,Node_1,-1.35799165E+03
4.97500000E-04,voltage,Node_2,9.72139287E+02
4.97500000E-04,i1,Line_1_e1,1.14058299E-05
4.97500000E-04,i2,Line_1_e1,-1.71328848E+01
4.98000000E-04,injectedCurrent,Node_1,9.83825134E-06
4.98000000E-04,voltage,Node_1,1.72712928E+03
4.98000000E-04,voltage,Node_2,-6.84938738E+02
4.98000000E-04,i1,Line_1_e1,9.83825288E-06
4.98000000E-04,i2,Line_1_e1,1.78463094E+01
4.98500000E-04,injectedCurrent,Node_1,8.47986212E-06
4.98500000E-04,voltage,Node_1,-1.46925468E+03
4.98500000E-04,voltage,Node_2,1.03369814E+03
4.98500000E-04,i1,Line_1_e1,8.47986286E-06
4.98500000E-04,i2,Line_1_e1,-1.83892941E+01
4.99000000E-04,injectedCurrent,Node_1,7.30364044E-06
4.99000000E-04,voltage,Node_1,1.84441039E+03
4.99000000E-04,voltage,Node_2,-7.48258209E+02
4.99000000E-04,i1,Line_1_e1,7.30364610E-06
4.99000000E-04,i2,Line_1_e1,1.91859593E+01
4.99500000E-04,injectedCurrent,Node_1,6.28593077E-06
4.99500000E-04,voltage,Node_1,-1.59674833E+03
4.99500000E-04,voltage,Node_2,1.09787379E+03
4.99500000E-04,i1,Line_1_e1,6.28593500E-06
4.99500000E-04,i2,Line_1_e1,-1.98341549E+01
5.00000000E-04,injectedCurrent,Node_1,5.40604078E-06
5.00000000E-04,voltage,Node_1,1.98209635E+03
5.00000000E-04,voltage,Node_2,-8.20472791E+02
5.00000000E-04,i1,Line_1_e1,5.40604390E-06
5.00000000E-04,i2,Line_1_e1,2.07552520E+01
5.00500000E-04,injectedCurrent,Node_1,4.64588503E-06
5.00500000E-04,voltage,Node_1,-1.74784320E+03
5.00500000E-04,voltage,Node_2,1.17857186E+03
5.00500000E-04,i1,Line_1_e1,4.64588760E-06
5.00500000E-04,i2,Line_1_e1,-2.15409410E+01
5.01000000E-04,injectedCurrent,Node_1,3.98966947E-06
5.01000000E-04,voltage,Node_1,2.14508873E+03
5.01000000E-04,voltage,Node_2,-9.11492135E+02
5.01000000E-04,i1,Line_1_e1,3.98967552E-06
5.01000000E-04,i2,Line_1_e1,2.26086897E+01
5.01500000E-04,injectedCurrent,Node_1,3.42361247E-06
5.01500000E-04,voltage,Node_1,-1.92619239E+03
5.01500000E-04,voltage,Node_2,1.27442281E+03
5.01500000E-04,i1,Line_1_e1,3.42361761E-06
5.01500000E-04,i2,Line_1_e1,-2.35572318E+01
5.02000000E-04,injectedCurrent,Node_1,2.93569822E-06
5.02000000E-04,voltage,Node_1,2.33844823E+03
5.02000000E-04,voltage,Node_2,-1.01296856E+03
5.02000000E-04,i1,Line_1_e1,2.93570776E-06
5.02000000E-04,i2,Line_1_e1,2.48110358E+01
5.02500000E-04,injectedCurrent,Node_1,2.51545906E-06
5.02500000E-04,voltage,Node_1,-2.13985027E+03
5.02500000E-04,voltage,Node_2,1.38089743E+03
5.02500000E-04,i1,Line_1_e1,2.51546027E-06
5.02500000E-04,i2,Line_1_e1,-2.59777464E+01
5.03000000E-04,injectedCurrent,Node_1,2.15378347E-06
5.03000000E-04,voltage,Node_1,2.57315875E+03
5.03000000E-04,voltage,Node_2,-1.13252250E+03
5.03000000E-04,i1,Line_1_e1,2.15378941E-06
5.03000000E-04,i2,Line_1_e1,2.74862224E+01
5.03500000E-04,injectedCurrent,Node_1,1.84274684E-06
5.03500000E-04,voltage,Node_1,-2.40218041E+03
5.03500000E-04,voltage,Node_2,1.51773381E+03
5.03500000E-04,i1,Line_1_e1,1.84275228E-06
5.03500000E-04,i2,Line_1_e1,-2.89520274E+01
5.04000000E-04,injectedCurrent,Node_1,1.57546250E-06
5.04000000E-04,voltage,Node_1,2.86499069E+03
5.04000000E-04,voltage,Node_2,-1.29382559E+03
5.04000000E-04,i1,Line_1_e1,1.57547089E-06
5.04000000E-04,i2,Line_1_e1,3.08113242E+01
5.04500000E-04,injectedCurrent,Node_1,1.34595065E-06
5.04500000E-04,voltage,Node_1,-2.73201566E+03
5.04500000E-04,voltage,Node_2,1.70186383E+03
5.04500000E-04,i1,Line_1_e1,1.34595825E-06
5.04500000E-04,i2,Line_1_e1,-3.26937467E+01
5.05000000E-04,injectedCurrent,Node_1,1.14902317E-06
5.05000000E-04,voltage,Node_1,3.23722896E+03
5.05000000E-04,voltage,Node_2,-1.50151475E+03
5.05000000E-04,i1,Line_1_e1,1.14903025E-06
5.05000000E-04,i2,Line_1_e1,3.50513084E+01
5.05500000E-04,injectedCurrent,Node_1,9.80182466E-07
5.05500000E-04,voltage,Node_1,-3.15876447E+03
5.05500000E-04,voltage,Node_2,1.92991639E+03
5.05500000E-04,i1,Line_1_e1,9.80187451E-07
5.05500000E-04,i2,Line_1_e1,-3.75389035E+01
5.06000000E-04,injectedCurrent,Node_1,8.35532762E-07
5.06000000E-04,voltage,Node_1,3.72786819E+03
5.06000000E-04,voltage,Node_2,-1.75683465E+03
5.06000000E-04,i1,Line_1_e1,8.35536639E-07
5.06000000E-04,i2,Line_1_e1,4.06398847E+01
5.06500000E-04,injectedCurrent,Node_1,7.11702290E-07
5.06500000E-04,voltage,Node_1,-3.73225161E+03
5.06500000E-04,voltage,Node_2,2.22160333E+03
5.06500000E-04,i1,Line_1_e1,7.11699101E-07
5.06500000E-04,i2,Line_1_e1,-4.40570087E+01
5.07000000E-04,injectedCurrent,Node_1,6.05775192E-07
5.07000000E-04,voltage,Node_1,4.40362683E+03
5.07000000E-04,voltage,Node_2,-2.10505758E+03
5.07000000E-04,i1,Line_1_e1,6.05782930E-07
5.07000000E-04,i2,Line_1_e1,4.83394136E+01
5.07500000E-04,injectedCurrent,Node_1,5.15231924E-07
5.07500000E-04,voltage,Node_1,-4.54375210E+03
5.07500000E-04,voltage,Node_2,2.64511939E+03
5.07500000E-04,i1,Line_1_e1,5.15234149E-07
5.07500000E-04,i2,Line_1_e1,-5.32920499E+01
5.08000000E-04,injectedCurrent,Node_1,4.37897153E-07
5.08000000E-04,voltage,Node_1,5.39285646E+03
5.08000000E-04,voltage,Node_2,-2.62993910E+03
5.08000000E-04,i1,Line_1_e1,4.37902827E-07
5.08000000E-04,i2,Line_1_e1,5.96188633E+01
5.08500000E-04,injectedCurrent,Node_1,3.71894260E-07
5.08500000E-04,voltage,Node_1,-5.77965918E+03
5.08500000E-04,voltage,Node_2,3.29862769E+03
5.08500000E-04,i1,Line_1_e1,3.71898864E-07
5.08500000E-04,i2,Line_1_e1,-6.73795838E+01
5.09000000E-04,injectedCurrent,Node_1,3.15605632E-07
5.09000000E-04,voltage,Node_1,6.97719420E+03
5.09000000E-04,voltage,Node_2,-3.46070240E+03
5.09000000E-04,i1,Line_1_e1,3.15612908E-07
5.09000000E-04,i2,Line_1_e1,7.77092605E+01
5.09500000E-04,injectedCurrent,Node_1,2.67638048E-07
5.09500000E-04,voltage,Node_1,-7.88715837E+03
5.09500000E-04,voltage,Node_2,4.38595442E+03
5.09500000E-04,i1,Line_1_e1,2.67645589E-07
5.09500000E-04,i2,Line_1_e1,-9.14581249E+01
5.10000000E-04,injectedCurrent,Node_1,2.26792518E-07
5.10000000E-04,voltage,Node_1,9.91340401E+03
5.10000000E-04,voltage,Node_2,-4.95858494E+03
5.10000000E-04,i1,Line_1_e1,2.26803422E-07
5.10000000E-04,i2,Line_1_e1,1.11325828E+02
5.10500000E-04,injectedCurrent,Node_1,1.92038044E-07
5.10500000E-04,voltage,Node_1,-1.22617641E+04
5.10500000E-04,voltage,Node_2,6.58886897E+03
5.10500000E-04,i1,Line_1_e1,1.92040488E-07
5.10500000E-04,i2,Line_1_e1,-1.41647253E+02
5.11000000E-04,injectedCurrent,Node_1,1.62488801E-07
5.11000000E-04,voltage,Node_1,1.71110162E+04
5.11000000E-04,voltage,Node_2,-8.52223209E+03
5.11000000E-04,i1,Line_1_e1,1.62502090E-07
5.11000000E-04,i2,Line_1_e1,1.94230258E+02
5.11500000E-04,injectedCurrent,Node_1,1.37384307E-07
5.11500000E-04,voltage,Node_1,-2.62750288E+04
5.11500000E-04,voltage,Node_2,1.32865149E+04
5.11500000E-04,i1,Line_1_e1,1.37393840E-07
5.11500000E-04,i2,Line_1_e1,-3.04153708E+02
