time_s,quantity,id,value
0.00000000E+00,injectedCurrent,Node_1,0.00000000E+00
0.00000000E+00,voltage,Node_1,5.57931521E+04
0.00000000E+00,voltage,Node_2,-2.53445311E+04
0.00000000E+00,i1,Line_1_e1,1.01181286E-11
0.00000000E+00,i2,Line_1_e1,6.51210970E+02
5.00000000E-07,injectedCurrent,Node_1,2.26147332E+04
5.00000000E-07,voltage,Node_1,4.88179315E+05
5.00000000E-07,voltage,Node_2,1.31274079E+05
5.00000000E-07,i1,Line_1_e1,2.26147332E+04
5.00000000E-07,i2,Line_1_e1,-1.78062853E+04
1.00000000E-06,injectedCurrent,Node_1,2.90294452E+04
1.00000000E-06,voltage,Node_1,4.07047820E+05
1.00000000E-06,voltage,Node_2,3.48909386E+05
1.00000000E-06,i1,Line_1_e1,2.90294452E+04
1.00000000E-06,i2,Line_1_e1,-2.52939219E+04
1.50000000E-06,injectedCurrent,Node_1,3.07316046E+04
1.50000000E-06,voltage,Node_1,4.45042101E+05
1.50000000E-06,voltage,Node_2,3.84774305E+05
1.50000000E-06,i1,Line_1_e1,3.07316046E+04
1.50000000E-06,i2,Line_1_e1,-2.66560052E+04
2.00000000E-06,injectedCurrent,Node_1,3.10636755E+04
2.00000000E-06,voltage,Node_1,4.13238991E+05
2.00000000E-06,voltage,Node_2,4.21450112E+05
2.00000000E-06,i1,Line_1_e1,3.10636755E+04
2.00000000E-06,i2,Line_1_e1,-2.73941425E+04
2.50000000E-06,injectedCurrent,Node_1,3.09981923E+04
2.50000000E-06,voltage,Node_1,4.33754747E+05
2.50000000E-06,voltage,Node_2,4.15383909E+05
2.50000000E-06,i1,Line_1_e1,3.09981923E+04
2.50000000E-06,i2,Line_1_e1,-2.71258780E+04
3.00000000E-06,injectedCurrent,Node_1,3.08181210E+04
3.00000000E-06,voltage,Node_1,4.14276712E+05
3.00000000E-06,voltage,Node_2,4.26691646E+05
3.00000000E-06,i1,Line_1_e1,3.08181210E+04
3.00000000E-06,i2,Line_1_e1,-2.71830896E+04
3.50000000E-06,injectedCurrent,Node_1,3.06057877E+04
3.50000000E-06,voltage,Node_1,4.27320139E+05
3.50000000E-06,voltage,Node_2,4.17976794E+05
3.50000000E-06,i1,Line_1_e1,3.06057877E+04
3.50000000E-06,i2,Line_1_e1,-2.68342221E+04
4.00000000E-06,injectedCurrent,Node_1,3.03851397E+04
4.00000000E-06,voltage,Node_1,4.12545043E+05
4.00000000E-06,voltage,Node_2,4.23675342E+05
4.00000000E-06,i1,Line_1_e1,3.03851397E+04
4.00000000E-06,i2,Line_1_e1,-2.67872359E+04
4.50000000E-06,injectedCurrent,Node_1,3.01631382E+04
4.50000000E-06,voltage,Node_1,4.21550746E+05
4.50000000E-06,voltage,Node_2,4.15757745E+05
4.50000000E-06,i1,Line_1_e1,3.01631382E+04
4.50000000E-06,i2,Line_1_e1,-2.64671594E+04
5.00000000E-06,injectedCurrent,Node_1,2.99418024E+04
5.00000000E-06,voltage,Node_1,4.09331295E+05
5.00000000E-06,voltage,Node_2,4.19181533E+05
5.00000000E-06,i1,Line_1_e1,2.99418024E+04
5.00000000E-06,i2,Line_1_e1,-2.63858549E+04
5.50000000E-06,injectedCurrent,Node_1,2.97217134E+04
5.50000000E-06,voltage,Node_1,4.15897714E+05
5.50000000E-06,voltage,Node_2,4.12079759E+05
5.50000000E-06,i1,Line_1_e1,2.97217134E+04
5.50000000E-06,i2,Line_1_e1,-2.60917133E+04
6.00000000E-06,injectedCurrent,Node_1,2.95030340E+04
6.00000000E-06,voltage,Node_1,4.05322698E+05
6.00000000E-06,voltage,Node_2,4.14215426E+05
6.00000000E-06,i1,Line_1_e1,2.95030340E+04
6.00000000E-06,i2,Line_1_e1,-2.59918901E+04
6.50000000E-06,injectedCurrent,Node_1,2.92858054E+04
6.50000000E-06,voltage,Node_1,4.10278683E+05
6.50000000E-06,voltage,Node_2,4.07736596E+05
6.50000000E-06,i1,Line_1_e1,2.92858054E+04
6.50000000E-06,i2,Line_1_e1,-2.57167757E+04
7.00000000E-06,injectedCurrent,Node_1,2.90700332E+04
7.00000000E-06,voltage,Node_1,4.00862194E+05
7.00000000E-06,voltage,Node_2,4.09032564E+05
7.00000000E-06,i1,Line_1_e1,2.90700332E+04
7.00000000E-06,i2,Line_1_e1,-2.56051799E+04
7.50000000E-06,injectedCurrent,Node_1,2.88557130E+04
7.50000000E-06,voltage,Node_1,4.04683687E+05
7.50000000E-06,voltage,Node_2,4.03031730E+05
7.50000000E-06,i1,Line_1_e1,2.88557130E+04
7.50000000E-06,i2,Line_1_e1,-2.53445160E+04
8.00000000E-06,injectedCurrent,Node_1,2.86428372E+04
8.00000000E-06,voltage,Node_1,3.96132719E+05
8.00000000E-06,voltage,Node_2,4.03739161E+05
8.00000000E-06,i1,Line_1_e1,2.86428372E+04
8.00000000E-06,i2,Line_1_e1,-2.52249901E+04
8.50000000E-06,injectedCurrent,Node_1,2.84313976E+04
8.50000000E-06,voltage,Node_1,3.99116454E+05
8.50000000E-06,voltage,Node_2,3.98116746E+05
8.50000000E-06,i1,Line_1_e1,2.84313976E+04
8.50000000E-06,i2,Line_1_e1,-2.49758204E+04
9.00000000E-06,injectedCurrent,Node_1,2.82213856E+04
9.00000000E-06,voltage,Node_1,3.91240035E+05
9.00000000E-06,voltage,Node_2,3.98392098E+05
9.00000000E-06,i1,Line_1_e1,2.82213856E+04
9.00000000E-06,i2,Line_1_e1,-2.48508132E+04
9.50000000E-06,injectedCurrent,Node_1,2.80127926E+04
9.50000000E-06,voltage,Node_1,3.93583029E+05
9.50000000E-06,voltage,Node_2,3.93078214E+05
9.50000000E-06,i1,Line_1_e1,2.80127926E+04
9.50000000E-06,i2,Line_1_e1,-2.46111378E+04
1.00000000E-05,injectedCurrent,Node_1,2.78056102E+04
1.00000000E-05,voltage,Node_1,3.86249568E+05
1.00000000E-05,voltage,Node_2,3.93025732E+05
1.00000000E-05,i1,Line_1_e1,2.78056102E+04
1.00000000E-05,i2,Line_1_e1,-2.44823089E+04
1.05000000E-05,injectedCurrent,Node_1,2.75998299E+04
1.05000000E-05,voltage,Node_1,3.88089122E+05
1.05000000E-05,voltage,Node_2,3.87969715E+05
1.05000000E-05,i1,Line_1_e1,2.75998299E+04
1.05000000E-05,i2,Line_1_e1,-2.42507122E+04
1.10000000E-05,injectedCurrent,Node_1,2.73954432E+04
1.10000000E-05,voltage,Node_1,3.81204006E+05
1.10000000E-05,voltage,Node_2,3.87662325E+05
1.10000000E-05,i1,Line_1_e1,2.73954432E+04
1.10000000E-05,i2,Line_1_e1,-2.41192363E+04
1.15000000E-05,injectedCurrent,Node_1,2.71924416E+04
1.15000000E-05,voltage,Node_1,3.82639528E+05
1.15000000E-05,voltage,Node_2,3.82826326E+05
1.15000000E-05,i1,Line_1_e1,2.71924416E+04
1.15000000E-05,i2,Line_1_e1,-2.38946771E+04
1.20000000E-05,injectedCurrent,Node_1,2.69908169E+04
1.20000000E-05,voltage,Node_1,3.76132390E+05
1.20000000E-05,voltage,Node_2,3.82317002E+05
1.20000000E-05,i1,Line_1_e1,2.69908169E+04
1.20000000E-05,i2,Line_1_e1,-2.37614138E+04
1.25000000E-05,injectedCurrent,Node_1,2.67905607E+04
1.25000000E-05,voltage,Node_1,3.77238100E+05
1.25000000E-05,voltage,Node_2,3.77672006E+05
1.25000000E-05,i1,Line_1_e1,2.67905607E+04
1.25000000E-05,i2,Line_1_e1,-2.35431024E+04
1.30000000E-05,injectedCurrent,Node_1,2.65916646E+04
1.30000000E-05,voltage,Node_1,3.71055144E+05
1.30000000E-05,voltage,Node_2,3.77000398E+05
1.30000000E-05,i1,Line_1_e1,2.65916646E+04
1.30000000E-05,i2,Line_1_e1,-2.34086975E+04
1.35000000E-05,injectedCurrent,Node_1,2.63941206E+04
1.35000000E-05,voltage,Node_1,3.71887877E+05
1.35000000E-05,voltage,Node_2,3.72523661E+05
1.35000000E-05,i1,Line_1_e1,2.63941206E+04
1.35000000E-05,i2,Line_1_e1,-2.31960186E+04
1.40000000E-05,injectedCurrent,Node_1,2.61979203E+04
1.40000000E-05,voltage,Node_1,3.65987020E+05
1.40000000E-05,voltage,Node_2,3.71720190E+05
1.40000000E-05,i1,Line_1_e1,2.61979203E+04
1.40000000E-05,i2,Line_1_e1,-2.30609677E+04
1.45000000E-05,injectedCurrent,Node_1,2.60030556E+04
1.45000000E-05,voltage,Node_1,3.66591227E+05
1.45000000E-05,voltage,Node_2,3.67393538E+05
1.45000000E-05,i1,Line_1_e1,2.60030556E+04
1.45000000E-05,i2,Line_1_e1,-2.28534315E+04
1.50000000E-05,injectedCurrent,Node_1,2.58095184E+04
1.50000000E-05,voltage,Node_1,3.60938898E+05
1.50000000E-05,voltage,Node_2,3.66482022E+05
1.50000000E-05,i1,Line_1_e1,2.58095184E+04
1.50000000E-05,i2,Line_1_e1,-2.27181218E+04
1.55000000E-05,injectedCurrent,Node_1,2.56173007E+04
1.55000000E-05,voltage,Node_1,3.61349972E+05
1.55000000E-05,voltage,Node_2,3.62290685E+05
1.55000000E-05,i1,Line_1_e1,2.56173007E+04
1.55000000E-05,i2,Line_1_e1,-2.25153304E+04
1.60000000E-05,injectedCurrent,Node_1,2.54263943E+04
1.60000000E-05,voltage,Node_1,3.55918945E+05
1.60000000E-05,voltage,Node_2,3.61290100E+05
1.60000000E-05,i1,Line_1_e1,2.54263943E+04
1.60000000E-05,i2,Line_1_e1,-2.23800687E+04
1.65000000E-05,injectedCurrent,Node_1,2.52367913E+04
1.65000000E-05,voltage,Node_1,3.56165503E+05
1.65000000E-05,voltage,Node_2,3.57221897E+05
1.65000000E-05,i1,Line_1_e1,2.52367913E+04
1.65000000E-05,i2,Line_1_e1,-2.21816934E+04
1.70000000E-05,injectedCurrent,Node_1,2.50484837E+04
1.70000000E-05,voltage,Node_1,3.50933367E+05
1.70000000E-05,voltage,Node_2,3.56147586E+05
1.70000000E-05,i1,Line_1_e1,2.50484837E+04
1.70000000E-05,i2,Line_1_e1,-2.20467258E+04
1.75000000E-05,injectedCurrent,Node_1,2.48614637E+04
1.75000000E-05,voltage,Node_1,3.51038857E+05
1.75000000E-05,voltage,Node_2,3.52192340E+05
1.75000000E-05,i1,Line_1_e1,2.48614637E+04
1.75000000E-05,i2,Line_1_e1,-2.18524911E+04
1.80000000E-05,injectedCurrent,Node_1,2.46757233E+04
1.80000000E-05,voltage,Node_1,3.45986932E+05
1.80000000E-05,voltage,Node_2,3.51056863E+05
1.80000000E-05,i1,Line_1_e1,2.46757233E+04
1.80000000E-05,i2,Line_1_e1,-2.17180169E+04
1.85000000E-05,injectedCurrent,Node_1,2.44912548E+04
1.85000000E-05,voltage,Node_1,3.45970790E+05
1.85000000E-05,voltage,Node_2,3.47205971E+05
1.85000000E-05,i1,Line_1_e1,2.44912548E+04
1.85000000E-05,i2,Line_1_e1,-2.15276886E+04
1.90000000E-05,injectedCurrent,Node_1,2.43080503E+04
1.90000000E-05,voltage,Node_1,3.41083328E+05
1.90000000E-05,voltage,Node_2,3.46019729E+05
1.90000000E-05,i1,Line_1_e1,2.43080503E+04
1.90000000E-05,i2,Line_1_e1,-2.13938704E+04
1.95000000E-05,injectedCurrent,Node_1,2.41261021E+04
1.95000000E-05,voltage,Node_1,3.40961830E+05
1.95000000E-05,voltage,Node_2,3.42265843E+05
1.95000000E-05,i1,Line_1_e1,2.41261021E+04
1.95000000E-05,i2,Line_1_e1,-2.12072474E+04
2.00000000E-05,injectedCurrent,Node_1,2.39454025E+04
2.00000000E-05,voltage,Node_1,3.36225417E+05
2.00000000E-05,voltage,Node_2,3.41037528E+05
2.00000000E-05,i1,Line_1_e1,2.39454025E+04
2.00000000E-05,i2,Line_1_e1,-2.10742188E+04
2.05000000E-05,injectedCurrent,Node_1,2.37659438E+04
2.05000000E-05,voltage,Node_1,3.36012315E+05
2.05000000E-05,voltage,Node_2,3.37374310E+05
2.05000000E-05,i1,Line_1_e1,2.37659438E+04
2.05000000E-05,i2,Line_1_e1,-2.08911259E+04
2.10000000E-05,injectedCurrent,Node_1,2.35877183E+04
2.10000000E-05,voltage,Node_1,3.31415426E+05
2.10000000E-05,voltage,Node_2,3.36111252E+05
2.10000000E-05,i1,Line_1_e1,2.35877183E+04
2.10000000E-05,i2,Line_1_e1,-2.07589975E+04
2.15000000E-05,injectedCurrent,Node_1,2.34107186E+04
2.15000000E-05,voltage,Node_1,3.31122435E+05
2.15000000E-05,voltage,Node_2,3.32533188E+05
2.15000000E-05,i1,Line_1_e1,2.34107186E+04
2.15000000E-05,i2,Line_1_e1,-2.05792810E+04
2.20000000E-05,injectedCurrent,Node_1,2.32349370E+04
2.20000000E-05,voltage,Node_1,3.26655078E+05
2.20000000E-05,voltage,Node_2,3.31241611E+05
2.20000000E-05,i1,Line_1_e1,2.32349370E+04
2.20000000E-05,i2,Line_1_e1,-2.04481441E+04
2.25000000E-05,injectedCurrent,Node_1,2.30603661E+04
2.25000000E-05,voltage,Node_1,3.26292248E+05
2.25000000E-05,voltage,Node_2,3.27743870E+05
2.25000000E-05,i1,Line_1_e1,2.30603661E+04
2.25000000E-05,i2,Line_1_e1,-2.02716679E+04
2.30000000E-05,injectedCurrent,Node_1,2.28869983E+04
2.30000000E-05,voltage,Node_1,3.21945704E+05
2.30000000E-05,voltage,Node_2,3.26429095E+05
2.30000000E-05,i1,Line_1_e1,2.28869983E+04
2.30000000E-05,i2,Line_1_e1,-2.01415985E+04
2.35000000E-05,injectedCurrent,Node_1,2.27148263E+04
2.35000000E-05,voltage,Node_1,3.21521713E+05
2.35000000E-05,voltage,Node_2,3.23007409E+05
2.35000000E-05,i1,Line_1_e1,2.27148263E+04
2.35000000E-05,i2,Line_1_e1,-1.99682411E+04
2.40000000E-05,injectedCurrent,Node_1,2.25438425E+04
2.40000000E-05,voltage,Node_1,3.17288314E+05
2.40000000E-05,voltage,Node_2,3.21674012E+05
2.40000000E-05,i1,Line_1_e1,2.25438425E+04
2.40000000E-05,i2,Line_1_e1,-1.98393024E+04
2.45000000E-05,injectedCurrent,Node_1,2.23740398E+04
2.45000000E-05,voltage,Node_1,3.16810698E+05
2.45000000E-05,voltage,Node_2,3.18324587E+05
2.45000000E-05,i1,Line_1_e1,2.23740398E+04
2.45000000E-05,i2,Line_1_e1,-1.96689543E+04
2.50000000E-05,injectedCurrent,Node_1,2.22054108E+04
2.50000000E-05,voltage,Node_1,3.12683663E+05
2.50000000E-05,voltage,Node_2,3.16976523E+05
2.50000000E-05,i1,Line_1_e1,2.22054108E+04
2.50000000E-05,i2,Line_1_e1,-1.95411987E+04
2.55000000E-05,injectedCurrent,Node_1,2.20379481E+04
2.55000000E-05,voltage,Node_1,3.12159002E+05
2.55000000E-05,voltage,Node_2,3.13695966E+05
2.55000000E-05,i1,Line_1_e1,2.20379481E+04
2.55000000E-05,i2,Line_1_e1,-1.93737607E+04
2.60000000E-05,injectedCurrent,Node_1,2.18716446E+04
2.60000000E-05,voltage,Node_1,3.08132294E+05
2.60000000E-05,voltage,Node_2,3.12336672E+05
2.60000000E-05,i1,Line_1_e1,2.18716446E+04
2.60000000E-05,i2,Line_1_e1,-1.92472319E+04
2.65000000E-05,injectedCurrent,Node_1,2.17064930E+04
2.65000000E-05,voltage,Node_1,3.07566359E+05
2.65000000E-05,voltage,Node_2,3.09121930E+05
2.65000000E-05,i1,Line_1_e1,2.17064930E+04
2.65000000E-05,i2,Line_1_e1,-1.90826136E+04
2.70000000E-05,injectedCurrent,Node_1,2.15424863E+04
2.70000000E-05,voltage,Node_1,3.03634580E+05
2.70000000E-05,voltage,Node_2,3.07754400E+05
2.70000000E-05,i1,Line_1_e1,2.15424863E+04
2.70000000E-05,i2,Line_1_e1,-1.89573475E+04
2.75000000E-05,injectedCurrent,Node_1,2.13796172E+04
2.75000000E-05,voltage,Node_1,3.03032456E+05
2.75000000E-05,voltage,Node_2,3.04602713E+05
2.75000000E-05,i1,Line_1_e1,2.13796172E+04
2.75000000E-05,i2,Line_1_e1,-1.87954660E+04
2.80000000E-05,injectedCurrent,Node_1,2.12178787E+04
2.80000000E-05,voltage,Node_1,2.99190751E+05
2.80000000E-05,voltage,Node_2,3.03229568E+05
2.80000000E-05,i1,Line_1_e1,2.12178787E+04
2.80000000E-05,i2,Line_1_e1,-1.86714921E+04
2.85000000E-05,injectedCurrent,Node_1,2.10572637E+04
2.85000000E-05,voltage,Node_1,2.98556934E+05
2.85000000E-05,voltage,Node_2,3.00138427E+05
2.85000000E-05,i1,Line_1_e1,2.10572637E+04
2.85000000E-05,i2,Line_1_e1,-1.85122708E+04
2.90000000E-05,injectedCurrent,Node_1,2.08977653E+04
2.90000000E-05,voltage,Node_1,2.94800920E+05
2.90000000E-05,voltage,Node_2,2.98761969E+05
2.90000000E-05,i1,Line_1_e1,2.08977653E+04
2.90000000E-05,i2,Line_1_e1,-1.83896132E+04
2.95000000E-05,injectedCurrent,Node_1,2.07393763E+04
2.95000000E-05,voltage,Node_1,2.94139401E+05
2.95000000E-05,voltage,Node_2,2.95729083E+05
2.95000000E-05,i1,Line_1_e1,2.07393763E+04
2.95000000E-05,i2,Line_1_e1,-1.82329813E+04
3.00000000E-05,injectedCurrent,Node_1,2.05820901E+04
3.00000000E-05,voltage,Node_1,2.90465098E+05
3.00000000E-05,voltage,Node_2,2.94351338E+05
3.00000000E-05,i1,Line_1_e1,2.05820901E+04
3.00000000E-05,i2,Line_1_e1,-1.81116594E+04
3.05000000E-05,injectedCurrent,Node_1,2.04258995E+04
3.05000000E-05,voltage,Node_1,2.89779430E+05
3.05000000E-05,voltage,Node_2,2.91374606E+05
3.05000000E-05,i1,Line_1_e1,2.04258995E+04
3.05000000E-05,i2,Line_1_e1,-1.79575507E+04
3.10000000E-05,injectedCurrent,Node_1,2.02707977E+04
3.10000000E-05,voltage,Node_1,2.86183215E+05
3.10000000E-05,voltage,Node_2,2.89997362E+05
3.10000000E-05,i1,Line_1_e1,2.02707977E+04
3.10000000E-05,i2,Line_1_e1,-1.78375798E+04
3.15000000E-05,injectedCurrent,Node_1,2.01167780E+04
3.15000000E-05,voltage,Node_1,2.85476574E+05
3.15000000E-05,voltage,Node_2,2.87074850E+05
3.15000000E-05,i1,Line_1_e1,2.01167780E+04
3.15000000E-05,i2,Line_1_e1,-1.76859327E+04
3.20000000E-05,injectedCurrent,Node_1,1.99638336E+04
3.20000000E-05,voltage,Node_1,2.81955133E+05
3.20000000E-05,voltage,Node_2,2.85699688E+05
3.20000000E-05,i1,Line_1_e1,1.99638336E+04
3.20000000E-05,i2,Line_1_e1,-1.75673246E+04
3.25000000E-05,injectedCurrent,Node_1,1.98119576E+04
3.25000000E-05,voltage,Node_1,2.81230359E+05
3.25000000E-05,voltage,Node_2,2.82829608E+05
3.25000000E-05,i1,Line_1_e1,1.98119576E+04
3.25000000E-05,i2,Line_1_e1,-1.74180810E+04
3.30000000E-05,injectedCurrent,Node_1,1.96611433E+04
3.30000000E-05,voltage,Node_1,2.77780651E+05
3.30000000E-05,voltage,Node_2,2.81457928E+05
3.30000000E-05,i1,Line_1_e1,1.96611433E+04
3.30000000E-05,i2,Line_1_e1,-1.73008445E+04
3.35000000E-05,injectedCurrent,Node_1,1.95113842E+04
3.35000000E-05,voltage,Node_1,2.77040295E+05
3.35000000E-05,voltage,Node_2,2.78638622E+05
3.35000000E-05,i1,Line_1_e1,1.95113842E+04
3.35000000E-05,i2,Line_1_e1,-1.71539498E+04
3.40000000E-05,injectedCurrent,Node_1,1.93626735E+04
3.40000000E-05,voltage,Node_1,2.73659520E+05
3.40000000E-05,voltage,Node_2,2.77271666E+05
3.40000000E-05,i1,Line_1_e1,1.93626735E+04
3.40000000E-05,i2,Line_1_e1,-1.70380909E+04
3.45000000E-05,injectedCurrent,Node_1,1.92150046E+04
3.45000000E-05,voltage,Node_1,2.72905878E+05
3.45000000E-05,voltage,Node_2,2.74501591E+05
3.45000000E-05,i1,Line_1_e1,1.92150046E+04
3.45000000E-05,i2,Line_1_e1,-1.68934936E+04
3.50000000E-05,injectedCurrent,Node_1,1.90683710E+04
3.50000000E-05,voltage,Node_1,2.69591448E+05
3.50000000E-05,voltage,Node_2,2.73140463E+05
3.50000000E-05,i1,Line_1_e1,1.90683710E+04
3.50000000E-05,i2,Line_1_e1,-1.67790160E+04
3.55000000E-05,injectedCurrent,Node_1,1.89227661E+04
3.55000000E-05,voltage,Node_1,2.68826589E+05
3.55000000E-05,voltage,Node_2,2.70418178E+05
3.55000000E-05,i1,Line_1_e1,1.89227661E+04
3.55000000E-05,i2,Line_1_e1,-1.66366670E+04
3.60000000E-05,injectedCurrent,Node_1,1.87781835E+04
3.60000000E-05,voltage,Node_1,2.65576108E+05
3.60000000E-05,voltage,Node_2,2.69063858E+05
3.60000000E-05,i1,Line_1_e1,1.87781835E+04
3.60000000E-05,i2,Line_1_e1,-1.65235725E+04
3.65000000E-05,injectedCurrent,Node_1,1.86346166E+04
3.65000000E-05,voltage,Node_1,2.64801899E+05
3.65000000E-05,voltage,Node_2,2.66388013E+05
3.65000000E-05,i1,Line_1_e1,1.86346166E+04
3.65000000E-05,i2,Line_1_e1,-1.63834254E+04
3.70000000E-05,injectedCurrent,Node_1,1.84920590E+04
3.70000000E-05,voltage,Node_1,2.61613140E+05
3.70000000E-05,voltage,Node_2,2.65041373E+05
3.70000000E-05,i1,Line_1_e1,1.84920590E+04
3.70000000E-05,i2,Line_1_e1,-1.62717139E+04
3.75000000E-05,injectedCurrent,Node_1,1.83505043E+04
3.75000000E-05,voltage,Node_1,2.60831272E+05
3.75000000E-05,voltage,Node_2,2.62410703E+05
3.75000000E-05,i1,Line_1_e1,1.83505043E+04
3.75000000E-05,i2,Line_1_e1,-1.61337242E+04
3.80000000E-05,injectedCurrent,Node_1,1.82099462E+04
3.80000000E-05,voltage,Node_1,2.57702159E+05
3.80000000E-05,voltage,Node_2,2.61072517E+05
3.80000000E-05,i1,Line_1_e1,1.82099462E+04
3.80000000E-05,i2,Line_1_e1,-1.60233942E+04
3.85000000E-05,injectedCurrent,Node_1,1.80703784E+04
3.85000000E-05,voltage,Node_1,2.56914164E+05
3.85000000E-05,voltage,Node_2,2.58485829E+05
3.85000000E-05,i1,Line_1_e1,1.80703784E+04
3.85000000E-05,i2,Line_1_e1,-1.58875194E+04
3.90000000E-05,injectedCurrent,Node_1,1.79317945E+04
3.90000000E-05,voltage,Node_1,2.53842758E+05
3.90000000E-05,voltage,Node_2,2.57156787E+05
3.90000000E-05,i1,Line_1_e1,1.79317945E+04
3.90000000E-05,i2,Line_1_e1,-1.57785679E+04
3.95000000E-05,injectedCurrent,Node_1,1.77941883E+04
3.95000000E-05,voltage,Node_1,2.53050024E+05
3.95000000E-05,voltage,Node_2,2.54612954E+05
3.95000000E-05,i1,Line_1_e1,1.77941883E+04
3.95000000E-05,i2,Line_1_e1,-1.56447674E+04
4.00000000E-05,injectedCurrent,Node_1,1.76575536E+04
4.00000000E-05,voltage,Node_1,2.50034511E+05
4.00000000E-05,voltage,Node_2,2.53293668E+05
4.00000000E-05,i1,Line_1_e1,1.76575536E+04
4.00000000E-05,i2,Line_1_e1,-1.55371901E+04
4.05000000E-05,injectedCurrent,Node_1,1.75218841E+04
4.05000000E-05,voltage,Node_1,2.49238298E+05
4.05000000E-05,voltage,Node_2,2.50791626E+05
4.05000000E-05,i1,Line_1_e1,1.75218841E+04
4.05000000E-05,i2,Line_1_e1,-1.54054250E+04
4.10000000E-05,injectedCurrent,Node_1,1.73871738E+04
4.10000000E-05,voltage,Node_1,2.46276974E+05
4.10000000E-05,voltage,Node_2,2.49482639E+05
4.10000000E-05,i1,Line_1_e1,1.73871738E+04
4.10000000E-05,i2,Line_1_e1,-1.52992166E+04
4.15000000E-05,injectedCurrent,Node_1,1.72534165E+04
4.15000000E-05,voltage,Node_1,2.45478430E+05
4.15000000E-05,voltage,Node_2,2.47021379E+05
4.15000000E-05,i1,Line_1_e1,1.72534165E+04
4.15000000E-05,i2,Line_1_e1,-1.51694493E+04
4.20000000E-05,injectedCurrent,Node_1,1.71206061E+04
4.20000000E-05,voltage,Node_1,2.42569692E+05
4.20000000E-05,voltage,Node_2,2.45723172E+05
4.20000000E-05,i1,Line_1_e1,1.71206061E+04
4.20000000E-05,i2,Line_1_e1,-1.50646035E+04
4.25000000E-05,injectedCurrent,Node_1,1.69887366E+04
4.25000000E-05,voltage,Node_1,2.41769859E+05
4.25000000E-05,voltage,Node_2,2.43301734E+05
4.25000000E-05,i1,Line_1_e1,1.69887366E+04
4.25000000E-05,i2,Line_1_e1,-1.49367978E+04
4.30000000E-05,injectedCurrent,Node_1,1.68578020E+04
4.30000000E-05,voltage,Node_1,2.38912198E+05
4.30000000E-05,voltage,Node_2,2.42014735E+05
4.30000000E-05,i1,Line_1_e1,1.68578020E+04
4.30000000E-05,i2,Line_1_e1,-1.48333076E+04
4.35000000E-05,injectedCurrent,Node_1,1.67277962E+04
4.35000000E-05,voltage,Node_1,2.38112025E+05
4.35000000E-05,voltage,Node_2,2.39632206E+05
4.35000000E-05,i1,Line_1_e1,1.67277962E+04
4.35000000E-05,i2,Line_1_e1,-1.47074288E+04
4.40000000E-05,injectedCurrent,Node_1,1.65987133E+04
4.40000000E-05,voltage,Node_1,2.35304013E+05
4.40000000E-05,voltage,Node_2,2.38356790E+05
4.40000000E-05,i1,Line_1_e1,1.65987133E+04
4.40000000E-05,i2,Line_1_e1,-1.46052863E+04
4.45000000E-05,injectedCurrent,Node_1,1.64705474E+04
4.45000000E-05,voltage,Node_1,2.34504366E+05
4.45000000E-05,voltage,Node_2,2.36012298E+05
4.45000000E-05,i1,Line_1_e1,1.64705474E+04
4.45000000E-05,i2,Line_1_e1,-1.44813005E+04
4.50000000E-05,injectedCurrent,Node_1,1.63432926E+04
4.50000000E-05,voltage,Node_1,2.31744654E+05
4.50000000E-05,voltage,Node_2,2.34748796E+05
4.50000000E-05,i1,Line_1_e1,1.63432926E+04
4.50000000E-05,i2,Line_1_e1,-1.43804972E+04
4.55000000E-05,injectedCurrent,Node_1,1.62169430E+04
4.55000000E-05,voltage,Node_1,2.30946320E+05
4.55000000E-05,voltage,Node_2,2.32441510E+05
4.55000000E-05,i1,Line_1_e1,1.62169430E+04
4.55000000E-05,i2,Line_1_e1,-1.42583719E+04
4.60000000E-05,injectedCurrent,Node_1,1.60914929E+04
4.60000000E-05,voltage,Node_1,2.28233629E+05
4.60000000E-05,voltage,Node_2,2.31190213E+05
4.60000000E-05,i1,Line_1_e1,1.60914929E+04
4.60000000E-05,i2,Line_1_e1,-1.41588987E+04
4.65000000E-05,injectedCurrent,Node_1,1.59669364E+04
4.65000000E-05,voltage,Node_1,2.27437327E+05
4.65000000E-05,voltage,Node_2,2.28919336E+05
4.65000000E-05,i1,Line_1_e1,1.59669364E+04
4.65000000E-05,i2,Line_1_e1,-1.40386022E+04
4.70000000E-05,injectedCurrent,Node_1,1.58432678E+04
4.70000000E-05,voltage,Node_1,2.24770442E+05
4.70000000E-05,voltage,Node_2,2.27680496E+05
4.70000000E-05,i1,Line_1_e1,1.58432678E+04
4.70000000E-05,i2,Line_1_e1,-1.39404496E+04
4.75000000E-05,injectedCurrent,Node_1,1.57204813E+04
4.75000000E-05,voltage,Node_1,2.23976825E+05
4.75000000E-05,voltage,Node_2,2.25445265E+05
4.75000000E-05,i1,Line_1_e1,1.57204813E+04
4.75000000E-05,i2,Line_1_e1,-1.38219512E+04
4.80000000E-05,injectedCurrent,Node_1,1.55985713E+04
4.80000000E-05,voltage,Node_1,2.21354591E+05
4.80000000E-05,voltage,Node_2,2.24219102E+05
4.80000000E-05,i1,Line_1_e1,1.55985713E+04
4.80000000E-05,i2,Line_1_e1,-1.37251091E+04
4.85000000E-05,injectedCurrent,Node_1,1.54775321E+04
4.85000000E-05,voltage,Node_1,2.20564257E+05
4.85000000E-05,voltage,Node_2,2.22018785E+05
4.85000000E-05,i1,Line_1_e1,1.54775321E+04
4.85000000E-05,i2,Line_1_e1,-1.36083790E+04
4.90000000E-05,injectedCurrent,Node_1,1.53573581E+04
4.90000000E-05,voltage,Node_1,2.17985573E+05
4.90000000E-05,voltage,Node_2,2.20805488E+05
4.90000000E-05,i1,Line_1_e1,1.53573581E+04
4.90000000E-05,i2,Line_1_e1,-1.35128370E+04
4.95000000E-05,injectedCurrent,Node_1,1.52380437E+04
4.95000000E-05,voltage,Node_1,2.17199066E+05
4.95000000E-05,voltage,Node_2,2.18639378E+05
4.95000000E-05,i1,Line_1_e1,1.52380437E+04
4.95000000E-05,i2,Line_1_e1,-1.33978462E+04
5.00000000E-05,injectedCurrent,Node_1,1.51195832E+04
5.00000000E-05,voltage,Node_1,2.14662882E+05
5.00000000E-05,voltage,Node_2,2.17439109E+05
5.00000000E-05,i1,Line_1_e1,1.51195832E+04
5.00000000E-05,i2,Line_1_e1,-1.33035935E+04
5.05000000E-05,injectedCurrent,Node_1,1.50019713E+04
5.05000000E-05,voltage,Node_1,2.13880697E+05
5.05000000E-05,voltage,Node_2,2.15306530E+05
5.05000000E-05,i1,Line_1_e1,1.50019713E+04
5.05000000E-05,i2,Line_1_e1,-1.31903138E+04
5.10000000E-05,injectedCurrent,Node_1,1.48852023E+04
5.10000000E-05,voltage,Node_1,2.11386010E+05
5.10000000E-05,voltage,Node_2,2.14119424E+05
5.10000000E-05,i1,Line_1_e1,1.48852023E+04
5.10000000E-05,i2,Line_1_e1,-1.30973392E+04
5.15000000E-05,injectedCurrent,Node_1,1.47692708E+04
5.15000000E-05,voltage,Node_1,2.10608598E+05
5.15000000E-05,voltage,Node_2,2.12019722E+05
5.15000000E-05,i1,Line_1_e1,1.47692708E+04
5.15000000E-05,i2,Line_1_e1,-1.29857432E+04
5.20000000E-05,injectedCurrent,Node_1,1.46541714E+04
5.20000000E-05,voltage,Node_1,2.08154449E+05
5.20000000E-05,voltage,Node_2,2.10845892E+05
5.20000000E-05,i1,Line_1_e1,1.46541714E+04
5.20000000E-05,i2,Line_1_e1,-1.28940353E+04
5.25000000E-05,injectedCurrent,Node_1,1.45398986E+04
5.25000000E-05,voltage,Node_1,2.07382221E+05
5.25000000E-05,voltage,Node_2,2.08778437E+05
5.25000000E-05,i1,Line_1_e1,1.45398986E+04
5.25000000E-05,i2,Line_1_e1,-1.27840961E+04
5.30000000E-05,injectedCurrent,Node_1,1.44264471E+04
5.30000000E-05,voltage,Node_1,2.04967691E+05
5.30000000E-05,voltage,Node_2,2.07617975E+05
5.30000000E-05,i1,Line_1_e1,1.44264471E+04
5.30000000E-05,i2,Line_1_e1,-1.26936435E+04
5.35000000E-05,injectedCurrent,Node_1,1.43138115E+04
5.35000000E-05,voltage,Node_1,2.04201019E+05
5.35000000E-05,voltage,Node_2,2.05582158E+05
5.35000000E-05,i1,Line_1_e1,1.43138115E+04
5.35000000E-05,i2,Line_1_e1,-1.25853350E+04
5.40000000E-05,injectedCurrent,Node_1,1.42019865E+04
5.40000000E-05,voltage,Node_1,2.01825227E+05
5.40000000E-05,voltage,Node_2,2.04435137E+05
5.40000000E-05,i1,Line_1_e1,1.42019865E+04
5.40000000E-05,i2,Line_1_e1,-1.24961257E+04
5.45000000E-05,injectedCurrent,Node_1,1.40909669E+04
5.45000000E-05,voltage,Node_1,2.01064450E+05
5.45000000E-05,voltage,Node_2,2.02430368E+05
5.45000000E-05,i1,Line_1_e1,1.40909669E+04
5.45000000E-05,i2,Line_1_e1,-1.23894224E+04
5.50000000E-05,injectedCurrent,Node_1,1.39807472E+04
5.50000000E-05,voltage,Node_1,1.98726550E+05
5.50000000E-05,voltage,Node_2,2.01296843E+05
5.50000000E-05,i1,Line_1_e1,1.39807472E+04
5.50000000E-05,i2,Line_1_e1,-1.23014445E+04
5.55000000E-05,injectedCurrent,Node_1,1.38713225E+04
5.55000000E-05,voltage,Node_1,1.97971974E+05
5.55000000E-05,voltage,Node_2,1.99322553E+05
5.55000000E-05,i1,Line_1_e1,1.38713225E+04
5.55000000E-05,i2,Line_1_e1,-1.21963214E+04
5.60000000E-05,injectedCurrent,Node_1,1.37626873E+04
5.60000000E-05,voltage,Node_1,1.95671153E+05
5.60000000E-05,voltage,Node_2,1.98202563E+05
5.60000000E-05,i1,Line_1_e1,1.37626873E+04
5.60000000E-05,i2,Line_1_e1,-1.21095628E+04
5.65000000E-05,injectedCurrent,Node_1,1.36548366E+04
5.65000000E-05,voltage,Node_1,1.94923057E+05
5.65000000E-05,voltage,Node_2,1.96258200E+05
5.65000000E-05,i1,Line_1_e1,1.36548366E+04
5.65000000E-05,i2,Line_1_e1,-1.20059955E+04
5.70000000E-05,injectedCurrent,Node_1,1.35477652E+04
5.70000000E-05,voltage,Node_1,1.92658531E+05
5.70000000E-05,voltage,Node_2,1.95151769E+05
5.70000000E-05,i1,Line_1_e1,1.35477652E+04
5.70000000E-05,i2,Line_1_e1,-1.19204439E+04
5.75000000E-05,injectedCurrent,Node_1,1.34414681E+04
5.75000000E-05,voltage,Node_1,1.91917165E+05
5.75000000E-05,voltage,Node_2,1.93236796E+05
5.75000000E-05,i1,Line_1_e1,1.34414681E+04
5.75000000E-05,i2,Line_1_e1,-1.18184086E+04
5.80000000E-05,injectedCurrent,Node_1,1.33359400E+04
5.80000000E-05,voltage,Node_1,1.89688183E+05
5.80000000E-05,voltage,Node_2,1.92143935E+05
5.80000000E-05,i1,Line_1_e1,1.33359400E+04
5.80000000E-05,i2,Line_1_e1,-1.17340516E+04
5.85000000E-05,injectedCurrent,Node_1,1.32311761E+04
5.85000000E-05,voltage,Node_1,1.88953773E+05
5.85000000E-05,voltage,Node_2,1.90257834E+05
5.85000000E-05,i1,Line_1_e1,1.32311761E+04
5.85000000E-05,i2,Line_1_e1,-1.16335249E+04
5.90000000E-05,injectedCurrent,Node_1,1.31271712E+04
5.90000000E-05,voltage,Node_1,1.86759607E+05
5.90000000E-05,voltage,Node_2,1.89178542E+05
5.90000000E-05,i1,Line_1_e1,1.31271712E+04
5.90000000E-05,i2,Line_1_e1,-1.15503501E+04
5.95000000E-05,injectedCurrent,Node_1,1.30239203E+04
5.95000000E-05,voltage,Node_1,1.86032356E+05
5.95000000E-05,voltage,Node_2,1.87320806E+05
5.95000000E-05,i1,Line_1_e1,1.30239203E+04
5.95000000E-05,i2,Line_1_e1,-1.14513092E+04
6.00000000E-05,injectedCurrent,Node_1,1.29214186E+04
6.00000000E-05,voltage,Node_1,1.83872305E+05
6.00000000E-05,voltage,Node_2,1.86255070E+05
6.00000000E-05,i1,Line_1_e1,1.29214186E+04
6.00000000E-05,i2,Line_1_e1,-1.13693042E+04
6.05000000E-05,injectedCurrent,Node_1,1.28196611E+04
6.05000000E-05,voltage,Node_1,1.83152395E+05
6.05000000E-05,voltage,Node_2,1.84425210E+05
6.05000000E-05,i1,Line_1_e1,1.28196611E+04
6.05000000E-05,i2,Line_1_e1,-1.12717266E+04
6.10000000E-05,injectedCurrent,Node_1,1.27186428E+04
6.10000000E-05,voltage,Node_1,1.81025781E+05
6.10000000E-05,voltage,Node_2,1.83373007E+05
6.10000000E-05,i1,Line_1_e1,1.27186428E+04
6.10000000E-05,i2,Line_1_e1,-1.11908787E+04
6.15000000E-05,injectedCurrent,Node_1,1.26183588E+04
6.15000000E-05,voltage,Node_1,1.80313374E+05
6.15000000E-05,voltage,Node_2,1.81570545E+05
6.15000000E-05,i1,Line_1_e1,1.26183588E+04
6.15000000E-05,i2,Line_1_e1,-1.10947425E+04
6.20000000E-05,injectedCurrent,Node_1,1.25188045E+04
6.20000000E-05,voltage,Node_1,1.78219544E+05
6.20000000E-05,voltage,Node_2,1.80531842E+05
6.20000000E-05,i1,Line_1_e1,1.25188045E+04
6.20000000E-05,i2,Line_1_e1,-1.10150392E+04
6.25000000E-05,injectedCurrent,Node_1,1.24199748E+04
6.25000000E-05,voltage,Node_1,1.77514783E+05
6.25000000E-05,voltage,Node_2,1.78756314E+05
6.25000000E-05,i1,Line_1_e1,1.24199748E+04
6.25000000E-05,i2,Line_1_e1,-1.09203229E+04
6.30000000E-05,injectedCurrent,Node_1,1.23218650E+04
6.30000000E-05,voltage,Node_1,1.75453103E+05
6.30000000E-05,voltage,Node_2,1.77731070E+05
6.30000000E-05,i1,Line_1_e1,1.23218650E+04
6.30000000E-05,i2,Line_1_e1,-1.08417515E+04
6.35000000E-05,injectedCurrent,Node_1,1.22244704E+04
6.35000000E-05,voltage,Node_1,1.74756116E+05
6.35000000E-05,voltage,Node_2,1.75982022E+05
6.35000000E-05,i1,Line_1_e1,1.22244704E+04
6.35000000E-05,i2,Line_1_e1,-1.07484339E+04
6.40000000E-05,injectedCurrent,Node_1,1.21277862E+04
6.40000000E-05,voltage,Node_1,1.72725972E+05
6.40000000E-05,voltage,Node_2,1.74970187E+05
6.40000000E-05,i1,Line_1_e1,1.21277862E+04
6.40000000E-05,i2,Line_1_e1,-1.06709820E+04
6.45000000E-05,injectedCurrent,Node_1,1.20318077E+04
6.45000000E-05,voltage,Node_1,1.72036871E+05
6.45000000E-05,voltage,Node_2,1.73247179E+05
6.45000000E-05,i1,Line_1_e1,1.20318077E+04
6.45000000E-05,i2,Line_1_e1,-1.05790424E+04
6.50000000E-05,injectedCurrent,Node_1,1.19365302E+04
6.50000000E-05,voltage,Node_1,1.70037669E+05
6.50000000E-05,voltage,Node_2,1.72248697E+05
6.50000000E-05,i1,Line_1_e1,1.19365302E+04
6.50000000E-05,i2,Line_1_e1,-1.05026971E+04
6.55000000E-05,injectedCurrent,Node_1,1.18419490E+04
6.55000000E-05,voltage,Node_1,1.69356550E+05
6.55000000E-05,voltage,Node_2,1.70551299E+05
6.55000000E-05,i1,Line_1_e1,1.18419490E+04
6.55000000E-05,i2,Line_1_e1,-1.04121152E+04
6.60000000E-05,injectedCurrent,Node_1,1.17480596E+04
6.60000000E-05,voltage,Node_1,1.67387714E+05
6.60000000E-05,voltage,Node_2,1.69566106E+05
6.60000000E-05,i1,Line_1_e1,1.17480596E+04
6.60000000E-05,i2,Line_1_e1,-1.03368641E+04
6.65000000E-05,injectedCurrent,Node_1,1.16548573E+04
6.65000000E-05,voltage,Node_1,1.66714660E+05
6.65000000E-05,voltage,Node_2,1.67893897E+05
6.65000000E-05,i1,Line_1_e1,1.16548573E+04
6.65000000E-05,i2,Line_1_e1,-1.02476199E+04
6.70000000E-05,injectedCurrent,Node_1,1.15623376E+04
6.70000000E-05,voltage,Node_1,1.64775632E+05
6.70000000E-05,voltage,Node_2,1.66921924E+05
6.70000000E-05,i1,Line_1_e1,1.15623376E+04
6.70000000E-05,i2,Line_1_e1,-1.01734503E+04
6.75000000E-05,injectedCurrent,Node_1,1.14704959E+04
6.75000000E-05,voltage,Node_1,1.64110714E+05
6.75000000E-05,voltage,Node_2,1.65274496E+05
6.75000000E-05,i1,Line_1_e1,1.14704959E+04
6.75000000E-05,i2,Line_1_e1,-1.00855241E+04
6.80000000E-05,injectedCurrent,Node_1,1.13793276E+04
6.80000000E-05,voltage,Node_1,1.62200951E+05
6.80000000E-05,voltage,Node_2,1.64315668E+05
6.80000000E-05,i1,Line_1_e1,1.13793276E+04
6.80000000E-05,i2,Line_1_e1,-1.00124236E+04
6.85000000E-05,injectedCurrent,Node_1,1.12888284E+04
6.85000000E-05,voltage,Node_1,1.61544229E+05
6.85000000E-05,voltage,Node_2,1.62692619E+05
6.85000000E-05,i1,Line_1_e1,1.12888284E+04
6.85000000E-05,i2,Line_1_e1,-9.92579619E+03
6.90000000E-05,injectedCurrent,Node_1,1.11989937E+04
6.90000000E-05,voltage,Node_1,1.59663203E+05
6.90000000E-05,voltage,Node_2,1.61746855E+05
6.90000000E-05,i1,Line_1_e1,1.11989937E+04
6.90000000E-05,i2,Line_1_e1,-9.85375209E+03
6.95000000E-05,injectedCurrent,Node_1,1.11098190E+04
6.95000000E-05,voltage,Node_1,1.59014724E+05
6.95000000E-05,voltage,Node_2,1.60147796E+05
6.95000000E-05,i1,Line_1_e1,1.11098190E+04
6.95000000E-05,i2,Line_1_e1,-9.76840456E+03
7.00000000E-05,injectedCurrent,Node_1,1.10213000E+04
7.00000000E-05,voltage,Node_1,1.57161923E+05
7.00000000E-05,voltage,Node_2,1.59215011E+05
7.00000000E-05,i1,Line_1_e1,1.10213000E+04
7.00000000E-05,i2,Line_1_e1,-9.69740446E+03
7.05000000E-05,injectedCurrent,Node_1,1.09334323E+04
7.05000000E-05,voltage,Node_1,1.56521726E+05
7.05000000E-05,voltage,Node_2,1.57639559E+05
7.05000000E-05,i1,Line_1_e1,1.09334323E+04
7.05000000E-05,i2,Line_1_e1,-9.61331815E+03
7.10000000E-05,injectedCurrent,Node_1,1.08462115E+04
7.10000000E-05,voltage,Node_1,1.54696652E+05
7.10000000E-05,voltage,Node_2,1.56719664E+05
7.10000000E-05,i1,Line_1_e1,1.08462115E+04
7.10000000E-05,i2,Line_1_e1,-9.54334962E+03
7.15000000E-05,injectedCurrent,Node_1,1.07596333E+04
7.15000000E-05,voltage,Node_1,1.54064766E+05
7.15000000E-05,voltage,Node_2,1.55167444E+05
7.15000000E-05,i1,Line_1_e1,1.07596333E+04
7.15000000E-05,i2,Line_1_e1,-9.46050624E+03
7.20000000E-05,injectedCurrent,Node_1,1.06736933E+04
7.20000000E-05,voltage,Node_1,1.52266934E+05
7.20000000E-05,voltage,Node_2,1.54260346E+05
7.20000000E-05,i1,Line_1_e1,1.06736933E+04
7.20000000E-05,i2,Line_1_e1,-9.39155691E+03
7.25000000E-05,injectedCurrent,Node_1,1.05883873E+04
7.25000000E-05,voltage,Node_1,1.51643379E+05
7.25000000E-05,voltage,Node_2,1.52730994E+05
7.25000000E-05,i1,Line_1_e1,1.05883873E+04
7.25000000E-05,i2,Line_1_e1,-9.30993845E+03
7.30000000E-05,injectedCurrent,Node_1,1.05037110E+04
7.30000000E-05,voltage,Node_1,1.49872316E+05
7.30000000E-05,voltage,Node_2,1.51836596E+05
7.30000000E-05,i1,Line_1_e1,1.05037110E+04
7.30000000E-05,i2,Line_1_e1,-9.24199601E+03
7.35000000E-05,injectedCurrent,Node_1,1.04196602E+04
7.35000000E-05,voltage,Node_1,1.49257105E+05
7.35000000E-05,voltage,Node_2,1.50329753E+05
7.35000000E-05,i1,Line_1_e1,1.04196602E+04
7.35000000E-05,i2,Line_1_e1,-9.16158476E+03
7.40000000E-05,injectedCurrent,Node_1,1.03362306E+04
7.40000000E-05,voltage,Node_1,1.47512350E+05
7.40000000E-05,voltage,Node_2,1.49447955E+05
7.40000000E-05,i1,Line_1_e1,1.03362306E+04
7.40000000E-05,i2,Line_1_e1,-9.09463697E+03
7.45000000E-05,injectedCurrent,Node_1,1.02534182E+04
7.45000000E-05,voltage,Node_1,1.46905488E+05
7.45000000E-05,voltage,Node_2,1.47963272E+05
7.45000000E-05,i1,Line_1_e1,1.02534182E+04
7.45000000E-05,i2,Line_1_e1,-9.01541551E+03
7.50000000E-05,injectedCurrent,Node_1,1.01712186E+04
7.50000000E-05,voltage,Node_1,1.45186594E+05
7.50000000E-05,voltage,Node_2,1.47093970E+05
7.50000000E-05,i1,Line_1_e1,1.01712186E+04
7.50000000E-05,i2,Line_1_e1,-8.94945020E+03
7.55000000E-05,injectedCurrent,Node_1,1.00896279E+04
7.55000000E-05,voltage,Node_1,1.44588078E+05
7.55000000E-05,voltage,Node_2,1.45631103E+05
7.55000000E-05,i1,Line_1_e1,1.00896279E+04
7.55000000E-05,i2,Line_1_e1,-8.87140140E+03
7.60000000E-05,injectedCurrent,Node_1,1.00086418E+04
7.60000000E-05,voltage,Node_1,1.42894608E+05
7.60000000E-05,voltage,Node_2,1.44774193E+05
7.60000000E-05,i1,Line_1_e1,1.00086418E+04
7.60000000E-05,i2,Line_1_e1,-8.80640645E+03
7.65000000E-05,injectedCurrent,Node_1,9.92825629E+03
7.65000000E-05,voltage,Node_1,1.42304429E+05
7.65000000E-05,voltage,Node_2,1.43332805E+05
7.65000000E-05,i1,Line_1_e1,9.92825629E+03
7.65000000E-05,i2,Line_1_e1,-8.72951345E+03
7.70000000E-05,injectedCurrent,Node_1,9.84846732E+03
7.70000000E-05,voltage,Node_1,1.40635956E+05
7.70000000E-05,voltage,Node_2,1.42488178E+05
7.70000000E-05,i1,Line_1_e1,9.84846732E+03
7.70000000E-05,i2,Line_1_e1,-8.66547685E+03
7.75000000E-05,injectedCurrent,Node_1,9.76927083E+03
7.75000000E-05,voltage,Node_1,1.40054100E+05
7.75000000E-05,voltage,Node_2,1.41067941E+05
7.75000000E-05,i1,Line_1_e1,9.76927083E+03
7.75000000E-05,i2,Line_1_e1,-8.58972304E+03
7.80000000E-05,injectedCurrent,Node_1,9.69066282E+03
7.80000000E-05,voltage,Node_1,1.38410208E+05
7.80000000E-05,voltage,Node_2,1.40235487E+05
7.80000000E-05,i1,Line_1_e1,9.69066282E+03
7.80000000E-05,i2,Line_1_e1,-8.52663284E+03
7.85000000E-05,injectedCurrent,Node_1,9.61263929E+03
7.85000000E-05,voltage,Node_1,1.37836654E+05
7.85000000E-05,voltage,Node_2,1.38836077E+05
7.85000000E-05,i1,Line_1_e1,9.61263929E+03
7.85000000E-05,i2,Line_1_e1,-8.45200190E+03
7.90000000E-05,injectedCurrent,Node_1,9.53519628E+03
7.90000000E-05,voltage,Node_1,1.36216937E+05
7.90000000E-05,voltage,Node_2,1.38015685E+05
7.90000000E-05,i1,Line_1_e1,9.53519628E+03
7.90000000E-05,i2,Line_1_e1,-8.38984623E+03
7.95000000E-05,injectedCurrent,Node_1,9.45832985E+03
7.95000000E-05,voltage,Node_1,1.35651659E+05
7.95000000E-05,voltage,Node_2,1.36636785E+05
7.95000000E-05,i1,Line_1_e1,9.45832985E+03
7.95000000E-05,i2,Line_1_e1,-8.31632208E+03
8.00000000E-05,injectedCurrent,Node_1,9.38203608E+03
8.00000000E-05,voltage,Node_1,1.34055720E+05
8.00000000E-05,voltage,Node_2,1.35828340E+05
8.00000000E-05,i1,Line_1_e1,9.38203608E+03
8.00000000E-05,i2,Line_1_e1,-8.25508917E+03
8.05000000E-05,injectedCurrent,Node_1,9.30631107E+03
8.05000000E-05,voltage,Node_1,1.33498688E+05
8.05000000E-05,voltage,Node_2,1.34469640E+05
8.05000000E-05,i1,Line_1_e1,9.30631107E+03
8.05000000E-05,i2,Line_1_e1,-8.18265597E+03
8.10000000E-05,injectedCurrent,Node_1,9.23115097E+03
8.10000000E-05,voltage,Node_1,1.31926140E+05
8.10000000E-05,voltage,Node_2,1.33673028E+05
8.10000000E-05,i1,Line_1_e1,9.23115097E+03
8.10000000E-05,i2,Line_1_e1,-8.12233414E+03
8.15000000E-05,injectedCurrent,Node_1,9.15655191E+03
8.15000000E-05,voltage,Node_1,1.31377319E+05
8.15000000E-05,voltage,Node_2,1.32334222E+05
8.15000000E-05,i1,Line_1_e1,9.15655191E+03
8.15000000E-05,i2,Line_1_e1,-8.05097628E+03
8.20000000E-05,injectedCurrent,Node_1,9.08251007E+03
8.20000000E-05,voltage,Node_1,1.29827783E+05
8.20000000E-05,voltage,Node_2,1.31549326E+05
8.20000000E-05,i1,Line_1_e1,9.08251007E+03
8.20000000E-05,i2,Line_1_e1,-7.99155393E+03
8.25000000E-05,injectedCurrent,Node_1,9.00902167E+03
8.25000000E-05,voltage,Node_1,1.29287134E+05
8.25000000E-05,voltage,Node_2,1.30230116E+05
8.25000000E-05,i1,Line_1_e1,9.00902167E+03
8.25000000E-05,i2,Line_1_e1,-7.92125608E+03
8.30000000E-05,injectedCurrent,Node_1,8.93608291E+03
8.30000000E-05,voltage,Node_1,1.27760238E+05
8.30000000E-05,voltage,Node_2,1.29456818E+05
8.30000000E-05,i1,Line_1_e1,8.93608291E+03
8.30000000E-05,i2,Line_1_e1,-7.86272170E+03
8.35000000E-05,injectedCurrent,Node_1,8.86369004E+03
8.35000000E-05,voltage,Node_1,1.27227718E+05
8.35000000E-05,voltage,Node_2,1.28156910E+05
8.35000000E-05,i1,Line_1_e1,8.86369004E+03
8.35000000E-05,i2,Line_1_e1,-7.79346873E+03
8.40000000E-05,injectedCurrent,Node_1,8.79183933E+03
8.40000000E-05,voltage,Node_1,1.25723102E+05
8.40000000E-05,voltage,Node_2,1.27395091E+05
8.40000000E-05,i1,Line_1_e1,8.79183933E+03
8.40000000E-05,i2,Line_1_e1,-7.73581091E+03
8.45000000E-05,injectedCurrent,Node_1,8.72052707E+03
8.45000000E-05,voltage,Node_1,1.25198664E+05
8.45000000E-05,voltage,Node_2,1.26114197E+05
8.45000000E-05,i1,Line_1_e1,8.72052707E+03
8.45000000E-05,i2,Line_1_e1,-7.66758792E+03
8.50000000E-05,injectedCurrent,Node_1,8.64974958E+03
8.50000000E-05,voltage,Node_1,1.23715973E+05
8.50000000E-05,voltage,Node_2,1.25363738E+05
8.50000000E-05,i1,Line_1_e1,8.64974958E+03
8.50000000E-05,i2,Line_1_e1,-7.61079536E+03
8.55000000E-05,injectedCurrent,Node_1,8.57950319E+03
8.55000000E-05,voltage,Node_1,1.23199567E+05
8.55000000E-05,voltage,Node_2,1.24101575E+05
8.55000000E-05,i1,Line_1_e1,8.57950319E+03
8.55000000E-05,i2,Line_1_e1,-7.54358767E+03
8.60000000E-05,injectedCurrent,Node_1,8.50978427E+03
8.60000000E-05,voltage,Node_1,1.21738454E+05
8.60000000E-05,voltage,Node_2,1.23362354E+05
8.60000000E-05,i1,Line_1_e1,8.50978427E+03
8.60000000E-05,i2,Line_1_e1,-7.48764914E+03
8.65000000E-05,injectedCurrent,Node_1,8.44058918E+03
8.65000000E-05,voltage,Node_1,1.21230028E+05
8.65000000E-05,voltage,Node_2,1.22118645E+05
8.65000000E-05,i1,Line_1_e1,8.44058918E+03
8.65000000E-05,i2,Line_1_e1,-7.42144231E+03
8.70000000E-05,injectedCurrent,Node_1,8.37191433E+03
8.70000000E-05,voltage,Node_1,1.19790154E+05
8.70000000E-05,voltage,Node_2,1.21390543E+05
8.70000000E-05,i1,Line_1_e1,8.37191433E+03
8.70000000E-05,i2,Line_1_e1,-7.36634669E+03
8.75000000E-05,injectedCurrent,Node_1,8.30375615E+03
8.75000000E-05,voltage,Node_1,1.19289650E+05
8.75000000E-05,voltage,Node_2,1.20165014E+05
8.75000000E-05,i1,Line_1_e1,8.30375615E+03
8.75000000E-05,i2,Line_1_e1,-7.30112646E+03
8.80000000E-05,injectedCurrent,Node_1,8.23611108E+03
8.80000000E-05,voltage,Node_1,1.17870683E+05
8.80000000E-05,voltage,Node_2,1.19447908E+05
8.80000000E-05,i1,Line_1_e1,8.23611108E+03
8.80000000E-05,i2,Line_1_e1,-7.24686275E+03
8.85000000E-05,injectedCurrent,Node_1,8.16897560E+03
8.85000000E-05,voltage,Node_1,1.17378044E+05
8.85000000E-05,voltage,Node_2,1.18240291E+05
8.85000000E-05,i1,Line_1_e1,8.16897560E+03
8.85000000E-05,i2,Line_1_e1,-7.18261509E+03
8.90000000E-05,injectedCurrent,Node_1,8.10234619E+03
8.90000000E-05,voltage,Node_1,1.15979659E+05
8.90000000E-05,voltage,Node_2,1.17534060E+05
8.90000000E-05,i1,Line_1_e1,8.10234619E+03
8.90000000E-05,i2,Line_1_e1,-7.12917235E+03
8.95000000E-05,injectedCurrent,Node_1,8.03621936E+03
8.95000000E-05,voltage,Node_1,1.15494823E+05
8.95000000E-05,voltage,Node_2,1.16344091E+05
8.95000000E-05,i1,Line_1_e1,8.03621936E+03
8.95000000E-05,i2,Line_1_e1,-7.06588344E+03
9.00000000E-05,injectedCurrent,Node_1,7.97059165E+03
9.00000000E-05,voltage,Node_1,1.14116700E+05
9.00000000E-05,voltage,Node_2,1.15648613E+05
9.00000000E-05,i1,Line_1_e1,7.97059165E+03
9.00000000E-05,i2,Line_1_e1,-7.01325086E+03
9.05000000E-05,injectedCurrent,Node_1,7.90545961E+03
9.05000000E-05,voltage,Node_1,1.13639606E+05
9.05000000E-05,voltage,Node_2,1.14476034E+05
9.05000000E-05,i1,Line_1_e1,7.90545961E+03
9.05000000E-05,i2,Line_1_e1,-6.95090706E+03
9.10000000E-05,injectedCurrent,Node_1,7.84081982E+03
9.10000000E-05,voltage,Node_1,1.12281433E+05
9.10000000E-05,voltage,Node_2,1.13791186E+05
9.10000000E-05,i1,Line_1_e1,7.84081982E+03
9.10000000E-05,i2,Line_1_e1,-6.89907393E+03
9.15000000E-05,injectedCurrent,Node_1,7.77666887E+03
9.15000000E-05,voltage,Node_1,1.11812014E+05
9.15000000E-05,voltage,Node_2,1.12635741E+05
9.15000000E-05,i1,Line_1_e1,7.77666887E+03
9.15000000E-05,i2,Line_1_e1,-6.83766181E+03
9.20000000E-05,injectedCurrent,Node_1,7.71300338E+03
9.20000000E-05,voltage,Node_1,1.10473485E+05
9.20000000E-05,voltage,Node_2,1.11961401E+05
9.20000000E-05,i1,Line_1_e1,7.71300338E+03
9.20000000E-05,i2,Line_1_e1,-6.78661752E+03
9.25000000E-05,injectedCurrent,Node_1,7.64982000E+03
9.25000000E-05,voltage,Node_1,1.10011674E+05
9.25000000E-05,voltage,Node_2,1.10822842E+05
9.25000000E-05,i1,Line_1_e1,7.64982000E+03
9.25000000E-05,i2,Line_1_e1,-6.72612385E+03
9.30000000E-05,injectedCurrent,Node_1,7.58711537E+03
9.30000000E-05,voltage,Node_1,1.08692490E+05
9.30000000E-05,voltage,Node_2,1.10158887E+05
9.30000000E-05,i1,Line_1_e1,7.58711537E+03
9.30000000E-05,i2,Line_1_e1,-6.67585788E+03
9.35000000E-05,injectedCurrent,Node_1,7.52488619E+03
9.35000000E-05,voltage,Node_1,1.08238218E+05
9.35000000E-05,voltage,Node_2,1.09036966E+05
9.35000000E-05,i1,Line_1_e1,7.52488619E+03
9.35000000E-05,i2,Line_1_e1,-6.61626961E+03
9.40000000E-05,injectedCurrent,Node_1,7.46312914E+03
9.40000000E-05,voltage,Node_1,1.06938085E+05
9.40000000E-05,voltage,Node_2,1.08383275E+05
9.40000000E-05,i1,Line_1_e1,7.46312914E+03
9.40000000E-05,i2,Line_1_e1,-6.56677155E+03
9.45000000E-05,injectedCurrent,Node_1,7.40184096E+03
9.45000000E-05,voltage,Node_1,1.06491281E+05
9.45000000E-05,voltage,Node_2,1.07277751E+05
9.45000000E-05,i1,Line_1_e1,7.40184096E+03
9.45000000E-05,i2,Line_1_e1,-6.50807582E+03
9.50000000E-05,injectedCurrent,Node_1,7.34101837E+03
9.50000000E-05,voltage,Node_1,1.05209909E+05
9.50000000E-05,voltage,Node_2,1.06634200E+05
9.50000000E-05,i1,Line_1_e1,7.34101837E+03
9.50000000E-05,i2,Line_1_e1,-6.45933538E+03
9.55000000E-05,injectedCurrent,Node_1,7.28065816E+03
9.55000000E-05,voltage,Node_1,1.04770503E+05
9.55000000E-05,voltage,Node_2,1.05544835E+05
9.55000000E-05,i1,Line_1_e1,7.28065816E+03
9.55000000E-05,i2,Line_1_e1,-6.40151951E+03
9.60000000E-05,injectedCurrent,Node_1,7.22075709E+03
9.60000000E-05,voltage,Node_1,1.03507610E+05
9.60000000E-05,voltage,Node_2,1.04911304E+05
9.60000000E-05,i1,Line_1_e1,7.22075709E+03
9.60000000E-05,i2,Line_1_e1,-6.35352649E+03
9.65000000E-05,injectedCurrent,Node_1,7.16131197E+03
9.65000000E-05,voltage,Node_1,1.03075527E+05
9.65000000E-05,voltage,Node_2,1.03837862E+05
9.65000000E-05,i1,Line_1_e1,7.16131197E+03
9.65000000E-05,i2,Line_1_e1,-6.29657799E+03
9.70000000E-05,injectedCurrent,Node_1,7.10231962E+03
9.70000000E-05,voltage,Node_1,1.01830836E+05
9.70000000E-05,voltage,Node_2,1.03214229E+05
9.70000000E-05,i1,Line_1_e1,7.10231962E+03
9.70000000E-05,i2,Line_1_e1,-6.24932229E+03
9.75000000E-05,injectedCurrent,Node_1,7.04377689E+03
9.75000000E-05,voltage,Node_1,1.01406002E+05
9.75000000E-05,voltage,Node_2,1.02156482E+05
9.75000000E-05,i1,Line_1_e1,7.04377689E+03
9.75000000E-05,i2,Line_1_e1,-6.19322884E+03
9.80000000E-05,injectedCurrent,Node_1,6.98568063E+03
9.80000000E-05,voltage,Node_1,1.00179241E+05
9.80000000E-05,voltage,Node_2,1.01542624E+05
9.80000000E-05,i1,Line_1_e1,6.98568063E+03
9.80000000E-05,i2,Line_1_e1,-6.14670047E+03
9.85000000E-05,injectedCurrent,Node_1,6.92802772E+03
9.85000000E-05,voltage,Node_1,9.97615806E+04
9.85000000E-05,voltage,Node_2,1.00500346E+05
9.85000000E-05,i1,Line_1_e1,6.92802772E+03
9.85000000E-05,i2,Line_1_e1,-6.09144992E+03
9.90000000E-05,injectedCurrent,Node_1,6.87081507E+03
9.90000000E-05,voltage,Node_1,9.85524808E+04
9.90000000E-05,voltage,Node_2,9.98961432E+04
9.90000000E-05,i1,Line_1_e1,6.87081507E+03
9.90000000E-05,i2,Line_1_e1,-6.04563899E+03
9.95000000E-05,injectedCurrent,Node_1,6.81403960E+03
9.95000000E-05,voltage,Node_1,9.81419183E+04
9.95000000E-05,voltage,Node_2,9.88691096E+04
9.95000000E-05,i1,Line_1_e1,6.81403960E+03
9.95000000E-05,i2,Line_1_e1,-5.99121938E+03
1.00000000E-04,injectedCurrent,Node_1,6.75769824E+03
1.00000000E-04,voltage,Node_1,9.69502181E+04
1.00000000E-04,voltage,Node_2,9.82744417E+04
1.00000000E-04,i1,Line_1_e1,6.75769824E+03
1.00000000E-04,i2,Line_1_e1,-5.94611610E+03
1.00500000E-04,injectedCurrent,Node_1,6.70178796E+03
1.00500000E-04,voltage,Node_1,9.65466758E+04
1.00500000E-04,voltage,Node_2,9.72624339E+04
1.00500000E-04,i1,Line_1_e1,6.70178796E+03
1.00500000E-04,i2,Line_1_e1,-5.89251562E+03
1.01000000E-04,injectedCurrent,Node_1,6.64630573E+03
1.01000000E-04,voltage,Node_1,9.53721179E+04
1.01000000E-04,voltage,Node_2,9.66771806E+04
1.01000000E-04,i1,Line_1_e1,6.64630573E+03
1.01000000E-04,i2,Line_1_e1,-5.84811033E+03
1.01500000E-04,injectedCurrent,Node_1,6.59124855E+03
1.01500000E-04,voltage,Node_1,9.49755177E+04
1.01500000E-04,voltage,Node_2,9.56799829E+04
1.01500000E-04,i1,Line_1_e1,6.59124855E+03
1.01500000E-04,i2,Line_1_e1,-5.79531734E+03
1.02000000E-04,injectedCurrent,Node_1,6.53661343E+03
1.02000000E-04,voltage,Node_1,9.38178492E+04
1.02000000E-04,voltage,Node_2,9.51040246E+04
1.02000000E-04,i1,Line_1_e1,6.53661343E+03
1.02000000E-04,i2,Line_1_e1,-5.75160044E+03
1.02500000E-04,injectedCurrent,Node_1,6.48239741E+03
1.02500000E-04,voltage,Node_1,9.34281125E+04
1.02500000E-04,voltage,Node_2,9.41214246E+04
1.02500000E-04,i1,Line_1_e1,6.48239741E+03
1.02500000E-04,i2,Line_1_e1,-5.69960347E+03
1.03000000E-04,injectedCurrent,Node_1,6.42859754E+03
1.03000000E-04,voltage,Node_1,9.22870853E+04
1.03000000E-04,voltage,Node_2,9.35546425E+04
1.03000000E-04,i1,Line_1_e1,6.42859754E+03
1.03000000E-04,i2,Line_1_e1,-5.65656550E+03
1.03500000E-04,injectedCurrent,Node_1,6.37521090E+03
1.03500000E-04,voltage,Node_1,9.19041328E+04
1.03500000E-04,voltage,Node_2,9.25864313E+04
1.03500000E-04,i1,Line_1_e1,6.37521090E+03
1.03500000E-04,i2,Line_1_e1,-5.60535324E+03
1.04000000E-04,injectedCurrent,Node_1,6.32223457E+03
1.04000000E-04,voltage,Node_1,9.07795032E+04
1.04000000E-04,voltage,Node_2,9.20287069E+04
1.04000000E-04,i1,Line_1_e1,6.32223457E+03
1.04000000E-04,i2,Line_1_e1,-5.56298483E+03
1.04500000E-04,injectedCurrent,Node_1,6.26966566E+03
1.04500000E-04,voltage,Node_1,9.04032550E+04
1.04500000E-04,voltage,Node_2,9.10746788E+04
1.04500000E-04,i1,Line_1_e1,6.26966566E+03
1.04500000E-04,i2,Line_1_e1,-5.51254611E+03
1.05000000E-04,injectedCurrent,Node_1,6.21750130E+03
1.05000000E-04,voltage,Node_1,8.92947835E+04
1.05000000E-04,voltage,Node_2,9.05258946E+04
1.05000000E-04,i1,Line_1_e1,6.21750130E+03
1.05000000E-04,i2,Line_1_e1,-5.47083799E+03
1.05500000E-04,injectedCurrent,Node_1,6.16573863E+03
1.05500000E-04,voltage,Node_1,8.89251596E+04
1.05500000E-04,voltage,Node_2,8.95858470E+04
1.05500000E-04,i1,Line_1_e1,6.16573863E+03
1.05500000E-04,i2,Line_1_e1,-5.42116183E+03
1.06000000E-04,injectedCurrent,Node_1,6.11437482E+03
1.06000000E-04,voltage,Node_1,8.78326109E+04
1.06000000E-04,voltage,Node_2,8.90458860E+04
1.06000000E-04,i1,Line_1_e1,6.11437482E+03
1.06000000E-04,i2,Line_1_e1,-5.38010483E+03
1.06500000E-04,injectedCurrent,Node_1,6.06340705E+03
1.06500000E-04,voltage,Node_1,8.74695307E+04
1.06500000E-04,voltage,Node_2,8.81196196E+04
1.06500000E-04,i1,Line_1_e1,6.06340705E+03
1.06500000E-04,i2,Line_1_e1,-5.33118037E+03
1.07000000E-04,injectedCurrent,Node_1,6.01283252E+03
1.07000000E-04,voltage,Node_1,8.63926739E+04
1.07000000E-04,voltage,Node_2,8.75883654E+04
1.07000000E-04,i1,Line_1_e1,6.01283252E+03
1.07000000E-04,i2,Line_1_e1,-5.29076544E+03
1.07500000E-04,injectedCurrent,Node_1,5.96264844E+03
1.07500000E-04,voltage,Node_1,8.60360566E+04
1.07500000E-04,voltage,Node_2,8.66756841E+04
1.07500000E-04,i1,Line_1_e1,5.96264844E+03
1.07500000E-04,i2,Line_1_e1,-5.24258199E+03
1.08000000E-04,injectedCurrent,Node_1,5.91285205E+03
1.08000000E-04,voltage,Node_1,8.49746645E+04
1.08000000E-04,voltage,Node_2,8.61530212E+04
1.08000000E-04,i1,Line_1_e1,5.91285205E+03
1.08000000E-04,i2,Line_1_e1,-5.20280015E+03
1.08500000E-04,injectedCurrent,Node_1,5.86344061E+03
1.08500000E-04,voltage,Node_1,8.46244291E+04
1.08500000E-04,voltage,Node_2,8.52537316E+04
1.08500000E-04,i1,Line_1_e1,5.86344061E+03
1.08500000E-04,i2,Line_1_e1,-5.15534717E+03
1.09000000E-04,injectedCurrent,Node_1,5.81441137E+03
1.09000000E-04,voltage,Node_1,8.35782786E+04
1.09000000E-04,voltage,Node_2,8.47395452E+04
1.09000000E-04,i1,Line_1_e1,5.81441137E+03
1.09000000E-04,i2,Line_1_e1,-5.11618957E+03
1.09500000E-04,injectedCurrent,Node_1,5.76576163E+03
1.09500000E-04,voltage,Node_1,8.32343438E+04
1.09500000E-04,voltage,Node_2,8.38534571E+04
1.09500000E-04,i1,Line_1_e1,5.76576163E+03
1.09500000E-04,i2,Line_1_e1,-5.06945665E+03
1.10000000E-04,injectedCurrent,Node_1,5.71748870E+03
1.10000000E-04,voltage,Node_1,8.22032158E+04
1.10000000E-04,voltage,Node_2,8.33476333E+04
1.10000000E-04,i1,Line_1_e1,5.71748870E+03
1.10000000E-04,i2,Line_1_e1,-5.03091452E+03
1.10500000E-04,injectedCurrent,Node_1,5.66958988E+03
1.10500000E-04,voltage,Node_1,8.18655003E+04
1.10500000E-04,voltage,Node_2,8.24745592E+04
1.10500000E-04,i1,Line_1_e1,5.66958988E+03
1.10500000E-04,i2,Line_1_e1,-4.98489141E+03
1.11000000E-04,injectedCurrent,Node_1,5.62206254E+03
1.11000000E-04,voltage,Node_1,8.08491792E+04
1.11000000E-04,voltage,Node_2,8.19769848E+04
1.11000000E-04,i1,Line_1_e1,5.62206254E+03
1.11000000E-04,i2,Line_1_e1,-4.94695610E+03
1.11500000E-04,injectedCurrent,Node_1,5.57490401E+03
1.11500000E-04,voltage,Node_1,8.05176017E+04
1.11500000E-04,voltage,Node_2,8.11167404E+04
1.11500000E-04,i1,Line_1_e1,5.57490401E+03
1.11500000E-04,i2,Line_1_e1,-4.90163268E+03
1.12000000E-04,injectedCurrent,Node_1,5.52811167E+03
1.12000000E-04,voltage,Node_1,7.95158755E+04
1.12000000E-04,voltage,Node_2,8.06273030E+04
1.12000000E-04,i1,Line_1_e1,5.52811167E+03
1.12000000E-04,i2,Line_1_e1,-4.86429563E+03
1.12500000E-04,injectedCurrent,Node_1,5.48168291E+03
1.12500000E-04,voltage,Node_1,7.91903547E+04
1.12500000E-04,voltage,Node_2,7.97797065E+04
1.12500000E-04,i1,Line_1_e1,5.48168291E+03
1.12500000E-04,i2,Line_1_e1,-4.81966193E+03
1.13000000E-04,injectedCurrent,Node_1,5.43561515E+03
1.13000000E-04,voltage,Node_1,7.82030153E+04
1.13000000E-04,voltage,Node_2,7.92982946E+04
1.13000000E-04,i1,Line_1_e1,5.43561515E+03
1.13000000E-04,i2,Line_1_e1,-4.78291467E+03
1.13500000E-04,injectedCurrent,Node_1,5.38990579E+03
1.13500000E-04,voltage,Node_1,7.78834697E+04
1.13500000E-04,voltage,Node_2,7.84631671E+04
1.13500000E-04,i1,Line_1_e1,5.38990579E+03
1.13500000E-04,i2,Line_1_e1,-4.73896086E+03
1.14000000E-04,injectedCurrent,Node_1,5.34455228E+03
1.14000000E-04,voltage,Node_1,7.69103123E+04
1.14000000E-04,voltage,Node_2,7.79896700E+04
1.14000000E-04,i1,Line_1_e1,5.34455228E+03
1.14000000E-04,i2,Line_1_e1,-4.70279502E+03
1.14500000E-04,injectedCurrent,Node_1,5.29955208E+03
1.14500000E-04,voltage,Node_1,7.65966609E+04
1.14500000E-04,voltage,Node_2,7.71668354E+04
1.14500000E-04,i1,Line_1_e1,5.29955208E+03
1.14500000E-04,i2,Line_1_e1,-4.65951141E+03
1.15000000E-04,injectedCurrent,Node_1,5.25490267E+03
1.15000000E-04,voltage,Node_1,7.56374841E+04
1.15000000E-04,voltage,Node_2,7.67011434E+04
1.15000000E-04,i1,Line_1_e1,5.25490267E+03
1.15000000E-04,i2,Line_1_e1,-4.62391872E+03
1.15500000E-04,injectedCurrent,Node_1,5.21060152E+03
1.15500000E-04,voltage,Node_1,7.53296456E+04
1.15500000E-04,voltage,Node_2,7.58904280E+04
1.15500000E-04,i1,Line_1_e1,5.21060152E+03
1.15500000E-04,i2,Line_1_e1,-4.58129573E+03
1.16000000E-04,injectedCurrent,Node_1,5.16664614E+03
1.16000000E-04,voltage,Node_1,7.43842516E+04
1.16000000E-04,voltage,Node_2,7.54324321E+04
1.16000000E-04,i1,Line_1_e1,5.16664614E+03
1.16000000E-04,i2,Line_1_e1,-4.54626803E+03
1.16500000E-04,injectedCurrent,Node_1,5.12303406E+03
1.16500000E-04,voltage,Node_1,7.40821451E+04
1.16500000E-04,voltage,Node_2,7.46336650E+04
1.16500000E-04,i1,Line_1_e1,5.12303406E+03
1.16500000E-04,i2,Line_1_e1,-4.50429624E+03
1.17000000E-04,injectedCurrent,Node_1,5.07976281E+03
1.17000000E-04,voltage,Node_1,7.31503391E+04
1.17000000E-04,voltage,Node_2,7.41832573E+04
1.17000000E-04,i1,Line_1_e1,5.07976281E+03
1.17000000E-04,i2,Line_1_e1,-4.46982545E+03
1.17500000E-04,injectedCurrent,Node_1,5.03682994E+03
1.17500000E-04,voltage,Node_1,7.28538840E+04
1.17500000E-04,voltage,Node_2,7.33962701E+04
1.17500000E-04,i1,Line_1_e1,5.03682994E+03
1.17500000E-04,i2,Line_1_e1,-4.42849555E+03
1.18000000E-04,injectedCurrent,Node_1,4.99423303E+03
1.18000000E-04,voltage,Node_1,7.19354744E+04
1.18000000E-04,voltage,Node_2,7.29533436E+04
1.18000000E-04,i1,Line_1_e1,4.99423303E+03
1.18000000E-04,i2,Line_1_e1,-4.39457369E+03
1.18500000E-04,injectedCurrent,Node_1,4.95196966E+03
1.18500000E-04,voltage,Node_1,7.16445902E+04
1.18500000E-04,voltage,Node_2,7.21779703E+04
1.18500000E-04,i1,Line_1_e1,4.95196966E+03
1.18500000E-04,i2,Line_1_e1,-4.35387651E+03
1.19000000E-04,injectedCurrent,Node_1,4.91003743E+03
1.19000000E-04,voltage,Node_1,7.07393888E+04
1.19000000E-04,voltage,Node_2,7.17424188E+04
1.19000000E-04,i1,Line_1_e1,4.91003743E+03
1.19000000E-04,i2,Line_1_e1,-4.32049570E+03
1.19500000E-04,injectedCurrent,Node_1,4.86843395E+03
1.19500000E-04,voltage,Node_1,7.04539952E+04
1.19500000E-04,voltage,Node_2,7.09784961E+04
1.19500000E-04,i1,Line_1_e1,4.86843395E+03
1.19500000E-04,i2,Line_1_e1,-4.28042219E+03
1.20000000E-04,injectedCurrent,Node_1,4.82715686E+03
1.20000000E-04,voltage,Node_1,6.95618168E+04
1.20000000E-04,voltage,Node_2,7.05502145E+04
1.20000000E-04,i1,Line_1_e1,4.82715686E+03
1.20000000E-04,i2,Line_1_e1,-4.24757463E+03
1.20500000E-04,injectedCurrent,Node_1,4.78620381E+03
1.20500000E-04,voltage,Node_1,6.92818339E+04
1.20500000E-04,voltage,Node_2,6.97975813E+04
1.20500000E-04,i1,Line_1_e1,4.78620381E+03
1.20500000E-04,i2,Line_1_e1,-4.20811588E+03
1.21000000E-04,injectedCurrent,Node_1,4.74557245E+03
1.21000000E-04,voltage,Node_1,6.84024962E+04
1.21000000E-04,voltage,Node_2,6.93764653E+04
1.21000000E-04,i1,Line_1_e1,4.74557245E+03
1.21000000E-04,i2,Line_1_e1,-4.17579388E+03
1.21500000E-04,injectedCurrent,Node_1,4.70526047E+03
1.21500000E-04,voltage,Node_1,6.81278445E+04
1.21500000E-04,voltage,Node_2,6.86349632E+04
1.21500000E-04,i1,Line_1_e1,4.70526047E+03
1.21500000E-04,i2,Line_1_e1,-4.13694108E+03
1.22000000E-04,injectedCurrent,Node_1,4.66526555E+03
1.22000000E-04,voltage,Node_1,6.72611682E+04
1.22000000E-04,voltage,Node_2,6.82209095E+04
1.22000000E-04,i1,Line_1_e1,4.66526555E+03
1.22000000E-04,i2,Line_1_e1,-4.10513704E+03
1.22500000E-04,injectedCurrent,Node_1,4.62558540E+03
1.22500000E-04,voltage,Node_1,6.69917684E+04
1.22500000E-04,voltage,Node_2,6.74903821E+04
1.22500000E-04,i1,Line_1_e1,4.62558540E+03
1.22500000E-04,i2,Line_1_e1,-4.06688152E+03
1.23000000E-04,injectedCurrent,Node_1,4.58621776E+03
1.23000000E-04,voltage,Node_1,6.61375772E+04
1.23000000E-04,voltage,Node_2,6.70832883E+04
1.23000000E-04,i1,Line_1_e1,4.58621776E+03
1.23000000E-04,i2,Line_1_e1,-4.03558792E+03
1.23500000E-04,injectedCurrent,Node_1,4.54716034E+03
1.23500000E-04,voltage,Node_1,6.58733505E+04
1.23500000E-04,voltage,Node_2,6.63635818E+04
1.23500000E-04,i1,Line_1_e1,4.54716034E+03
1.23500000E-04,i2,Line_1_e1,-3.99792111E+03
1.24000000E-04,injectedCurrent,Node_1,4.50841092E+03
1.24000000E-04,voltage,Node_1,6.50314709E+04
1.24000000E-04,voltage,Node_2,6.59633466E+04
1.24000000E-04,i1,Line_1_e1,4.50841092E+03
1.24000000E-04,i2,Line_1_e1,-3.96713054E+03
1.24500000E-04,injectedCurrent,Node_1,4.46996725E+03
1.24500000E-04,voltage,Node_1,6.47723388E+04
1.24500000E-04,voltage,Node_2,6.52543093E+04
1.24500000E-04,i1,Line_1_e1,4.46996725E+03
1.24500000E-04,i2,Line_1_e1,-3.93004402E+03
1.25000000E-04,injectedCurrent,Node_1,4.43182711E+03
1.25000000E-04,voltage,Node_1,6.39426000E+04
1.25000000E-04,voltage,Node_2,6.48608322E+04
1.25000000E-04,i1,Line_1_e1,4.43182711E+03
1.25000000E-04,i2,Line_1_e1,-3.89974914E+03
1.25500000E-04,injectedCurrent,Node_1,4.39398831E+03
1.25500000E-04,voltage,Node_1,6.36884845E+04
1.25500000E-04,voltage,Node_2,6.41623147E+04
1.25500000E-04,i1,Line_1_e1,4.39398831E+03
1.25500000E-04,i2,Line_1_e1,-3.86323457E+03
1.26000000E-04,injectedCurrent,Node_1,4.35644865E+03
1.26000000E-04,voltage,Node_1,6.28707185E+04
1.26000000E-04,voltage,Node_2,6.37754964E+04
1.26000000E-04,i1,Line_1_e1,4.35644865E+03
1.26000000E-04,i2,Line_1_e1,-3.83342814E+03
1.26500000E-04,injectedCurrent,Node_1,4.31920596E+03
1.26500000E-04,voltage,Node_1,6.26215421E+04
1.26500000E-04,voltage,Node_2,6.30873514E+04
1.26500000E-04,i1,Line_1_e1,4.31920596E+03
1.26500000E-04,i2,Line_1_e1,-3.79747733E+03
1.27000000E-04,injectedCurrent,Node_1,4.28225807E+03
1.27000000E-04,voltage,Node_1,6.18155836E+04
1.27000000E-04,voltage,Node_2,6.27070933E+04
1.27000000E-04,i1,Line_1_e1,4.28225807E+03
1.27000000E-04,i2,Line_1_e1,-3.76815220E+03
1.27500000E-04,injectedCurrent,Node_1,4.24560285E+03
1.27500000E-04,voltage,Node_1,6.15712691E+04
1.27500000E-04,voltage,Node_2,6.20291758E+04
1.27500000E-04,i1,Line_1_e1,4.24560285E+03
1.27500000E-04,i2,Line_1_e1,-3.73275704E+03
1.28000000E-04,injectedCurrent,Node_1,4.20923816E+03
1.28000000E-04,voltage,Node_1,6.07769555E+04
1.28000000E-04,voltage,Node_2,6.16553806E+04
1.28000000E-04,i1,Line_1_e1,4.20923816E+03
1.28000000E-04,i2,Line_1_e1,-3.70390615E+03
1.28500000E-04,injectedCurrent,Node_1,4.17316188E+03
1.28500000E-04,voltage,Node_1,6.05374262E+04
1.28500000E-04,voltage,Node_2,6.09875476E+04
1.28500000E-04,i1,Line_1_e1,4.17316188E+03
1.28500000E-04,i2,Line_1_e1,-3.66905866E+03
1.29000000E-04,injectedCurrent,Node_1,4.13737190E+03
1.29000000E-04,voltage,Node_1,5.97545973E+04
1.29000000E-04,voltage,Node_2,6.06201187E+04
1.29000000E-04,i1,Line_1_e1,4.13737190E+03
1.29000000E-04,i2,Line_1_e1,-3.64067503E+03
1.29500000E-04,injectedCurrent,Node_1,4.10186614E+03
1.29500000E-04,voltage,Node_1,5.95197772E+04
1.29500000E-04,voltage,Node_2,5.99622295E+04
1.29500000E-04,i1,Line_1_e1,4.10186614E+03
1.29500000E-04,i2,Line_1_e1,-3.60636735E+03
1.30000000E-04,injectedCurrent,Node_1,4.06664253E+03
1.30000000E-04,voltage,Node_1,5.87482755E+04
1.30000000E-04,voltage,Node_2,5.96010712E+04
1.30000000E-04,i1,Line_1_e1,4.06664253E+03
1.30000000E-04,i2,Line_1_e1,-3.57844409E+03
1.30500000E-04,injectedCurrent,Node_1,4.03169899E+03
1.30500000E-04,voltage,Node_1,5.85180889E+04
1.30500000E-04,voltage,Node_2,5.89529870E+04
1.30500000E-04,i1,Line_1_e1,4.03169899E+03
1.30500000E-04,i2,Line_1_e1,-3.54466845E+03
1.31000000E-04,injectedCurrent,Node_1,3.99703348E+03
1.31000000E-04,voltage,Node_1,5.77577592E+04
1.31000000E-04,voltage,Node_2,5.85980049E+04
1.31000000E-04,i1,Line_1_e1,3.99703348E+03
1.31000000E-04,i2,Line_1_e1,-3.51719875E+03
1.31500000E-04,injectedCurrent,Node_1,3.96264396E+03
1.31500000E-04,voltage,Node_1,5.75321310E+04
1.31500000E-04,voltage,Node_2,5.79595889E+04
1.31500000E-04,i1,Line_1_e1,3.96264396E+03
1.31500000E-04,i2,Line_1_e1,-3.48394750E+03
1.32000000E-04,injectedCurrent,Node_1,3.92852842E+03
1.32000000E-04,voltage,Node_1,5.67828209E+04
1.32000000E-04,voltage,Node_2,5.76106895E+04
1.32000000E-04,i1,Line_1_e1,3.92852842E+03
1.32000000E-04,i2,Line_1_e1,-3.45692464E+03
1.32500000E-04,injectedCurrent,Node_1,3.89468483E+03
1.32500000E-04,voltage,Node_1,5.65616765E+04
1.32500000E-04,voltage,Node_2,5.69818070E+04
1.32500000E-04,i1,Line_1_e1,3.89468483E+03
1.32500000E-04,i2,Line_1_e1,-3.42419023E+03
1.33000000E-04,injectedCurrent,Node_1,3.86111122E+03
1.33000000E-04,voltage,Node_1,5.58232355E+04
1.33000000E-04,voltage,Node_2,5.66388976E+04
1.33000000E-04,i1,Line_1_e1,3.86111122E+03
1.33000000E-04,i2,Line_1_e1,-3.39760758E+03
1.33500000E-04,injectedCurrent,Node_1,3.82780560E+03
1.33500000E-04,voltage,Node_1,5.56065011E+04
1.33500000E-04,voltage,Node_2,5.60194158E+04
1.33500000E-04,i1,Line_1_e1,3.82780560E+03
1.33500000E-04,i2,Line_1_e1,-3.36538256E+03
1.34000000E-04,injectedCurrent,Node_1,3.79476599E+03
1.34000000E-04,voltage,Node_1,5.48787814E+04
1.34000000E-04,voltage,Node_2,5.56824048E+04
1.34000000E-04,i1,Line_1_e1,3.79476599E+03
1.34000000E-04,i2,Line_1_e1,-3.33923357E+03
1.34500000E-04,injectedCurrent,Node_1,3.76199044E+03
1.34500000E-04,voltage,Node_1,5.46663833E+04
1.34500000E-04,voltage,Node_2,5.50721929E+04
1.34500000E-04,i1,Line_1_e1,3.76199044E+03
1.34500000E-04,i2,Line_1_e1,-3.30751060E+03
1.35000000E-04,injectedCurrent,Node_1,3.72947702E+03
1.35000000E-04,voltage,Node_1,5.39492394E+04
1.35000000E-04,voltage,Node_2,5.47409896E+04
1.35000000E-04,i1,Line_1_e1,3.72947702E+03
1.35000000E-04,i2,Line_1_e1,-3.28178881E+03
1.35500000E-04,injectedCurrent,Node_1,3.69722378E+03
1.35500000E-04,voltage,Node_1,5.37411048E+04
1.35500000E-04,voltage,Node_2,5.41399187E+04
1.35500000E-04,i1,Line_1_e1,3.69722378E+03
1.35500000E-04,i2,Line_1_e1,-3.25056065E+03
1.36000000E-04,injectedCurrent,Node_1,3.66522882E+03
1.36000000E-04,voltage,Node_1,5.30343933E+04
1.36000000E-04,voltage,Node_2,5.38144335E+04
1.36000000E-04,i1,Line_1_e1,3.66522882E+03
1.36000000E-04,i2,Line_1_e1,-3.22525965E+03
1.36500000E-04,injectedCurrent,Node_1,3.63349023E+03
1.36500000E-04,voltage,Node_1,5.28304500E+04
1.36500000E-04,voltage,Node_2,5.32223765E+04
1.36500000E-04,i1,Line_1_e1,3.63349023E+03
1.36500000E-04,i2,Line_1_e1,-3.19451917E+03
1.37000000E-04,injectedCurrent,Node_1,3.60200612E+03
1.37000000E-04,voltage,Node_1,5.21340298E+04
1.37000000E-04,voltage,Node_2,5.29025207E+04
1.37000000E-04,i1,Line_1_e1,3.60200612E+03
1.37000000E-04,i2,Line_1_e1,-3.16963267E+03
1.37500000E-04,injectedCurrent,Node_1,3.57077461E+03
1.37500000E-04,voltage,Node_1,5.19342060E+04
1.37500000E-04,voltage,Node_2,5.23193524E+04
1.37500000E-04,i1,Line_1_e1,3.57077461E+03
1.37500000E-04,i2,Line_1_e1,-3.13937281E+03
1.38000000E-04,injectedCurrent,Node_1,3.53979383E+03
1.38000000E-04,voltage,Node_1,5.12479384E+04
1.38000000E-04,voltage,Node_2,5.20050382E+04
1.38000000E-04,i1,Line_1_e1,3.53979383E+03
1.38000000E-04,i2,Line_1_e1,-3.11489459E+03
1.38500000E-04,injectedCurrent,Node_1,3.50906193E+03
1.38500000E-04,voltage,Node_1,5.10521629E+04
1.38500000E-04,voltage,Node_2,5.14306353E+04
1.38500000E-04,i1,Line_1_e1,3.50906193E+03
1.38500000E-04,i2,Line_1_e1,-3.08510842E+03
1.39000000E-04,injectedCurrent,Node_1,3.47857708E+03
1.39000000E-04,voltage,Node_1,5.03759110E+04
1.39000000E-04,voltage,Node_2,5.11217759E+04
1.39000000E-04,i1,Line_1_e1,3.47857708E+03
1.39000000E-04,i2,Line_1_e1,-3.06103232E+03
1.39500000E-04,injectedCurrent,Node_1,3.44833743E+03
1.39500000E-04,voltage,Node_1,5.01841135E+04
1.39500000E-04,voltage,Node_2,5.05560168E+04
1.39500000E-04,i1,Line_1_e1,3.44833743E+03
1.39500000E-04,i2,Line_1_e1,-3.03171299E+03
1.40000000E-04,injectedCurrent,Node_1,3.41834119E+03
1.40000000E-04,voltage,Node_1,4.95177427E+04
1.40000000E-04,voltage,Node_2,5.02525265E+04
1.40000000E-04,i1,Line_1_e1,3.41834119E+03
1.40000000E-04,i2,Line_1_e1,-3.00803295E+03
1.40500000E-04,injectedCurrent,Node_1,3.38858653E+03
1.40500000E-04,voltage,Node_1,4.93298531E+04
1.40500000E-04,voltage,Node_2,4.96952913E+04
1.40500000E-04,i1,Line_1_e1,3.38858653E+03
1.40500000E-04,i2,Line_1_e1,-2.97917372E+03
1.41000000E-04,injectedCurrent,Node_1,3.35907168E+03
1.41000000E-04,voltage,Node_1,4.86732310E+04
1.41000000E-04,voltage,Node_2,4.93970852E+04
1.41000000E-04,i1,Line_1_e1,3.35907168E+03
1.41000000E-04,i2,Line_1_e1,-2.95588374E+03
1.41500000E-04,injectedCurrent,Node_1,3.32979484E+03
1.41500000E-04,voltage,Node_1,4.84891801E+04
1.41500000E-04,voltage,Node_2,4.88482559E+04
1.41500000E-04,i1,Line_1_e1,3.32979484E+03
1.41500000E-04,i2,Line_1_e1,-2.92747794E+03
1.42000000E-04,injectedCurrent,Node_1,3.30075426E+03
1.42000000E-04,voltage,Node_1,4.78421762E+04
1.42000000E-04,voltage,Node_2,4.85552501E+04
1.42000000E-04,i1,Line_1_e1,3.30075426E+03
1.42000000E-04,i2,Line_1_e1,-2.90457213E+03
1.42500000E-04,injectedCurrent,Node_1,3.27194817E+03
1.42500000E-04,voltage,Node_1,4.76618953E+04
1.42500000E-04,voltage,Node_2,4.80147103E+04
1.42500000E-04,i1,Line_1_e1,3.27194817E+03
1.42500000E-04,i2,Line_1_e1,-2.87661320E+03
1.43000000E-04,injectedCurrent,Node_1,3.24337484E+03
1.43000000E-04,voltage,Node_1,4.70243810E+04
1.43000000E-04,voltage,Node_2,4.77268219E+04
1.43000000E-04,i1,Line_1_e1,3.24337484E+03
1.43000000E-04,i2,Line_1_e1,-2.85408570E+03
1.43500000E-04,injectedCurrent,Node_1,3.21503252E+03
1.43500000E-04,voltage,Node_1,4.68478021E+04
1.43500000E-04,voltage,Node_2,4.71944569E+04
1.43500000E-04,i1,Line_1_e1,3.21503252E+03
1.43500000E-04,i2,Line_1_e1,-2.82656717E+03
1.44000000E-04,injectedCurrent,Node_1,3.18691951E+03
1.44000000E-04,voltage,Node_1,4.62196510E+04
1.44000000E-04,voltage,Node_2,4.69116039E+04
1.44000000E-04,i1,Line_1_e1,3.18691951E+03
1.44000000E-04,i2,Line_1_e1,-2.80441223E+03
1.44500000E-04,injectedCurrent,Node_1,3.15903409E+03
1.44500000E-04,voltage,Node_1,4.60467066E+04
1.44500000E-04,voltage,Node_2,4.63873008E+04
1.44500000E-04,i1,Line_1_e1,3.15903409E+03
1.44500000E-04,i2,Line_1_e1,-2.77732771E+03
1.45000000E-04,injectedCurrent,Node_1,3.13137456E+03
1.45000000E-04,voltage,Node_1,4.54277943E+04
1.45000000E-04,voltage,Node_2,4.61094020E+04
1.45000000E-04,i1,Line_1_e1,3.13137456E+03
1.45000000E-04,i2,Line_1_e1,-2.75553964E+03
1.45500000E-04,injectedCurrent,Node_1,3.10393924E+03
1.45500000E-04,voltage,Node_1,4.52584176E+04
1.45500000E-04,voltage,Node_2,4.55930494E+04
1.45500000E-04,i1,Line_1_e1,3.10393924E+03
1.45500000E-04,i2,Line_1_e1,-2.72888285E+03
1.46000000E-04,injectedCurrent,Node_1,3.07672645E+03
1.46000000E-04,voltage,Node_1,4.46486213E+04
1.46000000E-04,voltage,Node_2,4.53200248E+04
1.46000000E-04,i1,Line_1_e1,3.07672645E+03
1.46000000E-04,i2,Line_1_e1,-2.70745604E+03
1.46500000E-04,injectedCurrent,Node_1,3.04973453E+03
1.46500000E-04,voltage,Node_1,4.44827462E+04
1.46500000E-04,voltage,Node_2,4.48115129E+04
1.46500000E-04,i1,Line_1_e1,3.04973453E+03
1.46500000E-04,i2,Line_1_e1,-2.68122077E+03
1.47000000E-04,injectedCurrent,Node_1,3.02296184E+03
1.47000000E-04,voltage,Node_1,4.38819452E+04
1.47000000E-04,voltage,Node_2,4.45432832E+04
1.47000000E-04,i1,Line_1_e1,3.02296184E+03
1.47000000E-04,i2,Line_1_e1,-2.66014968E+03
1.47500000E-04,injectedCurrent,Node_1,2.99640672E+03
1.47500000E-04,voltage,Node_1,4.37195061E+04
1.47500000E-04,voltage,Node_2,4.40425039E+04
1.47500000E-04,i1,Line_1_e1,2.99640672E+03
1.47500000E-04,i2,Line_1_e1,-2.63432981E+03
1.48000000E-04,injectedCurrent,Node_1,2.97006755E+03
1.48000000E-04,voltage,Node_1,4.31275815E+04
1.48000000E-04,voltage,Node_2,4.37789909E+04
1.48000000E-04,i1,Line_1_e1,2.97006755E+03
1.48000000E-04,i2,Line_1_e1,-2.61360898E+03
1.48500000E-04,injectedCurrent,Node_1,2.94394272E+03
1.48500000E-04,voltage,Node_1,4.29685137E+04
1.48500000E-04,voltage,Node_2,4.32858376E+04
1.48500000E-04,i1,Line_1_e1,2.94394272E+03
1.48500000E-04,i2,Line_1_e1,-2.58819847E+03
1.49000000E-04,injectedCurrent,Node_1,2.91803061E+03
1.49000000E-04,voltage,Node_1,4.23853484E+04
1.49000000E-04,voltage,Node_2,4.30269640E+04
1.49000000E-04,i1,Line_1_e1,2.91803061E+03
1.49000000E-04,i2,Line_1_e1,-2.56782250E+03
1.49500000E-04,injectedCurrent,Node_1,2.89232962E+03
1.49500000E-04,voltage,Node_1,4.22295874E+04
1.49500000E-04,voltage,Node_2,4.25413316E+04
1.49500000E-04,i1,Line_1_e1,2.89232962E+03
1.49500000E-04,i2,Line_1_e1,-2.54281540E+03
1.50000000E-04,injectedCurrent,Node_1,2.86683818E+03
1.50000000E-04,voltage,Node_1,4.16550662E+04
1.50000000E-04,voltage,Node_2,4.22870208E+04
1.50000000E-04,i1,Line_1_e1,2.86683818E+03
1.50000000E-04,i2,Line_1_e1,-2.52277897E+03
1.50500000E-04,injectedCurrent,Node_1,2.84155471E+03
1.50500000E-04,voltage,Node_1,4.15025486E+04
1.50500000E-04,voltage,Node_2,4.18088059E+04
1.50500000E-04,i1,Line_1_e1,2.84155471E+03
1.50500000E-04,i2,Line_1_e1,-2.49816943E+03
1.51000000E-04,injectedCurrent,Node_1,2.81647765E+03
1.51000000E-04,voltage,Node_1,4.09365579E+04
1.51000000E-04,voltage,Node_2,4.15589824E+04
1.51000000E-04,i1,Line_1_e1,2.81647765E+03
1.51000000E-04,i2,Line_1_e1,-2.47846728E+03
1.51500000E-04,injectedCurrent,Node_1,2.79160544E+03
1.51500000E-04,voltage,Node_1,4.07872206E+04
1.51500000E-04,voltage,Node_2,4.10880829E+04
1.51500000E-04,i1,Line_1_e1,2.79160544E+03
1.51500000E-04,i2,Line_1_e1,-2.45424951E+03
1.52000000E-04,injectedCurrent,Node_1,2.76693653E+03
1.52000000E-04,voltage,Node_1,4.02296487E+04
1.52000000E-04,voltage,Node_2,4.08426721E+04
1.52000000E-04,i1,Line_1_e1,2.76693653E+03
1.52000000E-04,i2,Line_1_e1,-2.43487645E+03
1.52500000E-04,injectedCurrent,Node_1,2.74246941E+03
1.52500000E-04,voltage,Node_1,4.00834294E+04
1.52500000E-04,voltage,Node_2,4.03789876E+04
1.52500000E-04,i1,Line_1_e1,2.74246941E+03
1.52500000E-04,i2,Line_1_e1,-2.41104475E+03
1.53000000E-04,injectedCurrent,Node_1,2.71820254E+03
1.53000000E-04,voltage,Node_1,3.95341662E+04
1.53000000E-04,voltage,Node_2,4.01379157E+04
1.53000000E-04,i1,Line_1_e1,2.71820254E+03
1.53000000E-04,i2,Line_1_e1,-2.39199568E+03
1.53500000E-04,injectedCurrent,Node_1,2.69413442E+03
1.53500000E-04,voltage,Node_1,3.93910032E+04
1.53500000E-04,voltage,Node_2,3.96813470E+04
1.53500000E-04,i1,Line_1_e1,2.69413442E+03
1.53500000E-04,i2,Line_1_e1,-2.36854442E+03
1.54000000E-04,injectedCurrent,Node_1,2.67026355E+03
1.54000000E-04,voltage,Node_1,3.88499403E+04
1.54000000E-04,voltage,Node_2,3.94445411E+04
1.54000000E-04,i1,Line_1_e1,2.67026355E+03
1.54000000E-04,i2,Line_1_e1,-2.34981429E+03
1.54500000E-04,injectedCurrent,Node_1,2.64658844E+03
1.54500000E-04,voltage,Node_1,3.87097725E+04
1.54500000E-04,voltage,Node_2,3.89949907E+04
1.54500000E-04,i1,Line_1_e1,2.64658844E+03
1.54500000E-04,i2,Line_1_e1,-2.32673794E+03
1.55000000E-04,injectedCurrent,Node_1,2.62310760E+03
1.55000000E-04,voltage,Node_1,3.81768032E+04
1.55000000E-04,voltage,Node_2,3.87623789E+04
1.55000000E-04,i1,Line_1_e1,2.62310760E+03
1.55000000E-04,i2,Line_1_e1,-2.30832175E+03
1.55500000E-04,injectedCurrent,Node_1,2.59981956E+03
1.55500000E-04,voltage,Node_1,3.80395702E+04
1.55500000E-04,voltage,Node_2,3.83197505E+04
1.55500000E-04,i1,Line_1_e1,2.59981956E+03
1.55500000E-04,i2,Line_1_e1,-2.28561484E+03
1.56000000E-04,injectedCurrent,Node_1,2.57672288E+03
1.56000000E-04,voltage,Node_1,3.75145894E+04
1.56000000E-04,voltage,Node_2,3.80912616E+04
1.56000000E-04,i1,Line_1_e1,2.57672288E+03
1.56000000E-04,i2,Line_1_e1,-2.26750770E+03
1.56500000E-04,injectedCurrent,Node_1,2.55381609E+03
1.56500000E-04,voltage,Node_1,3.73802315E+04
1.56500000E-04,voltage,Node_2,3.76554604E+04
1.56500000E-04,i1,Line_1_e1,2.55381609E+03
1.56500000E-04,i2,Line_1_e1,-2.24516484E+03
1.57000000E-04,injectedCurrent,Node_1,2.53109777E+03
1.57000000E-04,voltage,Node_1,3.68631356E+04
1.57000000E-04,voltage,Node_2,3.74310242E+04
1.57000000E-04,i1,Line_1_e1,2.53109777E+03
1.57000000E-04,i2,Line_1_e1,-2.22736188E+03
1.57500000E-04,injectedCurrent,Node_1,2.50856647E+03
1.57500000E-04,voltage,Node_1,3.67315936E+04
1.57500000E-04,voltage,Node_2,3.70019568E+04
1.57500000E-04,i1,Line_1_e1,2.50856647E+03
1.57500000E-04,i2,Line_1_e1,-2.20537777E+03
1.58000000E-04,injectedCurrent,Node_1,2.48622079E+03
1.58000000E-04,voltage,Node_1,3.62222808E+04
1.58000000E-04,voltage,Node_2,3.67815039E+04
1.58000000E-04,i1,Line_1_e1,2.48622079E+03
1.58000000E-04,i2,Line_1_e1,-2.18787422E+03
1.58500000E-04,injectedCurrent,Node_1,2.46405930E+03
1.58500000E-04,voltage,Node_1,3.60934961E+04
1.58500000E-04,voltage,Node_2,3.63590783E+04
1.58500000E-04,i1,Line_1_e1,2.46405930E+03
1.58500000E-04,i2,Line_1_e1,-2.16624361E+03
1.59000000E-04,injectedCurrent,Node_1,2.44208062E+03
1.59000000E-04,voltage,Node_1,3.55918659E+04
1.59000000E-04,voltage,Node_2,3.61425401E+04
1.59000000E-04,i1,Line_1_e1,2.44208062E+03
1.59000000E-04,i2,Line_1_e1,-2.14903475E+03
1.59500000E-04,injectedCurrent,Node_1,2.42028334E+03
1.59500000E-04,voltage,Node_1,3.54657807E+04
1.59500000E-04,voltage,Node_2,3.57266655E+04
1.59500000E-04,i1,Line_1_e1,2.42028334E+03
1.59500000E-04,i2,Line_1_e1,-2.12775249E+03
1.60000000E-04,injectedCurrent,Node_1,2.39866610E+03
1.60000000E-04,voltage,Node_1,3.49717345E+04
1.60000000E-04,voltage,Node_2,3.55139744E+04
1.60000000E-04,i1,Line_1_e1,2.39866610E+03
1.60000000E-04,i2,Line_1_e1,-2.11083365E+03
1.60500000E-04,injectedCurrent,Node_1,2.37722751E+03
1.60500000E-04,voltage,Node_1,3.48482915E+04
1.60500000E-04,voltage,Node_2,3.51045614E+04
1.60500000E-04,i1,Line_1_e1,2.37722751E+03
1.60500000E-04,i2,Line_1_e1,-2.08989464E+03
1.61000000E-04,injectedCurrent,Node_1,2.35596622E+03
1.61000000E-04,voltage,Node_1,3.43617317E+04
1.61000000E-04,voltage,Node_2,3.48956504E+04
1.61000000E-04,i1,Line_1_e1,2.35596622E+03
1.61000000E-04,i2,Line_1_e1,-2.07326124E+03
1.61500000E-04,injectedCurrent,Node_1,2.33488088E+03
1.61500000E-04,voltage,Node_1,3.42408743E+04
1.61500000E-04,voltage,Node_2,3.44926110E+04
1.61500000E-04,i1,Line_1_e1,2.33488088E+03
1.61500000E-04,i2,Line_1_e1,-2.05266048E+03
1.62000000E-04,injectedCurrent,Node_1,2.31397014E+03
1.62000000E-04,voltage,Node_1,3.37617052E+04
1.62000000E-04,voltage,Node_2,3.42874142E+04
1.62000000E-04,i1,Line_1_e1,2.31397014E+03
1.62000000E-04,i2,Line_1_e1,-2.03630798E+03
1.62500000E-04,injectedCurrent,Node_1,2.29323268E+03
1.62500000E-04,voltage,Node_1,3.36433774E+04
1.62500000E-04,voltage,Node_2,3.38906615E+04
1.62500000E-04,i1,Line_1_e1,2.29323268E+03
1.62500000E-04,i2,Line_1_e1,-2.01604051E+03
1.63000000E-04,injectedCurrent,Node_1,2.27266715E+03
1.63000000E-04,voltage,Node_1,3.31715045E+04
1.63000000E-04,voltage,Node_2,3.36891136E+04
1.63000000E-04,i1,Line_1_e1,2.27266715E+03
1.63000000E-04,i2,Line_1_e1,-1.99996444E+03
1.63500000E-04,injectedCurrent,Node_1,2.25227226E+03
1.63500000E-04,voltage,Node_1,3.30556510E+04
1.63500000E-04,voltage,Node_2,3.32985621E+04
1.63500000E-04,i1,Line_1_e1,2.25227226E+03
1.63500000E-04,i2,Line_1_e1,-1.98002539E+03
1.64000000E-04,injectedCurrent,Node_1,2.23204670E+03
1.64000000E-04,voltage,Node_1,3.25909814E+04
1.64000000E-04,voltage,Node_2,3.31005987E+04
1.64000000E-04,i1,Line_1_e1,2.23204670E+03
1.64000000E-04,i2,Line_1_e1,-1.96422134E+03
1.64500000E-04,injectedCurrent,Node_1,2.21198916E+03
1.64500000E-04,voltage,Node_1,3.24775473E+04
1.64500000E-04,voltage,Node_2,3.27161641E+04
1.64500000E-04,i1,Line_1_e1,2.21198916E+03
1.64500000E-04,i2,Line_1_e1,-1.94460591E+03
1.65000000E-04,injectedCurrent,Node_1,2.19209837E+03
1.65000000E-04,voltage,Node_1,3.20199896E+04
1.65000000E-04,voltage,Node_2,3.25217217E+04
1.65000000E-04,i1,Line_1_e1,2.19209837E+03
1.65000000E-04,i2,Line_1_e1,-1.92906953E+03
1.65500000E-04,injectedCurrent,Node_1,2.17237304E+03
1.65500000E-04,voltage,Node_1,3.19089207E+04
1.65500000E-04,voltage,Node_2,3.21433209E+04
1.65500000E-04,i1,Line_1_e1,2.17237304E+03
1.65500000E-04,i2,Line_1_e1,-1.90977297E+03
1.66000000E-04,injectedCurrent,Node_1,2.15281190E+03
1.66000000E-04,voltage,Node_1,3.14583846E+04
1.66000000E-04,voltage,Node_2,3.19523367E+04
1.66000000E-04,i1,Line_1_e1,2.15281190E+03
1.66000000E-04,i2,Line_1_e1,-1.89449997E+03
1.66500000E-04,injectedCurrent,Node_1,2.13341370E+03
1.66500000E-04,voltage,Node_1,3.13496276E+04
1.66500000E-04,voltage,Node_2,3.15798879E+04
1.66500000E-04,i1,Line_1_e1,2.13341370E+03
1.66500000E-04,i2,Line_1_e1,-1.87551762E+03
1.67000000E-04,injectedCurrent,Node_1,2.11417718E+03
1.67000000E-04,voltage,Node_1,3.09060244E+04
1.67000000E-04,voltage,Node_2,3.13922998E+04
1.67000000E-04,i1,Line_1_e1,2.11417718E+03
1.67000000E-04,i2,Line_1_e1,-1.86050377E+03
1.67500000E-04,injectedCurrent,Node_1,2.09510110E+03
1.67500000E-04,voltage,Node_1,3.07995261E+04
1.67500000E-04,voltage,Node_2,3.10257224E+04
1.67500000E-04,i1,Line_1_e1,2.09510110E+03
1.67500000E-04,i2,Line_1_e1,-1.84183102E+03
1.68000000E-04,injectedCurrent,Node_1,2.07618423E+03
1.68000000E-04,voltage,Node_1,3.03627684E+04
1.68000000E-04,voltage,Node_2,3.08414693E+04
1.68000000E-04,i1,Line_1_e1,2.07618423E+03
1.68000000E-04,i2,Line_1_e1,-1.82707214E+03
1.68500000E-04,injectedCurrent,Node_1,2.05742533E+03
1.68500000E-04,voltage,Node_1,3.02584767E+04
1.68500000E-04,voltage,Node_2,3.04806838E+04
1.68500000E-04,i1,Line_1_e1,2.05742533E+03
1.68500000E-04,i2,Line_1_e1,-1.80870447E+03
1.69000000E-04,injectedCurrent,Node_1,2.03882320E+03
1.69000000E-04,voltage,Node_1,2.98284784E+04
1.69000000E-04,voltage,Node_2,3.02997052E+04
1.69000000E-04,i1,Line_1_e1,2.03882320E+03
1.69000000E-04,i2,Line_1_e1,-1.79419644E+03
1.69500000E-04,injectedCurrent,Node_1,2.02037663E+03
1.69500000E-04,voltage,Node_1,2.97263414E+04
1.69500000E-04,voltage,Node_2,2.99446333E+04
1.69500000E-04,i1,Line_1_e1,2.02037663E+03
1.69500000E-04,i2,Line_1_e1,-1.77612936E+03
1.70000000E-04,injectedCurrent,Node_1,2.00208441E+03
1.70000000E-04,voltage,Node_1,2.93030178E+04
1.70000000E-04,voltage,Node_2,2.97668695E+04
1.70000000E-04,i1,Line_1_e1,2.00208441E+03
1.70000000E-04,i2,Line_1_e1,-1.76186812E+03
1.70500000E-04,injectedCurrent,Node_1,1.98394535E+03
1.70500000E-04,voltage,Node_1,2.92029845E+04
1.70500000E-04,voltage,Node_2,2.94174341E+04
1.70500000E-04,i1,Line_1_e1,1.98394535E+03
1.70500000E-04,i2,Line_1_e1,-1.74409723E+03
1.71000000E-04,injectedCurrent,Node_1,1.96595827E+03
1.71000000E-04,voltage,Node_1,2.87862520E+04
1.71000000E-04,voltage,Node_2,2.92428263E+04
1.71000000E-04,i1,Line_1_e1,1.96595827E+03
1.71000000E-04,i2,Line_1_e1,-1.73007877E+03
1.71500000E-04,injectedCurrent,Node_1,1.94812201E+03
1.71500000E-04,voltage,Node_1,2.86882718E+04
1.71500000E-04,voltage,Node_2,2.88989513E+04
1.71500000E-04,i1,Line_1_e1,1.94812201E+03
1.71500000E-04,i2,Line_1_e1,-1.71259972E+03
1.72000000E-04,injectedCurrent,Node_1,1.93043538E+03
1.72000000E-04,voltage,Node_1,2.82780484E+04
1.72000000E-04,voltage,Node_2,2.87274414E+04
1.72000000E-04,i1,Line_1_e1,1.93043538E+03
1.72000000E-04,i2,Line_1_e1,-1.69882010E+03
1.72500000E-04,injectedCurrent,Node_1,1.91289723E+03
1.72500000E-04,voltage,Node_1,2.81820714E+04
1.72500000E-04,voltage,Node_2,2.83890520E+04
1.72500000E-04,i1,Line_1_e1,1.91289723E+03
1.72500000E-04,i2,Line_1_e1,-1.68162861E+03
1.73000000E-04,injectedCurrent,Node_1,1.89550641E+03
1.73000000E-04,voltage,Node_1,2.77782761E+04
1.73000000E-04,voltage,Node_2,2.82205824E+04
1.73000000E-04,i1,Line_1_e1,1.89550641E+03
1.73000000E-04,i2,Line_1_e1,-1.66808393E+03
1.73500000E-04,injectedCurrent,Node_1,1.87826179E+03
1.73500000E-04,voltage,Node_1,2.76842529E+04
1.73500000E-04,voltage,Node_2,2.78876048E+04
1.73500000E-04,i1,Line_1_e1,1.87826179E+03
1.73500000E-04,i2,Line_1_e1,-1.65117578E+03
1.74000000E-04,injectedCurrent,Node_1,1.86116222E+03
1.74000000E-04,voltage,Node_1,2.72868059E+04
1.74000000E-04,voltage,Node_2,2.77221190E+04
1.74000000E-04,i1,Line_1_e1,1.86116222E+03
1.74000000E-04,i2,Line_1_e1,-1.63786220E+03
1.74500000E-04,injectedCurrent,Node_1,1.84420659E+03
1.74500000E-04,voltage,Node_1,2.71946877E+04
1.74500000E-04,voltage,Node_2,2.73944805E+04
1.74500000E-04,i1,Line_1_e1,1.84420659E+03
1.74500000E-04,i2,Line_1_e1,-1.62123323E+03
1.75000000E-04,injectedCurrent,Node_1,1.82739377E+03
1.75000000E-04,voltage,Node_1,2.68035108E+04
1.75000000E-04,voltage,Node_2,2.72319226E+04
1.75000000E-04,i1,Line_1_e1,1.82739377E+03
1.75000000E-04,i2,Line_1_e1,-1.60814695E+03
1.75500000E-04,injectedCurrent,Node_1,1.81072265E+03
1.75500000E-04,voltage,Node_1,2.67132494E+04
1.75500000E-04,voltage,Node_2,2.69095515E+04
1.75500000E-04,i1,Line_1_e1,1.81072265E+03
1.75500000E-04,i2,Line_1_e1,-1.59179306E+03
1.76000000E-04,injectedCurrent,Node_1,1.79419214E+03
1.76000000E-04,voltage,Node_1,2.63282651E+04
1.76000000E-04,voltage,Node_2,2.67498662E+04
1.76000000E-04,i1,Line_1_e1,1.79419214E+03
1.76000000E-04,i2,Line_1_e1,-1.57893034E+03
1.76500000E-04,injectedCurrent,Node_1,1.77780114E+03
1.76500000E-04,voltage,Node_1,2.62398129E+04
1.76500000E-04,voltage,Node_2,2.64326920E+04
1.76500000E-04,i1,Line_1_e1,1.77780114E+03
1.76500000E-04,i2,Line_1_e1,-1.56284749E+03
1.77000000E-04,injectedCurrent,Node_1,1.76154855E+03
1.77000000E-04,voltage,Node_1,2.58609452E+04
1.77000000E-04,voltage,Node_2,2.62758249E+04
1.77000000E-04,i1,Line_1_e1,1.76154855E+03
1.77000000E-04,i2,Line_1_e1,-1.55020466E+03
1.77500000E-04,injectedCurrent,Node_1,1.74543332E+03
1.77500000E-04,voltage,Node_1,2.57742551E+04
1.77500000E-04,voltage,Node_2,2.59637781E+04
1.77500000E-04,i1,Line_1_e1,1.74543332E+03
1.77500000E-04,i2,Line_1_e1,-1.53438887E+03
1.78000000E-04,injectedCurrent,Node_1,1.72945436E+03
1.78000000E-04,voltage,Node_1,2.54014292E+04
1.78000000E-04,voltage,Node_2,2.58096753E+04
1.78000000E-04,i1,Line_1_e1,1.72945436E+03
1.78000000E-04,i2,Line_1_e1,-1.52196228E+03
1.78500000E-04,injectedCurrent,Node_1,1.71361060E+03
1.78500000E-04,voltage,Node_1,2.53164547E+04
1.78500000E-04,voltage,Node_2,2.55026874E+04
1.78500000E-04,i1,Line_1_e1,1.71361060E+03
1.78500000E-04,i2,Line_1_e1,-1.50640963E+03
1.79000000E-04,injectedCurrent,Node_1,1.69790101E+03
1.79000000E-04,voltage,Node_1,2.49495967E+04
1.79000000E-04,voltage,Node_2,2.53512960E+04
1.79000000E-04,i1,Line_1_e1,1.69790101E+03
1.79000000E-04,i2,Line_1_e1,-1.49419571E+03
1.79500000E-04,injectedCurrent,Node_1,1.68232452E+03
1.79500000E-04,voltage,Node_1,2.48662918E+04
1.79500000E-04,voltage,Node_2,2.50492994E+04
1.79500000E-04,i1,Line_1_e1,1.68232452E+03
1.79500000E-04,i2,Line_1_e1,-1.47890231E+03
1.80000000E-04,injectedCurrent,Node_1,1.66688010E+03
1.80000000E-04,voltage,Node_1,2.45053292E+04
1.80000000E-04,voltage,Node_2,2.49005669E+04
1.80000000E-04,i1,Line_1_e1,1.66688010E+03
1.80000000E-04,i2,Line_1_e1,-1.46689752E+03
1.80500000E-04,injectedCurrent,Node_1,1.65156671E+03
1.80500000E-04,voltage,Node_1,2.44236485E+04
1.80500000E-04,voltage,Node_2,2.46034953E+04
1.80500000E-04,i1,Line_1_e1,1.65156671E+03
1.80500000E-04,i2,Line_1_e1,-1.45185958E+03
1.81000000E-04,injectedCurrent,Node_1,1.63638333E+03
1.81000000E-04,voltage,Node_1,2.40685097E+04
1.81000000E-04,voltage,Node_2,2.44573701E+04
1.81000000E-04,i1,Line_1_e1,1.63638333E+03
1.81000000E-04,i2,Line_1_e1,-1.44006043E+03
1.81500000E-04,injectedCurrent,Node_1,1.62132894E+03
1.81500000E-04,voltage,Node_1,2.39884084E+04
1.81500000E-04,voltage,Node_2,2.41651579E+04
1.81500000E-04,i1,Line_1_e1,1.62132894E+03
1.81500000E-04,i2,Line_1_e1,-1.42527419E+03
1.82000000E-04,injectedCurrent,Node_1,1.60640253E+03
1.82000000E-04,voltage,Node_1,2.36390231E+04
1.82000000E-04,voltage,Node_2,2.40215889E+04
1.82000000E-04,i1,Line_1_e1,1.60640253E+03
1.82000000E-04,i2,Line_1_e1,-1.41367726E+03
1.82500000E-04,injectedCurrent,Node_1,1.59160310E+03
1.82500000E-04,voltage,Node_1,2.35604569E+04
1.82500000E-04,voltage,Node_2,2.37341717E+04
1.82500000E-04,i1,Line_1_e1,1.59160310E+03
1.82500000E-04,i2,Line_1_e1,-1.39913901E+03
1.83000000E-04,injectedCurrent,Node_1,1.57692965E+03
1.83000000E-04,voltage,Node_1,2.32167557E+04
1.83000000E-04,voltage,Node_2,2.35931085E+04
1.83000000E-04,i1,Line_1_e1,1.57692965E+03
1.83000000E-04,i2,Line_1_e1,-1.38774090E+03
1.83500000E-04,injectedCurrent,Node_1,1.56238118E+03
1.83500000E-04,voltage,Node_1,2.31396808E+04
1.83500000E-04,voltage,Node_2,2.33104227E+04
1.83500000E-04,i1,Line_1_e1,1.56238118E+03
1.83500000E-04,i2,Line_1_e1,-1.37344700E+03
1.84000000E-04,injectedCurrent,Node_1,1.54795673E+03
1.84000000E-04,voltage,Node_1,2.28015956E+04
1.84000000E-04,voltage,Node_2,2.31718157E+04
1.84000000E-04,i1,Line_1_e1,1.54795673E+03
1.84000000E-04,i2,Line_1_e1,-1.36224436E+03
1.84500000E-04,injectedCurrent,Node_1,1.53365530E+03
1.84500000E-04,voltage,Node_1,2.27259686E+04
1.84500000E-04,voltage,Node_2,2.28937987E+04
1.84500000E-04,i1,Line_1_e1,1.53365530E+03
1.84500000E-04,i2,Line_1_e1,-1.34819122E+03
1.85000000E-04,injectedCurrent,Node_1,1.51947595E+03
1.85000000E-04,voltage,Node_1,2.23934322E+04
1.85000000E-04,voltage,Node_2,2.27575989E+04
1.85000000E-04,i1,Line_1_e1,1.51947595E+03
1.85000000E-04,i2,Line_1_e1,-1.33718078E+03
1.85500000E-04,injectedCurrent,Node_1,1.50541769E+03
1.85500000E-04,voltage,Node_1,2.23192106E+04
1.85500000E-04,voltage,Node_2,2.24841890E+04
1.85500000E-04,i1,Line_1_e1,1.50541769E+03
1.85500000E-04,i2,Line_1_e1,-1.32336485E+03
1.86000000E-04,injectedCurrent,Node_1,1.49147959E+03
1.86000000E-04,voltage,Node_1,2.19921567E+04
1.86000000E-04,voltage,Node_2,2.23503480E+04
1.86000000E-04,i1,Line_1_e1,1.49147959E+03
1.86000000E-04,i2,Line_1_e1,-1.31254334E+03
1.86500000E-04,injectedCurrent,Node_1,1.47766068E+03
1.86500000E-04,voltage,Node_1,2.19192982E+04
1.86500000E-04,voltage,Node_2,2.20814846E+04
1.86500000E-04,i1,Line_1_e1,1.47766068E+03
1.86500000E-04,i2,Line_1_e1,-1.29896113E+03
1.87000000E-04,injectedCurrent,Node_1,1.46396004E+03
1.87000000E-04,voltage,Node_1,2.15976619E+04
1.87000000E-04,voltage,Node_2,2.19499546E+04
1.87000000E-04,i1,Line_1_e1,1.46396004E+03
1.87000000E-04,i2,Line_1_e1,-1.28832537E+03
1.87500000E-04,injectedCurrent,Node_1,1.45037673E+03
1.87500000E-04,voltage,Node_1,2.15261249E+04
1.87500000E-04,voltage,Node_2,2.16855777E+04
1.87500000E-04,i1,Line_1_e1,1.45037673E+03
1.87500000E-04,i2,Line_1_e1,-1.27497345E+03
1.88000000E-04,injectedCurrent,Node_1,1.43690982E+03
1.88000000E-04,voltage,Node_1,2.12098420E+04
1.88000000E-04,voltage,Node_2,2.15563117E+04
1.88000000E-04,i1,Line_1_e1,1.43690982E+03
1.88000000E-04,i2,Line_1_e1,-1.26452027E+03
1.88500000E-04,injectedCurrent,Node_1,1.42355839E+03
1.88500000E-04,voltage,Node_1,2.11395852E+04
1.88500000E-04,voltage,Node_2,2.12963625E+04
1.88500000E-04,i1,Line_1_e1,1.42355839E+03
1.88500000E-04,i2,Line_1_e1,-1.25139524E+03
1.89000000E-04,injectedCurrent,Node_1,1.41032152E+03
1.89000000E-04,voltage,Node_1,2.08285926E+04
1.89000000E-04,voltage,Node_2,2.11693140E+04
1.89000000E-04,i1,Line_1_e1,1.41032152E+03
1.89000000E-04,i2,Line_1_e1,-1.24112153E+03
1.89500000E-04,injectedCurrent,Node_1,1.39719832E+03
1.89500000E-04,voltage,Node_1,2.07595754E+04
1.89500000E-04,voltage,Node_2,2.09137344E+04
1.89500000E-04,i1,Line_1_e1,1.39719832E+03
1.89500000E-04,i2,Line_1_e1,-1.22822006E+03
1.90000000E-04,injectedCurrent,Node_1,1.38418788E+03
1.90000000E-04,voltage,Node_1,2.04538111E+04
1.90000000E-04,voltage,Node_2,2.07888575E+04
1.90000000E-04,i1,Line_1_e1,1.38418788E+03
1.90000000E-04,i2,Line_1_e1,-1.21812275E+03
1.90500000E-04,injectedCurrent,Node_1,1.37128930E+03
1.90500000E-04,voltage,Node_1,2.03859933E+04
1.90500000E-04,voltage,Node_2,2.05375904E+04
1.90500000E-04,i1,Line_1_e1,1.37128930E+03
1.90500000E-04,i2,Line_1_e1,-1.20544155E+03
1.91000000E-04,injectedCurrent,Node_1,1.35850171E+03
1.91000000E-04,voltage,Node_1,2.00853961E+04
1.91000000E-04,voltage,Node_2,2.04148399E+04
1.91000000E-04,i1,Line_1_e1,1.35850171E+03
1.91000000E-04,i2,Line_1_e1,-1.19551763E+03
1.91500000E-04,injectedCurrent,Node_1,1.34582421E+03
1.91500000E-04,voltage,Node_1,2.00187381E+04
1.91500000E-04,voltage,Node_2,2.01678289E+04
1.91500000E-04,i1,Line_1_e1,1.34582421E+03
1.91500000E-04,i2,Line_1_e1,-1.18305345E+03
1.92000000E-04,injectedCurrent,Node_1,1.33325593E+03
1.92000000E-04,voltage,Node_1,1.97232478E+04
1.92000000E-04,voltage,Node_2,2.00471602E+04
1.92000000E-04,i1,Line_1_e1,1.33325593E+03
1.92000000E-04,i2,Line_1_e1,-1.17329993E+03
1.92500000E-04,injectedCurrent,Node_1,1.32079602E+03
1.92500000E-04,voltage,Node_1,1.96577103E+04
1.92500000E-04,voltage,Node_2,1.98043498E+04
1.92500000E-04,i1,Line_1_e1,1.32079602E+03
1.92500000E-04,i2,Line_1_e1,-1.16104959E+03
1.93000000E-04,injectedCurrent,Node_1,1.30844359E+03
1.93000000E-04,voltage,Node_1,1.93672678E+04
1.93000000E-04,voltage,Node_2,1.96857188E+04
1.93000000E-04,i1,Line_1_e1,1.30844359E+03
1.93000000E-04,i2,Line_1_e1,-1.15146353E+03
1.93500000E-04,injectedCurrent,Node_1,1.29619781E+03
1.93500000E-04,voltage,Node_1,1.93028121E+04
1.93500000E-04,voltage,Node_2,1.94470545E+04
1.93500000E-04,i1,Line_1_e1,1.29619781E+03
1.93500000E-04,i2,Line_1_e1,-1.13942388E+03
1.94000000E-04,injectedCurrent,Node_1,1.28405781E+03
1.94000000E-04,voltage,Node_1,1.90173590E+04
1.94000000E-04,voltage,Node_2,1.93304179E+04
1.94000000E-04,i1,Line_1_e1,1.28405781E+03
1.94000000E-04,i2,Line_1_e1,-1.13000238E+03
1.94500000E-04,injectedCurrent,Node_1,1.27202276E+03
1.94500000E-04,voltage,Node_1,1.89539470E+04
1.94500000E-04,voltage,Node_2,1.90958459E+04
1.94500000E-04,i1,Line_1_e1,1.27202276E+03
1.94500000E-04,i2,Line_1_e1,-1.11817031E+03
1.95000000E-04,injectedCurrent,Node_1,1.26009182E+03
1.95000000E-04,voltage,Node_1,1.86734259E+04
1.95000000E-04,voltage,Node_2,1.89811606E+04
1.95000000E-04,i1,Line_1_e1,1.26009182E+03
1.95000000E-04,i2,Line_1_e1,-1.10891052E+03
1.95500000E-04,injectedCurrent,Node_1,1.24826416E+03
1.95500000E-04,voltage,Node_1,1.86110198E+04
1.95500000E-04,voltage,Node_2,1.87506279E+04
1.95500000E-04,i1,Line_1_e1,1.24826416E+03
1.95500000E-04,i2,Line_1_e1,-1.09728300E+03
1.96000000E-04,injectedCurrent,Node_1,1.23653895E+03
1.96000000E-04,voltage,Node_1,1.83353742E+04
1.96000000E-04,voltage,Node_2,1.86378517E+04
1.96000000E-04,i1,Line_1_e1,1.23653895E+03
1.96000000E-04,i2,Line_1_e1,-1.08818210E+03
1.96500000E-04,injectedCurrent,Node_1,1.22491538E+03
1.96500000E-04,voltage,Node_1,1.82739367E+04
1.96500000E-04,voltage,Node_2,1.84113062E+04
1.96500000E-04,i1,Line_1_e1,1.22491538E+03
1.96500000E-04,i2,Line_1_e1,-1.07675610E+03
1.97000000E-04,injectedCurrent,Node_1,1.21339264E+03
1.97000000E-04,voltage,Node_1,1.80031111E+04
1.97000000E-04,voltage,Node_2,1.83003975E+04
1.97000000E-04,i1,Line_1_e1,1.21339264E+03
1.97000000E-04,i2,Line_1_e1,-1.06781132E+03
1.97500000E-04,injectedCurrent,Node_1,1.20196990E+03
1.97500000E-04,voltage,Node_1,1.79426054E+04
1.97500000E-04,voltage,Node_2,1.80777878E+04
1.97500000E-04,i1,Line_1_e1,1.20196990E+03
1.97500000E-04,i2,Line_1_e1,-1.05658389E+03
1.98000000E-04,injectedCurrent,Node_1,1.19064639E+03
1.98000000E-04,voltage,Node_1,1.76765451E+04
1.98000000E-04,voltage,Node_2,1.79687052E+04
1.98000000E-04,i1,Line_1_e1,1.19064639E+03
1.98000000E-04,i2,Line_1_e1,-1.04779249E+03
1.98500000E-04,injectedCurrent,Node_1,1.17942129E+03
1.98500000E-04,voltage,Node_1,1.76169349E+04
1.98500000E-04,voltage,Node_2,1.77499807E+04
1.98500000E-04,i1,Line_1_e1,1.17942129E+03
1.98500000E-04,i2,Line_1_e1,-1.03676071E+03
1.99000000E-04,injectedCurrent,Node_1,1.16829383E+03
1.99000000E-04,voltage,Node_1,1.73555860E+04
1.99000000E-04,voltage,Node_2,1.76426839E+04
1.99000000E-04,i1,Line_1_e1,1.16829383E+03
1.99000000E-04,i2,Line_1_e1,-1.02811999E+03
1.99500000E-04,injectedCurrent,Node_1,1.15726322E+03
1.99500000E-04,voltage,Node_1,1.72968353E+04
1.99500000E-04,voltage,Node_2,1.74277948E+04
1.99500000E-04,i1,Line_1_e1,1.15726322E+03
1.99500000E-04,i2,Line_1_e1,-1.01728099E+03
2.00000000E-04,injectedCurrent,Node_1,1.14632867E+03
2.00000000E-04,voltage,Node_1,1.70401449E+04
2.00000000E-04,voltage,Node_2,1.73222435E+04
2.00000000E-04,i1,Line_1_e1,1.14632867E+03
2.00000000E-04,i2,Line_1_e1,-1.00878830E+03
2.00500000E-04,injectedCurrent,Node_1,1.13548943E+03
2.00500000E-04,voltage,Node_1,1.69822182E+04
2.00500000E-04,voltage,Node_2,1.71111408E+04
2.00500000E-04,i1,Line_1_e1,1.13548943E+03
2.00500000E-04,i2,Line_1_e1,-9.98139234E+02
2.01000000E-04,injectedCurrent,Node_1,1.12474472E+03
2.01000000E-04,voltage,Node_1,1.67301342E+04
2.01000000E-04,voltage,Node_2,1.70072956E+04
2.01000000E-04,i1,Line_1_e1,1.12474472E+03
2.01000000E-04,i2,Line_1_e1,-9.89791957E+02
2.01500000E-04,injectedCurrent,Node_1,1.11409378E+03
2.01500000E-04,voltage,Node_1,1.66729966E+04
2.01500000E-04,voltage,Node_2,1.67999309E+04
2.01500000E-04,i1,Line_1_e1,1.11409378E+03
2.01500000E-04,i2,Line_1_e1,-9.79330041E+02
2.02000000E-04,injectedCurrent,Node_1,1.10353587E+03
2.02000000E-04,voltage,Node_1,1.64254676E+04
2.02000000E-04,voltage,Node_2,1.66977528E+04
2.02000000E-04,i1,Line_1_e1,1.10353587E+03
2.02000000E-04,i2,Line_1_e1,-9.71125592E+02
2.02500000E-04,injectedCurrent,Node_1,1.09307022E+03
2.02500000E-04,voltage,Node_1,1.63690844E+04
2.02500000E-04,voltage,Node_2,1.64940787E+04
2.02500000E-04,i1,Line_1_e1,1.09307022E+03
2.02500000E-04,i2,Line_1_e1,-9.60848078E+02
2.03000000E-04,injectedCurrent,Node_1,1.08269609E+03
2.03000000E-04,voltage,Node_1,1.61260600E+04
2.03000000E-04,voltage,Node_2,1.63935293E+04
2.03000000E-04,i1,Line_1_e1,1.08269609E+03
2.03000000E-04,i2,Line_1_e1,-9.52783913E+02
2.03500000E-04,injectedCurrent,Node_1,1.07241276E+03
2.03500000E-04,voltage,Node_1,1.60703972E+04
2.03500000E-04,voltage,Node_2,1.61934989E+04
2.03500000E-04,i1,Line_1_e1,1.07241276E+03
2.03500000E-04,i2,Line_1_e1,-9.42688095E+02
2.04000000E-04,injectedCurrent,Node_1,1.06221947E+03
2.04000000E-04,voltage,Node_1,1.58318277E+04
2.04000000E-04,voltage,Node_2,1.60945402E+04
2.04000000E-04,i1,Line_1_e1,1.06221947E+03
2.04000000E-04,i2,Line_1_e1,-9.34761706E+02
2.04500000E-04,injectedCurrent,Node_1,1.05211552E+03
2.04500000E-04,voltage,Node_1,1.57768515E+04
2.04500000E-04,voltage,Node_2,1.58981074E+04
2.04500000E-04,i1,Line_1_e1,1.05211552E+03
2.04500000E-04,i2,Line_1_e1,-9.24844918E+02
2.05000000E-04,injectedCurrent,Node_1,1.04210017E+03
2.05000000E-04,voltage,Node_1,1.55426881E+04
2.05000000E-04,voltage,Node_2,1.58007020E+04
2.05000000E-04,i1,Line_1_e1,1.04210017E+03
2.05000000E-04,i2,Line_1_e1,-9.17053832E+02
2.05500000E-04,injectedCurrent,Node_1,1.03217271E+03
2.05500000E-04,voltage,Node_1,1.54883651E+04
2.05500000E-04,voltage,Node_2,1.56078215E+04
2.05500000E-04,i1,Line_1_e1,1.03217271E+03
2.05500000E-04,i2,Line_1_e1,-9.07313450E+02
2.06000000E-04,injectedCurrent,Node_1,1.02233243E+03
2.06000000E-04,voltage,Node_1,1.52585597E+04
2.06000000E-04,voltage,Node_2,1.55119325E+04
2.06000000E-04,i1,Line_1_e1,1.02233243E+03
2.06000000E-04,i2,Line_1_e1,-8.99655231E+02
2.06500000E-04,injectedCurrent,Node_1,1.01257862E+03
2.06500000E-04,voltage,Node_1,1.52048571E+04
2.06500000E-04,voltage,Node_2,1.53225596E+04
2.06500000E-04,i1,Line_1_e1,1.01257862E+03
2.06500000E-04,i2,Line_1_e1,-8.90088667E+02
2.07000000E-04,injectedCurrent,Node_1,1.00291058E+03
2.07000000E-04,voltage,Node_1,1.49793624E+04
2.07000000E-04,voltage,Node_2,1.52281506E+04
2.07000000E-04,i1,Line_1_e1,1.00291058E+03
2.07000000E-04,i2,Line_1_e1,-8.82560916E+02
2.07500000E-04,injectedCurrent,Node_1,9.93327614E+02
2.07500000E-04,voltage,Node_1,1.49262478E+04
2.07500000E-04,voltage,Node_2,1.50422414E+04
2.07500000E-04,i1,Line_1_e1,9.93327614E+02
2.07500000E-04,i2,Line_1_e1,-8.73165624E+02
2.08000000E-04,injectedCurrent,Node_1,9.83829036E+02
2.08000000E-04,voltage,Node_1,1.47050173E+04
2.08000000E-04,voltage,Node_2,1.49492763E+04
2.08000000E-04,i1,Line_1_e1,9.83829036E+02
2.08000000E-04,i2,Line_1_e1,-8.65765974E+02
2.08500000E-04,injectedCurrent,Node_1,9.74414159E+02
2.08500000E-04,voltage,Node_1,1.46524584E+04
2.08500000E-04,voltage,Node_2,1.47667875E+04
2.08500000E-04,i1,Line_1_e1,9.74414159E+02
2.08500000E-04,i2,Line_1_e1,-8.56539445E+02
2.09000000E-04,injectedCurrent,Node_1,9.65082301E+02
2.09000000E-04,voltage,Node_1,1.44354464E+04
2.09000000E-04,voltage,Node_2,1.46752311E+04
2.09000000E-04,i1,Line_1_e1,9.65082301E+02
2.09000000E-04,i2,Line_1_e1,-8.49265564E+02
2.09500000E-04,injectedCurrent,Node_1,9.55832789E+02
2.09500000E-04,voltage,Node_1,1.43834117E+04
2.09500000E-04,voltage,Node_2,1.44961200E+04
2.09500000E-04,i1,Line_1_e1,9.55832789E+02
2.09500000E-04,i2,Line_1_e1,-8.40205329E+02
2.10000000E-04,injectedCurrent,Node_1,9.46664952E+02
2.10000000E-04,voltage,Node_1,1.41705730E+04
2.10000000E-04,voltage,Node_2,1.44059373E+04
2.10000000E-04,i1,Line_1_e1,9.46664952E+02
2.10000000E-04,i2,Line_1_e1,-8.33054919E+02
2.10500000E-04,injectedCurrent,Node_1,9.37578126E+02
2.10500000E-04,voltage,Node_1,1.41190312E+04
2.10500000E-04,voltage,Node_2,1.42301620E+04
2.10500000E-04,i1,Line_1_e1,9.37578126E+02
2.10500000E-04,i2,Line_1_e1,-8.24158544E+02
2.11000000E-04,injectedCurrent,Node_1,9.28571650E+02
2.11000000E-04,voltage,Node_1,1.39103217E+04
2.11000000E-04,voltage,Node_2,1.41413186E+04
2.11000000E-04,i1,Line_1_e1,9.28571650E+02
2.11000000E-04,i2,Line_1_e1,-8.17129341E+02
2.11500000E-04,injectedCurrent,Node_1,9.19644870E+02
2.11500000E-04,voltage,Node_1,1.38592418E+04
2.11500000E-04,voltage,Node_2,1.39688378E+04
2.11500000E-04,i1,Line_1_e1,9.19644870E+02
2.11500000E-04,i2,Line_1_e1,-8.08394430E+02
2.12000000E-04,injectedCurrent,Node_1,9.10797136E+02
2.12000000E-04,voltage,Node_1,1.36546179E+04
2.12000000E-04,voltage,Node_2,1.38812996E+04
2.12000000E-04,i1,Line_1_e1,9.10797136E+02
2.12000000E-04,i2,Line_1_e1,-8.01484202E+02
2.12500000E-04,injectedCurrent,Node_1,9.02027801E+02
2.12500000E-04,voltage,Node_1,1.36039694E+04
2.12500000E-04,voltage,Node_2,1.37120728E+04
2.12500000E-04,i1,Line_1_e1,9.02027801E+02
2.12500000E-04,i2,Line_1_e1,-7.92908398E+02
2.13000000E-04,injectedCurrent,Node_1,8.93336227E+02
2.13000000E-04,voltage,Node_1,1.34033884E+04
2.13000000E-04,voltage,Node_2,1.36258062E+04
2.13000000E-04,i1,Line_1_e1,8.93336227E+02
2.13000000E-04,i2,Line_1_e1,-7.86114945E+02
2.13500000E-04,injectedCurrent,Node_1,8.84721776E+02
2.13500000E-04,voltage,Node_1,1.33531411E+04
2.13500000E-04,voltage,Node_2,1.34597933E+04
2.13500000E-04,i1,Line_1_e1,8.84721776E+02
2.13500000E-04,i2,Line_1_e1,-7.77695924E+02
2.14000000E-04,injectedCurrent,Node_1,8.76183819E+02
2.14000000E-04,voltage,Node_1,1.31565608E+04
2.14000000E-04,voltage,Node_2,1.33747653E+04
2.14000000E-04,i1,Line_1_e1,8.76183819E+02
2.14000000E-04,i2,Line_1_e1,-7.71017080E+02
2.14500000E-04,injectedCurrent,Node_1,8.67721730E+02
2.14500000E-04,voltage,Node_1,1.31066850E+04
2.14500000E-04,voltage,Node_2,1.32119270E+04
2.14500000E-04,i1,Line_1_e1,8.67721730E+02
2.14500000E-04,i2,Line_1_e1,-7.62752554E+02
2.15000000E-04,injectedCurrent,Node_1,8.59334886E+02
2.15000000E-04,voltage,Node_1,1.29140640E+04
2.15000000E-04,voltage,Node_2,1.31281050E+04
2.15000000E-04,i1,Line_1_e1,8.59334886E+02
2.15000000E-04,i2,Line_1_e1,-7.56186182E+02
2.15500000E-04,injectedCurrent,Node_1,8.51022671E+02
2.15500000E-04,voltage,Node_1,1.28645303E+04
2.15500000E-04,voltage,Node_2,1.29684025E+04
2.15500000E-04,i1,Line_1_e1,8.51022671E+02
2.15500000E-04,i2,Line_1_e1,-7.48073900E+02
2.16000000E-04,injectedCurrent,Node_1,8.42784474E+02
2.16000000E-04,voltage,Node_1,1.26758279E+04
2.16000000E-04,voltage,Node_2,1.28857543E+04
2.16000000E-04,i1,Line_1_e1,8.42784474E+02
2.16000000E-04,i2,Line_1_e1,-7.41617896E+02
2.16500000E-04,injectedCurrent,Node_1,8.34619686E+02
2.16500000E-04,voltage,Node_1,1.26266072E+04
2.16500000E-04,voltage,Node_2,1.27291495E+04
2.16500000E-04,i1,Line_1_e1,8.34619686E+02
2.16500000E-04,i2,Line_1_e1,-7.33655639E+02
2.17000000E-04,injectedCurrent,Node_1,8.26527706E+02
2.17000000E-04,voltage,Node_1,1.24417833E+04
2.17000000E-04,voltage,Node_2,1.26476433E+04
2.17000000E-04,i1,Line_1_e1,8.26527706E+02
2.17000000E-04,i2,Line_1_e1,-7.27307930E+02
2.17500000E-04,injectedCurrent,Node_1,8.18507933E+02
2.17500000E-04,voltage,Node_1,1.23928470E+04
2.17500000E-04,voltage,Node_2,1.24940987E+04
2.17500000E-04,i1,Line_1_e1,8.18507933E+02
2.17500000E-04,i2,Line_1_e1,-7.19493515E+02
2.18000000E-04,injectedCurrent,Node_1,8.10559776E+02
2.18000000E-04,voltage,Node_1,1.22118623E+04
2.18000000E-04,voltage,Node_2,1.24137032E+04
2.18000000E-04,i1,Line_1_e1,8.10559776E+02
2.18000000E-04,i2,Line_1_e1,-7.13252057E+02
2.18500000E-04,injectedCurrent,Node_1,8.02682644E+02
2.18500000E-04,voltage,Node_1,1.21631820E+04
2.18500000E-04,voltage,Node_2,1.22631820E+04
2.18500000E-04,i1,Line_1_e1,8.02682644E+02
2.18500000E-04,i2,Line_1_e1,-7.05583334E+02
2.19000000E-04,injectedCurrent,Node_1,7.94875952E+02
2.19000000E-04,voltage,Node_1,1.19859978E+04
2.19000000E-04,voltage,Node_2,1.21838663E+04
2.19000000E-04,i1,Line_1_e1,7.94875952E+02
2.19000000E-04,i2,Line_1_e1,-6.99446113E+02
2.19500000E-04,injectedCurrent,Node_1,7.87139121E+02
2.19500000E-04,voltage,Node_1,1.19375455E+04
2.19500000E-04,voltage,Node_2,1.20363321E+04
2.19500000E-04,i1,Line_1_e1,7.87139121E+02
2.19500000E-04,i2,Line_1_e1,-6.91920965E+02
2.20000000E-04,injectedCurrent,Node_1,7.79471573E+02
2.20000000E-04,voltage,Node_1,1.17641237E+04
2.20000000E-04,voltage,Node_2,1.19580658E+04
2.20000000E-04,i1,Line_1_e1,7.79471573E+02
2.20000000E-04,i2,Line_1_e1,-6.85885997E+02
2.20500000E-04,injectedCurrent,Node_1,7.71872739E+02
2.20500000E-04,voltage,Node_1,1.17158718E+04
2.20500000E-04,voltage,Node_2,1.18134828E+04
2.20500000E-04,i1,Line_1_e1,7.71872739E+02
2.20500000E-04,i2,Line_1_e1,-6.78502342E+02
2.21000000E-04,injectedCurrent,Node_1,7.64342049E+02
2.21000000E-04,voltage,Node_1,1.15461751E+04
2.21000000E-04,voltage,Node_2,1.17362358E+04
2.21000000E-04,i1,Line_1_e1,7.64342049E+02
2.21000000E-04,i2,Line_1_e1,-6.72567671E+02
2.21500000E-04,injectedCurrent,Node_1,7.56878941E+02
2.21500000E-04,voltage,Node_1,1.14980962E+04
2.21500000E-04,voltage,Node_2,1.15945690E+04
2.21500000E-04,i1,Line_1_e1,7.56878941E+02
2.21500000E-04,i2,Line_1_e1,-6.65323456E+02
2.22000000E-04,injectedCurrent,Node_1,7.49482856E+02
2.22000000E-04,voltage,Node_1,1.13320878E+04
2.22000000E-04,voltage,Node_2,1.15183116E+04
2.22000000E-04,i1,Line_1_e1,7.49482856E+02
2.22000000E-04,i2,Line_1_e1,-6.59487157E+02
2.22500000E-04,injectedCurrent,Node_1,7.42153240E+02
2.22500000E-04,voltage,Node_1,1.12841550E+04
2.22500000E-04,voltage,Node_2,1.13795263E+04
2.22500000E-04,i1,Line_1_e1,7.42153240E+02
2.22500000E-04,i2,Line_1_e1,-6.52380363E+02
2.23000000E-04,injectedCurrent,Node_1,7.34889542E+02
2.23000000E-04,voltage,Node_1,1.11217987E+04
2.23000000E-04,voltage,Node_2,1.13042293E+04
2.23000000E-04,i1,Line_1_e1,7.34889542E+02
2.23000000E-04,i2,Line_1_e1,-6.46640537E+02
2.23500000E-04,injectedCurrent,Node_1,7.27691217E+02
2.23500000E-04,voltage,Node_1,1.10739853E+04
2.23500000E-04,voltage,Node_2,1.11682916E+04
2.23500000E-04,i1,Line_1_e1,7.27691217E+02
2.23500000E-04,i2,Line_1_e1,-6.39669176E+02
2.24000000E-04,injectedCurrent,Node_1,7.20557722E+02
2.24000000E-04,voltage,Node_1,1.09152458E+04
2.24000000E-04,voltage,Node_2,1.10939261E+04
2.24000000E-04,i1,Line_1_e1,7.20557722E+02
2.24000000E-04,i2,Line_1_e1,-6.34023953E+02
2.24500000E-04,injectedCurrent,Node_1,7.13488519E+02
2.24500000E-04,voltage,Node_1,1.08675255E+04
2.24500000E-04,voltage,Node_2,1.09608025E+04
2.24500000E-04,i1,Line_1_e1,7.13488519E+02
2.24500000E-04,i2,Line_1_e1,-6.27186067E+02
2.25000000E-04,injectedCurrent,Node_1,7.06483075E+02
2.25000000E-04,voltage,Node_1,1.07123677E+04
2.25000000E-04,voltage,Node_2,1.08873400E+04
2.25000000E-04,i1,Line_1_e1,7.06483075E+02
2.25000000E-04,i2,Line_1_e1,-6.21633604E+02
2.25500000E-04,injectedCurrent,Node_1,6.99540860E+02
2.25500000E-04,voltage,Node_1,1.06647145E+04
2.25500000E-04,voltage,Node_2,1.07569976E+04
2.25500000E-04,i1,Line_1_e1,6.99540860E+02
2.25500000E-04,i2,Line_1_e1,-6.14927268E+02
2.26000000E-04,injectedCurrent,Node_1,6.92661349E+02
2.26000000E-04,voltage,Node_1,1.05131043E+04
2.26000000E-04,voltage,Node_2,1.06844101E+04
2.26000000E-04,i1,Line_1_e1,6.92661349E+02
2.26000000E-04,i2,Line_1_e1,-6.09465749E+02
2.26500000E-04,injectedCurrent,Node_1,6.85844019E+02
2.26500000E-04,voltage,Node_1,1.04654923E+04
2.26500000E-04,voltage,Node_2,1.05568165E+04
2.26500000E-04,i1,Line_1_e1,6.85844019E+02
2.26500000E-04,i2,Line_1_e1,-6.02889066E+02
2.27000000E-04,injectedCurrent,Node_1,6.79088354E+02
2.27000000E-04,voltage,Node_1,1.03173960E+04
2.27000000E-04,voltage,Node_2,1.04850762E+04
2.27000000E-04,i1,Line_1_e1,6.79088354E+02
2.27000000E-04,i2,Line_1_e1,-5.97516702E+02
2.27500000E-04,injectedCurrent,Node_1,6.72393839E+02
2.27500000E-04,voltage,Node_1,1.02697999E+04
2.27500000E-04,voltage,Node_2,1.03601997E+04
2.27500000E-04,i1,Line_1_e1,6.72393839E+02
2.27500000E-04,i2,Line_1_e1,-5.91067806E+02
2.28000000E-04,injectedCurrent,Node_1,6.65759965E+02
2.28000000E-04,voltage,Node_1,1.01251844E+04
2.28000000E-04,voltage,Node_2,1.02892793E+04
2.28000000E-04,i1,Line_1_e1,6.65759965E+02
2.28000000E-04,i2,Line_1_e1,-5.85782833E+02
2.28500000E-04,injectedCurrent,Node_1,6.59186226E+02
2.28500000E-04,voltage,Node_1,1.00775792E+04
2.28500000E-04,voltage,Node_2,1.01670885E+04
2.28500000E-04,i1,Line_1_e1,6.59186226E+02
2.28500000E-04,i2,Line_1_e1,-5.79459888E+02
2.29000000E-04,injectedCurrent,Node_1,6.52672120E+02
2.29000000E-04,voltage,Node_1,9.93641198E+03
2.29000000E-04,voltage,Node_2,1.00969611E+04
2.29000000E-04,i1,Line_1_e1,6.52672120E+02
2.29000000E-04,i2,Line_1_e1,-5.74260570E+02
2.29500000E-04,injectedCurrent,Node_1,6.46217149E+02
2.29500000E-04,voltage,Node_1,9.88877274E+03
2.29500000E-04,voltage,Node_2,9.97742509E+03
2.29500000E-04,i1,Line_1_e1,6.46217149E+02
2.29500000E-04,i2,Line_1_e1,-5.68061767E+02
2.30000000E-04,injectedCurrent,Node_1,6.39820819E+02
2.30000000E-04,voltage,Node_1,9.75102191E+03
2.30000000E-04,voltage,Node_2,9.90806405E+03
2.30000000E-04,i1,Line_1_e1,6.39820819E+02
2.30000000E-04,i2,Line_1_e1,-5.62946393E+02
2.30500000E-04,injectedCurrent,Node_1,6.33482639E+02
2.30500000E-04,voltage,Node_1,9.70332416E+03
2.30500000E-04,voltage,Node_2,9.79115270E+03
2.30500000E-04,i1,Line_1_e1,6.33482639E+02
2.30500000E-04,i2,Line_1_e1,-5.56869953E+02
2.31000000E-04,injectedCurrent,Node_1,6.27202122E+02
2.31000000E-04,voltage,Node_1,9.56895837E+03
2.31000000E-04,voltage,Node_2,9.72253179E+03
2.31000000E-04,i1,Line_1_e1,6.27202122E+02
2.31000000E-04,i2,Line_1_e1,-5.51836836E+02
2.31500000E-04,injectedCurrent,Node_1,6.20978786E+02
2.31500000E-04,voltage,Node_1,9.52117787E+03
2.31500000E-04,voltage,Node_2,9.60821529E+03
2.31500000E-04,i1,Line_1_e1,6.20978786E+02
2.31500000E-04,i2,Line_1_e1,-5.45881008E+02
2.32000000E-04,injectedCurrent,Node_1,6.14812151E+02
2.32000000E-04,voltage,Node_1,9.39016634E+03
2.32000000E-04,voltage,Node_2,9.54030861E+03
2.32000000E-04,i1,Line_1_e1,6.14812151E+02
2.32000000E-04,i2,Line_1_e1,-5.40928487E+02
2.32500000E-04,injectedCurrent,Node_1,6.08701742E+02
2.32500000E-04,voltage,Node_1,9.34227913E+03
2.32500000E-04,voltage,Node_2,9.42855770E+03
2.32500000E-04,i1,Line_1_e1,6.08701742E+02
2.32500000E-04,i2,Line_1_e1,-5.35091547E+02
2.33000000E-04,injectedCurrent,Node_1,6.02647087E+02
2.33000000E-04,voltage,Node_1,9.21459165E+03
2.33000000E-04,voltage,Node_2,9.36133971E+03
2.33000000E-04,i1,Line_1_e1,6.02647087E+02
2.33000000E-04,i2,Line_1_e1,-5.30217987E+02
2.33500000E-04,injectedCurrent,Node_1,5.96647718E+02
2.33500000E-04,voltage,Node_1,9.16657405E+03
2.33500000E-04,voltage,Node_2,9.25212560E+03
2.33500000E-04,i1,Line_1_e1,5.96647718E+02
2.33500000E-04,i2,Line_1_e1,-5.24498239E+02
2.34000000E-04,injectedCurrent,Node_1,5.90703169E+02
2.34000000E-04,voltage,Node_1,9.04218094E+03
2.34000000E-04,voltage,Node_2,9.18557110E+03
2.34000000E-04,i1,Line_1_e1,5.90703169E+02
2.34000000E-04,i2,Line_1_e1,-5.19702025E+02
2.34500000E-04,injectedCurrent,Node_1,5.84812981E+02
2.34500000E-04,voltage,Node_1,8.99400955E+03
2.34500000E-04,voltage,Node_2,9.07886552E+03
2.34500000E-04,i1,Line_1_e1,5.84812981E+02
2.34500000E-04,i2,Line_1_e1,-5.14097802E+02
2.35000000E-04,injectedCurrent,Node_1,5.78976695E+02
2.35000000E-04,voltage,Node_1,8.87288168E+03
2.35000000E-04,voltage,Node_2,9.01294963E+03
2.35000000E-04,i1,Line_1_e1,5.78976695E+02
2.35000000E-04,i2,Line_1_e1,-5.09377346E+02
2.35500000E-04,injectedCurrent,Node_1,5.73193857E+02
2.35500000E-04,voltage,Node_1,8.82453336E+03
2.35500000E-04,voltage,Node_2,8.90872477E+03
2.35500000E-04,i1,Line_1_e1,5.73193857E+02
2.35500000E-04,i2,Line_1_e1,-5.03887005E+02
2.36000000E-04,injectedCurrent,Node_1,5.67464018E+02
2.36000000E-04,voltage,Node_1,8.70664214E+03
2.36000000E-04,voltage,Node_2,8.84342297E+03
2.36000000E-04,i1,Line_1_e1,5.67464018E+02
2.36000000E-04,i2,Line_1_e1,-4.99240741E+02
2.36500000E-04,injectedCurrent,Node_1,5.61786730E+02
2.36500000E-04,voltage,Node_1,8.65809402E+03
2.36500000E-04,voltage,Node_2,8.74165149E+03
2.36500000E-04,i1,Line_1_e1,5.61786730E+02
2.36500000E-04,i2,Line_1_e1,-4.93862666E+02
2.37000000E-04,injectedCurrent,Node_1,5.56161549E+02
2.37000000E-04,voltage,Node_1,8.54341139E+03
2.37000000E-04,voltage,Node_2,8.67693956E+03
2.37000000E-04,i1,Line_1_e1,5.56161549E+02
2.37000000E-04,i2,Line_1_e1,-4.89289053E+02
2.37500000E-04,injectedCurrent,Node_1,5.50588037E+02
2.37500000E-04,voltage,Node_1,8.49464084E+03
2.37500000E-04,voltage,Node_2,8.57759461E+03
2.37500000E-04,i1,Line_1_e1,5.50588037E+02
2.37500000E-04,i2,Line_1_e1,-4.84021654E+02
2.38000000E-04,injectedCurrent,Node_1,5.45065755E+02
2.38000000E-04,voltage,Node_1,8.38313928E+03
2.38000000E-04,voltage,Node_2,8.51344866E+03
2.38000000E-04,i1,Line_1_e1,5.45065755E+02
2.38000000E-04,i2,Line_1_e1,-4.79519171E+02
2.38500000E-04,injectedCurrent,Node_1,5.39594271E+02
2.38500000E-04,voltage,Node_1,8.33412394E+03
2.38500000E-04,voltage,Node_2,8.41650383E+03
2.38500000E-04,i1,Line_1_e1,5.39594271E+02
2.38500000E-04,i2,Line_1_e1,-4.74360886E+02
2.39000000E-04,injectedCurrent,Node_1,5.34173155E+02
2.39000000E-04,voltage,Node_1,8.22577641E+03
2.39000000E-04,voltage,Node_2,8.35290029E+03
2.39000000E-04,i1,Line_1_e1,5.34173155E+02
2.39000000E-04,i2,Line_1_e1,-4.69928036E+02
2.39500000E-04,injectedCurrent,Node_1,5.28801981E+02
2.39500000E-04,voltage,Node_1,8.17649416E+03
2.39500000E-04,voltage,Node_2,8.25832965E+03
2.39500000E-04,i1,Line_1_e1,5.28801981E+02
2.39500000E-04,i2,Line_1_e1,-4.64877325E+02
2.40000000E-04,injectedCurrent,Node_1,5.23480325E+02
2.40000000E-04,voltage,Node_1,8.07127416E+03
2.40000000E-04,voltage,Node_2,8.19524525E+03
2.40000000E-04,i1,Line_1_e1,5.23480325E+02
2.40000000E-04,i2,Line_1_e1,-4.60512634E+02
2.40500000E-04,injectedCurrent,Node_1,5.18207767E+02
2.40500000E-04,voltage,Node_1,8.02170313E+03
2.40500000E-04,voltage,Node_2,8.10302330E+03
2.40500000E-04,i1,Line_1_e1,5.18207767E+02
2.40500000E-04,i2,Line_1_e1,-4.55567982E+02
2.41000000E-04,injectedCurrent,Node_1,5.12983891E+02
2.41000000E-04,voltage,Node_1,7.91958467E+03
2.41000000E-04,voltage,Node_2,8.04043509E+03
2.41000000E-04,i1,Line_1_e1,5.12983891E+02
2.41000000E-04,i2,Line_1_e1,-4.51269996E+02
2.41500000E-04,injectedCurrent,Node_1,5.07808283E+02
2.41500000E-04,voltage,Node_1,7.86970321E+03
2.41500000E-04,voltage,Node_2,7.95053679E+03
2.41500000E-04,i1,Line_1_e1,5.07808283E+02
2.41500000E-04,i2,Line_1_e1,-4.46429916E+02
2.42000000E-04,injectedCurrent,Node_1,5.02680534E+02
2.42000000E-04,voltage,Node_1,7.77066079E+03
2.42000000E-04,voltage,Node_2,7.88842209E+03
2.42000000E-04,i1,Line_1_e1,5.02680534E+02
2.42000000E-04,i2,Line_1_e1,-4.42197203E+02
2.42500000E-04,injectedCurrent,Node_1,4.97600236E+02
2.42500000E-04,voltage,Node_1,7.72044751E+03
2.42500000E-04,voltage,Node_2,7.80082284E+03
2.42500000E-04,i1,Line_1_e1,4.97600236E+02
2.42500000E-04,i2,Line_1_e1,-4.37460229E+02
2.43000000E-04,injectedCurrent,Node_1,4.92566985E+02
2.43000000E-04,voltage,Node_1,7.62445611E+03
2.43000000E-04,voltage,Node_2,7.73915930E+03
2.43000000E-04,i1,Line_1_e1,4.92566985E+02
2.43000000E-04,i2,Line_1_e1,-4.33291379E+02
2.43500000E-04,injectedCurrent,Node_1,4.87580381E+02
2.43500000E-04,voltage,Node_1,7.57388985E+03
2.43500000E-04,voltage,Node_2,7.65383493E+03
2.43500000E-04,i1,Line_1_e1,4.87580381E+02
2.43500000E-04,i2,Line_1_e1,-4.28656070E+02
2.44000000E-04,injectedCurrent,Node_1,4.82640027E+02
2.44000000E-04,voltage,Node_1,7.48092496E+03
2.44000000E-04,voltage,Node_2,7.59260048E+03
2.44000000E-04,i1,Line_1_e1,4.82640027E+02
2.44000000E-04,i2,Line_1_e1,-4.24549692E+02
2.44500000E-04,injectedCurrent,Node_1,4.77745528E+02
2.44500000E-04,voltage,Node_1,7.42998476E+03
2.44500000E-04,voltage,Node_2,7.50952724E+03
2.44500000E-04,i1,Line_1_e1,4.77745528E+02
2.44500000E-04,i2,Line_1_e1,-4.20014631E+02
2.45000000E-04,injectedCurrent,Node_1,4.72896492E+02
2.45000000E-04,voltage,Node_1,7.34002235E+03
2.45000000E-04,voltage,Node_2,7.44870008E+03
2.45000000E-04,i1,Line_1_e1,4.72896492E+02
2.45000000E-04,i2,Line_1_e1,-4.15969357E+02
2.45500000E-04,injectedCurrent,Node_1,4.68092532E+02
2.45500000E-04,voltage,Node_1,7.28868748E+03
2.45500000E-04,voltage,Node_2,7.36785467E+03
2.45500000E-04,i1,Line_1_e1,4.68092532E+02
2.45500000E-04,i2,Line_1_e1,-4.11533150E+02
2.46000000E-04,injectedCurrent,Node_1,4.63333263E+02
2.46000000E-04,voltage,Node_1,7.20170400E+03
2.46000000E-04,voltage,Node_2,7.30741330E+03
2.46000000E-04,i1,Line_1_e1,4.63333263E+02
2.46000000E-04,i2,Line_1_e1,-4.07547630E+02
2.46500000E-04,injectedCurrent,Node_1,4.58618302E+02
2.46500000E-04,voltage,Node_1,7.14995395E+03
2.46500000E-04,voltage,Node_2,7.22877282E+03
2.46500000E-04,i1,Line_1_e1,4.58618302E+02
2.46500000E-04,i2,Line_1_e1,-4.03208905E+02
2.47000000E-04,injectedCurrent,Node_1,4.53947270E+02
2.47000000E-04,voltage,Node_1,7.06592631E+03
2.47000000E-04,voltage,Node_2,7.16869600E+03
2.47000000E-04,i1,Line_1_e1,4.53947270E+02
2.47000000E-04,i2,Line_1_e1,-3.99281810E+02
2.47500000E-04,injectedCurrent,Node_1,4.49319791E+02
2.47500000E-04,voltage,Node_1,7.01374080E+03
2.47500000E-04,voltage,Node_2,7.09223796E+03
2.47500000E-04,i1,Line_1_e1,4.49319791E+02
2.47500000E-04,i2,Line_1_e1,-3.95039220E+02
2.48000000E-04,injectedCurrent,Node_1,4.44735492E+02
2.48000000E-04,voltage,Node_1,6.93264638E+03
2.48000000E-04,voltage,Node_2,7.03250474E+03
2.48000000E-04,i1,Line_1_e1,4.44735492E+02
2.48000000E-04,i2,Line_1_e1,-3.91169240E+02
2.48500000E-04,injectedCurrent,Node_1,4.40194003E+02
2.48500000E-04,voltage,Node_1,6.88000530E+03
2.48500000E-04,voltage,Node_2,6.95820707E+03
2.48500000E-04,i1,Line_1_e1,4.40194003E+02
2.48500000E-04,i2,Line_1_e1,-3.87021459E+02
2.49000000E-04,injectedCurrent,Node_1,4.35694956E+02
2.49000000E-04,voltage,Node_1,6.80182195E+03
2.49000000E-04,voltage,Node_2,6.89879676E+03
2.49000000E-04,i1,Line_1_e1,4.35694956E+02
2.49000000E-04,i2,Line_1_e1,-3.83207304E+02
2.49500000E-04,injectedCurrent,Node_1,4.31237986E+02
2.49500000E-04,voltage,Node_1,6.74870542E+03
2.49500000E-04,voltage,Node_2,6.82663778E+03
2.49500000E-04,i1,Line_1_e1,4.31237986E+02
2.49500000E-04,i2,Line_1_e1,-3.79153027E+02
2.50000000E-04,injectedCurrent,Node_1,4.26822733E+02
2.50000000E-04,voltage,Node_1,6.67341145E+03
2.50000000E-04,voltage,Node_2,6.76752994E+03
2.50000000E-04,i1,Line_1_e1,4.26822733E+02
2.50000000E-04,i2,Line_1_e1,-3.75393425E+02
2.50500000E-04,injectedCurrent,Node_1,4.22448838E+02
2.50500000E-04,voltage,Node_1,6.61979978E+03
2.50500000E-04,voltage,Node_2,6.69748839E+03
2.50500000E-04,i1,Line_1_e1,4.22448838E+02
2.50500000E-04,i2,Line_1_e1,-3.71431371E+02
2.51000000E-04,injectedCurrent,Node_1,4.18115945E+02
2.51000000E-04,voltage,Node_1,6.54737393E+03
2.51000000E-04,voltage,Node_2,6.63866286E+03
2.51000000E-04,i1,Line_1_e1,4.18115945E+02
2.51000000E-04,i2,Line_1_e1,-3.67725070E+02
2.51500000E-04,injectedCurrent,Node_1,4.13823700E+02
2.51500000E-04,voltage,Node_1,6.49324763E+03
2.51500000E-04,voltage,Node_2,6.57071784E+03
2.51500000E-04,i1,Line_1_e1,4.13823700E+02
2.51500000E-04,i2,Line_1_e1,-3.63853978E+02
2.52000000E-04,injectedCurrent,Node_1,4.09571754E+02
2.52000000E-04,voltage,Node_1,6.42366911E+03
2.52000000E-04,voltage,Node_2,6.51215470E+03
2.52000000E-04,i1,Line_1_e1,4.09571754E+02
2.52000000E-04,i2,Line_1_e1,-3.60199743E+02
2.52500000E-04,injectedCurrent,Node_1,4.05359758E+02
2.52500000E-04,voltage,Node_1,6.36900886E+03
2.52500000E-04,voltage,Node_2,6.44628574E+03
2.52500000E-04,i1,Line_1_e1,4.05359758E+02
2.52500000E-04,i2,Line_1_e1,-3.56418373E+02
2.53000000E-04,injectedCurrent,Node_1,4.01187369E+02
2.53000000E-04,voltage,Node_1,6.30225731E+03
2.53000000E-04,voltage,Node_2,6.38796532E+03
2.53000000E-04,i1,Line_1_e1,4.01187369E+02
2.53000000E-04,i2,Line_1_e1,-3.52814988E+02
2.53500000E-04,injectedCurrent,Node_1,3.97054244E+02
2.53500000E-04,voltage,Node_1,6.24704401E+03
2.53500000E-04,voltage,Node_2,6.32415230E+03
2.53500000E-04,i1,Line_1_e1,3.97054244E+02
2.53500000E-04,i2,Line_1_e1,-3.49122122E+02
2.54000000E-04,injectedCurrent,Node_1,3.92960044E+02
2.54000000E-04,voltage,Node_1,6.18309951E+03
2.54000000E-04,voltage,Node_2,6.26605517E+03
2.54000000E-04,i1,Line_1_e1,3.92960044E+02
2.54000000E-04,i2,Line_1_e1,-3.45568389E+02
2.54500000E-04,injectedCurrent,Node_1,3.88904433E+02
2.54500000E-04,voltage,Node_1,6.12731420E+03
2.54500000E-04,voltage,Node_2,6.20427838E+03
2.54500000E-04,i1,Line_1_e1,3.88904433E+02
2.54500000E-04,i2,Line_1_e1,-3.41962828E+02
2.55000000E-04,injectedCurrent,Node_1,3.84887076E+02
2.55000000E-04,voltage,Node_1,6.06615727E+03
2.55000000E-04,voltage,Node_2,6.14638536E+03
2.55000000E-04,i1,Line_1_e1,3.84887076E+02
2.55000000E-04,i2,Line_1_e1,-3.38457568E+02
2.55500000E-04,injectedCurrent,Node_1,3.80907642E+02
2.55500000E-04,voltage,Node_1,6.00978121E+03
2.55500000E-04,voltage,Node_2,6.08662542E+03
2.55500000E-04,i1,Line_1_e1,3.80907642E+02
2.55500000E-04,i2,Line_1_e1,-3.34938134E+02
2.56000000E-04,injectedCurrent,Node_1,3.76965803E+02
2.56000000E-04,voltage,Node_1,5.95139279E+03
2.56000000E-04,voltage,Node_2,6.02891756E+03
2.56000000E-04,i1,Line_1_e1,3.76965803E+02
2.56000000E-04,i2,Line_1_e1,-3.31480182E+02
2.56500000E-04,injectedCurrent,Node_1,3.73061232E+02
2.56500000E-04,voltage,Node_1,5.89440737E+03
2.56500000E-04,voltage,Node_2,5.97115552E+03
2.56500000E-04,i1,Line_1_e1,3.73061232E+02
2.56500000E-04,i2,Line_1_e1,-3.28045719E+02
2.57000000E-04,injectedCurrent,Node_1,3.69193607E+02
2.57000000E-04,voltage,Node_1,5.83876882E+03
2.57000000E-04,voltage,Node_2,5.91361410E+03
2.57000000E-04,i1,Line_1_e1,3.69193607E+02
2.57000000E-04,i2,Line_1_e1,-3.24633928E+02
2.57500000E-04,injectedCurrent,Node_1,3.65362606E+02
2.57500000E-04,voltage,Node_1,5.78115563E+03
2.57500000E-04,voltage,Node_2,5.85783133E+03
2.57500000E-04,i1,Line_1_e1,3.65362606E+02
2.57500000E-04,i2,Line_1_e1,-3.21283297E+02
2.58000000E-04,injectedCurrent,Node_1,3.61567911E+02
2.58000000E-04,voltage,Node_1,5.72824874E+03
2.58000000E-04,voltage,Node_2,5.80043786E+03
2.58000000E-04,i1,Line_1_e1,3.61567911E+02
2.58000000E-04,i2,Line_1_e1,-3.17916539E+02
2.58500000E-04,injectedCurrent,Node_1,3.57809206E+02
2.58500000E-04,voltage,Node_1,5.66998952E+03
2.58500000E-04,voltage,Node_2,5.74661611E+03
2.58500000E-04,i1,Line_1_e1,3.57809206E+02
2.58500000E-04,i2,Line_1_e1,-3.14648622E+02
2.59000000E-04,injectedCurrent,Node_1,3.54086179E+02
2.59000000E-04,voltage,Node_1,5.61979649E+03
2.59000000E-04,voltage,Node_2,5.68935232E+03
2.59000000E-04,i1,Line_1_e1,3.54086179E+02
2.59000000E-04,i2,Line_1_e1,-3.11325783E+02
2.59500000E-04,injectedCurrent,Node_1,3.50398518E+02
2.59500000E-04,voltage,Node_1,5.56087315E+03
2.59500000E-04,voltage,Node_2,5.63747369E+03
2.59500000E-04,i1,Line_1_e1,3.50398518E+02
2.59500000E-04,i2,Line_1_e1,-3.08139481E+02
2.60000000E-04,injectedCurrent,Node_1,3.46745915E+02
2.60000000E-04,voltage,Node_1,5.51337659E+03
2.60000000E-04,voltage,Node_2,5.58032154E+03
2.60000000E-04,i1,Line_1_e1,3.46745915E+02
2.60000000E-04,i2,Line_1_e1,-3.04859465E+02
2.60500000E-04,injectedCurrent,Node_1,3.43128065E+02
2.60500000E-04,voltage,Node_1,5.45377118E+03
2.60500000E-04,voltage,Node_2,5.53036849E+03
2.60500000E-04,i1,Line_1_e1,3.43128065E+02
2.60500000E-04,i2,Line_1_e1,-3.01753698E+02
2.61000000E-04,injectedCurrent,Node_1,3.39544664E+02
2.61000000E-04,voltage,Node_1,5.40895412E+03
2.61000000E-04,voltage,Node_2,5.47331014E+03
2.61000000E-04,i1,Line_1_e1,3.39544664E+02
2.61000000E-04,i2,Line_1_e1,-2.98515423E+02
2.61500000E-04,injectedCurrent,Node_1,3.35995411E+02
2.61500000E-04,voltage,Node_1,5.34864884E+03
2.61500000E-04,voltage,Node_2,5.42526549E+03
2.61500000E-04,i1,Line_1_e1,3.35995411E+02
2.61500000E-04,i2,Line_1_e1,-2.95489129E+02
2.62000000E-04,injectedCurrent,Node_1,3.32480009E+02
2.62000000E-04,voltage,Node_1,5.30649470E+03
2.62000000E-04,voltage,Node_2,5.36828331E+03
2.62000000E-04,i1,Line_1_e1,3.32480009E+02
2.62000000E-04,i2,Line_1_e1,-2.92291532E+02
2.62500000E-04,injectedCurrent,Node_1,3.28998160E+02
2.62500000E-04,voltage,Node_1,5.24547192E+03
2.62500000E-04,voltage,Node_2,5.32213020E+03
2.62500000E-04,i1,Line_1_e1,3.28998160E+02
2.62500000E-04,i2,Line_1_e1,-2.89343669E+02
2.63000000E-04,injectedCurrent,Node_1,3.25549571E+02
2.63000000E-04,voltage,Node_1,5.20596453E+03
2.63000000E-04,voltage,Node_2,5.26520677E+03
2.63000000E-04,i1,Line_1_e1,3.25549571E+02
2.63000000E-04,i2,Line_1_e1,-2.86185698E+02
2.63500000E-04,injectedCurrent,Node_1,3.22133952E+02
2.63500000E-04,voltage,Node_1,5.14420674E+03
2.63500000E-04,voltage,Node_2,5.22092872E+03
2.63500000E-04,i1,Line_1_e1,3.22133952E+02
2.63500000E-04,i2,Line_1_e1,-2.83315241E+02
2.64000000E-04,injectedCurrent,Node_1,3.18751012E+02
2.64000000E-04,voltage,Node_1,5.10733031E+03
2.64000000E-04,voltage,Node_2,5.16404682E+03
2.64000000E-04,i1,Line_1_e1,3.18751012E+02
2.64000000E-04,i2,Line_1_e1,-2.80195863E+02
2.64500000E-04,injectedCurrent,Node_1,3.15400465E+02
2.64500000E-04,voltage,Node_1,5.04482015E+03
2.64500000E-04,voltage,Node_2,5.12162764E+03
2.64500000E-04,i1,Line_1_e1,3.15400465E+02
2.64500000E-04,i2,Line_1_e1,-2.77401806E+02
2.65000000E-04,injectedCurrent,Node_1,3.12082028E+02
2.65000000E-04,voltage,Node_1,5.01055929E+03
2.65000000E-04,voltage,Node_2,5.06477027E+03
2.65000000E-04,i1,Line_1_e1,3.12082028E+02
2.65000000E-04,i2,Line_1_e1,-2.74320001E+02
2.65500000E-04,injectedCurrent,Node_1,3.08795417E+02
2.65500000E-04,voltage,Node_1,4.94727954E+03
2.65500000E-04,voltage,Node_2,5.02419413E+03
2.65500000E-04,i1,Line_1_e1,3.08795417E+02
2.65500000E-04,i2,Line_1_e1,-2.71601354E+02
2.66000000E-04,injectedCurrent,Node_1,3.05540354E+02
2.66000000E-04,voltage,Node_1,4.91561926E+03
2.66000000E-04,voltage,Node_2,4.96734445E+03
2.66000000E-04,i1,Line_1_e1,3.05540354E+02
2.66000000E-04,i2,Line_1_e1,-2.68556119E+02
2.66500000E-04,injectedCurrent,Node_1,3.02316560E+02
2.66500000E-04,voltage,Node_1,4.85155282E+03
2.66500000E-04,voltage,Node_2,4.92859586E+03
2.66500000E-04,i1,Line_1_e1,3.02316560E+02
2.66500000E-04,i2,Line_1_e1,-2.65911911E+02
2.67000000E-04,injectedCurrent,Node_1,2.99123760E+02
2.67000000E-04,voltage,Node_1,4.82247849E+03
2.67000000E-04,voltage,Node_2,4.87173723E+03
2.67000000E-04,i1,Line_1_e1,2.99123760E+02
2.67000000E-04,i2,Line_1_e1,-2.62902254E+02
2.67500000E-04,injectedCurrent,Node_1,2.95961682E+02
2.67500000E-04,voltage,Node_1,4.75760839E+03
2.67500000E-04,voltage,Node_2,4.83480102E+03
2.67500000E-04,i1,Line_1_e1,2.95961682E+02
2.67500000E-04,i2,Line_1_e1,-2.60331532E+02
2.68000000E-04,injectedCurrent,Node_1,2.92830054E+02
2.68000000E-04,voltage,Node_1,4.73110580E+03
2.68000000E-04,voltage,Node_2,4.77791700E+03
2.68000000E-04,i1,Line_1_e1,2.92830054E+02
2.68000000E-04,i2,Line_1_e1,-2.57356478E+02
2.68500000E-04,injectedCurrent,Node_1,2.89728609E+02
2.68500000E-04,voltage,Node_1,4.66541518E+03
2.68500000E-04,voltage,Node_2,4.74277831E+03
2.68500000E-04,i1,Line_1_e1,2.89728609E+02
2.68500000E-04,i2,Line_1_e1,-2.54858304E+02
2.69000000E-04,injectedCurrent,Node_1,2.86657078E+02
2.69000000E-04,voltage,Node_1,4.64147046E+03
2.69000000E-04,voltage,Node_2,4.68585262E+03
2.69000000E-04,i1,Line_1_e1,2.86657078E+02
2.69000000E-04,i2,Line_1_e1,-2.51916891E+02
2.69500000E-04,injectedCurrent,Node_1,2.83615199E+02
2.69500000E-04,voltage,Node_1,4.57494261E+03
2.69500000E-04,voltage,Node_2,4.65249692E+03
2.69500000E-04,i1,Line_1_e1,2.83615199E+02
2.69500000E-04,i2,Line_1_e1,-2.49490345E+02
2.70000000E-04,injectedCurrent,Node_1,2.80602709E+02
2.70000000E-04,voltage,Node_1,4.55354228E+03
2.70000000E-04,voltage,Node_2,4.59551348E+03
2.70000000E-04,i1,Line_1_e1,2.80602709E+02
2.70000000E-04,i2,Line_1_e1,-2.46581626E+02
2.70500000E-04,injectedCurrent,Node_1,2.77619348E+02
2.70500000E-04,voltage,Node_1,4.48616058E+03
2.70500000E-04,voltage,Node_2,4.56392656E+03
2.70500000E-04,i1,Line_1_e1,2.77619348E+02
2.70500000E-04,i2,Line_1_e1,-2.44225805E+02
2.71000000E-04,injectedCurrent,Node_1,2.74664857E+02
2.71000000E-04,voltage,Node_1,4.46729154E+03
2.71000000E-04,voltage,Node_2,4.50686945E+03
2.71000000E-04,i1,Line_1_e1,2.74664857E+02
2.71000000E-04,i2,Line_1_e1,-2.41348843E+02
2.71500000E-04,injectedCurrent,Node_1,2.71738982E+02
2.71500000E-04,voltage,Node_1,4.39903948E+03
2.71500000E-04,voltage,Node_2,4.47703740E+03
2.71500000E-04,i1,Line_1_e1,2.71738982E+02
2.71500000E-04,i2,Line_1_e1,-2.39062860E+02
2.72000000E-04,injectedCurrent,Node_1,2.68841469E+02
2.72000000E-04,voltage,Node_1,4.38268899E+03
2.72000000E-04,voltage,Node_2,4.41989088E+03
2.72000000E-04,i1,Line_1_e1,2.68841469E+02
2.72000000E-04,i2,Line_1_e1,-2.36216736E+02
2.72500000E-04,injectedCurrent,Node_1,2.65972065E+02
2.72500000E-04,voltage,Node_1,4.31355016E+03
2.72500000E-04,voltage,Node_2,4.39180011E+03
2.72500000E-04,i1,Line_1_e1,2.65972065E+02
2.72500000E-04,i2,Line_1_e1,-2.33999719E+02
2.73000000E-04,injectedCurrent,Node_1,2.63130522E+02
2.73000000E-04,voltage,Node_1,4.29970585E+03
2.73000000E-04,voltage,Node_2,4.33454860E+03
2.73000000E-04,i1,Line_1_e1,2.63130522E+02
2.73000000E-04,i2,Line_1_e1,-2.31183524E+02
2.73500000E-04,injectedCurrent,Node_1,2.60316591E+02
2.73500000E-04,voltage,Node_1,4.22966397E+03
2.73500000E-04,voltage,Node_2,4.30818583E+03
2.73500000E-04,i1,Line_1_e1,2.60316591E+02
2.73500000E-04,i2,Line_1_e1,-2.29034620E+02
2.74000000E-04,injectedCurrent,Node_1,2.57530027E+02
2.74000000E-04,voltage,Node_1,4.21831384E+03
2.74000000E-04,voltage,Node_2,4.25081390E+03
2.74000000E-04,i1,Line_1_e1,2.57530027E+02
2.74000000E-04,i2,Line_1_e1,-2.26247459E+02
2.74500000E-04,injectedCurrent,Node_1,2.54770587E+02
2.74500000E-04,voltage,Node_1,4.14735270E+03
2.74500000E-04,voltage,Node_2,4.22616616E+03
2.74500000E-04,i1,Line_1_e1,2.54770587E+02
2.74500000E-04,i2,Line_1_e1,-2.24165827E+02
2.75000000E-04,injectedCurrent,Node_1,2.52038029E+02
2.75000000E-04,voltage,Node_1,4.13848509E+03
2.75000000E-04,voltage,Node_2,4.16865856E+03
2.75000000E-04,i1,Line_1_e1,2.52038029E+02
2.75000000E-04,i2,Line_1_e1,-2.21406817E+02
2.75500000E-04,injectedCurrent,Node_1,2.49332113E+02
2.75500000E-04,voltage,Node_1,4.06658858E+03
2.75500000E-04,voltage,Node_2,4.14571315E+03
2.75500000E-04,i1,Line_1_e1,2.49332113E+02
2.75500000E-04,i2,Line_1_e1,-2.19391634E+02
2.76000000E-04,injectedCurrent,Node_1,2.46652602E+02
2.76000000E-04,voltage,Node_1,4.06019221E+03
2.76000000E-04,voltage,Node_2,4.08805478E+03
2.76000000E-04,i1,Line_1_e1,2.46652602E+02
2.76000000E-04,i2,Line_1_e1,-2.16659906E+02
2.76500000E-04,injectedCurrent,Node_1,2.43999259E+02
2.76500000E-04,voltage,Node_1,3.98734432E+03
2.76500000E-04,voltage,Node_2,4.06679932E+03
2.76500000E-04,i1,Line_1_e1,2.43999259E+02
2.76500000E-04,i2,Line_1_e1,-2.14710364E+02
2.77000000E-04,injectedCurrent,Node_1,2.41371852E+02
2.77000000E-04,voltage,Node_1,3.98340825E+03
2.77000000E-04,voltage,Node_2,4.00897523E+03
2.77000000E-04,i1,Line_1_e1,2.41371852E+02
2.77000000E-04,i2,Line_1_e1,-2.12005060E+02
2.77500000E-04,injectedCurrent,Node_1,2.38770149E+02
2.77500000E-04,voltage,Node_1,3.90959305E+03
2.77500000E-04,voltage,Node_2,3.98939763E+03
2.77500000E-04,i1,Line_1_e1,2.38770149E+02
2.77500000E-04,i2,Line_1_e1,-2.10120366E+02
2.78000000E-04,injectedCurrent,Node_1,2.36193919E+02
2.78000000E-04,voltage,Node_1,3.90810670E+03
2.78000000E-04,voltage,Node_2,3.93139301E+03
2.78000000E-04,i1,Line_1_e1,2.36193919E+02
2.78000000E-04,i2,Line_1_e1,-2.07440639E+02
2.78500000E-04,injectedCurrent,Node_1,2.33642935E+02
2.78500000E-04,voltage,Node_1,3.83330834E+03
2.78500000E-04,voltage,Node_2,3.91348147E+03
2.78500000E-04,i1,Line_1_e1,2.33642935E+02
2.78500000E-04,i2,Line_1_e1,-2.05620014E+02
2.79000000E-04,injectedCurrent,Node_1,2.31116969E+02
2.79000000E-04,voltage,Node_1,3.83426149E+03
2.79000000E-04,voltage,Node_2,3.85528166E+03
2.79000000E-04,i1,Line_1_e1,2.31116969E+02
2.79000000E-04,i2,Line_1_e1,-2.02965031E+02
2.79500000E-04,injectedCurrent,Node_1,2.28615799E+02
2.79500000E-04,voltage,Node_1,3.75846419E+03
2.79500000E-04,voltage,Node_2,3.83902469E+03
2.79500000E-04,i1,Line_1_e1,2.28615799E+02
2.79500000E-04,i2,Line_1_e1,-2.01207713E+02
2.80000000E-04,injectedCurrent,Node_1,2.26139201E+02
2.80000000E-04,voltage,Node_1,3.76184694E+03
2.80000000E-04,voltage,Node_2,3.78061517E+03
2.80000000E-04,i1,Line_1_e1,2.26139201E+02
2.80000000E-04,i2,Line_1_e1,-1.98576651E+02
2.80500000E-04,injectedCurrent,Node_1,2.23686955E+02
2.80500000E-04,voltage,Node_1,3.68503502E+03
2.80500000E-04,voltage,Node_2,3.76600153E+03
2.80500000E-04,i1,Line_1_e1,2.23686955E+02
2.80500000E-04,i2,Line_1_e1,-1.96881891E+02
2.81000000E-04,injectedCurrent,Node_1,2.21258843E+02
2.81000000E-04,voltage,Node_1,3.69083784E+03
2.81000000E-04,voltage,Node_2,3.70736791E+03
2.81000000E-04,i1,Line_1_e1,2.21258843E+02
2.81000000E-04,i2,Line_1_e1,-1.94273938E+02
2.81500000E-04,injectedCurrent,Node_1,2.18854646E+02
2.81500000E-04,voltage,Node_1,3.61299565E+03
2.81500000E-04,voltage,Node_2,3.69438666E+03
2.81500000E-04,i1,Line_1_e1,2.18854646E+02
2.81500000E-04,i2,Line_1_e1,-1.92641001E+02
2.82000000E-04,injectedCurrent,Node_1,2.16474150E+02
2.82000000E-04,voltage,Node_1,3.62120935E+03
2.82000000E-04,voltage,Node_2,3.63551470E+03
2.82000000E-04,i1,Line_1_e1,2.16474150E+02
2.82000000E-04,i2,Line_1_e1,-1.90055359E+02
2.82500000E-04,injectedCurrent,Node_1,2.14117141E+02
2.82500000E-04,voltage,Node_1,3.54232134E+03
2.82500000E-04,voltage,Node_2,3.62415519E+03
2.82500000E-04,i1,Line_1_e1,2.14117141E+02
2.82500000E-04,i2,Line_1_e1,-1.88483525E+02
2.83000000E-04,injectedCurrent,Node_1,2.11783408E+02
2.83000000E-04,voltage,Node_1,3.55293707E+03
2.83000000E-04,voltage,Node_2,3.56503076E+03
2.83000000E-04,i1,Line_1_e1,2.11783408E+02
2.83000000E-04,i2,Line_1_e1,-1.85919404E+02
2.83500000E-04,injectedCurrent,Node_1,2.09472741E+02
2.83500000E-04,voltage,Node_1,3.47298773E+03
2.83500000E-04,voltage,Node_2,3.55528261E+03
2.83500000E-04,i1,Line_1_e1,2.09472741E+02
2.83500000E-04,i2,Line_1_e1,-1.84407967E+02
2.84000000E-04,injectedCurrent,Node_1,2.07184931E+02
2.84000000E-04,voltage,Node_1,3.48599697E+03
2.84000000E-04,voltage,Node_2,3.49589171E+03
2.84000000E-04,i1,Line_1_e1,2.07184931E+02
2.84000000E-04,i2,Line_1_e1,-1.81864589E+02
2.84500000E-04,injectedCurrent,Node_1,2.04919773E+02
2.84500000E-04,voltage,Node_1,3.40497085E+03
2.84500000E-04,voltage,Node_2,3.48774481E+03
2.84500000E-04,i1,Line_1_e1,2.04919773E+02
2.84500000E-04,i2,Line_1_e1,-1.80412858E+02
2.85000000E-04,injectedCurrent,Node_1,2.02677060E+02
2.85000000E-04,voltage,Node_1,3.42036544E+03
2.85000000E-04,voltage,Node_2,3.42807357E+03
2.85000000E-04,i1,Line_1_e1,2.02677060E+02
2.85000000E-04,i2,Line_1_e1,-1.77889454E+02
2.85500000E-04,injectedCurrent,Node_1,2.00456591E+02
2.85500000E-04,voltage,Node_1,3.33824716E+03
2.85500000E-04,voltage,Node_2,3.42151809E+03
2.85500000E-04,i1,Line_1_e1,2.00456591E+02
2.85500000E-04,i2,Line_1_e1,-1.76496749E+02
2.86000000E-04,injectedCurrent,Node_1,1.98258164E+02
2.86000000E-04,voltage,Node_1,3.35601924E+03
2.86000000E-04,voltage,Node_2,3.36155275E+03
2.86000000E-04,i1,Line_1_e1,1.98258164E+02
2.86000000E-04,i2,Line_1_e1,-1.73992564E+02
2.86500000E-04,injectedCurrent,Node_1,1.96081579E+02
2.86500000E-04,voltage,Node_1,3.27279345E+03
2.86500000E-04,voltage,Node_2,3.35657914E+03
2.86500000E-04,i1,Line_1_e1,1.96081579E+02
2.86500000E-04,i2,Line_1_e1,-1.72658221E+02
2.87000000E-04,injectedCurrent,Node_1,1.93926638E+02
2.87000000E-04,voltage,Node_1,3.29293554E+03
2.87000000E-04,voltage,Node_2,3.29630606E+03
2.87000000E-04,i1,Line_1_e1,1.93926638E+02
2.87000000E-04,i2,Line_1_e1,-1.70172507E+02
2.87500000E-04,injectedCurrent,Node_1,1.91793145E+02
2.87500000E-04,voltage,Node_1,3.20858693E+03
2.87500000E-04,voltage,Node_2,3.29290502E+03
2.87500000E-04,i1,Line_1_e1,1.91793145E+02
2.87500000E-04,i2,Line_1_e1,-1.68895873E+02
2.88000000E-04,injectedCurrent,Node_1,1.89680904E+02
2.88000000E-04,voltage,Node_1,3.23109185E+03
2.88000000E-04,voltage,Node_2,3.23231067E+03
2.88000000E-04,i1,Line_1_e1,1.89680904E+02
2.88000000E-04,i2,Line_1_e1,-1.66427893E+02
2.88500000E-04,injectedCurrent,Node_1,1.87589724E+02
2.88500000E-04,voltage,Node_1,3.14560518E+03
2.88500000E-04,voltage,Node_2,3.23047318E+03
2.88500000E-04,i1,Line_1_e1,1.87589724E+02
2.88500000E-04,i2,Line_1_e1,-1.65208331E+02
2.89000000E-04,injectedCurrent,Node_1,1.85519411E+02
2.89000000E-04,voltage,Node_1,3.17046608E+03
2.89000000E-04,voltage,Node_2,3.16954413E+03
2.89000000E-04,i1,Line_1_e1,1.85519411E+02
2.89000000E-04,i2,Line_1_e1,-1.62757357E+02
2.89500000E-04,injectedCurrent,Node_1,1.83469777E+02
2.89500000E-04,voltage,Node_1,3.08382612E+03
2.89500000E-04,voltage,Node_2,3.16926143E+03
2.89500000E-04,i1,Line_1_e1,1.83469777E+02
2.89500000E-04,i2,Line_1_e1,-1.61594241E+02
2.90000000E-04,injectedCurrent,Node_1,1.81440633E+02
2.90000000E-04,voltage,Node_1,3.11103649E+03
2.90000000E-04,voltage,Node_2,3.10798437E+03
2.90000000E-04,i1,Line_1_e1,1.81440633E+02
2.90000000E-04,i2,Line_1_e1,-1.59159556E+02
2.90500000E-04,injectedCurrent,Node_1,1.79431792E+02
2.90500000E-04,voltage,Node_1,3.02322806E+03
2.90500000E-04,voltage,Node_2,3.10924796E+03
2.90500000E-04,i1,Line_1_e1,1.79431792E+02
2.90500000E-04,i2,Line_1_e1,-1.58052273E+02
2.91000000E-04,injectedCurrent,Node_1,1.77443069E+02
2.91000000E-04,voltage,Node_1,3.05278173E+03
2.91000000E-04,voltage,Node_2,3.04760967E+03
2.91000000E-04,i1,Line_1_e1,1.77443069E+02
2.91000000E-04,i2,Line_1_e1,-1.55633170E+02
2.91500000E-04,injectedCurrent,Node_1,1.75474281E+02
2.91500000E-04,voltage,Node_1,2.96378965E+03
2.91500000E-04,voltage,Node_2,3.05041132E+03
2.91500000E-04,i1,Line_1_e1,1.75474281E+02
2.91500000E-04,i2,Line_1_e1,-1.54581121E+02
2.92000000E-04,injectedCurrent,Node_1,1.73525244E+02
2.92000000E-04,voltage,Node_1,2.99568076E+03
2.92000000E-04,voltage,Node_2,2.98839867E+03
2.92000000E-04,i1,Line_1_e1,1.73525244E+02
2.92000000E-04,i2,Line_1_e1,-1.52176898E+02
2.92500000E-04,injectedCurrent,Node_1,1.71595779E+02
2.92500000E-04,voltage,Node_1,2.90548991E+03
2.92500000E-04,voltage,Node_2,2.99273040E+03
2.92500000E-04,i1,Line_1_e1,1.71595779E+02
2.92500000E-04,i2,Line_1_e1,-1.51179496E+02
2.93000000E-04,injectedCurrent,Node_1,1.69685707E+02
2.93000000E-04,voltage,Node_1,2.93971292E+03
2.93000000E-04,voltage,Node_2,2.93033037E+03
2.93000000E-04,i1,Line_1_e1,1.69685707E+02
2.93000000E-04,i2,Line_1_e1,-1.48789465E+02
2.93500000E-04,injectedCurrent,Node_1,1.67794849E+02
2.93500000E-04,voltage,Node_1,2.84830818E+03
2.93500000E-04,voltage,Node_2,2.93618446E+03
2.93500000E-04,i1,Line_1_e1,1.67794849E+02
2.93500000E-04,i2,Line_1_e1,-1.47846135E+02
2.94000000E-04,injectedCurrent,Node_1,1.65923030E+02
2.94000000E-04,voltage,Node_1,2.88485789E+03
2.94000000E-04,voltage,Node_2,2.87338411E+03
2.94000000E-04,i1,Line_1_e1,1.65923030E+02
2.94000000E-04,i2,Line_1_e1,-1.45469615E+02
2.94500000E-04,injectedCurrent,Node_1,1.64070075E+02
2.94500000E-04,voltage,Node_1,2.79222416E+03
2.94500000E-04,voltage,Node_2,2.88075309E+03
2.94500000E-04,i1,Line_1_e1,1.64070075E+02
2.94500000E-04,i2,Line_1_e1,-1.44579793E+02
2.95000000E-04,injectedCurrent,Node_1,1.62235811E+02
2.95000000E-04,voltage,Node_1,2.83109569E+03
2.95000000E-04,voltage,Node_2,2.81753957E+03
2.95000000E-04,i1,Line_1_e1,1.62235811E+02
2.95000000E-04,i2,Line_1_e1,-1.42216112E+02
2.95500000E-04,injectedCurrent,Node_1,1.60420067E+02
2.95500000E-04,voltage,Node_1,2.73721788E+03
2.95500000E-04,voltage,Node_2,2.82641623E+03
2.95500000E-04,i1,Line_1_e1,1.60420067E+02
2.95500000E-04,i2,Line_1_e1,-1.41379249E+02
2.96000000E-04,injectedCurrent,Node_1,1.58622671E+02
2.96000000E-04,voltage,Node_1,2.77840668E+03
2.96000000E-04,voltage,Node_2,2.76277677E+03
2.96000000E-04,i1,Line_1_e1,1.58622671E+02
2.96000000E-04,i2,Line_1_e1,-1.39027742E+02
2.96500000E-04,injectedCurrent,Node_1,1.56843456E+02
2.96500000E-04,voltage,Node_1,2.68326970E+03
2.96500000E-04,voltage,Node_2,2.77315415E+03
2.96500000E-04,i1,Line_1_e1,1.56843456E+02
2.96500000E-04,i2,Line_1_e1,-1.38243300E+02
2.97000000E-04,injectedCurrent,Node_1,1.55082253E+02
2.97000000E-04,voltage,Node_1,2.72677152E+03
2.97000000E-04,voltage,Node_2,2.70907606E+03
2.97000000E-04,i1,Line_1_e1,1.55082253E+02
2.97000000E-04,i2,Line_1_e1,-1.35903311E+02
2.97500000E-04,injectedCurrent,Node_1,1.53338897E+02
2.97500000E-04,voltage,Node_1,2.63036031E+03
2.97500000E-04,voltage,Node_2,2.72094744E+03
2.97500000E-04,i1,Line_1_e1,1.53338897E+02
2.97500000E-04,i2,Line_1_e1,-1.35170763E+02
2.98000000E-04,injectedCurrent,Node_1,1.51613223E+02
2.98000000E-04,voltage,Node_1,2.67617123E+03
2.98000000E-04,voltage,Node_2,2.65641811E+03
2.98000000E-04,i1,Line_1_e1,1.51613223E+02
2.98000000E-04,i2,Line_1_e1,-1.32841645E+02
2.98500000E-04,injectedCurrent,Node_1,1.49905069E+02
2.98500000E-04,voltage,Node_1,2.57847070E+03
2.98500000E-04,voltage,Node_2,2.66977705E+03
2.98500000E-04,i1,Line_1_e1,1.49905069E+02
2.98500000E-04,i2,Line_1_e1,-1.32160476E+02
2.99000000E-04,injectedCurrent,Node_1,1.48214271E+02
2.99000000E-04,voltage,Node_1,2.62658713E+03
2.99000000E-04,voltage,Node_2,2.60478393E+03
2.99000000E-04,i1,Line_1_e1,1.48214271E+02
2.99000000E-04,i2,Line_1_e1,-1.29841591E+02
2.99500000E-04,injectedCurrent,Node_1,1.46540670E+02
2.99500000E-04,voltage,Node_1,2.52758219E+03
2.99500000E-04,voltage,Node_2,2.61962419E+03
2.99500000E-04,i1,Line_1_e1,1.46540670E+02
2.99500000E-04,i2,Line_1_e1,-1.29211297E+02
3.00000000E-04,injectedCurrent,Node_1,1.44884107E+02
3.00000000E-04,voltage,Node_1,2.57800086E+03
3.00000000E-04,voltage,Node_2,2.55415483E+03
3.00000000E-04,i1,Line_1_e1,1.44884107E+02
3.00000000E-04,i2,Line_1_e1,-1.26902012E+02
3.00500000E-04,injectedCurrent,Node_1,1.43244424E+02
3.00500000E-04,voltage,Node_1,2.47767642E+03
3.00500000E-04,voltage,Node_2,2.57047045E+03
3.00500000E-04,i1,Line_1_e1,1.43244424E+02
3.00500000E-04,i2,Line_1_e1,-1.26322103E+02
3.01000000E-04,injectedCurrent,Node_1,1.41621464E+02
3.01000000E-04,voltage,Node_1,2.53039437E+03
3.01000000E-04,voltage,Node_2,2.50451243E+03
3.01000000E-04,i1,Line_1_e1,1.41621464E+02
3.01000000E-04,i2,Line_1_e1,-1.24021794E+02
3.01500000E-04,injectedCurrent,Node_1,1.40015073E+02
3.01500000E-04,voltage,Node_1,2.42873532E+03
3.01500000E-04,voltage,Node_2,2.52229768E+03
3.01500000E-04,i1,Line_1_e1,1.40015073E+02
3.01500000E-04,i2,Line_1_e1,-1.23491789E+02
3.02000000E-04,injectedCurrent,Node_1,1.38425096E+02
3.02000000E-04,voltage,Node_1,2.48374991E+03
3.02000000E-04,voltage,Node_2,2.45583866E+03
3.02000000E-04,i1,Line_1_e1,1.38425096E+02
3.02000000E-04,i2,Line_1_e1,-1.21199840E+02
3.02500000E-04,injectedCurrent,Node_1,1.36851382E+02
3.02500000E-04,voltage,Node_1,2.38074113E+03
3.02500000E-04,voltage,Node_2,2.47508807E+03
3.02500000E-04,i1,Line_1_e1,1.36851382E+02
3.02500000E-04,i2,Line_1_e1,-1.20719269E+02
3.03000000E-04,injectedCurrent,Node_1,1.35293778E+02
3.03000000E-04,voltage,Node_1,2.43805004E+03
3.03000000E-04,voltage,Node_2,2.40811576E+03
3.03000000E-04,i1,Line_1_e1,1.35293778E+02
3.03000000E-04,i2,Line_1_e1,-1.18435070E+02
3.03500000E-04,injectedCurrent,Node_1,1.33752136E+02
3.03500000E-04,voltage,Node_1,2.33367637E+03
3.03500000E-04,voltage,Node_2,2.42882407E+03
3.03500000E-04,i1,Line_1_e1,1.33752136E+02
3.03500000E-04,i2,Line_1_e1,-1.18003476E+02
3.04000000E-04,injectedCurrent,Node_1,1.32226306E+02
3.04000000E-04,voltage,Node_1,2.39327762E+03
3.04000000E-04,voltage,Node_2,2.36132625E+03
3.04000000E-04,i1,Line_1_e1,1.32226306E+02
3.04000000E-04,i2,Line_1_e1,-1.15726426E+02
3.04500000E-04,injectedCurrent,Node_1,1.30716142E+02
3.04500000E-04,voltage,Node_1,2.28752388E+03
3.04500000E-04,voltage,Node_2,2.38348848E+03
3.04500000E-04,i1,Line_1_e1,1.30716142E+02
3.04500000E-04,i2,Line_1_e1,-1.15343360E+02
3.05000000E-04,injectedCurrent,Node_1,1.29221496E+02
3.05000000E-04,voltage,Node_1,2.34941577E+03
3.05000000E-04,voltage,Node_2,2.31545297E+03
3.05000000E-04,i1,Line_1_e1,1.29221496E+02
3.05000000E-04,i2,Line_1_e1,-1.13072864E+02
3.05500000E-04,injectedCurrent,Node_1,1.27742225E+02
3.05500000E-04,voltage,Node_1,2.24226675E+03
3.05500000E-04,voltage,Node_2,2.33906434E+03
3.05500000E-04,i1,Line_1_e1,1.27742225E+02
3.05500000E-04,i2,Line_1_e1,-1.12737891E+02
3.06000000E-04,injectedCurrent,Node_1,1.26278185E+02
3.06000000E-04,voltage,Node_1,2.30644793E+03
3.06000000E-04,voltage,Node_2,2.27047901E+03
3.06000000E-04,i1,Line_1_e1,1.26278185E+02
3.06000000E-04,i2,Line_1_e1,-1.10473359E+02
3.06500000E-04,injectedCurrent,Node_1,1.24829233E+02
3.06500000E-04,voltage,Node_1,2.19788838E+03
3.06500000E-04,voltage,Node_2,2.29553501E+03
3.06500000E-04,i1,Line_1_e1,1.24829233E+02
3.06500000E-04,i2,Line_1_e1,-1.10186055E+02
3.07000000E-04,injectedCurrent,Node_1,1.23395228E+02
3.07000000E-04,voltage,Node_1,2.26435781E+03
3.07000000E-04,voltage,Node_2,2.22638777E+03
3.07000000E-04,i1,Line_1_e1,1.23395228E+02
3.07000000E-04,i2,Line_1_e1,-1.07926906E+02
3.07500000E-04,injectedCurrent,Node_1,1.21976030E+02
3.07500000E-04,voltage,Node_1,2.15437245E+03
3.07500000E-04,voltage,Node_2,2.25288411E+03
3.07500000E-04,i1,Line_1_e1,1.21976030E+02
3.07500000E-04,i2,Line_1_e1,-1.07686854E+02
3.08000000E-04,injectedCurrent,Node_1,1.20571501E+02
3.08000000E-04,voltage,Node_1,2.22312940E+03
3.08000000E-04,voltage,Node_2,2.18316292E+03
3.08000000E-04,i1,Line_1_e1,1.20571501E+02
3.08000000E-04,i2,Line_1_e1,-1.05432514E+02
3.08500000E-04,injectedCurrent,Node_1,1.19181503E+02
3.08500000E-04,voltage,Node_1,2.11170289E+03
3.08500000E-04,voltage,Node_2,2.21109557E+03
3.08500000E-04,i1,Line_1_e1,1.19181503E+02
3.08500000E-04,i2,Line_1_e1,-1.05239310E+02
3.09000000E-04,injectedCurrent,Node_1,1.17805900E+02
3.09000000E-04,voltage,Node_1,2.18274696E+03
3.09000000E-04,voltage,Node_2,2.14078842E+03
3.09000000E-04,i1,Line_1_e1,1.17805900E+02
3.09000000E-04,i2,Line_1_e1,-1.02989209E+02
3.09500000E-04,injectedCurrent,Node_1,1.16444555E+02
3.09500000E-04,voltage,Node_1,2.06986391E+03
3.09500000E-04,voltage,Node_2,2.17015355E+03
3.09500000E-04,i1,Line_1_e1,1.16444555E+02
3.09500000E-04,i2,Line_1_e1,-1.02842459E+02
3.10000000E-04,injectedCurrent,Node_1,1.15097336E+02
3.10000000E-04,voltage,Node_1,2.14319502E+03
3.10000000E-04,voltage,Node_2,2.09924848E+03
3.10000000E-04,i1,Line_1_e1,1.15097336E+02
3.10000000E-04,i2,Line_1_e1,-1.00596034E+02
3.10500000E-04,injectedCurrent,Node_1,1.13764110E+02
3.10500000E-04,voltage,Node_1,2.02884000E+03
3.10500000E-04,voltage,Node_2,2.13004252E+03
3.10500000E-04,i1,Line_1_e1,1.13764110E+02
3.10500000E-04,i2,Line_1_e1,-1.00495356E+02
3.11000000E-04,injectedCurrent,Node_1,1.12444744E+02
3.11000000E-04,voltage,Node_1,2.10445839E+03
3.11000000E-04,voltage,Node_2,2.05852757E+03
3.11000000E-04,i1,Line_1_e1,1.12444744E+02
3.11000000E-04,i2,Line_1_e1,-9.82520502E+01
3.11500000E-04,injectedCurrent,Node_1,1.11139108E+02
3.11500000E-04,voltage,Node_1,1.98861589E+03
3.11500000E-04,voltage,Node_2,2.09074719E+03
3.11500000E-04,i1,Line_1_e1,1.11139108E+02
3.11500000E-04,i2,Line_1_e1,-9.81970696E+01
3.12000000E-04,injectedCurrent,Node_1,1.09847072E+02
3.12000000E-04,voltage,Node_1,2.06652212E+03
3.12000000E-04,voltage,Node_2,2.01861046E+03
3.12000000E-04,i1,Line_1_e1,1.09847072E+02
3.12000000E-04,i2,Line_1_e1,-9.59563323E+01
3.12500000E-04,injectedCurrent,Node_1,1.08568509E+02
3.12500000E-04,voltage,Node_1,1.94917657E+03
3.12500000E-04,voltage,Node_2,2.05225254E+03
3.12500000E-04,i1,Line_1_e1,1.08568509E+02
3.12500000E-04,i2,Line_1_e1,-9.59466862E+01
3.13000000E-04,injectedCurrent,Node_1,1.07303290E+02
3.13000000E-04,voltage,Node_1,2.02937152E+03
3.13000000E-04,voltage,Node_2,1.97948213E+03
3.13000000E-04,i1,Line_1_e1,1.07303290E+02
3.13000000E-04,i2,Line_1_e1,-9.37079720E+01
3.13500000E-04,injectedCurrent,Node_1,1.06051290E+02
3.13500000E-04,voltage,Node_1,1.91050729E+03
3.13500000E-04,voltage,Node_2,2.01454380E+03
3.13500000E-04,i1,Line_1_e1,1.06051290E+02
3.13500000E-04,i2,Line_1_e1,-9.37433073E+01
3.14000000E-04,injectedCurrent,Node_1,1.04812384E+02
3.14000000E-04,voltage,Node_1,1.99299217E+03
3.14000000E-04,voltage,Node_2,1.94112786E+03
3.14000000E-04,i1,Line_1_e1,1.04812384E+02
3.14000000E-04,i2,Line_1_e1,-9.15060764E+01
3.14500000E-04,injectedCurrent,Node_1,1.03586447E+02
3.14500000E-04,voltage,Node_1,1.87259355E+03
3.14500000E-04,voltage,Node_2,1.97760648E+03
3.14500000E-04,i1,Line_1_e1,1.03586447E+02
3.14500000E-04,i2,Line_1_e1,-9.15860498E+01
3.15000000E-04,injectedCurrent,Node_1,1.02373357E+02
3.15000000E-04,voltage,Node_1,1.95736989E+03
3.15000000E-04,voltage,Node_2,1.90353313E+03
3.15000000E-04,i1,Line_1_e1,1.02373357E+02
3.15000000E-04,i2,Line_1_e1,-8.93497677E+01
3.15500000E-04,injectedCurrent,Node_1,1.01172992E+02
3.15500000E-04,voltage,Node_1,1.83542108E+03
3.15500000E-04,voltage,Node_2,1.94142630E+03
3.15500000E-04,i1,Line_1_e1,1.01172992E+02
3.15500000E-04,i2,Line_1_e1,-8.94740460E+01
3.16000000E-04,injectedCurrent,Node_1,9.99852302E+01
3.16000000E-04,voltage,Node_1,1.92249074E+03
3.16000000E-04,voltage,Node_2,1.86668371E+03
3.16000000E-04,i1,Line_1_e1,9.99852302E+01
3.16000000E-04,i2,Line_1_e1,-8.72381834E+01
3.16500000E-04,injectedCurrent,Node_1,9.88099527E+01
3.16500000E-04,voltage,Node_1,1.79897587E+03
3.16500000E-04,voltage,Node_2,1.90598926E+03
3.16500000E-04,i1,Line_1_e1,9.88099527E+01
3.16500000E-04,i2,Line_1_e1,-8.74064430E+01
3.17000000E-04,injectedCurrent,Node_1,9.76470406E+01
3.17000000E-04,voltage,Node_1,1.88834103E+03
3.17000000E-04,voltage,Node_2,1.83056558E+03
3.17000000E-04,i1,Line_1_e1,9.76470406E+01
3.17000000E-04,i2,Line_1_e1,-8.51704756E+01
3.17500000E-04,injectedCurrent,Node_1,9.64963761E+01
3.17500000E-04,voltage,Node_1,1.76324412E+03
3.17500000E-04,voltage,Node_2,1.87128157E+03
3.17500000E-04,i1,Line_1_e1,9.64963761E+01
3.17500000E-04,i2,Line_1_e1,-8.53824026E+01
3.18000000E-04,injectedCurrent,Node_1,9.53578425E+01
3.18000000E-04,voltage,Node_1,1.85490729E+03
3.18000000E-04,voltage,Node_2,1.79516498E+03
3.18000000E-04,i1,Line_1_e1,9.53578425E+01
3.18000000E-04,i2,Line_1_e1,-8.31458111E+01
3.18500000E-04,injectedCurrent,Node_1,9.42313242E+01
3.18500000E-04,voltage,Node_1,1.72821228E+03
3.18500000E-04,voltage,Node_2,1.83728969E+03
3.18500000E-04,i1,Line_1_e1,9.42313242E+01
3.18500000E-04,i2,Line_1_e1,-8.34011014E+01
3.19000000E-04,injectedCurrent,Node_1,9.31167064E+01
3.19000000E-04,voltage,Node_1,1.82217631E+03
3.19000000E-04,voltage,Node_2,1.76046837E+03
3.19000000E-04,i1,Line_1_e1,9.31167064E+01
3.19000000E-04,i2,Line_1_e1,-8.11633709E+01
3.19500000E-04,injectedCurrent,Node_1,9.20138753E+01
3.19500000E-04,voltage,Node_1,1.69386704E+03
3.19500000E-04,voltage,Node_2,1.80400033E+03
3.19500000E-04,i1,Line_1_e1,9.20138753E+01
3.19500000E-04,i2,Line_1_e1,-8.14617297E+01
3.20000000E-04,injectedCurrent,Node_1,9.09227184E+01
3.20000000E-04,voltage,Node_1,1.79013509E+03
3.20000000E-04,voltage,Node_2,1.72646244E+03
3.20000000E-04,i1,Line_1_e1,9.09227184E+01
3.20000000E-04,i2,Line_1_e1,-7.92223502E+01
3.20500000E-04,injectedCurrent,Node_1,8.98431239E+01
3.20500000E-04,voltage,Node_1,1.66019529E+03
3.20500000E-04,voltage,Node_2,1.77140041E+03
3.20500000E-04,i1,Line_1_e1,8.98431239E+01
3.20500000E-04,i2,Line_1_e1,-7.95634922E+01
3.21000000E-04,injectedCurrent,Node_1,8.87749809E+01
3.21000000E-04,voltage,Node_1,1.75877086E+03
3.21000000E-04,voltage,Node_2,1.69313411E+03
3.21000000E-04,i1,Line_1_e1,8.87749809E+01
3.21000000E-04,i2,Line_1_e1,-7.73219579E+01
3.21500000E-04,injectedCurrent,Node_1,8.77181797E+01
3.21500000E-04,voltage,Node_1,1.62718414E+03
3.21500000E-04,voltage,Node_2,1.73947708E+03
3.21500000E-04,i1,Line_1_e1,8.77181797E+01
3.21500000E-04,i2,Line_1_e1,-7.77056073E+01
3.22000000E-04,injectedCurrent,Node_1,8.66726114E+01
3.22000000E-04,voltage,Node_1,1.72807109E+03
3.22000000E-04,voltage,Node_2,1.66047053E+03
3.22000000E-04,i1,Line_1_e1,8.66726114E+01
3.22000000E-04,i2,Line_1_e1,-7.54614166E+01
3.22500000E-04,injectedCurrent,Node_1,8.56381681E+01
3.22500000E-04,voltage,Node_1,1.59482094E+03
3.22500000E-04,voltage,Node_2,1.70821771E+03
3.22500000E-04,i1,Line_1_e1,8.56381681E+01
3.22500000E-04,i2,Line_1_e1,-7.58873067E+01
3.23000000E-04,injectedCurrent,Node_1,8.46147427E+01
3.23000000E-04,voltage,Node_1,1.69802343E+03
3.23000000E-04,voltage,Node_2,1.62845904E+03
3.23000000E-04,i1,Line_1_e1,8.46147427E+01
3.23000000E-04,i2,Line_1_e1,-7.36399621E+01
3.23500000E-04,injectedCurrent,Node_1,8.36022292E+01
3.23500000E-04,voltage,Node_1,1.56309323E+03
3.23500000E-04,voltage,Node_2,1.67760990E+03
3.23500000E-04,i1,Line_1_e1,8.36022292E+01
3.23500000E-04,i2,Line_1_e1,-7.41078354E+01
3.24000000E-04,injectedCurrent,Node_1,8.26005225E+01
3.24000000E-04,voltage,Node_1,1.66861579E+03
3.24000000E-04,voltage,Node_2,1.59708721E+03
3.24000000E-04,i1,Line_1_e1,8.26005225E+01
3.24000000E-04,i2,Line_1_e1,-7.18568433E+01
3.24500000E-04,injectedCurrent,Node_1,8.16095182E+01
3.24500000E-04,voltage,Node_1,1.53198878E+03
3.24500000E-04,voltage,Node_2,1.64764144E+03
3.24500000E-04,i1,Line_1_e1,8.16095182E+01
3.24500000E-04,i2,Line_1_e1,-7.23664517E+01
3.25000000E-04,injectedCurrent,Node_1,8.06291131E+01
3.25000000E-04,voltage,Node_1,1.63983624E+03
3.25000000E-04,voltage,Node_2,1.56634285E+03
3.25000000E-04,i1,Line_1_e1,8.06291131E+01
3.25000000E-04,i2,Line_1_e1,-7.01113221E+01
3.25500000E-04,injectedCurrent,Node_1,7.96592046E+01
3.25500000E-04,voltage,Node_1,1.50149553E+03
3.25500000E-04,voltage,Node_2,1.61830035E+03
3.25500000E-04,i1,Line_1_e1,7.96592046E+01
3.25500000E-04,i2,Line_1_e1,-7.06624264E+01
3.26000000E-04,injectedCurrent,Node_1,7.86996911E+01
3.26000000E-04,voltage,Node_1,1.61167311E+03
3.26000000E-04,voltage,Node_2,1.53621391E+03
3.26000000E-04,i1,Line_1_e1,7.86996911E+01
3.26000000E-04,i2,Line_1_e1,-6.84026730E+01
3.26500000E-04,injectedCurrent,Node_1,7.77504720E+01
3.26500000E-04,voltage,Node_1,1.47160166E+03
3.26500000E-04,voltage,Node_2,1.58957485E+03
3.26500000E-04,i1,Line_1_e1,7.77504720E+01
3.26500000E-04,i2,Line_1_e1,-6.89950428E+01
3.27000000E-04,injectedCurrent,Node_1,7.68114474E+01
3.27000000E-04,voltage,Node_1,1.58411489E+03
3.27000000E-04,voltage,Node_2,1.50668861E+03
3.27000000E-04,i1,Line_1_e1,7.68114474E+01
3.27000000E-04,i2,Line_1_e1,-6.67301825E+01
3.27500000E-04,injectedCurrent,Node_1,7.58825182E+01
3.27500000E-04,voltage,Node_1,1.44229551E+03
3.27500000E-04,voltage,Node_2,1.56145337E+03
3.27500000E-04,i1,Line_1_e1,7.58825182E+01
3.27500000E-04,i2,Line_1_e1,-6.73635966E+01
3.28000000E-04,injectedCurrent,Node_1,7.49635863E+01
3.28000000E-04,voltage,Node_1,1.55715029E+03
3.28000000E-04,voltage,Node_2,1.47775531E+03
3.28000000E-04,i1,Line_1_e1,7.49635863E+01
3.28000000E-04,i2,Line_1_e1,-6.50931496E+01
3.28500000E-04,injectedCurrent,Node_1,7.40545544E+01
3.28500000E-04,voltage,Node_1,1.41356564E+03
3.28500000E-04,voltage,Node_2,1.53392452E+03
3.28500000E-04,i1,Line_1_e1,7.40545544E+01
3.28500000E-04,i2,Line_1_e1,-6.57673955E+01
3.29000000E-04,injectedCurrent,Node_1,7.31553258E+01
3.29000000E-04,voltage,Node_1,1.53076821E+03
3.29000000E-04,voltage,Node_2,1.44940261E+03
3.29000000E-04,i1,Line_1_e1,7.31553258E+01
3.29000000E-04,i2,Line_1_e1,-6.34908849E+01
3.29500000E-04,injectedCurrent,Node_1,7.22658050E+01
3.29500000E-04,voltage,Node_1,1.38540078E+03
3.29500000E-04,voltage,Node_2,1.50697711E+03
3.29500000E-04,i1,Line_1_e1,7.22658050E+01
3.29500000E-04,i2,Line_1_e1,-6.42057587E+01
3.30000000E-04,injectedCurrent,Node_1,7.13858970E+01
3.30000000E-04,voltage,Node_1,1.50495773E+03
3.30000000E-04,voltage,Node_2,1.42161926E+03
3.30000000E-04,i1,Line_1_e1,7.13858970E+01
3.30000000E-04,i2,Line_1_e1,-6.19227105E+01
3.30500000E-04,injectedCurrent,Node_1,7.05155076E+01
3.30500000E-04,voltage,Node_1,1.35778985E+03
3.30500000E-04,voltage,Node_2,1.48060015E+03
3.30500000E-04,i1,Line_1_e1,7.05155076E+01
3.30500000E-04,i2,Line_1_e1,-6.26780170E+01
3.31000000E-04,injectedCurrent,Node_1,6.96545435E+01
3.31000000E-04,voltage,Node_1,1.47970812E+03
3.31000000E-04,voltage,Node_2,1.39439422E+03
3.31000000E-04,i1,Line_1_e1,6.96545435E+01
3.31000000E-04,i2,Line_1_e1,-6.03879598E+01
3.31500000E-04,injectedCurrent,Node_1,6.88029122E+01
3.31500000E-04,voltage,Node_1,1.33072194E+03
3.31500000E-04,voltage,Node_2,1.45478283E+03
3.31500000E-04,i1,Line_1_e1,6.88029122E+01
3.31500000E-04,i2,Line_1_e1,-6.11835125E+01
3.32000000E-04,injectedCurrent,Node_1,6.79605219E+01
3.32000000E-04,voltage,Node_1,1.45500884E+03
3.32000000E-04,voltage,Node_2,1.36771661E+03
3.32000000E-04,i1,Line_1_e1,6.79605219E+01
3.32000000E-04,i2,Line_1_e1,-5.88859772E+01
3.32500000E-04,injectedCurrent,Node_1,6.71272814E+01
3.32500000E-04,voltage,Node_1,1.30418632E+03
3.32500000E-04,voltage,Node_2,1.42951450E+03
3.32500000E-04,i1,Line_1_e1,6.71272814E+01
3.32500000E-04,i2,Line_1_e1,-5.97215978E+01
3.33000000E-04,injectedCurrent,Node_1,6.63031004E+01
3.33000000E-04,voltage,Node_1,1.43084951E+03
3.33000000E-04,voltage,Node_2,1.34157575E+03
3.33000000E-04,i1,Line_1_e1,6.63031004E+01
3.33000000E-04,i2,Line_1_e1,-5.74161174E+01
3.33500000E-04,injectedCurrent,Node_1,6.54878893E+01
3.33500000E-04,voltage,Node_1,1.27817241E+03
3.33500000E-04,voltage,Node_2,1.40478470E+03
3.33500000E-04,i1,Line_1_e1,6.54878893E+01
3.33500000E-04,i2,Line_1_e1,-5.82916363E+01
3.34000000E-04,injectedCurrent,Node_1,6.46815592E+01
3.34000000E-04,voltage,Node_1,1.40721993E+03
3.34000000E-04,voltage,Node_2,1.31596111E+03
3.34000000E-04,i1,Line_1_e1,6.46815592E+01
3.34000000E-04,i2,Line_1_e1,-5.59777459E+01
3.34500000E-04,injectedCurrent,Node_1,6.38840219E+01
3.34500000E-04,voltage,Node_1,1.25266983E+03
3.34500000E-04,voltage,Node_2,1.38058316E+03
3.34500000E-04,i1,Line_1_e1,6.38840219E+01
3.34500000E-04,i2,Line_1_e1,-5.68930014E+01
3.35000000E-04,injectedCurrent,Node_1,6.30951898E+01
3.35000000E-04,voltage,Node_1,1.38411005E+03
3.35000000E-04,voltage,Node_2,1.29086231E+03
3.35000000E-04,i1,Line_1_e1,6.30951898E+01
3.35000000E-04,i2,Line_1_e1,-5.45702378E+01
3.35500000E-04,injectedCurrent,Node_1,6.23149761E+01
3.35500000E-04,voltage,Node_1,1.22766831E+03
3.35500000E-04,voltage,Node_2,1.35689973E+03
3.35500000E-04,i1,Line_1_e1,6.23149761E+01
3.35500000E-04,i2,Line_1_e1,-5.55250765E+01
3.36000000E-04,injectedCurrent,Node_1,6.15432945E+01
3.36000000E-04,voltage,Node_1,1.36151001E+03
3.36000000E-04,voltage,Node_2,1.26626916E+03
3.36000000E-04,i1,Line_1_e1,6.15432945E+01
3.36000000E-04,i2,Line_1_e1,-5.31929779E+01
3.36500000E-04,injectedCurrent,Node_1,6.07800596E+01
3.36500000E-04,voltage,Node_1,1.20315776E+03
3.36500000E-04,voltage,Node_2,1.33372445E+03
3.36500000E-04,i1,Line_1_e1,6.07800596E+01
3.36500000E-04,i2,Line_1_e1,-5.41872543E+01
3.37000000E-04,injectedCurrent,Node_1,6.00251863E+01
3.37000000E-04,voltage,Node_1,1.33941006E+03
3.37000000E-04,voltage,Node_2,1.24217160E+03
3.37000000E-04,i1,Line_1_e1,6.00251863E+01
3.37000000E-04,i2,Line_1_e1,-5.18453602E+01
3.37500000E-04,injectedCurrent,Node_1,5.92785904E+01
3.37500000E-04,voltage,Node_1,1.17912823E+03
3.37500000E-04,voltage,Node_2,1.31104751E+03
3.37500000E-04,i1,Line_1_e1,5.92785904E+01
3.37500000E-04,i2,Line_1_e1,-5.28789368E+01
3.38000000E-04,injectedCurrent,Node_1,5.85401882E+01
3.38000000E-04,voltage,Node_1,1.31780063E+03
3.38000000E-04,voltage,Node_2,1.21855973E+03
3.38000000E-04,i1,Line_1_e1,5.85401882E+01
3.38000000E-04,i2,Line_1_e1,-5.05267875E+01
3.38500000E-04,injectedCurrent,Node_1,5.78098964E+01
3.38500000E-04,voltage,Node_1,1.15556988E+03
3.38500000E-04,voltage,Node_2,1.28885922E+03
3.38500000E-04,i1,Line_1_e1,5.78098964E+01
3.38500000E-04,i2,Line_1_e1,-5.15995345E+01
3.39000000E-04,injectedCurrent,Node_1,5.70876325E+01
3.39000000E-04,voltage,Node_1,1.29667227E+03
3.39000000E-04,voltage,Node_2,1.19542377E+03
3.39000000E-04,i1,Line_1_e1,5.70876325E+01
3.39000000E-04,i2,Line_1_e1,-4.92366710E+01
3.39500000E-04,injectedCurrent,Node_1,5.63733145E+01
3.39500000E-04,voltage,Node_1,1.13247304E+03
3.39500000E-04,voltage,Node_2,1.26715006E+03
3.39500000E-04,i1,Line_1_e1,5.63733145E+01
3.39500000E-04,i2,Line_1_e1,-5.03484662E+01
3.40000000E-04,injectedCurrent,Node_1,5.56668609E+01
3.40000000E-04,voltage,Node_1,1.27601567E+03
3.40000000E-04,voltage,Node_2,1.17275408E+03
3.40000000E-04,i1,Line_1_e1,5.56668609E+01
3.40000000E-04,i2,Line_1_e1,-4.79744297E+01
3.40500000E-04,injectedCurrent,Node_1,5.49681907E+01
3.40500000E-04,voltage,Node_1,1.10982812E+03
3.40500000E-04,voltage,Node_2,1.24591062E+03
3.40500000E-04,i1,Line_1_e1,5.49681907E+01
3.40500000E-04,i2,Line_1_e1,-4.91251584E+01
3.41000000E-04,injectedCurrent,Node_1,5.42772234E+01
3.41000000E-04,voltage,Node_1,1.25582165E+03
3.41000000E-04,voltage,Node_2,1.15054115E+03
3.41000000E-04,i1,Line_1_e1,5.42772234E+01
3.41000000E-04,i2,Line_1_e1,-4.67394905E+01
3.41500000E-04,injectedCurrent,Node_1,5.35938790E+01
3.41500000E-04,voltage,Node_1,1.08762569E+03
3.41500000E-04,voltage,Node_2,1.22513162E+03
3.41500000E-04,i1,Line_1_e1,5.35938790E+01
3.41500000E-04,i2,Line_1_e1,-4.79290450E+01
3.42000000E-04,injectedCurrent,Node_1,5.29180779E+01
3.42000000E-04,voltage,Node_1,1.23608112E+03
3.42000000E-04,voltage,Node_2,1.12877559E+03
3.42000000E-04,i1,Line_1_e1,5.29180779E+01
3.42000000E-04,i2,Line_1_e1,-4.55312867E+01
3.42500000E-04,injectedCurrent,Node_1,5.22497411E+01
3.42500000E-04,voltage,Node_1,1.06585638E+03
3.42500000E-04,voltage,Node_2,1.20480391E+03
3.42500000E-04,i1,Line_1_e1,5.22497411E+01
3.42500000E-04,i2,Line_1_e1,-4.67595666E+01
3.43000000E-04,injectedCurrent,Node_1,5.15887899E+01
3.43000000E-04,voltage,Node_1,1.21678514E+03
3.43000000E-04,voltage,Node_2,1.10744810E+03
3.43000000E-04,i1,Line_1_e1,5.15887899E+01
3.43000000E-04,i2,Line_1_e1,-4.43492585E+01
3.43500000E-04,injectedCurrent,Node_1,5.09351460E+01
3.43500000E-04,voltage,Node_1,1.04451095E+03
3.43500000E-04,voltage,Node_2,1.18491843E+03
3.43500000E-04,i1,Line_1_e1,5.09351460E+01
3.43500000E-04,i2,Line_1_e1,-4.56161703E+01
3.44000000E-04,injectedCurrent,Node_1,5.02887315E+01
3.44000000E-04,voltage,Node_1,1.19792483E+03
3.44000000E-04,voltage,Node_2,1.08654949E+03
3.44000000E-04,i1,Line_1_e1,5.02887315E+01
3.44000000E-04,i2,Line_1_e1,-4.31928518E+01
3.44500000E-04,injectedCurrent,Node_1,4.96494688E+01
3.44500000E-04,voltage,Node_1,1.02358023E+03
3.44500000E-04,voltage,Node_2,1.16546621E+03
3.44500000E-04,i1,Line_1_e1,4.96494688E+01
3.44500000E-04,i2,Line_1_e1,-4.44983087E+01
3.45000000E-04,injectedCurrent,Node_1,4.90172808E+01
3.45000000E-04,voltage,Node_1,1.17949143E+03
3.45000000E-04,voltage,Node_2,1.06607067E+03
3.45000000E-04,i1,Line_1_e1,4.90172808E+01
3.45000000E-04,i2,Line_1_e1,-4.20615179E+01
3.45500000E-04,injectedCurrent,Node_1,4.83920907E+01
3.45500000E-04,voltage,Node_1,1.00305513E+03
3.45500000E-04,voltage,Node_2,1.14643841E+03
3.45500000E-04,i1,Line_1_e1,4.83920907E+01
3.45500000E-04,i2,Line_1_e1,-4.34054396E+01
3.46000000E-04,injectedCurrent,Node_1,4.77738217E+01
3.46000000E-04,voltage,Node_1,1.16147624E+03
3.46000000E-04,voltage,Node_2,1.04600261E+03
3.46000000E-04,i1,Line_1_e1,4.77738217E+01
3.46000000E-04,i2,Line_1_e1,-4.09547129E+01
3.46500000E-04,injectedCurrent,Node_1,4.71623977E+01
3.46500000E-04,voltage,Node_1,9.82926642E+02
3.46500000E-04,voltage,Node_2,1.12782624E+03
3.46500000E-04,i1,Line_1_e1,4.71623977E+01
3.46500000E-04,i2,Line_1_e1,-4.23370254E+01
3.47000000E-04,injectedCurrent,Node_1,4.65577426E+01
3.47000000E-04,voltage,Node_1,1.14387066E+03
3.47000000E-04,voltage,Node_2,1.02633638E+03
3.47000000E-04,i1,Line_1_e1,4.65577426E+01
3.47000000E-04,i2,Line_1_e1,-3.98718973E+01
3.47500000E-04,injectedCurrent,Node_1,4.59597806E+01
3.47500000E-04,voltage,Node_1,9.63185807E+02
3.47500000E-04,voltage,Node_2,1.10962098E+03
3.47500000E-04,i1,Line_1_e1,4.59597806E+01
3.47500000E-04,i2,Line_1_e1,-4.12925327E+01
3.48000000E-04,injectedCurrent,Node_1,4.53684361E+01
3.48000000E-04,voltage,Node_1,1.12666611E+03
3.48000000E-04,voltage,Node_2,1.00706309E+03
3.48000000E-04,i1,Line_1_e1,4.53684361E+01
3.48000000E-04,i2,Line_1_e1,-3.88125349E+01
3.48500000E-04,injectedCurrent,Node_1,4.47836337E+01
3.48500000E-04,voltage,Node_1,9.43823718E+02
3.48500000E-04,voltage,Node_2,1.09181398E+03
3.48500000E-04,i1,Line_1_e1,4.47836337E+01
3.48500000E-04,i2,Line_1_e1,-4.02714312E+01
3.49000000E-04,injectedCurrent,Node_1,4.42052983E+01
3.49000000E-04,voltage,Node_1,1.10985412E+03
3.49000000E-04,voltage,Node_2,9.88173915E+02
3.49000000E-04,i1,Line_1_e1,4.42052983E+01
3.49000000E-04,i2,Line_1_e1,-3.77760927E+01
3.49500000E-04,injectedCurrent,Node_1,4.36333548E+01
3.49500000E-04,voltage,Node_1,9.24831510E+02
3.49500000E-04,voltage,Node_2,1.07439666E+03
3.49500000E-04,i1,Line_1_e1,4.36333548E+01
3.49500000E-04,i2,Line_1_e1,-3.92731937E+01
3.50000000E-04,injectedCurrent,Node_1,4.30677282E+01
3.50000000E-04,voltage,Node_1,1.09342621E+03
3.50000000E-04,voltage,Node_2,9.69660067E+02
3.50000000E-04,i1,Line_1_e1,4.30677282E+01
3.50000000E-04,i2,Line_1_e1,-3.67620402E+01
3.50500000E-04,injectedCurrent,Node_1,4.25083437E+01
3.50500000E-04,voltage,Node_1,9.06200350E+02
3.50500000E-04,voltage,Node_2,1.05736046E+03
3.50500000E-04,i1,Line_1_e1,4.25083437E+01
3.50500000E-04,i2,Line_1_e1,-3.82972950E+01
3.51000000E-04,injectedCurrent,Node_1,4.19551267E+01
3.51000000E-04,voltage,Node_1,1.07737398E+03
3.51000000E-04,voltage,Node_2,9.51512800E+02
3.51000000E-04,i1,Line_1_e1,4.19551267E+01
3.51000000E-04,i2,Line_1_e1,-3.57698485E+01
3.51500000E-04,injectedCurrent,Node_1,4.14080024E+01
3.51500000E-04,voltage,Node_1,8.87921426E+02
3.51500000E-04,voltage,Node_2,1.04069686E+03
3.51500000E-04,i1,Line_1_e1,4.14080024E+01
3.51500000E-04,i2,Line_1_e1,-3.73432118E+01
3.52000000E-04,injectedCurrent,Node_1,4.08668964E+01
3.52000000E-04,voltage,Node_1,1.06168903E+03
3.52000000E-04,voltage,Node_2,9.33723388E+02
3.52000000E-04,i1,Line_1_e1,4.08668964E+01
3.52000000E-04,i2,Line_1_e1,-3.47989903E+01
3.52500000E-04,injectedCurrent,Node_1,4.03317340E+01
3.52500000E-04,voltage,Node_1,8.69985939E+02
3.52500000E-04,voltage,Node_2,1.02439738E+03
3.52500000E-04,i1,Line_1_e1,4.03317340E+01
3.52500000E-04,i2,Line_1_e1,-3.64104219E+01
3.53000000E-04,injectedCurrent,Node_1,3.98024407E+01
3.53000000E-04,voltage,Node_1,1.04636298E+03
3.53000000E-04,voltage,Node_2,9.16283125E+02
3.53000000E-04,i1,Line_1_e1,3.98024407E+01
3.53000000E-04,i2,Line_1_e1,-3.38489389E+01
3.53500000E-04,injectedCurrent,Node_1,3.92789421E+01
3.53500000E-04,voltage,Node_1,8.52385099E+02
3.53500000E-04,voltage,Node_2,1.00845355E+03
3.53500000E-04,i1,Line_1_e1,3.92789421E+01
3.53500000E-04,i2,Line_1_e1,-3.54984037E+01
3.54000000E-04,injectedCurrent,Node_1,3.87611637E+01
3.54000000E-04,voltage,Node_1,1.03138748E+03
3.54000000E-04,voltage,Node_2,8.99183313E+02
3.54000000E-04,i1,Line_1_e1,3.87611637E+01
3.54000000E-04,i2,Line_1_e1,-3.29191681E+01
3.54500000E-04,injectedCurrent,Node_1,3.82490308E+01
3.54500000E-04,voltage,Node_1,8.35110112E+02
3.54500000E-04,voltage,Node_2,9.92856903E+02
3.54500000E-04,i1,Line_1_e1,3.82490308E+01
3.54500000E-04,i2,Line_1_e1,-3.46066358E+01
3.55000000E-04,injectedCurrent,Node_1,3.77424691E+01
3.55000000E-04,voltage,Node_1,1.01675418E+03
3.55000000E-04,voltage,Node_2,8.82415258E+02
3.55000000E-04,i1,Line_1_e1,3.77424691E+01
3.55000000E-04,i2,Line_1_e1,-3.20091515E+01
3.55500000E-04,injectedCurrent,Node_1,3.72414038E+01
3.55500000E-04,voltage,Node_1,8.18152180E+02
3.55500000E-04,voltage,Node_2,9.77598987E+02
3.55500000E-04,i1,Line_1_e1,3.72414038E+01
3.55500000E-04,i2,Line_1_e1,-3.37345970E+01
3.56000000E-04,injectedCurrent,Node_1,3.67457604E+01
3.56000000E-04,voltage,Node_1,1.00245472E+03
3.56000000E-04,voltage,Node_2,8.65970262E+02
3.56000000E-04,i1,Line_1_e1,3.67457604E+01
3.56000000E-04,i2,Line_1_e1,-3.11183624E+01
3.56500000E-04,injectedCurrent,Node_1,3.62554642E+01
3.56500000E-04,voltage,Node_1,8.01502493E+02
3.56500000E-04,voltage,Node_2,9.62671350E+02
3.56500000E-04,i1,Line_1_e1,3.62554642E+01
3.56500000E-04,i2,Line_1_e1,-3.28817653E+01
3.57000000E-04,injectedCurrent,Node_1,3.57704406E+01
3.57000000E-04,voltage,Node_1,9.88480756E+02
3.57000000E-04,voltage,Node_2,8.49839620E+02
3.57000000E-04,i1,Line_1_e1,3.57704406E+01
3.57000000E-04,i2,Line_1_e1,-3.02462734E+01
3.57500000E-04,injectedCurrent,Node_1,3.52906146E+01
3.57500000E-04,voltage,Node_1,7.85152229E+02
3.57500000E-04,voltage,Node_2,9.48065534E+02
3.57500000E-04,i1,Line_1_e1,3.52906146E+01
3.57500000E-04,i2,Line_1_e1,-3.20476184E+01
3.58000000E-04,injectedCurrent,Node_1,3.48159116E+01
3.58000000E-04,voltage,Node_1,9.74823926E+02
3.58000000E-04,voltage,Node_2,8.34014615E+02
3.58000000E-04,i1,Line_1_e1,3.48159116E+01
3.58000000E-04,i2,Line_1_e1,-2.93923565E+01
3.58500000E-04,injectedCurrent,Node_1,3.43462566E+01
3.58500000E-04,voltage,Node_1,7.69092550E+02
3.58500000E-04,voltage,Node_2,9.33773077E+02
3.58500000E-04,i1,Line_1_e1,3.43462566E+01
3.58500000E-04,i2,Line_1_e1,-3.12316333E+01
3.59000000E-04,injectedCurrent,Node_1,3.38815748E+01
3.59000000E-04,voltage,Node_1,9.61475875E+02
3.59000000E-04,voltage,Node_2,8.18486521E+02
3.59000000E-04,i1,Line_1_e1,3.38815748E+01
3.59000000E-04,i2,Line_1_e1,-2.85560829E+01
3.59500000E-04,injectedCurrent,Node_1,3.34217913E+01
3.59500000E-04,voltage,Node_1,7.53314609E+02
3.59500000E-04,voltage,Node_2,9.19785513E+02
3.59500000E-04,i1,Line_1_e1,3.34217913E+01
3.59500000E-04,i2,Line_1_e1,-3.04332864E+01
3.60000000E-04,injectedCurrent,Node_1,3.29668311E+01
3.60000000E-04,voltage,Node_1,9.48428249E+02
3.60000000E-04,voltage,Node_2,8.03246602E+02
3.60000000E-04,i1,Line_1_e1,3.29668311E+01
3.60000000E-04,i2,Line_1_e1,-2.77369232E+01
3.60500000E-04,injectedCurrent,Node_1,3.25166192E+01
3.60500000E-04,voltage,Node_1,7.37809547E+02
3.60500000E-04,voltage,Node_2,9.06094376E+02
3.60500000E-04,i1,Line_1_e1,3.25166192E+01
3.60500000E-04,i2,Line_1_e1,-2.96520540E+01
3.61000000E-04,injectedCurrent,Node_1,3.20710808E+01
3.61000000E-04,voltage,Node_1,9.35672700E+02
3.61000000E-04,voltage,Node_2,7.88286116E+02
3.61000000E-04,i1,Line_1_e1,3.20710808E+01
3.61000000E-04,i2,Line_1_e1,-2.69343477E+01
3.61500000E-04,injectedCurrent,Node_1,3.16301410E+01
3.61500000E-04,voltage,Node_1,7.22568507E+02
3.61500000E-04,voltage,Node_2,8.92691202E+02
3.61500000E-04,i1,Line_1_e1,3.16301410E+01
3.61500000E-04,i2,Line_1_e1,-2.88874123E+01
3.62000000E-04,injectedCurrent,Node_1,3.11937250E+01
3.62000000E-04,voltage,Node_1,9.23200896E+02
3.62000000E-04,voltage,Node_2,7.73596319E+02
3.62000000E-04,i1,Line_1_e1,3.11937250E+01
3.62000000E-04,i2,Line_1_e1,-2.61478269E+01
3.62500000E-04,injectedCurrent,Node_1,3.07617581E+01
3.62500000E-04,voltage,Node_1,7.07582635E+02
3.62500000E-04,voltage,Node_2,8.79567538E+02
3.62500000E-04,i1,Line_1_e1,3.07617581E+01
3.62500000E-04,i2,Line_1_e1,-2.81388381E+01
3.63000000E-04,injectedCurrent,Node_1,3.03341657E+01
3.63000000E-04,voltage,Node_1,9.11004531E+02
3.63000000E-04,voltage,Node_2,7.59168481E+02
3.63000000E-04,i1,Line_1_e1,3.03341657E+01
3.63000000E-04,i2,Line_1_e1,-2.53768323E+01
3.63500000E-04,injectedCurrent,Node_1,2.99108734E+01
3.63500000E-04,voltage,Node_1,6.92843103E+02
3.63500000E-04,voltage,Node_2,8.66714956E+02
3.63500000E-04,i1,Line_1_e1,2.99108734E+01
3.63500000E-04,i2,Line_1_e1,-2.74058098E+01
3.64000000E-04,injectedCurrent,Node_1,2.94918070E+01
3.64000000E-04,voltage,Node_1,8.99075343E+02
3.64000000E-04,voltage,Node_2,7.44993892E+02
3.64000000E-04,i1,Line_1_e1,2.94918070E+01
3.64000000E-04,i2,Line_1_e1,-2.46208370E+01
3.64500000E-04,injectedCurrent,Node_1,2.90768925E+01
3.64500000E-04,voltage,Node_1,6.78341115E+02
3.64500000E-04,voltage,Node_2,8.54125065E+02
3.64500000E-04,i1,Line_1_e1,2.90768925E+01
3.64500000E-04,i2,Line_1_e1,-2.66878081E+01
3.65000000E-04,injectedCurrent,Node_1,2.86660563E+01
3.65000000E-04,voltage,Node_1,8.87405127E+02
3.65000000E-04,voltage,Node_2,7.31063878E+02
3.65000000E-04,i1,Line_1_e1,2.86660563E+01
3.65000000E-04,i2,Line_1_e1,-2.38793169E+01
3.65500000E-04,injectedCurrent,Node_1,2.82592251E+01
3.65500000E-04,voltage,Node_1,6.64067933E+02
3.65500000E-04,voltage,Node_2,8.41789527E+02
3.65500000E-04,i1,Line_1_e1,2.82592251E+01
3.65500000E-04,i2,Line_1_e1,-2.59843173E+01
3.66000000E-04,injectedCurrent,Node_1,2.78563259E+01
3.66000000E-04,voltage,Node_1,8.75985761E+02
3.66000000E-04,voltage,Node_2,7.17369824E+02
3.66000000E-04,i1,Line_1_e1,2.78563259E+01
3.66000000E-04,i2,Line_1_e1,-2.31517519E+01
3.66500000E-04,injectedCurrent,Node_1,2.74572865E+01
3.66500000E-04,voltage,Node_1,6.50014895E+02
3.66500000E-04,voltage,Node_2,8.29700079E+02
3.66500000E-04,i1,Line_1_e1,2.74572865E+01
3.66500000E-04,i2,Line_1_e1,-2.52948266E+01
3.67000000E-04,injectedCurrent,Node_1,2.70620347E+01
3.67000000E-04,voltage,Node_1,8.64809230E+02
3.67000000E-04,voltage,Node_2,7.03903193E+02
3.67000000E-04,i1,Line_1_e1,2.70620347E+01
3.67000000E-04,i2,Line_1_e1,-2.24376276E+01
3.67500000E-04,injectedCurrent,Node_1,2.66704994E+01
3.67500000E-04,voltage,Node_1,6.36173445E+02
3.67500000E-04,voltage,Node_2,8.17848560E+02
3.67500000E-04,i1,Line_1_e1,2.66704994E+01
3.67500000E-04,i2,Line_1_e1,-2.46188318E+01
3.68000000E-04,injectedCurrent,Node_1,2.62826098E+01
3.68000000E-04,voltage,Node_1,8.53867650E+02
3.68000000E-04,voltage,Node_2,6.90655551E+02
3.68000000E-04,i1,Line_1_e1,2.62826098E+01
3.68000000E-04,i2,Line_1_e1,-2.17364367E+01
3.68500000E-04,injectedCurrent,Node_1,2.58982962E+01
3.68500000E-04,voltage,Node_1,6.22535159E+02
3.68500000E-04,voltage,Node_2,8.06226933E+02
3.68500000E-04,i1,Line_1_e1,2.58982962E+01
3.68500000E-04,i2,Line_1_e1,-2.39558370E+01
3.69000000E-04,injectedCurrent,Node_1,2.55174893E+01
3.69000000E-04,voltage,Node_1,8.43153304E+02
3.69000000E-04,voltage,Node_2,6.77618598E+02
3.69000000E-04,i1,Line_1_e1,2.55174893E+01
3.69000000E-04,i2,Line_1_e1,-2.10476812E+01
3.69500000E-04,injectedCurrent,Node_1,2.51401209E+01
3.69500000E-04,voltage,Node_1,6.09091778E+02
3.69500000E-04,voltage,Node_2,7.94827321E+02
3.69500000E-04,i1,Line_1_e1,2.51401209E+01
3.69500000E-04,i2,Line_1_e1,-2.33053568E+01
3.70000000E-04,injectedCurrent,Node_1,2.47661239E+01
3.70000000E-04,voltage,Node_1,8.32658675E+02
3.70000000E-04,voltage,Node_2,6.64784199E+02
3.70000000E-04,i1,Line_1_e1,2.47661239E+01
3.70000000E-04,i2,Line_1_e1,-2.03708743E+01
3.70500000E-04,injectedCurrent,Node_1,2.43954321E+01
3.70500000E-04,voltage,Node_1,5.95835245E+02
3.70500000E-04,voltage,Node_2,7.83642036E+02
3.70500000E-04,i1,Line_1_e1,2.43954321E+01
3.70500000E-04,i2,Line_1_e1,-2.26669181E+01
3.71000000E-04,injectedCurrent,Node_1,2.40279804E+01
3.71000000E-04,voltage,Node_1,8.22376483E+02
3.71000000E-04,voltage,Node_2,6.52144418E+02
3.71000000E-04,i1,Line_1_e1,2.40279804E+01
3.71000000E-04,i2,Line_1_e1,-1.97055425E+01
3.71500000E-04,injectedCurrent,Node_1,2.36637051E+01
3.71500000E-04,voltage,Node_1,5.82757740E+02
3.71500000E-04,voltage,Node_2,7.72663620E+02
3.71500000E-04,i1,Line_1_e1,2.36637051E+01
3.71500000E-04,i2,Line_1_e1,-2.20400630E+01
3.72000000E-04,injectedCurrent,Node_1,2.33025438E+01
3.72000000E-04,voltage,Node_1,8.12299721E+02
3.72000000E-04,voltage,Node_2,6.39691558E+02
3.72000000E-04,i1,Line_1_e1,2.33025438E+01
3.72000000E-04,i2,Line_1_e1,-1.90512287E+01
3.72500000E-04,injectedCurrent,Node_1,2.29444353E+01
3.72500000E-04,voltage,Node_1,5.69851721E+02
3.72500000E-04,voltage,Node_2,7.61884881E+02
3.72500000E-04,i1,Line_1_e1,2.29444353E+01
3.72500000E-04,i2,Line_1_e1,-2.14243508E+01
3.73000000E-04,injectedCurrent,Node_1,2.25893203E+01
3.73000000E-04,voltage,Node_1,8.02421704E+02
3.73000000E-04,voltage,Node_2,6.27418197E+02
3.73000000E-04,i1,Line_1_e1,2.25893203E+01
3.73000000E-04,i2,Line_1_e1,-1.84074938E+01
3.73500000E-04,injectedCurrent,Node_1,2.22371408E+01
3.73500000E-04,voltage,Node_1,5.57109964E+02
3.73500000E-04,voltage,Node_2,7.51298934E+02
3.73500000E-04,i1,Line_1_e1,2.22371408E+01
3.73500000E-04,i2,Line_1_e1,-2.08193609E+01
3.74000000E-04,injectedCurrent,Node_1,2.18878407E+01
3.74000000E-04,voltage,Node_1,7.92736103E+02
3.74000000E-04,voltage,Node_2,6.15317230E+02
3.74000000E-04,i1,Line_1_e1,2.18878407E+01
3.74000000E-04,i2,Line_1_e1,-1.77739200E+01
3.74500000E-04,injectedCurrent,Node_1,2.15413655E+01
3.74500000E-04,voltage,Node_1,5.44525608E+02
3.74500000E-04,voltage,Node_2,7.40899245E+02
3.74500000E-04,i1,Line_1_e1,2.15413655E+01
3.74500000E-04,i2,Line_1_e1,-2.02246954E+01
3.75000000E-04,injectedCurrent,Node_1,2.11976629E+01
3.75000000E-04,voltage,Node_1,7.83236992E+02
3.75000000E-04,voltage,Node_2,6.03381916E+02
3.75000000E-04,i1,Line_1_e1,2.11976629E+01
3.75000000E-04,i2,Line_1_e1,-1.71501134E+01
3.75500000E-04,injectedCurrent,Node_1,2.08566823E+01
3.75500000E-04,voltage,Node_1,5.32092195E+02
3.75500000E-04,voltage,Node_2,7.30679670E+02
3.75500000E-04,i1,Line_1_e1,2.08566823E+01
3.75500000E-04,i2,Line_1_e1,-1.96399818E+01
3.76000000E-04,injectedCurrent,Node_1,2.05183754E+01
3.76000000E-04,voltage,Node_1,7.73918894E+02
3.76000000E-04,voltage,Node_2,5.91605911E+02
3.76000000E-04,i1,Line_1_e1,2.05183754E+01
3.76000000E-04,i2,Line_1_e1,-1.65357065E+01
3.76500000E-04,injectedCurrent,Node_1,2.01826961E+01
3.76500000E-04,voltage,Node_1,5.19803713E+02
3.76500000E-04,voltage,Node_2,7.20634504E+02
3.76500000E-04,i1,Line_1_e1,2.01826961E+01
3.76500000E-04,i2,Line_1_e1,-1.90648755E+01
3.77000000E-04,injectedCurrent,Node_1,1.98496003E+01
3.77000000E-04,voltage,Node_1,7.64776817E+02
3.77000000E-04,voltage,Node_2,5.79983321E+02
3.77000000E-04,i1,Line_1_e1,1.98496003E+01
3.77000000E-04,i2,Line_1_e1,-1.59303608E+01
3.77500000E-04,injectedCurrent,Node_1,1.95190466E+01
3.77500000E-04,voltage,Node_1,5.07654636E+02
3.77500000E-04,voltage,Node_2,7.10758515E+02
3.77500000E-04,i1,Line_1_e1,1.95190466E+01
3.77500000E-04,i2,Line_1_e1,-1.84990626E+01
3.78000000E-04,injectedCurrent,Node_1,1.91909958E+01
3.78000000E-04,voltage,Node_1,7.55806299E+02
3.78000000E-04,voltage,Node_2,5.68508734E+02
3.78000000E-04,i1,Line_1_e1,1.91909958E+01
3.78000000E-04,i2,Line_1_e1,-1.53337698E+01
3.78500000E-04,injectedCurrent,Node_1,1.88654113E+01
3.78500000E-04,voltage,Node_1,4.95639963E+02
3.78500000E-04,voltage,Node_2,7.01046994E+02
3.78500000E-04,i1,Line_1_e1,1.88654113E+01
3.78500000E-04,i2,Line_1_e1,-1.79422627E+01
3.79000000E-04,injectedCurrent,Node_1,1.85422593E+01
3.79000000E-04,voltage,Node_1,7.47003446E+02
3.79000000E-04,voltage,Node_2,5.57177265E+02
3.79000000E-04,i1,Line_1_e1,1.85422593E+01
3.79000000E-04,i2,Line_1_e1,-1.47456608E+01
3.79500000E-04,injectedCurrent,Node_1,1.82215084E+01
3.79500000E-04,voltage,Node_1,4.83755257E+02
3.79500000E-04,voltage,Node_2,6.91495784E+02
3.79500000E-04,i1,Line_1_e1,1.82215084E+01
3.79500000E-04,i2,Line_1_e1,-1.73942306E+01
3.80000000E-04,injectedCurrent,Node_1,1.79031300E+01
3.80000000E-04,voltage,Node_1,7.38364966E+02
3.80000000E-04,voltage,Node_2,5.45984590E+02
3.80000000E-04,i1,Line_1_e1,1.79031300E+01
3.80000000E-04,i2,Line_1_e1,-1.41657977E+01
3.80500000E-04,injectedCurrent,Node_1,1.75870985E+01
3.80500000E-04,voltage,Node_1,4.71996669E+02
3.80500000E-04,voltage,Node_2,6.82101324E+02
3.80500000E-04,i1,Line_1_e1,1.75870985E+01
3.80500000E-04,i2,Line_1_e1,-1.68547588E+01
3.81000000E-04,injectedCurrent,Node_1,1.72733908E+01
3.81000000E-04,voltage,Node_1,7.29888198E+02
3.81000000E-04,voltage,Node_2,5.34926979E+02
3.81000000E-04,i1,Line_1_e1,1.72733908E+01
3.81000000E-04,i2,Line_1_e1,-1.35939824E+01
3.81500000E-04,injectedCurrent,Node_1,1.69619871E+01
3.81500000E-04,voltage,Node_1,4.60360975E+02
3.81500000E-04,voltage,Node_2,6.72860671E+02
3.81500000E-04,i1,Line_1_e1,1.69619871E+01
3.81500000E-04,i2,Line_1_e1,-1.63236792E+01
3.82000000E-04,injectedCurrent,Node_1,1.66528703E+01
3.82000000E-04,voltage,Node_1,7.21571142E+02
3.82000000E-04,voltage,Node_2,5.24001322E+02
3.82000000E-04,i1,Line_1_e1,1.66528703E+01
3.82000000E-04,i2,Line_1_e1,-1.30300569E+01
3.82500000E-04,injectedCurrent,Node_1,1.63460263E+01
3.82500000E-04,voltage,Node_1,4.48845590E+02
3.82500000E-04,voltage,Node_2,6.63771533E+02
3.82500000E-04,i1,Line_1_e1,1.63460263E+01
3.82500000E-04,i2,Line_1_e1,-1.58008648E+01
3.83000000E-04,injectedCurrent,Node_1,1.60414442E+01
3.83000000E-04,voltage,Node_1,7.13412472E+02
3.83000000E-04,voltage,Node_2,5.13205155E+02
3.83000000E-04,i1,Line_1_e1,1.60414442E+01
3.83000000E-04,i2,Line_1_e1,-1.24739045E+01
3.83500000E-04,injectedCurrent,Node_1,1.57391160E+01
3.83500000E-04,voltage,Node_1,4.37448586E+02
3.83500000E-04,voltage,Node_2,6.54832286E+02
3.83500000E-04,i1,Line_1_e1,1.57391160E+01
3.83500000E-04,i2,Line_1_e1,-1.52862305E+01
3.84000000E-04,injectedCurrent,Node_1,1.54390366E+01
3.84000000E-04,voltage,Node_1,7.05411556E+02
3.84000000E-04,voltage,Node_2,5.02536675E+02
3.84000000E-04,i1,Line_1_e1,1.54390366E+01
3.84000000E-04,i2,Line_1_e1,-1.19254503E+01
3.84500000E-04,injectedCurrent,Node_1,1.51412041E+01
3.84500000E-04,voltage,Node_1,4.26168702E+02
3.84500000E-04,voltage,Node_2,6.46041988E+02
3.84500000E-04,i1,Line_1_e1,1.51412041E+01
3.84500000E-04,i2,Line_1_e1,-1.47797337E+01
3.85000000E-04,injectedCurrent,Node_1,1.48456197E+01
3.85000000E-04,voltage,Node_1,6.97568456E+02
3.85000000E-04,voltage,Node_2,4.91994747E+02
3.85000000E-04,i1,Line_1_e1,1.48456197E+01
3.85000000E-04,i2,Line_1_e1,-1.13846622E+01
3.85500000E-04,injectedCurrent,Node_1,1.45522875E+01
3.85500000E-04,voltage,Node_1,4.15005341E+02
3.85500000E-04,voltage,Node_2,6.37400382E+02
3.85500000E-04,i1,Line_1_e1,1.45522875E+01
3.85500000E-04,i2,Line_1_e1,-1.42813751E+01
3.86000000E-04,injectedCurrent,Node_1,1.42612146E+01
3.86000000E-04,voltage,Node_1,6.89883929E+02
3.86000000E-04,voltage,Node_2,4.81578909E+02
3.86000000E-04,i1,Line_1_e1,1.42612146E+01
3.86000000E-04,i2,Line_1_e1,-1.08515504E+01
3.86500000E-04,injectedCurrent,Node_1,1.39724111E+01
3.86500000E-04,voltage,Node_1,4.03958565E+02
3.86500000E-04,voltage,Node_2,6.28907903E+02
3.86500000E-04,i1,Line_1_e1,1.39724111E+01
3.86500000E-04,i2,Line_1_e1,-1.37911976E+01
3.87000000E-04,injectedCurrent,Node_1,1.36858900E+01
3.87000000E-04,voltage,Node_1,6.82359414E+02
3.87000000E-04,voltage,Node_2,4.71289364E+02
3.87000000E-04,i1,Line_1_e1,1.36858900E+01
3.87000000E-04,i2,Line_1_e1,-1.03261668E+01
3.87500000E-04,injectedCurrent,Node_1,1.34016670E+01
3.87500000E-04,voltage,Node_1,3.93029077E+02
3.87500000E-04,voltage,Node_2,6.20565658E+02
3.87500000E-04,i1,Line_1_e1,1.34016670E+01
3.87500000E-04,i2,Line_1_e1,-1.33092858E+01
3.88000000E-04,injectedCurrent,Node_1,1.31197608E+01
3.88000000E-04,voltage,Node_1,6.74997014E+02
3.88000000E-04,voltage,Node_2,4.61126966E+02
3.88000000E-04,i1,Line_1_e1,1.31197608E+01
3.88000000E-04,i2,Line_1_e1,-9.80860411E+00
3.88500000E-04,injectedCurrent,Node_1,1.28401927E+01
3.88500000E-04,voltage,Node_1,3.82218199E+02
3.88500000E-04,voltage,Node_2,6.12375414E+02
3.88500000E-04,i1,Line_1_e1,1.28401927E+01
3.88500000E-04,i2,Line_1_e1,-1.28357648E+01
3.89000000E-04,injectedCurrent,Node_1,1.25629867E+01
3.89000000E-04,voltage,Node_1,6.67799470E+02
3.89000000E-04,voltage,Node_2,4.51093195E+02
3.89000000E-04,i1,Line_1_e1,1.25629867E+01
3.89000000E-04,i2,Line_1_e1,-9.29899413E+00
3.89500000E-04,injectedCurrent,Node_1,1.22881693E+01
3.89500000E-04,voltage,Node_1,3.71527835E+02
3.89500000E-04,voltage,Node_2,6.04339569E+02
3.89500000E-04,i1,Line_1_e1,1.22881693E+01
3.89500000E-04,i2,Line_1_e1,-1.23707980E+01
3.90000000E-04,injectedCurrent,Node_1,1.20157692E+01
3.90000000E-04,voltage,Node_1,6.60770120E+02
3.90000000E-04,voltage,Node_2,4.41190127E+02
3.90000000E-04,i1,Line_1_e1,1.20157692E+01
3.90000000E-04,i2,Line_1_e1,-8.79750528E+00
3.90500000E-04,injectedCurrent,Node_1,1.17458178E+01
3.90500000E-04,voltage,Node_1,3.60960428E+02
3.90500000E-04,voltage,Node_2,5.96461118E+02
3.90500000E-04,i1,Line_1_e1,1.17458178E+01
3.90500000E-04,i2,Line_1_e1,-1.19145844E+01
3.91000000E-04,injectedCurrent,Node_1,1.14783485E+01
3.91000000E-04,voltage,Node_1,6.53912855E+02
3.91000000E-04,voltage,Node_2,4.31420391E+02
3.91000000E-04,i1,Line_1_e1,1.14783485E+01
3.91000000E-04,i2,Line_1_e1,-8.30433999E+00
3.91500000E-04,injectedCurrent,Node_1,1.12133966E+01
3.91500000E-04,voltage,Node_1,3.50518912E+02
3.91500000E-04,voltage,Node_2,5.88743603E+02
3.91500000E-04,i1,Line_1_e1,1.12133966E+01
3.91500000E-04,i2,Line_1_e1,-1.14673562E+01
3.92000000E-04,injectedCurrent,Node_1,1.09509996E+01
3.92000000E-04,voltage,Node_1,6.47232069E+02
3.92000000E-04,voltage,Node_2,4.21787120E+02
3.92000000E-04,i1,Line_1_e1,1.09509996E+01
3.92000000E-04,i2,Line_1_e1,-7.81973135E+00
3.92500000E-04,injectedCurrent,Node_1,1.06911966E+01
3.92500000E-04,voltage,Node_1,3.40206655E+02
3.92500000E-04,voltage,Node_2,5.81191068E+02
3.92500000E-04,i1,Line_1_e1,1.06911966E+01
3.92500000E-04,i2,Line_1_e1,-1.10293747E+01
3.93000000E-04,injectedCurrent,Node_1,1.04340283E+01
3.93000000E-04,voltage,Node_1,6.40732595E+02
3.93000000E-04,voltage,Node_2,4.12293897E+02
3.93000000E-04,i1,Line_1_e1,1.04340283E+01
3.93000000E-04,i2,Line_1_e1,-7.34393932E+00
3.93500000E-04,injectedCurrent,Node_1,1.01795370E+01
3.93500000E-04,voltage,Node_1,3.30027385E+02
3.93500000E-04,voltage,Node_2,5.73807994E+02
3.93500000E-04,i1,Line_1_e1,1.01795370E+01
3.93500000E-04,i2,Line_1_e1,-1.06009263E+01
3.94000000E-04,injectedCurrent,Node_1,9.92776603E+00
3.94000000E-04,voltage,Node_1,6.34419639E+02
3.94000000E-04,voltage,Node_2,4.02944685E+02
3.94000000E-04,i1,Line_1_e1,9.92776603E+00
3.94000000E-04,i2,Line_1_e1,-6.87724649E+00
3.94500000E-04,injectedCurrent,Node_1,9.67876006E+00
3.94500000E-04,voltage,Node_1,3.19985126E+02
3.94500000E-04,voltage,Node_2,5.66599233E+02
3.94500000E-04,i1,Line_1_e1,9.67876006E+00
3.94500000E-04,i2,Line_1_e1,-1.01823186E+01
3.95000000E-04,injectedCurrent,Node_1,9.43256460E+00
3.95000000E-04,voltage,Node_1,6.28298702E+02
3.95000000E-04,voltage,Node_2,3.93743759E+02
3.95000000E-04,i1,Line_1_e1,9.43256460E+00
3.95000000E-04,i2,Line_1_e1,-6.41995346E+00
3.95500000E-04,injectedCurrent,Node_1,9.18922590E+00
3.95500000E-04,voltage,Node_1,3.10084116E+02
3.95500000E-04,voltage,Node_2,5.59569936E+02
3.95500000E-04,i1,Line_1_e1,9.18922590E+00
3.95500000E-04,i2,Line_1_e1,-9.77387490E+00
3.96000000E-04,injectedCurrent,Node_1,8.94879078E+00
3.96000000E-04,voltage,Node_1,6.22375510E+02
3.96000000E-04,voltage,Node_2,3.84695628E+02
3.96000000E-04,i1,Line_1_e1,8.94879078E+00
3.96000000E-04,i2,Line_1_e1,-5.97237388E+00
3.96500000E-04,injectedCurrent,Node_1,8.71130643E+00
3.96500000E-04,voltage,Node_1,3.00328725E+02
3.96500000E-04,voltage,Node_2,5.52725473E+02
3.96500000E-04,i1,Line_1_e1,8.71130643E+00
3.96500000E-04,i2,Line_1_e1,-9.37592988E+00
3.97000000E-04,injectedCurrent,Node_1,8.47682020E+00
3.97000000E-04,voltage,Node_1,6.16655924E+02
3.97000000E-04,voltage,Node_2,3.75804957E+02
3.97000000E-04,i1,Line_1_e1,8.47682020E+00
3.97000000E-04,i2,Line_1_e1,-5.53482924E+00
3.97500000E-04,injectedCurrent,Node_1,8.24537943E+00
3.97500000E-04,voltage,Node_1,2.90723368E+02
3.97500000E-04,voltage,Node_2,5.46071353E+02
3.97500000E-04,i1,Line_1_e1,8.24537943E+00
3.97500000E-04,i2,Line_1_e1,-8.98882373E+00
3.98000000E-04,injectedCurrent,Node_1,8.01703125E+00
3.98000000E-04,voltage,Node_1,6.11145859E+02
3.98000000E-04,voltage,Node_2,3.67076477E+02
3.98000000E-04,i1,Line_1_e1,8.01703125E+00
3.98000000E-04,i2,Line_1_e1,-5.10764349E+00
3.98500000E-04,injectedCurrent,Node_1,7.79182238E+00
3.98500000E-04,voltage,Node_1,2.81272422E+02
3.98500000E-04,voltage,Node_2,5.39613139E+02
3.98500000E-04,i1,Line_1_e1,7.79182238E+00
3.98500000E-04,i2,Line_1_e1,-8.61289702E+00
3.99000000E-04,injectedCurrent,Node_1,7.56979891E+00
3.99000000E-04,voltage,Node_1,6.05851199E+02
3.99000000E-04,voltage,Node_2,3.58514904E+02
3.99000000E-04,i1,Line_1_e1,7.56979891E+00
3.99000000E-04,i2,Line_1_e1,-4.69113760E+00
3.99500000E-04,injectedCurrent,Node_1,7.35100617E+00
3.99500000E-04,voltage,Node_1,2.71980133E+02
3.99500000E-04,voltage,Node_2,5.33356360E+02
3.99500000E-04,i1,Line_1_e1,7.35100617E+00
3.99500000E-04,i2,Line_1_e1,-8.24848517E+00
4.00000000E-04,injectedCurrent,Node_1,7.13548847E+00
4.00000000E-04,voltage,Node_1,6.00777710E+02
4.00000000E-04,voltage,Node_2,3.50124846E+02
4.00000000E-04,i1,Line_1_e1,7.13548847E+00
4.00000000E-04,i2,Line_1_e1,-4.28562401E+00
4.00500000E-04,injectedCurrent,Node_1,6.92328898E+00
4.00500000E-04,voltage,Node_1,2.62850533E+02
4.00500000E-04,voltage,Node_2,5.27306429E+02
4.00500000E-04,i1,Line_1_e1,6.92328898E+00
4.00500000E-04,i2,Line_1_e1,-7.89591304E+00
4.01000000E-04,injectedCurrent,Node_1,6.71444948E+00
4.01000000E-04,voltage,Node_1,5.95930956E+02
4.01000000E-04,voltage,Node_2,3.41910723E+02
4.01000000E-04,i1,Line_1_e1,6.71444948E+00
4.01000000E-04,i2,Line_1_e1,-3.89140129E+00
4.01500000E-04,injectedCurrent,Node_1,6.50901023E+00
4.01500000E-04,voltage,Node_1,2.53887351E+02
4.01500000E-04,voltage,Node_2,5.21468556E+02
4.01500000E-04,i1,Line_1_e1,6.50901023E+00
4.01500000E-04,i2,Line_1_e1,-7.55548962E+00
4.02000000E-04,injectedCurrent,Node_1,6.30700976E+00
4.02000000E-04,voltage,Node_1,5.91316220E+02
4.02000000E-04,voltage,Node_2,3.33876677E+02
4.02000000E-04,i1,Line_1_e1,6.30700976E+00
4.02000000E-04,i2,Line_1_e1,-3.50874890E+00
4.02500000E-04,injectedCurrent,Node_1,6.10848476E+00
4.02500000E-04,voltage,Node_1,2.45093937E+02
4.02500000E-04,voltage,Node_2,5.15847667E+02
4.02500000E-04,i1,Line_1_e1,6.10848476E+00
4.02500000E-04,i2,Line_1_e1,-7.22750298E+00
4.03000000E-04,injectedCurrent,Node_1,5.91346985E+00
4.03000000E-04,voltage,Node_1,5.86938428E+02
4.03000000E-04,voltage,Node_2,3.26026493E+02
4.03000000E-04,i1,Line_1_e1,5.91346985E+00
4.03000000E-04,i2,Line_1_e1,-3.13792220E+00
4.03500000E-04,injectedCurrent,Node_1,5.72199746E+00
4.03500000E-04,voltage,Node_1,2.36473180E+02
4.03500000E-04,voltage,Node_2,5.10448327E+02
4.03500000E-04,i1,Line_1_e1,5.72199746E+00
4.03500000E-04,i2,Line_1_e1,-6.91221545E+00
4.04000000E-04,injectedCurrent,Node_1,5.53409771E+00
4.04000000E-04,voltage,Node_1,5.82802076E+02
4.04000000E-04,voltage,Node_2,3.18363524E+02
4.04000000E-04,i1,Line_1_e1,5.53409771E+00
4.04000000E-04,i2,Line_1_e1,-2.77914786E+00
4.04500000E-04,injectedCurrent,Node_1,5.34979822E+00
4.04500000E-04,voltage,Node_1,2.28027443E+02
4.04500000E-04,voltage,Node_2,5.05274669E+02
4.04500000E-04,i1,Line_1_e1,5.34979822E+00
4.04500000E-04,i2,Line_1_e1,-6.60985924E+00
4.05000000E-04,injectedCurrent,Node_1,5.16912401E+00
4.05000000E-04,voltage,Node_1,5.78911169E+02
4.05000000E-04,voltage,Node_2,3.10890618E+02
4.05000000E-04,i1,Line_1_e1,5.16912401E+00
4.05000000E-04,i2,Line_1_e1,-2.43261955E+00
4.05500000E-04,injectedCurrent,Node_1,4.99209741E+00
4.05500000E-04,voltage,Node_1,2.19758495E+02
4.05500000E-04,voltage,Node_2,5.00330326E+02
4.05500000E-04,i1,Line_1_e1,4.99209741E+00
4.05500000E-04,i2,Line_1_e1,-6.32063248E+00
4.06000000E-04,injectedCurrent,Node_1,4.81873788E+00
4.06000000E-04,voltage,Node_1,5.75269163E+02
4.06000000E-04,voltage,Node_2,3.03610058E+02
4.06000000E-04,i1,Line_1_e1,4.81873788E+00
4.06000000E-04,i2,Line_1_e1,-2.09849427E+00
4.06500000E-04,injectedCurrent,Node_1,4.64906201E+00
4.06500000E-04,voltage,Node_1,2.11667460E+02
4.06500000E-04,voltage,Node_2,4.95618377E+02
4.06500000E-04,i1,Line_1_e1,4.64906201E+00
4.06500000E-04,i2,Line_1_e1,-6.04469574E+00
4.07000000E-04,injectedCurrent,Node_1,4.48308333E+00
4.07000000E-04,voltage,Node_1,5.71878921E+02
4.07000000E-04,voltage,Node_2,2.96523504E+02
4.07000000E-04,i1,Line_1_e1,4.48308333E+00
4.07000000E-04,i2,Line_1_e1,-1.77688909E+00
4.07500000E-04,injectedCurrent,Node_1,4.32081232E+00
4.07500000E-04,voltage,Node_1,2.03754768E+02
4.07500000E-04,voltage,Node_2,4.91141297E+02
4.07500000E-04,i1,Line_1_e1,4.32081232E+00
4.07500000E-04,i2,Line_1_e1,-5.78216916E+00
4.08000000E-04,injectedCurrent,Node_1,4.16225628E+00
4.08000000E-04,voltage,Node_1,5.68742670E+02
4.08000000E-04,voltage,Node_2,2.89631948E+02
4.08000000E-04,i1,Line_1_e1,4.16225628E+00
4.08000000E-04,i2,Line_1_e1,-1.46787852E+00
4.08500000E-04,injectedCurrent,Node_1,4.00741933E+00
4.08500000E-04,voltage,Node_1,1.96020122E+02
4.08500000E-04,voltage,Node_2,4.86900915E+02
4.08500000E-04,i1,Line_1_e1,4.00741933E+00
4.08500000E-04,i2,Line_1_e1,-5.53313014E+00
4.09000000E-04,injectedCurrent,Node_1,3.85630233E+00
4.09000000E-04,voltage,Node_1,5.65861978E+02
4.09000000E-04,voltage,Node_2,2.82935676E+02
4.09000000E-04,i1,Line_1_e1,3.85630233E+00
4.09000000E-04,i2,Line_1_e1,-1.17149246E+00
4.09500000E-04,injectedCurrent,Node_1,3.70890287E+00
4.09500000E-04,voltage,Node_1,1.88462466E+02
4.09500000E-04,voltage,Node_2,4.82898386E+02
4.09500000E-04,i1,Line_1_e1,3.70890287E+00
4.09500000E-04,i2,Line_1_e1,-5.29761167E+00
4.10000000E-04,injectedCurrent,Node_1,3.56521525E+00
4.10000000E-04,voltage,Node_1,5.63237734E+02
4.10000000E-04,voltage,Node_2,2.76434241E+02
4.10000000E-04,i1,Line_1_e1,3.56521525E+00
4.10000000E-04,i2,Line_1_e1,-8.87714847E-01
4.10500000E-04,injectedCurrent,Node_1,3.42523045E+00
4.10500000E-04,voltage,Node_1,1.81079975E+02
4.10500000E-04,voltage,Node_2,4.79134170E+02
4.10500000E-04,i1,Line_1_e1,3.42523045E+00
4.10500000E-04,i2,Line_1_e1,-5.07560134E+00
4.11000000E-04,injectedCurrent,Node_1,3.28893618E+00
4.11000000E-04,voltage,Node_1,5.60870142E+02
4.11000000E-04,voltage,Node_2,2.70126448E+02
4.11000000E-04,i1,Line_1_e1,3.28893618E+00
4.11000000E-04,i2,Line_1_e1,-6.16482868E-01
4.11500000E-04,injectedCurrent,Node_1,3.15631684E+00
4.11500000E-04,voltage,Node_1,1.73870040E+02
4.11500000E-04,voltage,Node_2,4.75608024E+02
4.11500000E-04,i1,Line_1_e1,3.15631684E+00
4.11500000E-04,i2,Line_1_e1,-4.86704089E+00
4.12000000E-04,injectedCurrent,Node_1,3.02735359E+00
4.12000000E-04,voltage,Node_1,5.58758721E+02
4.12000000E-04,voltage,Node_2,2.64010342E+02
4.12000000E-04,i1,Line_1_e1,3.02735359E+00
4.12000000E-04,i2,Line_1_e1,-3.57686874E-01
4.12500000E-04,injectedCurrent,Node_1,2.90202438E+00
4.12500000E-04,voltage,Node_1,1.66829280E+02
4.12500000E-04,voltage,Node_2,4.72319002E+02
4.12500000E-04,i1,Line_1_e1,2.90202438E+00
4.12500000E-04,i2,Line_1_e1,-4.67182657E+00
4.13000000E-04,injectedCurrent,Node_1,2.78030397E+00
4.13000000E-04,voltage,Node_1,5.56902322E+02
4.13000000E-04,voltage,Node_2,2.58083217E+02
4.13000000E-04,i1,Line_1_e1,2.78030397E+00
4.13000000E-04,i2,Line_1_e1,-1.11170896E-01
4.13500000E-04,injectedCurrent,Node_1,2.66216401E+00
4.13500000E-04,voltage,Node_1,1.59953549E+02
4.13500000E-04,voltage,Node_2,4.69265463E+02
4.13500000E-04,i1,Line_1_e1,2.66216401E+00
4.13500000E-04,i2,Line_1_e1,-4.48980995E+00
4.14000000E-04,injectedCurrent,Node_1,2.54757311E+00
4.14000000E-04,voltage,Node_1,5.55299147E+02
4.14000000E-04,voltage,Node_2,2.52341626E+02
4.14000000E-04,i1,Line_1_e1,2.54757311E+00
4.14000000E-04,i2,Line_1_e1,1.23266232E-01
4.14500000E-04,injectedCurrent,Node_1,2.43649691E+00
4.14500000E-04,voltage,Node_1,1.53237959E+02
4.14500000E-04,voltage,Node_2,4.66445094E+02
4.14500000E-04,i1,Line_1_e1,2.43649691E+00
4.14500000E-04,i2,Line_1_e1,-4.32079939E+00
4.15000000E-04,injectedCurrent,Node_1,2.32889817E+00
4.15000000E-04,voltage,Node_1,5.53946784E+02
4.15000000E-04,voltage,Node_2,2.46781400E+02
4.15000000E-04,i1,Line_1_e1,2.32889817E+00
4.15000000E-04,i2,Line_1_e1,3.45869182E-01
4.15500000E-04,injectedCurrent,Node_1,2.22473685E+00
4.15500000E-04,voltage,Node_1,1.46676912E+02
4.15500000E-04,voltage,Node_2,4.63854939E+02
4.15500000E-04,i1,Line_1_e1,2.22473685E+00
4.15500000E-04,i2,Line_1_e1,-4.16456213E+00
4.16000000E-04,injectedCurrent,Node_1,2.12397022E+00
4.16000000E-04,voltage,Node_1,5.52842243E+02
4.16000000E-04,voltage,Node_2,2.41397683E+02
4.16000000E-04,i1,Line_1_e1,2.12397022E+00
4.16000000E-04,i2,Line_1_e1,5.56923931E-01
4.16500000E-04,injectedCurrent,Node_1,2.02655298E+00
4.16500000E-04,voltage,Node_1,1.40264136E+02
4.16500000E-04,voltage,Node_2,4.61491434E+02
4.16500000E-04,i1,Line_1_e1,2.02655298E+00
4.16500000E-04,i2,Line_1_e1,-4.02082672E+00
4.17000000E-04,injectedCurrent,Node_1,1.93243734E+00
4.17000000E-04,voltage,Node_1,5.51982005E+02
4.17000000E-04,voltage,Node_2,2.36184965E+02
4.17000000E-04,i1,Line_1_e1,1.93243734E+00
4.17000000E-04,i2,Line_1_e1,7.56755086E-01
4.17500000E-04,injectedCurrent,Node_1,1.84157320E+00
4.17500000E-04,voltage,Node_1,1.33992729E+02
4.17500000E-04,voltage,Node_2,4.59350454E+02
4.17500000E-04,i1,Line_1_e1,1.84157320E+00
4.17500000E-04,i2,Line_1_e1,-3.88928601E+00
4.18000000E-04,injectedCurrent,Node_1,1.75390821E+00
4.18000000E-04,voltage,Node_1,5.51362076E+02
4.18000000E-04,voltage,Node_2,2.31137130E+02
4.18000000E-04,i1,Line_1_e1,1.75390821E+00
4.18000000E-04,i2,Line_1_e1,9.45722818E-01
4.18500000E-04,injectedCurrent,Node_1,1.66938795E+00
4.18500000E-04,voltage,Node_1,1.27855209E+02
4.18500000E-04,voltage,Node_2,4.57427363E+02
4.18500000E-04,i1,Line_1_e1,1.66938795E+00
4.18500000E-04,i2,Line_1_e1,-3.76960048E+00
4.19000000E-04,injectedCurrent,Node_1,1.58795603E+00
4.19000000E-04,voltage,Node_1,5.50978045E+02
4.19000000E-04,voltage,Node_2,2.26247506E+02
4.19000000E-04,i1,Line_1_e1,1.58795603E+00
4.19000000E-04,i2,Line_1_e1,1.12421944E+00
4.19500000E-04,injectedCurrent,Node_1,1.50955427E+00
4.19500000E-04,voltage,Node_1,1.21843565E+02
4.19500000E-04,voltage,Node_2,4.55717069E+02
4.19500000E-04,i1,Line_1_e1,1.50955427E+00
4.19500000E-04,i2,Line_1_e1,-3.66140186E+00
4.20000000E-04,injectedCurrent,Node_1,1.43412279E+00
4.20000000E-04,voltage,Node_1,5.50825147E+02
4.20000000E-04,voltage,Node_2,2.21508918E+02
4.20000000E-04,i1,Line_1_e1,1.43412279E+00
4.20000000E-04,i2,Line_1_e1,1.29266576E+00
4.20500000E-04,injectedCurrent,Node_1,1.36160020E+00
4.20500000E-04,voltage,Node_1,1.15949322E+02
4.20500000E-04,voltage,Node_2,4.54214088E+02
4.20500000E-04,i1,Line_1_e1,1.36160020E+00
4.20500000E-04,i2,Line_1_e1,-3.56429700E+00
4.21000000E-04,injectedCurrent,Node_1,1.29192371E+00
4.21000000E-04,voltage,Node_1,5.50898329E+02
4.21000000E-04,voltage,Node_2,2.16913745E+02
4.21000000E-04,i1,Line_1_e1,1.29192371E+00
4.21000000E-04,i2,Line_1_e1,1.45150716E+00
4.21500000E-04,injectedCurrent,Node_1,1.22502930E+00
4.21500000E-04,voltage,Node_1,1.10163590E+02
4.21500000E-04,voltage,Node_2,4.52912606E+02
4.21500000E-04,i1,Line_1_e1,1.22502930E+00
4.21500000E-04,i2,Line_1_e1,-3.47787191E+00
4.22000000E-04,injectedCurrent,Node_1,1.16085187E+00
4.22000000E-04,voltage,Node_1,5.51192319E+02
4.22000000E-04,voltage,Node_2,2.12453985E+02
4.22000000E-04,i1,Line_1_e1,1.16085187E+00
4.22000000E-04,i2,Line_1_e1,1.60120964E+00
4.22500000E-04,injectedCurrent,Node_1,1.09932536E+00
4.22500000E-04,voltage,Node_1,1.04477133E+02
4.22500000E-04,voltage,Node_2,4.51806545E+02
4.22500000E-04,i1,Line_1_e1,1.09932536E+00
4.22500000E-04,i2,Line_1_e1,-3.40169592E+00
4.23000000E-04,injectedCurrent,Node_1,1.04038289E+00
4.23000000E-04,voltage,Node_1,5.51701694E+02
4.23000000E-04,voltage,Node_2,2.08121313E+02
4.23000000E-04,i1,Line_1_e1,1.04038289E+00
4.23000000E-04,i2,Line_1_e1,1.74225577E+00
4.23500000E-04,injectedCurrent,Node_1,9.83956973E-01
4.23500000E-04,voltage,Node_1,9.88804213E+01
4.23500000E-04,voltage,Node_2,4.50889630E+02
4.23500000E-04,i1,Line_1_e1,9.83956973E-01
4.23500000E-04,i2,Line_1_e1,-3.33532578E+00
4.24000000E-04,injectedCurrent,Node_1,9.29979562E-01
4.24000000E-04,voltage,Node_1,5.52420952E+02
4.24000000E-04,voltage,Node_2,2.03907146E+02
4.24000000E-04,i1,Line_1_e1,9.29979562E-01
4.24000000E-04,i2,Line_1_e1,1.87514061E+00
4.24500000E-04,injectedCurrent,Node_1,8.78382257E-01
4.24500000E-04,voltage,Node_1,9.33636977E+01
4.24500000E-04,voltage,Node_2,4.50155458E+02
4.24500000E-04,i1,Line_1_e1,8.78382257E-01
4.24500000E-04,i2,Line_1_e1,-3.27830981E+00
4.25000000E-04,injectedCurrent,Node_1,8.29096417E-01
4.25000000E-04,voltage,Node_1,5.53344577E+02
4.25000000E-04,voltage,Node_2,1.99802701E+02
4.25000000E-04,i1,Line_1_e1,8.29096417E-01
4.25000000E-04,i2,Line_1_e1,2.00036779E+00
4.25500000E-04,injectedCurrent,Node_1,7.82053294E-01
4.25500000E-04,voltage,Node_1,8.79170293E+01
4.25500000E-04,voltage,Node_2,4.49597561E+02
4.25500000E-04,i1,Line_1_e1,7.82053294E-01
4.25500000E-04,i2,Line_1_e1,-3.23019196E+00
4.26000000E-04,injectedCurrent,Node_1,7.37184167E-01
4.26000000E-04,voltage,Node_1,5.54467107E+02
4.26000000E-04,voltage,Node_2,1.95799056E+02
4.26000000E-04,i1,Line_1_e1,7.37184167E-01
4.26000000E-04,i2,Line_1_e1,2.11844565E+00
4.26500000E-04,injectedCurrent,Node_1,6.94420468E-01
4.26500000E-04,voltage,Node_1,8.25303635E+01
4.26500000E-04,voltage,Node_2,4.49209472E+02
4.26500000E-04,i1,Line_1_e1,6.94420468E-01
4.26500000E-04,i2,Line_1_e1,-3.19051560E+00
4.27000000E-04,injectedCurrent,Node_1,6.53693900E-01
4.27000000E-04,voltage,Node_1,5.55783197E+02
4.27000000E-04,voltage,Node_2,1.91887206E+02
4.27000000E-04,i1,Line_1_e1,6.53693900E-01
4.27000000E-04,i2,Line_1_e1,2.22988364E+00
4.27500000E-04,injectedCurrent,Node_1,6.14936557E-01
4.27500000E-04,voltage,Node_1,7.71935773E+01
4.27500000E-04,voltage,Node_2,4.48984786E+02
4.27500000E-04,i1,Line_1_e1,6.14936557E-01
4.27500000E-04,i2,Line_1_e1,-3.15882728E+00
4.28000000E-04,injectedCurrent,Node_1,5.78081033E-01
4.28000000E-04,voltage,Node_1,5.57287683E+02
4.28000000E-04,voltage,Node_2,1.88058120E+02
4.28000000E-04,i1,Line_1_e1,5.78081033E-01
4.28000000E-04,i2,Line_1_e1,2.33518885E+00
4.28500000E-04,injectedCurrent,Node_1,5.43060530E-01
4.28500000E-04,voltage,Node_1,7.18965234E+01
4.28500000E-04,voltage,Node_2,4.48917220E+02
4.28500000E-04,i1,Line_1_e1,5.43060530E-01
4.28500000E-04,i2,Line_1_e1,-3.13468011E+00
4.29000000E-04,injectedCurrent,Node_1,5.09808959E-01
4.29000000E-04,voltage,Node_1,5.58975631E+02
4.29000000E-04,voltage,Node_2,1.84302781E+02
4.29000000E-04,i1,Line_1_e1,5.09808959E-01
4.29000000E-04,i2,Line_1_e1,2.43486289E+00
4.29500000E-04,injectedCurrent,Node_1,4.78261035E-01
4.29500000E-04,voltage,Node_1,6.66290707E+01
4.29500000E-04,voltage,Node_2,4.49000663E+02
4.29500000E-04,i1,Line_1_e1,4.78261035E-01
4.29500000E-04,i2,Line_1_e1,-3.11763692E+00
4.30000000E-04,injectedCurrent,Node_1,4.48352368E-01
4.30000000E-04,voltage,Node_1,5.60842400E+02
4.30000000E-04,voltage,Node_2,1.80612241E+02
4.30000000E-04,i1,Line_1_e1,4.48352368E-01
4.30000000E-04,i2,Line_1_e1,2.52939906E+00
4.30500000E-04,injectedCurrent,Node_1,4.20019542E-01
4.30500000E-04,voltage,Node_1,6.13811400E+01
4.30500000E-04,voltage,Node_2,4.49229231E+02
4.30500000E-04,i1,Line_1_e1,4.20019542E-01
4.30500000E-04,i2,Line_1_e1,-3.10727314E+00
4.31000000E-04,injectedCurrent,Node_1,3.93200198E-01
4.31000000E-04,voltage,Node_1,5.62883680E+02
4.31000000E-04,voltage,Node_2,1.76977654E+02
4.31000000E-04,i1,Line_1_e1,3.93200198E-01
4.31000000E-04,i2,Line_1_e1,2.61927978E+00
4.31500000E-04,injectedCurrent,Node_1,3.67833105E-01
4.31500000E-04,voltage,Node_1,5.61427335E+01
4.31500000E-04,voltage,Node_2,4.49597310E+02
4.31500000E-04,i1,Line_1_e1,3.67833105E-01
4.31500000E-04,i2,Line_1_e1,-3.10317934E+00
4.32000000E-04,injectedCurrent,Node_1,3.43858220E-01
4.32000000E-04,voltage,Node_1,5.65095544E+02
4.32000000E-04,voltage,Node_2,1.73390309E+02
4.32000000E-04,i1,Line_1_e1,3.43858220E-01
4.32000000E-04,i2,Line_1_e1,2.70497445E+00
4.32500000E-04,injectedCurrent,Node_1,3.21216757E-01
4.32500000E-04,voltage,Node_1,5.09039585E+01
4.32500000E-04,voltage,Node_2,4.50099595E+02
4.32500000E-04,i1,Line_1_e1,3.21216757E-01
4.32500000E-04,i2,Line_1_e1,-3.10496345E+00
4.33000000E-04,injectedCurrent,Node_1,2.99851232E-01
4.33000000E-04,voltage,Node_1,5.67474482E+02
4.33000000E-04,voltage,Node_2,1.69841665E+02
4.33000000E-04,i1,Line_1_e1,2.99851232E-01
4.33000000E-04,i2,Line_1_e1,2.78693756E+00
4.33500000E-04,injectedCurrent,Node_1,2.79705517E-01
4.33500000E-04,voltage,Node_1,4.56550459E+01
4.33500000E-04,voltage,Node_2,4.50731130E+02
4.33500000E-04,i1,Line_1_e1,2.79705517E-01
4.33500000E-04,i2,Line_1_e1,-3.11225263E+00
4.34000000E-04,injectedCurrent,Node_1,2.60724877E-01
4.34000000E-04,voltage,Node_1,5.70017434E+02
4.34000000E-04,voltage,Node_2,1.66323367E+02
4.34000000E-04,i1,Line_1_e1,2.60724877E-01
4.34000000E-04,i2,Line_1_e1,2.86560720E+00
4.34500000E-04,injectedCurrent,Node_1,2.42856010E-01
4.34500000E-04,voltage,Node_1,4.03863613E+01
4.34500000E-04,voltage,Node_2,4.51487333E+02
4.34500000E-04,i1,Line_1_e1,2.42856010E-01
4.34500000E-04,i2,Line_1_e1,-3.12469486E+00
4.35000000E-04,injectedCurrent,Node_1,2.26047076E-01
4.35000000E-04,voltage,Node_1,5.72721827E+02
4.35000000E-04,voltage,Node_2,1.62827264E+02
4.35000000E-04,i1,Line_1_e1,2.26047076E-01
4.35000000E-04,i2,Line_1_e1,2.94140389E+00
4.35500000E-04,injectedCurrent,Node_1,2.10247723E-01
4.35500000E-04,voltage,Node_1,3.50884117E+01
4.35500000E-04,voltage,Node_2,4.52364027E+02
4.35500000E-04,i1,Line_1_e1,2.10247723E-01
4.35500000E-04,i2,Line_1_e1,-3.14196016E+00
4.36000000E-04,injectedCurrent,Node_1,1.95409105E-01
4.36000000E-04,voltage,Node_1,5.75585591E+02
4.36000000E-04,voltage,Node_2,1.59345426E+02
4.36000000E-04,i1,Line_1_e1,1.95409105E-01
4.36000000E-04,i2,Line_1_e1,3.01472977E+00
4.36500000E-04,injectedCurrent,Node_1,1.81483900E-01
4.36500000E-04,voltage,Node_1,2.97518454E+01
4.36500000E-04,voltage,Node_2,4.53357458E+02
4.36500000E-04,i1,Line_1_e1,1.81483900E-01
4.36500000E-04,i2,Line_1_e1,-3.16374152E+00
4.37000000E-04,injectedCurrent,Node_1,1.68426318E-01
4.37000000E-04,voltage,Node_1,5.78607189E+02
4.37000000E-04,voltage,Node_2,1.55870144E+02
4.37000000E-04,i1,Line_1_e1,1.68426318E-01
4.37000000E-04,i2,Line_1_e1,3.08596805E+00
4.37500000E-04,injectedCurrent,Node_1,1.56192106E-01
4.37500000E-04,voltage,Node_1,2.43674468E+01
4.37500000E-04,voltage,Node_2,4.54464314E+02
4.37500000E-04,i1,Line_1_e1,1.56192106E-01
4.37500000E-04,i2,Line_1_e1,-3.18975560E+00
4.38000000E-04,injectedCurrent,Node_1,1.44738551E-01
4.38000000E-04,voltage,Node_1,5.81785631E+02
4.38000000E-04,voltage,Node_2,1.52393932E+02
4.38000000E-04,i1,Line_1_e1,1.44738551E-01
4.38000000E-04,i2,Line_1_e1,3.15548283E+00
4.38500000E-04,injectedCurrent,Node_1,1.34024474E-01
4.38500000E-04,voltage,Node_1,1.89261262E+01
4.38500000E-04,voltage,Node_2,4.55681737E+02
4.38500000E-04,i1,Line_1_e1,1.34024474E-01
4.38500000E-04,i2,Line_1_e1,-3.21974305E+00
4.39000000E-04,injectedCurrent,Node_1,1.24010225E-01
4.39000000E-04,voltage,Node_1,5.85120490E+02
4.39000000E-04,voltage,Node_2,1.48909527E+02
4.39000000E-04,i1,Line_1_e1,1.24010225E-01
4.39000000E-04,i2,Line_1_e1,3.22361912E+00
4.39500000E-04,injectedCurrent,Node_1,1.14657671E-01
4.39500000E-04,voltage,Node_1,1.34189035E+01
4.39500000E-04,voltage,Node_2,4.57007334E+02
4.39500000E-04,i1,Line_1_e1,1.14657671E-01
4.39500000E-04,i2,Line_1_e1,-3.25346875E+00
4.40000000E-04,injectedCurrent,Node_1,1.05930181E-01
4.40000000E-04,voltage,Node_1,5.88611917E+02
4.40000000E-04,voltage,Node_2,1.45409875E+02
4.40000000E-04,i1,Line_1_e1,1.05930181E-01
4.40000000E-04,i2,Line_1_e1,3.29070315E+00
4.40500000E-04,injectedCurrent,Node_1,9.77926112E-02
4.40500000E-04,voltage,Node_1,7.83688888E+00
4.40500000E-04,voltage,Node_2,4.58439183E+02
4.40500000E-04,i1,Line_1_e1,9.77926112E-02
4.40500000E-04,i2,Line_1_e1,-3.29072166E+00
4.41000000E-04,injectedCurrent,Node_1,9.02112787E-02
4.41000000E-04,voltage,Node_1,5.92260646E+02
4.41000000E-04,voltage,Node_2,1.41888122E+02
4.41000000E-04,i1,Line_1_e1,9.02112787E-02
4.41000000E-04,i2,Line_1_e1,3.35704293E+00
4.41500000E-04,injectedCurrent,Node_1,8.31539434E-02
4.41500000E-04,voltage,Node_1,2.17125731E+00
4.41500000E-04,voltage,Node_2,4.59975835E+02
4.41500000E-04,i1,Line_1_e1,8.31539434E-02
4.41500000E-04,i2,Line_1_e1,-3.33131463E+00
4.42000000E-04,injectedCurrent,Node_1,7.65897790E-02
4.42000000E-04,voltage,Node_1,5.96068013E+02
4.42000000E-04,voltage,Node_2,1.38337598E+02
4.42000000E-04,i1,Line_1_e1,7.65897790E-02
4.42000000E-04,i2,Line_1_e1,3.42292896E+00
4.42500000E-04,injectedCurrent,Node_1,7.04893459E-02
4.42500000E-04,voltage,Node_1,-3.58677962E+00
4.42500000E-04,voltage,Node_2,4.61616320E+02
4.42500000E-04,i1,Line_1_e1,7.04893459E-02
4.42500000E-04,i2,Line_1_e1,-3.37508400E+00
4.43000000E-04,injectedCurrent,Node_1,6.48245604E-02
4.43000000E-04,voltage,Node_1,6.00035956E+02
4.43000000E-04,voltage,Node_2,1.34751793E+02
4.43000000E-04,i1,Line_1_e1,6.48245604E-02
4.43000000E-04,i2,Line_1_e1,3.48863515E+00
4.43500000E-04,injectedCurrent,Node_1,5.95686627E-02
4.43500000E-04,voltage,Node_1,-9.44600652E+00
4.43500000E-04,voltage,Node_2,4.63360144E+02
4.43500000E-04,i1,Line_1_e1,5.95686627E-02
4.43500000E-04,i2,Line_1_e1,-3.42188908E+00
4.44000000E-04,injectedCurrent,Node_1,5.46961832E-02
4.44000000E-04,voltage,Node_1,6.04167028E+02
4.44000000E-04,voltage,Node_2,1.31124337E+02
4.44000000E-04,i1,Line_1_e1,5.46961832E-02
4.44000000E-04,i2,Line_1_e1,3.55441987E+00
4.44500000E-04,injectedCurrent,Node_1,5.01829075E-02
4.44500000E-04,voltage,Node_1,-1.54152403E+01
4.44500000E-04,voltage,Node_2,4.65207290E+02
4.44500000E-04,i1,Line_1_e1,5.01829075E-02
4.44500000E-04,i2,Line_1_e1,-3.47161153E+00
4.45000000E-04,injectedCurrent,Node_1,4.60058404E-02
4.45000000E-04,voltage,Node_1,6.08464402E+02
4.45000000E-04,voltage,Node_2,1.27448975E+02
4.45000000E-04,i1,Line_1_e1,4.60058404E-02
4.45000000E-04,i2,Line_1_e1,3.62052712E+00
4.45500000E-04,injectedCurrent,Node_1,4.21431682E-02
4.45500000E-04,voltage,Node_1,-2.15033696E+01
4.45500000E-04,voltage,Node_2,4.67158216E+02
4.45500000E-04,i1,Line_1_e1,4.21431682E-02
4.45500000E-04,i2,Line_1_e1,-3.52415466E+00
4.46000000E-04,injectedCurrent,Node_1,3.85742213E-02
4.46000000E-04,voltage,Node_1,6.12931888E+02
4.46000000E-04,voltage,Node_2,1.23719533E+02
4.46000000E-04,i1,Line_1_e1,3.85742213E-02
4.46000000E-04,i2,Line_1_e1,3.68718785E+00
4.46500000E-04,injectedCurrent,Node_1,3.52794356E-02
4.46500000E-04,voltage,Node_1,-2.77193978E+01
4.46500000E-04,voltage,Node_2,4.69213855E+02
4.46500000E-04,i1,Line_1_e1,3.52794356E-02
4.46500000E-04,i2,Line_1_e1,-3.57944276E+00
4.47000000E-04,injectedCurrent,Node_1,3.22403137E-02
4.47000000E-04,voltage,Node_1,6.17573936E+02
4.47000000E-04,voltage,Node_2,1.19929894E+02
4.47000000E-04,i1,Line_1_e1,3.22403137E-02
4.47000000E-04,i2,Line_1_e1,3.75462130E+00
4.47500000E-04,injectedCurrent,Node_1,2.94393857E-02
4.47500000E-04,voltage,Node_1,-3.40724885E+01
4.47500000E-04,voltage,Node_2,4.71375611E+02
4.47500000E-04,i1,Line_1_e1,2.94393857E-02
4.47500000E-04,i2,Line_1_e1,-3.63742029E+00
4.48000000E-04,injectedCurrent,Node_1,2.68601699E-02
4.48000000E-04,voltage,Node_1,6.22395653E+02
4.48000000E-04,voltage,Node_2,1.16073960E+02
4.48000000E-04,i1,Line_1_e1,2.68601699E-02
4.48000000E-04,i2,Line_1_e1,3.82303642E+00
4.48500000E-04,injectedCurrent,Node_1,2.44871343E-02
4.48500000E-04,voltage,Node_1,-4.05720144E+01
4.48500000E-04,voltage,Node_2,4.73645365E+02
4.48500000E-04,i1,Line_1_e1,2.44871343E-02
4.48500000E-04,i2,Line_1_e1,-3.69805122E+00
4.49000000E-04,injectedCurrent,Node_1,2.23056569E-02
4.49000000E-04,voltage,Node_1,6.27402821E+02
4.49000000E-04,voltage,Node_2,1.12145618E+02
4.49000000E-04,i1,Line_1_e1,2.23056569E-02
4.49000000E-04,i2,Line_1_e1,3.89263336E+00
4.49500000E-04,injectedCurrent,Node_1,2.03019878E-02
4.49500000E-04,voltage,Node_1,-4.72276099E+01
4.49500000E-04,voltage,Node_2,4.76025470E+02
4.49500000E-04,i1,Line_1_e1,2.03019878E-02
4.49500000E-04,i2,Line_1_e1,-3.76131827E+00
4.50000000E-04,injectedCurrent,Node_1,1.84632107E-02
4.50000000E-04,voltage,Node_1,6.32601913E+02
4.50000000E-04,voltage,Node_2,1.08138704E+02
4.50000000E-04,i1,Line_1_e1,1.84632107E-02
4.50000000E-04,i2,Line_1_e1,3.96360500E+00
4.50500000E-04,injectedCurrent,Node_1,1.67772055E-02
4.50500000E-04,voltage,Node_1,-5.40492253E+01
4.50500000E-04,voltage,Node_2,4.78518761E+02
4.50500000E-04,i1,Line_1_e1,1.67772055E-02
4.50500000E-04,i2,Line_1_e1,-3.82722229E+00
4.51000000E-04,injectedCurrent,Node_1,1.52326112E-02
4.51000000E-04,voltage,Node_1,6.38000118E+02
4.51000000E-04,voltage,Node_2,1.04046967E+02
4.51000000E-04,i1,Line_1_e1,1.52326112E-02
4.51000000E-04,i2,Line_1_e1,4.03613843E+00
4.51500000E-04,injectedCurrent,Node_1,1.38187898E-02
4.51500000E-04,voltage,Node_1,-6.10471862E+01
4.51500000E-04,voltage,Node_2,4.81128554E+02
4.51500000E-04,i1,Line_1_e1,1.38187898E-02
4.51500000E-04,i2,Line_1_e1,-3.89578166E+00
4.52000000E-04,injectedCurrent,Node_1,1.25257909E-02
4.52000000E-04,voltage,Node_1,6.43605368E+02
4.52000000E-04,voltage,Node_2,9.98640229E+01
4.52000000E-04,i1,Line_1_e1,1.25257909E-02
4.52000000E-04,i2,Line_1_e1,4.11041654E+00
4.52500000E-04,injectedCurrent,Node_1,1.13443167E-02
4.52500000E-04,voltage,Node_1,-6.82322555E+01
4.52500000E-04,voltage,Node_2,4.83858659E+02
4.52500000E-04,i1,Line_1_e1,1.13443167E-02
4.52500000E-04,i2,Line_1_e1,-3.96703177E+00
4.53000000E-04,injectedCurrent,Node_1,1.02656890E-02
4.53000000E-04,voltage,Node_1,6.49426371E+02
4.53000000E-04,voltage,Node_2,9.55833175E+01
4.53000000E-04,i1,Line_1_e1,1.02656890E-02
4.53000000E-04,i2,Line_1_e1,4.18661959E+00
4.53500000E-04,injectedCurrent,Node_1,9.28181602E-03
4.53500000E-04,voltage,Node_1,-7.56156994E+01
4.53500000E-04,voltage,Node_2,4.86713390E+02
4.53500000E-04,i1,Line_1_e1,9.28181602E-03
4.53500000E-04,i2,Line_1_e1,-4.04102465E+00
4.54000000E-04,injectedCurrent,Node_1,8.38516067E-03
4.54000000E-04,voltage,Node_1,6.55472649E+02
4.54000000E-04,voltage,Node_2,9.11980800E+01
4.54000000E-04,i1,Line_1_e1,8.38516068E-03
4.54000000E-04,i2,Line_1_e1,4.26492672E+00
4.54500000E-04,injectedCurrent,Node_1,7.56871018E-03
4.54500000E-04,voltage,Node_1,-8.32093582E+01
4.54500000E-04,voltage,Node_2,4.89697582E+02
4.54500000E-04,i1,Line_1_e1,7.56871018E-03
4.54500000E-04,i2,Line_1_e1,-4.11782863E+00
4.55000000E-04,injectedCurrent,Node_1,6.82594627E-03
4.55000000E-04,voltage,Node_1,6.61754584E+02
4.55000000E-04,voltage,Node_2,8.67012767E+01
4.55000000E-04,i1,Line_1_e1,6.82594627E-03
4.55000000E-04,i2,Line_1_e1,4.34551760E+00
4.55500000E-04,injectedCurrent,Node_1,6.15081666E-03
4.55500000E-04,voltage,Node_1,-9.10257223E+01
4.55500000E-04,voltage,Node_2,4.92816606E+02
4.55500000E-04,i1,Line_1_e1,6.15081667E-03
4.55500000E-04,i2,Line_1_e1,-4.19752822E+00
4.56000000E-04,injectedCurrent,Node_1,5.53770767E-03
4.56000000E-04,voltage,Node_1,6.68283470E+02
4.56000000E-04,voltage,Node_2,8.20855631E+01
4.56000000E-04,i1,Line_1_e1,5.53770767E-03
4.56000000E-04,i2,Line_1_e1,4.42857397E+00
4.56500000E-04,injectedCurrent,Node_1,4.98141782E-03
4.56500000E-04,voltage,Node_1,-9.90780137E+01
4.56500000E-04,voltage,Node_2,4.96076397E+02
4.56500000E-04,i1,Line_1_e1,4.98141782E-03
4.56500000E-04,i2,Line_1_e1,-4.28022400E+00
4.57000000E-04,injectedCurrent,Node_1,4.47713262E-03
4.57000000E-04,voltage,Node_1,6.75071572E+02
4.57000000E-04,voltage,Node_2,7.73432311E+01
4.57000000E-04,i1,Line_1_e1,4.47713262E-03
4.57000000E-04,i2,Line_1_e1,4.51428131E+00
4.57500000E-04,injectedCurrent,Node_1,4.02040041E-03
4.57500000E-04,voltage,Node_1,-1.07380274E+02
4.57500000E-04,voltage,Node_2,4.99483480E+02
4.57500000E-04,i1,Line_1_e1,4.02040041E-03
4.57500000E-04,i2,Line_1_e1,-4.36603278E+00
4.58000000E-04,injectedCurrent,Node_1,3.60710931E-03
4.58000000E-04,voltage,Node_1,6.82132195E+02
4.58000000E-04,voltage,Node_2,7.24661545E+01
4.58000000E-04,i1,Line_1_e1,3.60710932E-03
4.58000000E-04,i2,Line_1_e1,4.60283041E+00
4.58500000E-04,injectedCurrent,Node_1,3.23346525E-03
4.58500000E-04,voltage,Node_1,-1.15947460E+02
4.58500000E-04,voltage,Node_2,5.03045004E+02
4.58500000E-04,i1,Line_1_e1,3.23346525E-03
4.58500000E-04,i2,Line_1_e1,-4.45508786E+00
4.59000000E-04,injectedCurrent,Node_1,2.89597100E-03
4.59000000E-04,voltage,Node_1,6.89479765E+02
4.59000000E-04,voltage,Node_2,6.74457296E+01
4.59000000E-04,i1,Line_1_e1,2.89597100E-03
4.59000000E-04,i2,Line_1_e1,4.69441912E+00
4.59500000E-04,injectedCurrent,Node_1,2.59140636E-03
4.59500000E-04,voltage,Node_1,-1.24795548E+02
4.59500000E-04,voltage,Node_2,5.06768785E+02
4.59500000E-04,i1,Line_1_e1,2.59140636E-03
4.59500000E-04,i2,Line_1_e1,-4.54753945E+00
4.60000000E-04,injectedCurrent,Node_1,2.31680926E-03
4.60000000E-04,voltage,Node_1,6.97129918E+02
4.60000000E-04,voltage,Node_2,6.22728119E+01
4.60000000E-04,i1,Line_1_e1,2.31680926E-03
4.60000000E-04,i2,Line_1_e1,4.78925406E+00
4.60500000E-04,injectedCurrent,Node_1,2.06945789E-03
4.60500000E-04,voltage,Node_1,-1.33941649E+02
4.60500000E-04,voltage,Node_2,5.10663349E+02
4.60500000E-04,i1,Line_1_e1,2.06945789E-03
4.60500000E-04,i2,Line_1_e1,-4.64355531E+00
4.61000000E-04,injectedCurrent,Node_1,1.84685385E-03
4.61000000E-04,voltage,Node_1,7.05099603E+02
4.61000000E-04,voltage,Node_2,5.69376470E+01
4.61000000E-04,i1,Line_1_e1,1.84685385E-03
4.61000000E-04,i2,Line_1_e1,4.88755245E+00
4.61500000E-04,injectedCurrent,Node_1,1.64670615E-03
4.61500000E-04,voltage,Node_1,-1.43404134E+02
4.61500000E-04,voltage,Node_2,5.14737990E+02
4.61500000E-04,i1,Line_1_e1,1.64670616E-03
4.61500000E-04,i2,Line_1_e1,-4.74332156E+00
4.62000000E-04,injectedCurrent,Node_1,1.46691622E-03
4.62000000E-04,voltage,Node_1,7.13407200E+02
4.62000000E-04,voltage,Node_2,5.14297954E+01
4.62000000E-04,i1,Line_1_e1,1.46691622E-03
4.62000000E-04,i2,Line_1_e1,4.98954398E+00
4.62500000E-04,injectedCurrent,Node_1,1.30556371E-03
4.62500000E-04,voltage,Node_1,-1.53202774E+02
4.62500000E-04,voltage,Node_2,5.19002831E+02
4.62500000E-04,i1,Line_1_e1,1.30556372E-03
4.62500000E-04,i2,Line_1_e1,-4.84704370E+00
4.63000000E-04,injectedCurrent,Node_1,1.16089320E-03
4.63000000E-04,voltage,Node_1,7.22072652E+02
4.63000000E-04,voltage,Node_2,4.57380503E+01
4.63000000E-04,i1,Line_1_e1,1.16089320E-03
4.63000000E-04,i2,Line_1_e1,5.09547293E+00
4.63500000E-04,injectedCurrent,Node_1,1.03130170E-03
4.63500000E-04,voltage,Node_1,-1.63358892E+02
4.63500000E-04,voltage,Node_2,5.23468898E+02
4.63500000E-04,i1,Line_1_e1,1.03130170E-03
4.63500000E-04,i2,Line_1_e1,-4.95494792E+00
4.64000000E-04,injectedCurrent,Node_1,9.15326939E-04
4.64000000E-04,voltage,Node_1,7.31117617E+02
4.64000000E-04,voltage,Node_2,3.98503463E+01
4.64000000E-04,i1,Line_1_e1,9.15326943E-04
4.64000000E-04,i2,Line_1_e1,5.20560024E+00
4.64500000E-04,injectedCurrent,Node_1,8.11636413E-04
4.64500000E-04,voltage,Node_1,-1.73895541E+02
4.64500000E-04,voltage,Node_2,5.28148204E+02
4.64500000E-04,i1,Line_1_e1,8.11636415E-04
4.64500000E-04,i2,Line_1_e1,-5.06728263E+00
4.65000000E-04,injectedCurrent,Node_1,7.19017118E-04
4.65000000E-04,voltage,Node_1,7.40565639E+02
4.65000000E-04,voltage,Node_2,3.37536585E+01
4.65000000E-04,i1,Line_1_e1,7.19017120E-04
4.65000000E-04,i2,Line_1_e1,5.32020594E+00
4.65500000E-04,injectedCurrent,Node_1,6.36365993E-04
4.65500000E-04,voltage,Node_1,-1.84837693E+02
4.65500000E-04,voltage,Node_2,5.33053840E+02
4.65500000E-04,i1,Line_1_e1,6.36365995E-04
4.65500000E-04,i2,Line_1_e1,-5.18432023E+00
4.66000000E-04,injectedCurrent,Node_1,5.62681009E-04
4.66000000E-04,voltage,Node_1,7.50442345E+02
4.66000000E-04,voltage,Node_2,2.74338904E+01
4.66000000E-04,i1,Line_1_e1,5.62681010E-04
4.66000000E-04,i2,Line_1_e1,5.43959174E+00
4.66500000E-04,injectedCurrent,Node_1,4.97052860E-04
4.66500000E-04,voltage,Node_1,-1.96212457E+02
4.66500000E-04,voltage,Node_2,5.38200093E+02
4.66500000E-04,i1,Line_1_e1,4.97052863E-04
4.66500000E-04,i2,Line_1_e1,-5.30635932E+00
4.67000000E-04,injectedCurrent,Node_1,4.38657256E-04
4.67000000E-04,voltage,Node_1,7.60775667E+02
4.67000000E-04,voltage,Node_2,2.08757470E+01
4.67000000E-04,i1,Line_1_e1,4.38657259E-04
4.67000000E-04,i2,Line_1_e1,5.56408380E+00
4.67500000E-04,injectedCurrent,Node_1,3.86747749E-04
4.67500000E-04,voltage,Node_1,-2.08049328E+02
4.67500000E-04,voltage,Node_2,5.43602561E+02
4.67500000E-04,i1,Line_1_e1,3.86747749E-04
4.67500000E-04,i2,Line_1_e1,-5.43372715E+00
4.68000000E-04,injectedCurrent,Node_1,3.40649103E-04
4.68000000E-04,voltage,Node_1,7.71596096E+02
4.68000000E-04,voltage,Node_2,1.40625934E+01
4.68000000E-04,i1,Line_1_e1,3.40649103E-04
4.68000000E-04,i2,Line_1_e1,5.69403596E+00
4.68500000E-04,injectedCurrent,Node_1,2.99751137E-04
4.68500000E-04,voltage,Node_1,-2.20380460E+02
4.68500000E-04,voltage,Node_2,5.49278307E+02
4.68500000E-04,i1,Line_1_e1,2.99751141E-04
4.68500000E-04,i2,Line_1_e1,-5.56678256E+00
4.69000000E-04,injectedCurrent,Node_1,2.63503042E-04
4.69000000E-04,voltage,Node_1,7.82936973E+02
4.69000000E-04,voltage,Node_2,6.97629388E+00
4.69000000E-04,i1,Line_1_e1,2.63503043E-04
4.69000000E-04,i2,Line_1_e1,5.82983323E+00
4.69500000E-04,injectedCurrent,Node_1,2.31408127E-04
4.69500000E-04,voltage,Node_1,-2.33240986E+02
4.69500000E-04,voltage,Node_2,5.55246014E+02
4.69500000E-04,i1,Line_1_e1,2.31408130E-04
4.69500000E-04,i2,Line_1_e1,-5.70591939E+00
4.70000000E-04,injectedCurrent,Node_1,2.03018983E-04
4.70000000E-04,voltage,Node_1,7.94834821E+02
4.70000000E-04,voltage,Node_2,-4.02970509E-01
4.70000000E-04,i1,Line_1_e1,2.03018987E-04
4.70000000E-04,i2,Line_1_e1,5.97189579E+00
4.70500000E-04,injectedCurrent,Node_1,1.77933013E-04
4.70500000E-04,voltage,Node_1,-2.46669379E+02
4.70500000E-04,voltage,Node_2,5.61526183E+02
4.70500000E-04,i1,Line_1_e1,1.77933012E-04
4.70500000E-04,i2,Line_1_e1,-5.85157031E+00
4.71000000E-04,injectedCurrent,Node_1,1.55788336E-04
4.71000000E-04,voltage,Node_1,8.07329724E+02
4.71000000E-04,voltage,Node_2,-8.09691000E+00
4.71000000E-04,i1,Line_1_e1,1.55788341E-04
4.71000000E-04,i2,Line_1_e1,6.12068350E+00
4.71500000E-04,injectedCurrent,Node_1,1.36260013E-04
4.71500000E-04,voltage,Node_1,-2.60707862E+02
4.71500000E-04,voltage,Node_2,5.68141346E+02
4.71500000E-04,i1,Line_1_e1,1.36260018E-04
4.71500000E-04,i2,Line_1_e1,-6.00421148E+00
4.72000000E-04,injectedCurrent,Node_1,1.19056592E-04
4.72000000E-04,voltage,Node_1,8.20465771E+02
4.72000000E-04,voltage,Node_2,-1.61293644E+01
4.72000000E-04,i1,Line_1_e1,1.19056594E-04
4.72000000E-04,i2,Line_1_e1,6.27670100E+00
4.72500000E-04,injectedCurrent,Node_1,1.03916932E-04
4.72500000E-04,voltage,Node_1,-2.75402885E+02
4.72500000E-04,voltage,Node_2,5.75116316E+02
4.72500000E-04,i1,Line_1_e1,1.03916933E-04
4.72500000E-04,i2,Line_1_e1,-6.16436773E+00
4.73000000E-04,injectedCurrent,Node_1,9.06073083E-05
4.73000000E-04,voltage,Node_1,8.34291557E+02
4.73000000E-04,voltage,Node_2,-2.45265772E+01
4.73000000E-04,i1,Line_1_e1,9.06073091E-05
4.73000000E-04,i2,Line_1_e1,6.44050366E+00
4.73500000E-04,injectedCurrent,Node_1,7.89187575E-05
4.73500000E-04,voltage,Node_1,-2.90805673E+02
4.73500000E-04,voltage,Node_2,5.82478484E+02
4.73500000E-04,i1,Line_1_e1,7.89187574E-05
4.73500000E-04,i2,Line_1_e1,-6.33261872E+00
4.74000000E-04,injectedCurrent,Node_1,6.86646571E-05
4.74000000E-04,voltage,Node_1,8.48860774E+02
4.74000000E-04,voltage,Node_2,-3.33175115E+01
4.74000000E-04,i1,Line_1_e1,6.86646555E-05
4.74000000E-04,i2,Line_1_e1,6.61270427E+00
4.74500000E-04,injectedCurrent,Node_1,5.96785186E-05
4.74500000E-04,voltage,Node_1,-3.06972861E+02
4.74500000E-04,voltage,Node_2,5.90258150E+02
4.74500000E-04,i1,Line_1_e1,5.96785191E-05
4.74500000E-04,i2,Line_1_e1,-6.50960606E+00
4.75000000E-04,injectedCurrent,Node_1,5.18119776E-05
4.75000000E-04,voltage,Node_1,8.64232889E+02
4.75000000E-04,voltage,Node_2,-4.25342171E+01
4.75000000E-04,i1,Line_1_e1,5.18119811E-05
4.75000000E-04,i2,Line_1_e1,6.79398096E+00
4.75500000E-04,injectedCurrent,Node_1,4.49329656E-05
4.75500000E-04,voltage,Node_1,-3.23967230E+02
4.75500000E-04,voltage,Node_2,5.98488919E+02
4.75500000E-04,i1,Line_1_e1,4.49329655E-05
4.75500000E-04,i2,Line_1_e1,-6.69604160E+00
4.76000000E-04,injectedCurrent,Node_1,3.89240499E-05
4.76000000E-04,voltage,Node_1,8.80473941E+02
4.76000000E-04,voltage,Node_2,-5.22122570E+01
4.76000000E-04,i1,Line_1_e1,3.89240518E-05
4.76000000E-04,i2,Line_1_e1,6.98508625E+00
4.76500000E-04,injectedCurrent,Node_1,3.36809267E-05
4.76500000E-04,voltage,Node_1,-3.41858567E+02
4.76500000E-04,voltage,Node_2,6.07208162E+02
4.76500000E-04,i1,Line_1_e1,3.36809289E-05
4.76500000E-04,i2,Line_1_e1,-6.89271722E+00
4.77000000E-04,injectedCurrent,Node_1,2.91110565E-05
4.77000000E-04,voltage,Node_1,8.97657469E+02
4.77000000E-04,voltage,Node_2,-6.23912060E+01
4.77000000E-04,i1,Line_1_e1,2.91110595E-05
4.77000000E-04,i2,Line_1_e1,7.18685771E+00
4.77500000E-04,injectedCurrent,Node_1,2.51324289E-05
4.77500000E-04,voltage,Node_1,-3.60724676E+02
4.77500000E-04,voltage,Node_2,6.16457548E+02
4.77500000E-04,i1,Line_1_e1,2.51324311E-05
4.77500000E-04,i2,Line_1_e1,-7.10051616E+00
4.78000000E-04,injectedCurrent,Node_1,2.16724458E-05
4.78000000E-04,voltage,Node_1,9.15865604E+02
4.78000000E-04,voltage,Node_2,-7.31152365E+01
4.78000000E-04,i1,Line_1_e1,2.16724480E-05
4.78000000E-04,i2,Line_1_e1,7.40023045E+00
4.78500000E-04,injectedCurrent,Node_1,1.86669138E-05
4.78500000E-04,voltage,Node_1,-3.80652567E+02
4.78500000E-04,voltage,Node_2,6.26283686E+02
4.78500000E-04,i1,Line_1_e1,1.86669114E-05
4.78500000E-04,i2,Line_1_e1,-7.32042658E+00
4.79000000E-04,injectedCurrent,Node_1,1.60591355E-05
4.79000000E-04,voltage,Node_1,9.35190362E+02
4.79000000E-04,voltage,Node_2,-8.44338090E+01
4.79000000E-04,i1,Line_1_e1,1.60591393E-05
4.79000000E-04,i2,Line_1_e1,7.62625184E+00
4.79500000E-04,injectedCurrent,Node_1,1.37990913E-05
4.79500000E-04,voltage,Node_1,-4.01739857E+02
4.79500000E-04,voltage,Node_2,6.36738870E+02
4.79500000E-04,i1,Line_1_e1,1.37990953E-05
4.79500000E-04,i2,Line_1_e1,-7.55355748E+00
4.80000000E-04,injectedCurrent,Node_1,1.18427033E-05
4.80000000E-04,voltage,Node_1,9.55735174E+02
4.80000000E-04,voltage,Node_2,-9.64024907E+01
4.80000000E-04,i1,Line_1_e1,1.18427064E-05
4.80000000E-04,i2,Line_1_e1,7.86609893E+00
4.80500000E-04,injectedCurrent,Node_1,1.01511742E-05
4.80500000E-04,voltage,Node_1,-4.24096444E+02
4.80500000E-04,voltage,Node_2,6.47881972E+02
4.80500000E-04,i1,Line_1_e1,1.01511741E-05
4.80500000E-04,i2,Line_1_e1,-7.80115768E+00
4.81000000E-04,injectedCurrent,Node_1,8.69039461E-06
4.81000000E-04,voltage,Node_1,9.77616705E+02
4.81000000E-04,voltage,Node_2,-1.09083931E+02
4.81000000E-04,i1,Line_1_e1,8.69039610E-06
4.81000000E-04,i2,Line_1_e1,8.12109928E+00
4.81500000E-04,injectedCurrent,Node_1,7.43041144E-06
4.81500000E-04,voltage,Node_1,-4.47846504E+02
4.81500000E-04,voltage,Node_2,6.59779508E+02
4.81500000E-04,i1,Line_1_e1,7.43041198E-06
4.81500000E-04,i2,Line_1_e1,-8.06463850E+00
4.82000000E-04,injectedCurrent,Node_1,6.34495231E-06
4.82000000E-04,voltage,Node_1,1.00096705E+03
4.82000000E-04,voltage,Node_2,-1.22549027E+02
4.82000000E-04,i1,Line_1_e1,6.34495524E-06
4.82000000E-04,i2,Line_1_e1,8.39275581E+00
4.82500000E-04,injectedCurrent,Node_1,5.41100063E-06
4.82500000E-04,voltage,Node_1,-4.73130881E+02
4.82500000E-04,voltage,Node_2,6.72506917E+02
4.82500000E-04,i1,Line_1_e1,5.41100337E-06
4.82500000E-04,i2,Line_1_e1,-8.34560108E+00
4.83000000E-04,injectedCurrent,Node_1,4.60841614E-06
4.83000000E-04,voltage,Node_1,1.02593634E+03
4.83000000E-04,voltage,Node_2,-1.36878334E+02
4.83000000E-04,i1,Line_1_e1,4.60841807E-06
4.83000000E-04,i2,Line_1_e1,8.68277683E+00
4.83500000E-04,injectedCurrent,Node_1,3.91959662E-06
4.83500000E-04,voltage,Node_1,-5.00109997E+02
4.83500000E-04,voltage,Node_2,6.86150109E+02
4.83500000E-04,i1,Line_1_e1,3.91959435E-06
4.83500000E-04,i2,Line_1_e1,-8.64586930E+00
4.84000000E-04,injectedCurrent,Node_1,3.32917673E-06
4.84000000E-04,voltage,Node_1,1.05269599E+03
4.84000000E-04,voltage,Node_2,-1.52163765E+02
4.84000000E-04,i1,Line_1_e1,3.32917830E-06
4.84000000E-04,i2,Line_1_e1,8.99311238E+00
4.84500000E-04,injectedCurrent,Node_1,2.82376010E-06
4.84500000E-04,voltage,Node_1,-5.28967362E+02
4.84500000E-04,voltage,Node_2,7.00807342E+02
4.84500000E-04,i1,Line_1_e1,2.82376226E-06
4.84500000E-04,i2,Line_1_e1,-8.96752989E+00
4.85000000E-04,injectedCurrent,Node_1,2.39168141E-06
4.85000000E-04,voltage,Node_1,1.08144253E+03
4.85000000E-04,voltage,Node_2,-1.68510667E+02
4.85000000E-04,i1,Line_1_e1,2.39168361E-06
4.85000000E-04,i2,Line_1_e1,9.32599857E+00
4.85500000E-04,injectedCurrent,Node_1,2.02279533E-06
4.85500000E-04,voltage,Node_1,-5.59913898E+02
4.85500000E-04,voltage,Node_2,7.16591520E+02
4.85500000E-04,i1,Line_1_e1,2.02280029E-06
4.85500000E-04,i2,Line_1_e1,-9.31298154E+00
4.86000000E-04,injectedCurrent,Node_1,1.70828954E-06
4.86000000E-04,voltage,Node_1,1.11240242E+03
4.86000000E-04,voltage,Node_2,-1.86040378E+02
4.86000000E-04,i1,Line_1_e1,1.70829105E-06
4.86000000E-04,i2,Line_1_e1,9.68401206E+00
4.86500000E-04,injectedCurrent,Node_1,1.44051929E-06
4.86500000E-04,voltage,Node_1,-5.93193248E+02
4.86500000E-04,voltage,Node_2,7.33633030E+02
4.86500000E-04,i1,Line_1_e1,1.44052041E-06
4.86500000E-04,i2,Line_1_e1,-9.68499541E+00
4.87000000E-04,injectedCurrent,Node_1,1.21286117E-06
4.87000000E-04,voltage,Node_1,1.14583797E+03
4.87000000E-04,voltage,Node_2,-2.04893371E+02
4.87000000E-04,i1,Line_1_e1,1.21286394E-06
4.87000000E-04,i2,Line_1_e1,1.00701375E+01
4.87500000E-04,injectedCurrent,Node_1,1.01958409E-06
4.87500000E-04,voltage,Node_1,-6.29088381E+02
4.87500000E-04,voltage,Node_2,7.52083255E+02
4.87500000E-04,i1,Line_1_e1,1.01958977E-06
4.87500000E-04,i2,Line_1_e1,-1.00867903E+01
4.88000000E-04,injectedCurrent,Node_1,8.55735561E-07
4.88000000E-04,voltage,Node_1,1.18205471E+03
4.88000000E-04,voltage,Node_2,-2.25233193E+02
4.88000000E-04,i1,Line_1_e1,8.55738222E-07
4.88000000E-04,i2,Line_1_e1,1.04878515E+01
4.88500000E-04,injectedCurrent,Node_1,7.17041549E-07
4.88500000E-04,voltage,Node_1,-6.67929862E+02
4.88500000E-04,voltage,Node_2,7.72118977E+02
4.88500000E-04,i1,Line_1_e1,7.17044259E-07
4.88500000E-04,i2,Line_1_e1,-1.05221270E+01
4.89000000E-04,injectedCurrent,Node_1,5.99818494E-07
4.89000000E-04,voltage,Node_1,1.22141070E+03
4.89000000E-04,voltage,Node_2,-2.47251398E+02
4.89000000E-04,i1,Line_1_e1,5.99819430E-07
4.89000000E-04,i2,Line_1_e1,1.09412285E+01
4.89500000E-04,injectedCurrent,Node_1,5.00896022E-07
4.89500000E-04,voltage,Node_1,-7.10106298E+02
4.89500000E-04,voltage,Node_2,7.93947931E+02
4.89500000E-04,i1,Line_1_e1,5.00896590E-07
4.89500000E-04,i2,Line_1_e1,-1.09954269E+01
4.90000000E-04,injectedCurrent,Node_1,4.17549199E-07
4.90000000E-04,voltage,Node_1,1.26432827E+03
4.90000000E-04,voltage,Node_2,-2.71173817E+02
4.90000000E-04,i1,Line_1_e1,4.17549984E-07
4.90000000E-04,i2,Line_1_e1,1.14350750E+01
4.90500000E-04,injectedCurrent,Node_1,3.47439201E-07
4.90500000E-04,voltage,Node_1,-7.56077658E+02
4.90500000E-04,voltage,Node_2,8.17815891E+02
4.90500000E-04,i1,Line_1_e1,3.47439254E-07
4.90500000E-04,i2,Line_1_e1,-1.15119242E+01
4.91000000E-04,injectedCurrent,Node_1,2.88561440E-07
4.91000000E-04,voltage,Node_1,1.31130915E+03
4.91000000E-04,voltage,Node_2,-2.97268582E+02
4.91000000E-04,i1,Line_1_e1,2.88566014E-07
4.91000000E-04,i2,Line_1_e1,1.19751016E+01
4.91500000E-04,injectedCurrent,Node_1,2.39200254E-07
4.91500000E-04,voltage,Node_1,-8.06392448E+02
4.91500000E-04,voltage,Node_2,8.44015787E+02
4.91500000E-04,i1,Line_1_e1,2.39201881E-07
4.91500000E-04,i2,Line_1_e1,-1.20778612E+01
4.92000000E-04,injectedCurrent,Node_1,1.97889405E-07
4.92000000E-04,voltage,Node_1,1.36295405E+03
4.92000000E-04,voltage,Node_2,-3.25856515E+02
4.92000000E-04,i1,Line_1_e1,1.97891325E-07
4.92000000E-04,i2,Line_1_e1,1.25681458E+01
4.92500000E-04,injectedCurrent,Node_1,1.63377662E-07
4.92500000E-04,voltage,Node_1,-8.61710079E+02
4.92500000E-04,voltage,Node_2,8.72899579E+02
4.92500000E-04,i1,Line_1_e1,1.63380150E-07
4.92500000E-04,i2,Line_1_e1,-1.27007437E+01
4.93000000E-04,injectedCurrent,Node_1,1.34598880E-07
4.93000000E-04,voltage,Node_1,1.41998827E+03
4.93000000E-04,voltage,Node_2,-3.57324744E+02
4.93000000E-04,i1,Line_1_e1,1.34600214E-07
4.93000000E-04,i2,Line_1_e1,1.32224649E+01
4.93500000E-04,injectedCurrent,Node_1,1.10646010E-07
4.93500000E-04,voltage,Node_1,-9.22830389E+02
4.93500000E-04,voltage,Node_2,9.04893906E+02
4.93500000E-04,i1,Line_1_e1,1.10650490E-07
4.93500000E-04,i2,Line_1_e1,-1.33896769E+01
4.94000000E-04,injectedCurrent,Node_1,9.07485562E-08
4.94000000E-04,voltage,Node_1,1.48329586E+03
4.94000000E-04,voltage,Node_2,-3.92144754E+02
4.94000000E-04,i1,Line_1_e1,9.07486424E-08
4.94000000E-04,i2,Line_1_e1,1.39481242E+01
4.94500000E-04,injectedCurrent,Node_1,7.42530603E-08
4.94500000E-04,voltage,Node_1,-9.90733118E+02
4.94500000E-04,voltage,Node_2,9.40520998E+02
4.94500000E-04,i1,Line_1_e1,7.42523980E-08
4.94500000E-04,i2,Line_1_e1,-1.41558160E+01
4.95000000E-04,injectedCurrent,Node_1,6.06062182E-08
4.95000000E-04,voltage,Node_1,1.55396542E+03
4.95000000E-04,voltage,Node_2,-4.30896689E+02
4.95000000E-04,i1,Line_1_e1,6.06099206E-08
4.95000000E-04,i2,Line_1_e1,1.47575204E+01
4.95500000E-04,injectedCurrent,Node_1,4.93403045E-08
4.95500000E-04,voltage,Node_1,-1.06663148E+03
4.95500000E-04,voltage,Node_2,9.80427021E+02
4.95500000E-04,i1,Line_1_e1,4.93456582E-08
4.95500000E-04,i2,Line_1_e1,-1.50129769E+01
4.96000000E-04,injectedCurrent,Node_1,4.00606038E-08
4.96000000E-04,voltage,Node_1,1.63335299E+03
4.96000000E-04,voltage,Node_2,-4.74302557E+02
4.96000000E-04,i1,Line_1_e1,4.00630142E-08
4.96000000E-04,i2,Line_1_e1,1.56660977E+01
4.96500000E-04,injectedCurrent,Node_1,3.24345896E-08
4.96500000E-04,voltage,Node_1,-1.15204610E+03
4.96500000E-04,voltage,Node_2,1.02542114E+03
4.96500000E-04,i1,Line_1_e1,3.24351390E-08
4.96500000E-04,i2,Line_1_e1,-1.59784797E+01
4.97000000E-04,injectedCurrent,Node_1,2.61826222E-08
4.97000000E-04,voltage,Node_1,1.72316940E+03
4.97000000E-04,voltage,Node_2,-5.23272394E+02
4.97000000E-04,i1,Line_1_e1,2.61845230E-08
4.97000000E-04,i2,Line_1_e1,1.66933457E+01
4.97500000E-04,injectedCurrent,Node_1,2.10699643E-08
4.97500000E-04,voltage,Node_1,-1.24890892E+03
4.97500000E-04,voltage,Node_2,1.07653034E+03
4.97500000E-04,i1,Line_1_e1,2.10722817E-08
4.97500000E-04,i2,Line_1_e1,-1.70743340E+01
4.98000000E-04,injectedCurrent,Node_1,1.68999375E-08
4.98000000E-04,voltage,Node_1,1.82560445E+03
4.98000000E-04,voltage,Node_2,-5.78969713E+02
4.98000000E-04,i1,Line_1_e1,1.69026464E-08
4.98000000E-04,i2,Line_1_e1,1.78642152E+01
4.98500000E-04,injectedCurrent,Node_1,1.35080679E-08
4.98500000E-04,voltage,Node_1,-1.35971226E+03
4.98500000E-04,voltage,Node_2,1.13507799E+03
4.98500000E-04,i1,Line_1_e1,1.35085827E-08
4.98500000E-04,i2,Line_1_e1,-1.83289406E+01
4.99000000E-04,injectedCurrent,Node_1,1.07570840E-08
4.99000000E-04,voltage,Node_1,1.94350703E+03
4.99000000E-04,voltage,Node_2,-6.42906307E+02
4.99000000E-04,i1,Line_1_e1,1.07631308E-08
4.99000000E-04,i2,Line_1_e1,1.92111751E+01
4.99500000E-04,injectedCurrent,Node_1,8.53265053E-09
4.99500000E-04,voltage,Node_1,-1.48772784E+03
4.99500000E-04,voltage,Node_2,1.20279895E+03
4.99500000E-04,i1,Line_1_e1,8.53486881E-09
4.99500000E-04,i2,Line_1_e1,-1.97795921E+01
5.00000000E-04,injectedCurrent,Node_1,6.73973646E-09
5.00000000E-04,voltage,Node_1,2.08065299E+03
5.00000000E-04,voltage,Node_2,-7.17083008E+02
5.00000000E-04,i1,Line_1_e1,6.74131684E-09
5.00000000E-04,i2,Line_1_e1,2.07772721E+01
5.00500000E-04,injectedCurrent,Node_1,5.29952695E-09
5.00500000E-04,voltage,Node_1,-1.63733693E+03
5.00500000E-04,voltage,Node_2,1.28201290E+03
5.00500000E-04,i1,Line_1_e1,5.30420152E-09
5.00500000E-04,i2,Line_1_e1,-2.14762445E+01
5.01000000E-04,injectedCurrent,Node_1,4.14680363E-09
5.01000000E-04,voltage,Node_1,2.24215541E+03
5.01000000E-04,voltage,Node_2,-8.04204672E+02
5.01000000E-04,i1,Line_1_e1,4.15110435E-09
5.01000000E-04,i2,Line_1_e1,2.26208169E+01
5.01500000E-04,injectedCurrent,Node_1,3.22772517E-09
5.01500000E-04,voltage,Node_1,-1.81454401E+03
5.01500000E-04,voltage,Node_2,1.37589319E+03
5.01500000E-04,i1,Line_1_e1,3.23487370E-09
5.01500000E-04,i2,Line_1_e1,-2.34873871E+01
5.02000000E-04,injectedCurrent,Node_1,2.49795081E-09
5.02000000E-04,voltage,Node_1,2.43511330E+03
5.02000000E-04,voltage,Node_2,-9.08019367E+02
5.02000000E-04,i1,Line_1_e1,2.50540211E-09
5.02000000E-04,i2,Line_1_e1,2.48228013E+01
5.02500000E-04,injectedCurrent,Node_1,1.92105661E-09
5.02500000E-04,voltage,Node_1,-2.02780436E+03
5.02500000E-04,voltage,Node_2,1.48889884E+03
5.02500000E-04,i1,Line_1_e1,1.91997174E-09
5.02500000E-04,i2,Line_1_e1,-2.59095062E+01
5.03000000E-04,injectedCurrent,Node_1,1.46720138E-09
5.03000000E-04,voltage,Node_1,2.66967845E+03
5.03000000E-04,voltage,Node_2,-1.03387434E+03
5.03000000E-04,i1,Line_1_e1,1.47207402E-09
5.03000000E-04,i2,Line_1_e1,2.74991010E+01
5.03500000E-04,injectedCurrent,Node_1,1.11200502E-09
5.03500000E-04,voltage,Node_1,-2.28941484E+03
5.03500000E-04,voltage,Node_2,1.62749813E+03
5.03500000E-04,i1,Line_1_e1,1.11782583E-09
5.03500000E-04,i2,Line_1_e1,-2.88830002E+01
5.04000000E-04,injectedCurrent,Node_1,8.35607402E-10
5.04000000E-04,voltage,Node_1,2.96089155E+03
5.04000000E-04,voltage,Node_2,-1.18966938E+03
5.04000000E-04,i1,Line_1_e1,8.38667802E-10
5.04000000E-04,i2,Line_1_e1,3.08214944E+01
5.04500000E-04,injectedCurrent,Node_1,6.21880295E-10
5.04500000E-04,voltage,Node_1,-2.61797162E+03
5.04500000E-04,voltage,Node_2,1.80144188E+03
5.04500000E-04,i1,Line_1_e1,6.24964969E-10
5.04500000E-04,i2,Line_1_e1,-3.26203254E+01
5.05000000E-04,injectedCurrent,Node_1,4.57768910E-10
5.05000000E-04,voltage,Node_1,3.33202223E+03
5.05000000E-04,voltage,Node_2,-1.38758309E+03
5.05000000E-04,i1,Line_1_e1,4.59607463E-10
5.05000000E-04,i2,Line_1_e1,3.50559328E+01
5.05500000E-04,injectedCurrent,Node_1,3.32742870E-10
5.05500000E-04,voltage,Node_1,-3.04298713E+03
5.05500000E-04,voltage,Node_2,2.02614328E+03
5.05500000E-04,i1,Line_1_e1,3.37962547E-10
5.05500000E-04,i2,Line_1_e1,-3.74589259E+01
5.06000000E-04,injectedCurrent,Node_1,2.38339510E-10
5.06000000E-04,voltage,Node_1,3.82107392E+03
5.06000000E-04,voltage,Node_2,-1.64741557E+03
5.06000000E-04,i1,Line_1_e1,2.39253950E-10
5.06000000E-04,i2,Line_1_e1,4.06371563E+01
5.06500000E-04,injectedCurrent,Node_1,1.67784840E-10
5.06500000E-04,voltage,Node_1,-3.61425343E+03
5.06500000E-04,voltage,Node_2,2.32747269E+03
5.06500000E-04,i1,Line_1_e1,1.68682845E-10
5.06500000E-04,i2,Line_1_e1,-4.39687128E+01
5.07000000E-04,injectedCurrent,Node_1,1.15679751E-10
5.07000000E-04,voltage,Node_1,4.49459526E+03
5.07000000E-04,voltage,Node_2,-2.00363271E+03
5.07000000E-04,i1,Line_1_e1,1.24202870E-10
5.07000000E-04,i2,Line_1_e1,4.83273588E+01
5.07500000E-04,injectedCurrent,Node_1,7.77408672E-11
5.07500000E-04,voltage,Node_1,-4.42279626E+03
5.07500000E-04,voltage,Node_2,2.75239526E+03
5.07500000E-04,i1,Line_1_e1,8.11439804E-11
5.07500000E-04,i2,Line_1_e1,-5.31930035E+01
5.08000000E-04,injectedCurrent,Node_1,5.05871210E-11
5.08000000E-04,voltage,Node_1,5.48052884E+03
5.08000000E-04,voltage,Node_2,-2.52195075E+03
5.08000000E-04,i1,Line_1_e1,5.51949597E-11
5.08000000E-04,i2,Line_1_e1,5.95942996E+01
5.08500000E-04,injectedCurrent,Node_1,3.15644463E-11
5.08500000E-04,voltage,Node_1,-5.65439956E+03
5.08500000E-04,voltage,Node_2,3.39581634E+03
5.08500000E-04,i1,Line_1_e1,3.41628947E-11
5.08500000E-04,i2,Line_1_e1,-6.72654120E+01
5.09000000E-04,injectedCurrent,Node_1,1.86022171E-11
5.09000000E-04,voltage,Node_1,7.05957132E+03
5.09000000E-04,voltage,Node_2,-3.34478945E+03
5.09000000E-04,i1,Line_1_e1,2.07194262E-11
5.09000000E-04,i2,Line_1_e1,7.76659027E+01
5.09500000E-04,injectedCurrent,Node_1,1.00960353E-11
5.09500000E-04,voltage,Node_1,-7.75470376E+03
5.09500000E-04,voltage,Node_2,4.48189039E+03
5.09500000E-04,i1,Line_1_e1,2.28794761E-11
5.09500000E-04,i2,Line_1_e1,-9.13193329E+01
5.10000000E-04,injectedCurrent,Node_1,4.81234380E-12
5.10000000E-04,voltage,Node_1,9.98585711E+03
5.10000000E-04,voltage,Node_2,-4.84712896E+03
5.10000000E-04,i1,Line_1_e1,1.06865627E-11
5.10000000E-04,i2,Line_1_e1,1.11248501E+02
5.10500000E-04,injectedCurrent,Node_1,1.81106646E-12
5.10500000E-04,voltage,Node_1,-1.21142198E+04
5.10500000E-04,voltage,Node_2,6.69097274E+03
5.10500000E-04,i1,Line_1_e1,1.30739863E-12
5.10500000E-04,i2,Line_1_e1,-1.41457516E+02
5.11000000E-04,injectedCurrent,Node_1,3.83099495E-13
5.11000000E-04,voltage,Node_1,1.71582898E+04
5.11000000E-04,voltage,Node_2,-8.41318416E+03
5.11000000E-04,i1,Line_1_e1,8.44124770E-12
5.11000000E-04,i2,Line_1_e1,1.94068133E+02
5.11500000E-04,injectedCurrent,Node_1,0.00000000E+00
5.11500000E-04,voltage,Node_1,-2.60762825E+04
5.11500000E-04,voltage,Node_2,1.33845544E+04
5.11500000E-04,i1,Line_1_e1,7.98650035E-12
5.11500000E-04,i2,Line_1_e1,-3.03792144E+02
