time_s,quantity,id,value
0.00000000E+00,injectedCurrent,Node_1,0.00000000E+00
0.00000000E+00,voltage,Node_1,1.97307469E+01
0.00000000E+00,voltage,Node_2,-2.13458972E+01
0.00000000E+00,i1,Line_1_e1,3.90798505E-14
0.00000000E+00,i2,Line_1_e1,2.45096591E-01
5.00000000E-06,injectedCurrent,Node_1,5.46986839E+01
5.00000000E-06,voltage,Node_1,8.02418727E+02
5.00000000E-06,voltage,Node_2,6.88207019E+02
5.00000000E-06,i1,Line_1_e1,5.46986839E+01
5.00000000E-06,i2,Line_1_e1,-4.74213505E+01
1.00000000E-05,injectedCurrent,Node_1,1.06734855E+02
1.00000000E-05,voltage,Node_1,1.51395168E+03
1.00000000E-05,voltage,Node_2,1.43470201E+03
1.00000000E-05,i1,Line_1_e1,1.06734855E+02
1.00000000E-05,i2,Line_1_e1,-9.33576715E+01
1.50000000E-05,injectedCurrent,Node_1,1.56233656E+02
1.50000000E-05,voltage,Node_1,2.21675415E+03
1.50000000E-05,voltage,Node_2,2.12157995E+03
1.50000000E-05,i1,Line_1_e1,1.56233656E+02
1.50000000E-05,i2,Line_1_e1,-1.36767879E+02
2.00000000E-05,injectedCurrent,Node_1,2.03314354E+02
2.00000000E-05,voltage,Node_1,2.87260268E+03
2.00000000E-05,voltage,Node_2,2.79589386E+03
2.00000000E-05,i1,Line_1_e1,2.03314354E+02
2.00000000E-05,i2,Line_1_e1,-1.78251171E+02
2.50000000E-05,injectedCurrent,Node_1,2.48090618E+02
2.50000000E-05,voltage,Node_1,3.50922635E+03
2.50000000E-05,voltage,Node_2,3.42467600E+03
2.50000000E-05,i1,Line_1_e1,2.48090618E+02
2.50000000E-05,i2,Line_1_e1,-2.17555881E+02
3.00000000E-05,injectedCurrent,Node_1,2.90670782E+02
3.00000000E-05,voltage,Node_1,4.10636242E+03
3.00000000E-05,voltage,Node_2,4.03522767E+03
3.00000000E-05,i1,Line_1_e1,2.90670782E+02
3.00000000E-05,i2,Line_1_e1,-2.55053672E+02
3.50000000E-05,injectedCurrent,Node_1,3.31158094E+02
3.50000000E-05,voltage,Node_1,4.68291649E+03
3.50000000E-05,voltage,Node_2,4.60686312E+03
3.50000000E-05,i1,Line_1_e1,3.31158094E+02
3.50000000E-05,i2,Line_1_e1,-2.90605303E+02
4.00000000E-05,injectedCurrent,Node_1,3.69650954E+02
4.00000000E-05,voltage,Node_1,5.22473561E+03
4.00000000E-05,voltage,Node_2,5.15956539E+03
4.00000000E-05,i1,Line_1_e1,3.69650954E+02
4.00000000E-05,i2,Line_1_e1,-3.24495858E+02
4.50000000E-05,injectedCurrent,Node_1,4.06243145E+02
4.50000000E-05,voltage,Node_1,5.74658592E+03
4.50000000E-05,voltage,Node_2,5.67789065E+03
4.50000000E-05,i1,Line_1_e1,4.06243145E+02
4.50000000E-05,i2,Line_1_e1,-3.56632060E+02
5.00000000E-05,injectedCurrent,Node_1,4.41024046E+02
5.00000000E-05,voltage,Node_1,6.23735946E+03
5.00000000E-05,voltage,Node_2,6.17797545E+03
5.00000000E-05,i1,Line_1_e1,4.41024046E+02
5.00000000E-05,i2,Line_1_e1,-3.87251054E+02
5.50000000E-05,injectedCurrent,Node_1,4.74078841E+02
5.50000000E-05,voltage,Node_1,6.70940484E+03
5.50000000E-05,voltage,Node_2,6.64724718E+03
5.50000000E-05,i1,Line_1_e1,4.74078841E+02
5.50000000E-05,i2,Line_1_e1,-4.16282669E+02
6.00000000E-05,injectedCurrent,Node_1,5.05488716E+02
6.00000000E-05,voltage,Node_1,7.15340827E+03
6.00000000E-05,voltage,Node_2,7.09946533E+03
6.00000000E-05,i1,Line_1_e1,5.05488716E+02
6.00000000E-05,i2,Line_1_e1,-4.43932614E+02
6.50000000E-05,injectedCurrent,Node_1,5.35331043E+02
6.50000000E-05,voltage,Node_1,7.58013002E+03
6.50000000E-05,voltage,Node_2,7.52384228E+03
6.50000000E-05,i1,Line_1_e1,5.35331043E+02
6.50000000E-05,i2,Line_1_e1,-4.70143430E+02
7.00000000E-05,injectedCurrent,Node_1,5.63679566E+02
7.00000000E-05,voltage,Node_1,7.98141819E+03
7.00000000E-05,voltage,Node_2,7.93252364E+03
7.00000000E-05,i1,Line_1_e1,5.63679566E+02
7.00000000E-05,i2,Line_1_e1,-4.95098149E+02
7.50000000E-05,injectedCurrent,Node_1,5.90604563E+02
7.50000000E-05,voltage,Node_1,8.36691025E+03
7.50000000E-05,voltage,Node_2,8.31591938E+03
7.50000000E-05,i1,Line_1_e1,5.90604563E+02
7.50000000E-05,i2,Line_1_e1,-5.18746557E+02
8.00000000E-05,injectedCurrent,Node_1,6.16173017E+02
8.00000000E-05,voltage,Node_1,8.72925311E+03
8.00000000E-05,voltage,Node_2,8.68501067E+03
8.00000000E-05,i1,Line_1_e1,6.16173017E+02
8.00000000E-05,i2,Line_1_e1,-5.41254325E+02
8.50000000E-05,injectedCurrent,Node_1,6.40448763E+02
8.50000000E-05,voltage,Node_1,9.07725066E+03
8.50000000E-05,voltage,Node_2,9.03105224E+03
8.50000000E-05,i1,Line_1_e1,6.40448763E+02
8.50000000E-05,i2,Line_1_e1,-5.62575330E+02
9.00000000E-05,injectedCurrent,Node_1,6.63492642E+02
9.00000000E-05,voltage,Node_1,9.40412154E+03
9.00000000E-05,voltage,Node_2,9.36414930E+03
9.00000000E-05,i1,Line_1_e1,6.63492642E+02
9.00000000E-05,i2,Line_1_e1,-5.82861426E+02
9.50000000E-05,injectedCurrent,Node_1,6.85362637E+02
9.50000000E-05,voltage,Node_1,9.71802911E+03
9.50000000E-05,voltage,Node_2,9.67617329E+03
9.50000000E-05,i1,Line_1_e1,6.85362637E+02
9.50000000E-05,i2,Line_1_e1,-6.02068653E+02
1.00000000E-04,injectedCurrent,Node_1,7.06114010E+02
1.00000000E-04,voltage,Node_1,1.00126127E+04
1.00000000E-04,voltage,Node_2,9.97655072E+03
1.00000000E-04,i1,Line_1_e1,7.06114010E+02
1.00000000E-04,i2,Line_1_e1,-6.20337567E+02
1.05000000E-04,injectedCurrent,Node_1,7.25799429E+02
1.05000000E-04,voltage,Node_1,1.02955313E+04
1.05000000E-04,voltage,Node_2,1.02576140E+04
1.05000000E-04,i1,Line_1_e1,7.25799429E+02
1.05000000E-04,i2,Line_1_e1,-6.37625150E+02
1.10000000E-04,injectedCurrent,Node_1,7.44469088E+02
1.10000000E-04,voltage,Node_1,1.05607396E+04
1.10000000E-04,voltage,Node_2,1.05282526E+04
1.10000000E-04,i1,Line_1_e1,7.44469088E+02
1.10000000E-04,i2,Line_1_e1,-6.54062546E+02
1.15000000E-04,injectedCurrent,Node_1,7.62170826E+02
1.15000000E-04,voltage,Node_1,1.08154924E+04
1.15000000E-04,voltage,Node_2,1.07811491E+04
1.15000000E-04,i1,Line_1_e1,7.62170826E+02
1.15000000E-04,i2,Line_1_e1,-6.69606878E+02
1.20000000E-04,injectedCurrent,Node_1,7.78950237E+02
1.20000000E-04,voltage,Node_1,1.10539834E+04
1.20000000E-04,voltage,Node_2,1.10247614E+04
1.20000000E-04,i1,Line_1_e1,7.78950237E+02
1.20000000E-04,i2,Line_1_e1,-6.84381344E+02
1.25000000E-04,injectedCurrent,Node_1,7.94850771E+02
1.25000000E-04,voltage,Node_1,1.12831395E+04
1.25000000E-04,voltage,Node_2,1.12520405E+04
1.25000000E-04,i1,Line_1_e1,7.94850771E+02
1.25000000E-04,i2,Line_1_e1,-6.98342681E+02
1.30000000E-04,injectedCurrent,Node_1,8.09913843E+02
1.30000000E-04,voltage,Node_1,1.14973366E+04
1.30000000E-04,voltage,Node_2,1.14710943E+04
1.30000000E-04,i1,Line_1_e1,8.09913843E+02
1.30000000E-04,i2,Line_1_e1,-7.11607318E+02
1.35000000E-04,injectedCurrent,Node_1,8.24178920E+02
1.35000000E-04,voltage,Node_1,1.17032334E+04
1.35000000E-04,voltage,Node_2,1.16750800E+04
1.35000000E-04,i1,Line_1_e1,8.24178920E+02
1.35000000E-04,i2,Line_1_e1,-7.24131248E+02
1.40000000E-04,injectedCurrent,Node_1,8.37683618E+02
1.40000000E-04,voltage,Node_1,1.18953444E+04
1.40000000E-04,voltage,Node_2,1.18718201E+04
1.40000000E-04,i1,Line_1_e1,8.37683618E+02
1.40000000E-04,i2,Line_1_e1,-7.36025096E+02
1.45000000E-04,injectedCurrent,Node_1,8.50463786E+02
1.45000000E-04,voltage,Node_1,1.20801082E+04
1.45000000E-04,voltage,Node_2,1.20546295E+04
1.45000000E-04,i1,Line_1_e1,8.50463786E+02
1.45000000E-04,i2,Line_1_e1,-7.47243873E+02
1.50000000E-04,injectedCurrent,Node_1,8.62553591E+02
1.50000000E-04,voltage,Node_1,1.22521432E+04
1.50000000E-04,voltage,Node_2,1.22310971E+04
1.50000000E-04,i1,Line_1_e1,8.62553591E+02
1.50000000E-04,i2,Line_1_e1,-7.57893208E+02
1.55000000E-04,injectedCurrent,Node_1,8.73985596E+02
1.55000000E-04,voltage,Node_1,1.24177076E+04
1.55000000E-04,voltage,Node_2,1.23946578E+04
1.55000000E-04,i1,Line_1_e1,8.73985596E+02
1.55000000E-04,i2,Line_1_e1,-7.67926972E+02
1.60000000E-04,injectedCurrent,Node_1,8.84790833E+02
1.60000000E-04,voltage,Node_1,1.25714963E+04
1.60000000E-04,voltage,Node_2,1.25527093E+04
1.60000000E-04,i1,Line_1_e1,8.84790833E+02
1.60000000E-04,i2,Line_1_e1,-7.77446481E+02
1.65000000E-04,injectedCurrent,Node_1,8.94998880E+02
1.65000000E-04,voltage,Node_1,1.27196195E+04
1.65000000E-04,voltage,Node_2,1.26987753E+04
1.65000000E-04,i1,Line_1_e1,8.94998880E+02
1.65000000E-04,i2,Line_1_e1,-7.86404361E+02
1.70000000E-04,injectedCurrent,Node_1,9.04637925E+02
1.70000000E-04,voltage,Node_1,1.28568266E+04
1.70000000E-04,voltage,Node_2,1.28400987E+04
1.70000000E-04,i1,Line_1_e1,9.04637925E+02
1.70000000E-04,i2,Line_1_e1,-7.94898211E+02
1.75000000E-04,injectedCurrent,Node_1,9.13734832E+02
1.75000000E-04,voltage,Node_1,1.29891075E+04
1.75000000E-04,voltage,Node_2,1.29702659E+04
1.75000000E-04,i1,Line_1_e1,9.13734832E+02
1.75000000E-04,i2,Line_1_e1,-8.02879337E+02
1.80000000E-04,injectedCurrent,Node_1,9.22315206E+02
1.80000000E-04,voltage,Node_1,1.31112471E+04
1.80000000E-04,voltage,Node_2,1.30963956E+04
1.80000000E-04,i1,Line_1_e1,9.22315206E+02
1.80000000E-04,i2,Line_1_e1,-8.10442135E+02
1.85000000E-04,injectedCurrent,Node_1,9.30403447E+02
1.85000000E-04,voltage,Node_1,1.32291392E+04
1.85000000E-04,voltage,Node_2,1.32121158E+04
1.85000000E-04,i1,Line_1_e1,9.30403447E+02
1.85000000E-04,i2,Line_1_e1,-8.17536548E+02
1.90000000E-04,injectedCurrent,Node_1,9.38022811E+02
1.90000000E-04,voltage,Node_1,1.33375886E+04
1.90000000E-04,voltage,Node_2,1.33244471E+04
1.90000000E-04,i1,Line_1_e1,9.38022811E+02
1.90000000E-04,i2,Line_1_e1,-8.24254225E+02
1.95000000E-04,injectedCurrent,Node_1,9.45195462E+02
1.95000000E-04,voltage,Node_1,1.34424132E+04
1.95000000E-04,voltage,Node_2,1.34270405E+04
1.95000000E-04,i1,Line_1_e1,9.45195462E+02
1.95000000E-04,i2,Line_1_e1,-8.30543714E+02
2.00000000E-04,injectedCurrent,Node_1,9.51942523E+02
2.00000000E-04,voltage,Node_1,1.35384246E+04
2.00000000E-04,voltage,Node_2,1.35268415E+04
2.00000000E-04,i1,Line_1_e1,9.51942523E+02
2.00000000E-04,i2,Line_1_e1,-8.36494317E+02
2.05000000E-04,injectedCurrent,Node_1,9.58284126E+02
2.05000000E-04,voltage,Node_1,1.36313831E+04
2.05000000E-04,voltage,Node_2,1.36175085E+04
2.05000000E-04,i1,Line_1_e1,9.58284126E+02
2.05000000E-04,i2,Line_1_e1,-8.42053171E+02
2.10000000E-04,injectedCurrent,Node_1,9.64239456E+02
2.10000000E-04,voltage,Node_1,1.37160950E+04
2.10000000E-04,voltage,Node_2,1.37059322E+04
2.10000000E-04,i1,Line_1_e1,9.64239456E+02
2.10000000E-04,i2,Line_1_e1,-8.47307590E+02
2.15000000E-04,injectedCurrent,Node_1,9.69826799E+02
2.15000000E-04,voltage,Node_1,1.37982794E+04
2.15000000E-04,voltage,Node_2,1.37857642E+04
2.15000000E-04,i1,Line_1_e1,9.69826799E+02
2.15000000E-04,i2,Line_1_e1,-8.52203288E+02
2.20000000E-04,injectedCurrent,Node_1,9.75063582E+02
2.20000000E-04,voltage,Node_1,1.38727268E+04
2.20000000E-04,voltage,Node_2,1.38638587E+04
2.20000000E-04,i1,Line_1_e1,9.75063582E+02
2.20000000E-04,i2,Line_1_e1,-8.56825910E+02
2.25000000E-04,injectedCurrent,Node_1,9.79966413E+02
2.25000000E-04,voltage,Node_1,1.39451297E+04
2.25000000E-04,voltage,Node_2,1.39338478E+04
2.25000000E-04,i1,Line_1_e1,9.79966413E+02
2.25000000E-04,i2,Line_1_e1,-8.61119741E+02
2.30000000E-04,injectedCurrent,Node_1,9.84551121E+02
2.30000000E-04,voltage,Node_1,1.40102536E+04
2.30000000E-04,voltage,Node_2,1.40025657E+04
2.30000000E-04,i1,Line_1_e1,9.84551121E+02
2.30000000E-04,i2,Line_1_e1,-8.65169050E+02
2.35000000E-04,injectedCurrent,Node_1,9.88832791E+02
2.35000000E-04,voltage,Node_1,1.40737773E+04
2.35000000E-04,voltage,Node_2,1.40636139E+04
2.35000000E-04,i1,Line_1_e1,9.88832791E+02
2.35000000E-04,i2,Line_1_e1,-8.68916684E+02
2.40000000E-04,injectedCurrent,Node_1,9.92825800E+02
2.40000000E-04,voltage,Node_1,1.41304328E+04
2.40000000E-04,voltage,Node_2,1.41238210E+04
2.40000000E-04,i1,Line_1_e1,9.92825800E+02
2.40000000E-04,i2,Line_1_e1,-8.72445799E+02
2.45000000E-04,injectedCurrent,Node_1,9.96543850E+02
2.45000000E-04,voltage,Node_1,1.41858973E+04
2.45000000E-04,voltage,Node_2,1.41767481E+04
2.45000000E-04,i1,Line_1_e1,9.96543850E+02
2.45000000E-04,i2,Line_1_e1,-8.75697798E+02
2.50000000E-04,injectedCurrent,Node_1,1.00000000E+03
2.50000000E-04,voltage,Node_1,1.42348618E+04
2.50000000E-04,voltage,Node_2,1.42292315E+04
2.50000000E-04,i1,Line_1_e1,1.00000000E+03
2.50000000E-04,i2,Line_1_e1,-8.78754968E+02
2.55000000E-04,injectedCurrent,Node_1,1.00320669E+03
2.55000000E-04,voltage,Node_1,1.42830126E+04
2.55000000E-04,voltage,Node_2,1.42747824E+04
2.55000000E-04,i1,Line_1_e1,1.00320669E+03
2.55000000E-04,i2,Line_1_e1,-8.81557259E+02
2.60000000E-04,injectedCurrent,Node_1,1.00617579E+03
2.60000000E-04,voltage,Node_1,1.43249925E+04
2.60000000E-04,voltage,Node_2,1.43202576E+04
2.60000000E-04,i1,Line_1_e1,1.00617579E+03
2.60000000E-04,i2,Line_1_e1,-8.84186306E+02
2.65000000E-04,injectedCurrent,Node_1,1.00891860E+03
2.65000000E-04,voltage,Node_1,1.43665072E+04
2.65000000E-04,voltage,Node_2,1.43591094E+04
2.65000000E-04,i1,Line_1_e1,1.00891860E+03
2.65000000E-04,i2,Line_1_e1,-8.86580601E+02
2.70000000E-04,injectedCurrent,Node_1,1.01144589E+03
2.70000000E-04,voltage,Node_1,1.44021444E+04
2.70000000E-04,voltage,Node_2,1.43982267E+04
2.70000000E-04,i1,Line_1_e1,1.01144589E+03
2.70000000E-04,i2,Line_1_e1,-8.88821332E+02
2.75000000E-04,injectedCurrent,Node_1,1.01376794E+03
2.75000000E-04,voltage,Node_1,1.44376388E+04
2.75000000E-04,voltage,Node_2,1.44309947E+04
2.75000000E-04,i1,Line_1_e1,1.01376794E+03
2.75000000E-04,i2,Line_1_e1,-8.90845516E+02
2.80000000E-04,injectedCurrent,Node_1,1.01589451E+03
2.80000000E-04,voltage,Node_1,1.44675167E+04
2.80000000E-04,voltage,Node_2,1.44643452E+04
2.80000000E-04,i1,Line_1_e1,1.01589451E+03
2.80000000E-04,i2,Line_1_e1,-8.92734085E+02
2.85000000E-04,injectedCurrent,Node_1,1.01783494E+03
2.85000000E-04,voltage,Node_1,1.44975506E+04
2.85000000E-04,voltage,Node_2,1.44915883E+04
2.85000000E-04,i1,Line_1_e1,1.01783494E+03
2.85000000E-04,i2,Line_1_e1,-8.94422569E+02
2.90000000E-04,injectedCurrent,Node_1,1.01959812E+03
2.90000000E-04,voltage,Node_1,1.45221992E+04
2.90000000E-04,voltage,Node_2,1.45197093E+04
2.90000000E-04,i1,Line_1_e1,1.01959812E+03
2.90000000E-04,i2,Line_1_e1,-8.95991815E+02
2.95000000E-04,injectedCurrent,Node_1,1.02119252E+03
2.95000000E-04,voltage,Node_1,1.45472814E+04
2.95000000E-04,voltage,Node_2,1.45419357E+04
2.95000000E-04,i1,Line_1_e1,1.02119252E+03
2.95000000E-04,i2,Line_1_e1,-8.97375851E+02
3.00000000E-04,injectedCurrent,Node_1,1.02262620E+03
3.00000000E-04,voltage,Node_1,1.45671824E+04
3.00000000E-04,voltage,Node_2,1.45653155E+04
3.00000000E-04,i1,Line_1_e1,1.02262620E+03
3.00000000E-04,i2,Line_1_e1,-8.98655602E+02
3.05000000E-04,injectedCurrent,Node_1,1.02390687E+03
3.05000000E-04,voltage,Node_1,1.45877755E+04
3.05000000E-04,voltage,Node_2,1.45829866E+04
3.05000000E-04,i1,Line_1_e1,1.02390687E+03
3.05000000E-04,i2,Line_1_e1,-8.99763574E+02
3.10000000E-04,injectedCurrent,Node_1,1.02504185E+03
3.10000000E-04,voltage,Node_1,1.46033665E+04
3.10000000E-04,voltage,Node_2,1.46020693E+04
3.10000000E-04,i1,Line_1_e1,1.02504185E+03
3.10000000E-04,i2,Line_1_e1,-9.00780923E+02
3.15000000E-04,injectedCurrent,Node_1,1.02603813E+03
3.15000000E-04,voltage,Node_1,1.46198907E+04
3.15000000E-04,voltage,Node_2,1.46156045E+04
3.15000000E-04,i1,Line_1_e1,1.02603813E+03
3.15000000E-04,i2,Line_1_e1,-9.01638610E+02
3.20000000E-04,injectedCurrent,Node_1,1.02690237E+03
3.20000000E-04,voltage,Node_1,1.46315693E+04
3.20000000E-04,voltage,Node_2,1.46307935E+04
3.20000000E-04,i1,Line_1_e1,1.02690237E+03
3.20000000E-04,i2,Line_1_e1,-9.02418166E+02
3.25000000E-04,injectedCurrent,Node_1,1.02764091E+03
3.25000000E-04,voltage,Node_1,1.46444068E+04
3.25000000E-04,voltage,Node_2,1.46405737E+04
3.25000000E-04,i1,Line_1_e1,1.02764091E+03
3.25000000E-04,i2,Line_1_e1,-9.03048980E+02
3.30000000E-04,injectedCurrent,Node_1,1.02825980E+03
3.30000000E-04,voltage,Node_1,1.46525341E+04
3.30000000E-04,voltage,Node_2,1.46522360E+04
3.30000000E-04,i1,Line_1_e1,1.02825980E+03
3.30000000E-04,i2,Line_1_e1,-9.03613096E+02
3.35000000E-04,injectedCurrent,Node_1,1.02876481E+03
3.35000000E-04,voltage,Node_1,1.46620322E+04
3.35000000E-04,voltage,Node_2,1.46586071E+04
3.35000000E-04,i1,Line_1_e1,1.02876481E+03
3.35000000E-04,i2,Line_1_e1,-9.04038299E+02
3.40000000E-04,injectedCurrent,Node_1,1.02916143E+03
3.40000000E-04,voltage,Node_1,1.46669365E+04
3.40000000E-04,voltage,Node_2,1.46670762E+04
3.40000000E-04,i1,Line_1_e1,1.02916143E+03
3.40000000E-04,i2,Line_1_e1,-9.04407277E+02
3.45000000E-04,injectedCurrent,Node_1,1.02945490E+03
3.45000000E-04,voltage,Node_1,1.46734110E+04
3.45000000E-04,voltage,Node_2,1.46703527E+04
3.45000000E-04,i1,Line_1_e1,1.02945490E+03
3.45000000E-04,i2,Line_1_e1,-9.04646181E+02
3.50000000E-04,injectedCurrent,Node_1,1.02965019E+03
3.50000000E-04,voltage,Node_1,1.46753901E+04
3.50000000E-04,voltage,Node_2,1.46759316E+04
3.50000000E-04,i1,Line_1_e1,1.02965019E+03
3.50000000E-04,i2,Line_1_e1,-9.04838462E+02
3.55000000E-04,injectedCurrent,Node_1,1.02975208E+03
3.55000000E-04,voltage,Node_1,1.46791281E+04
3.55000000E-04,voltage,Node_2,1.46763989E+04
3.55000000E-04,i1,Line_1_e1,1.02975208E+03
3.55000000E-04,i2,Line_1_e1,-9.04908602E+02
3.60000000E-04,injectedCurrent,Node_1,1.02976508E+03
3.60000000E-04,voltage,Node_1,1.46784528E+04
3.60000000E-04,voltage,Node_2,1.46793635E+04
3.60000000E-04,i1,Line_1_e1,1.02976508E+03
3.60000000E-04,i2,Line_1_e1,-9.04940937E+02
3.65000000E-04,injectedCurrent,Node_1,1.02969352E+03
3.65000000E-04,voltage,Node_1,1.46797151E+04
3.65000000E-04,voltage,Node_2,1.46772809E+04
3.65000000E-04,i1,Line_1_e1,1.02969352E+03
3.65000000E-04,i2,Line_1_e1,-9.04858240E+02
3.70000000E-04,injectedCurrent,Node_1,1.02954151E+03
3.70000000E-04,voltage,Node_1,1.46766314E+04
3.70000000E-04,voltage,Node_2,1.46778816E+04
3.70000000E-04,i1,Line_1_e1,1.02954151E+03
3.70000000E-04,i2,Line_1_e1,-9.04745841E+02
3.75000000E-04,injectedCurrent,Node_1,1.02931298E+03
3.75000000E-04,voltage,Node_1,1.46756553E+04
3.75000000E-04,voltage,Node_2,1.46734846E+04
3.75000000E-04,i1,Line_1_e1,1.02931298E+03
3.75000000E-04,i2,Line_1_e1,-9.04524769E+02
3.80000000E-04,injectedCurrent,Node_1,1.02901165E+03
3.80000000E-04,voltage,Node_1,1.46703864E+04
3.80000000E-04,voltage,Node_2,1.46719495E+04
3.80000000E-04,i1,Line_1_e1,1.02901165E+03
3.80000000E-04,i2,Line_1_e1,-9.04281458E+02
3.85000000E-04,injectedCurrent,Node_1,1.02864110E+03
3.85000000E-04,voltage,Node_1,1.46673877E+04
3.85000000E-04,voltage,Node_2,1.46654517E+04
3.85000000E-04,i1,Line_1_e1,1.02864110E+03
3.85000000E-04,i2,Line_1_e1,-9.03935144E+02
3.90000000E-04,injectedCurrent,Node_1,1.02820472E+03
3.90000000E-04,voltage,Node_1,1.46601363E+04
3.90000000E-04,voltage,Node_2,1.46619880E+04
3.90000000E-04,i1,Line_1_e1,1.02820472E+03
3.90000000E-04,i2,Line_1_e1,-9.03573472E+02
3.95000000E-04,injectedCurrent,Node_1,1.02770573E+03
3.95000000E-04,voltage,Node_1,1.46553110E+04
3.95000000E-04,voltage,Node_2,1.46535836E+04
3.95000000E-04,i1,Line_1_e1,1.02770573E+03
3.95000000E-04,i2,Line_1_e1,-9.03113842E+02
4.00000000E-04,injectedCurrent,Node_1,1.02714723E+03
4.00000000E-04,voltage,Node_1,1.46462613E+04
4.00000000E-04,voltage,Node_2,1.46483797E+04
4.00000000E-04,i1,Line_1_e1,1.02714723E+03
4.00000000E-04,i2,Line_1_e1,-9.02645210E+02
4.05000000E-04,injectedCurrent,Node_1,1.02653216E+03
4.05000000E-04,voltage,Node_1,1.46397878E+04
4.05000000E-04,voltage,Node_2,1.46382450E+04
4.05000000E-04,i1,Line_1_e1,1.02653216E+03
4.05000000E-04,i2,Line_1_e1,-9.02083093E+02
4.10000000E-04,injectedCurrent,Node_1,1.02586330E+03
4.10000000E-04,voltage,Node_1,1.46291070E+04
4.10000000E-04,voltage,Node_2,1.46314724E+04
4.10000000E-04,i1,Line_1_e1,1.02586330E+03
4.10000000E-04,i2,Line_1_e1,-9.01517858E+02
4.15000000E-04,injectedCurrent,Node_1,1.02514333E+03
4.15000000E-04,voltage,Node_1,1.46211475E+04
4.15000000E-04,voltage,Node_2,1.46197673E+04
4.15000000E-04,i1,Line_1_e1,1.02514333E+03
4.15000000E-04,i2,Line_1_e1,-9.00863086E+02
4.20000000E-04,injectedCurrent,Node_1,1.02437480E+03
4.20000000E-04,voltage,Node_1,1.46089873E+04
4.20000000E-04,voltage,Node_2,1.46115818E+04
4.20000000E-04,i1,Line_1_e1,1.02437480E+03
4.20000000E-04,i2,Line_1_e1,-9.00210655E+02
4.25000000E-04,injectedCurrent,Node_1,1.02356012E+03
4.25000000E-04,voltage,Node_1,1.45996893E+04
4.25000000E-04,voltage,Node_2,1.45984515E+04
4.25000000E-04,i1,Line_1_e1,1.02356012E+03
4.25000000E-04,i2,Line_1_e1,-8.99472157E+02
4.30000000E-04,injectedCurrent,Node_1,1.02270160E+03
4.30000000E-04,voltage,Node_1,1.45861875E+04
4.30000000E-04,voltage,Node_2,1.45889950E+04
4.30000000E-04,i1,Line_1_e1,1.02270160E+03
4.30000000E-04,i2,Line_1_e1,-8.98741074E+02
4.35000000E-04,injectedCurrent,Node_1,1.02180145E+03
4.35000000E-04,voltage,Node_1,1.45756851E+04
4.35000000E-04,voltage,Node_2,1.45745713E+04
4.35000000E-04,i1,Line_1_e1,1.02180145E+03
4.35000000E-04,i2,Line_1_e1,-8.97926955E+02
4.40000000E-04,injectedCurrent,Node_1,1.02086175E+03
4.40000000E-04,voltage,Node_1,1.45609667E+04
4.40000000E-04,voltage,Node_2,1.45639728E+04
4.40000000E-04,i1,Line_1_e1,1.02086175E+03
4.40000000E-04,i2,Line_1_e1,-8.97124981E+02
4.45000000E-04,injectedCurrent,Node_1,1.01988452E+03
4.45000000E-04,voltage,Node_1,1.45493820E+04
4.45000000E-04,voltage,Node_2,1.45483752E+04
4.45000000E-04,i1,Line_1_e1,1.01988452E+03
4.45000000E-04,i2,Line_1_e1,-8.96242600E+02
4.50000000E-04,injectedCurrent,Node_1,1.01887164E+03
4.50000000E-04,voltage,Node_1,1.45335604E+04
4.50000000E-04,voltage,Node_2,1.45367521E+04
4.50000000E-04,i1,Line_1_e1,1.01887164E+03
4.50000000E-04,i2,Line_1_e1,-8.95376787E+02
4.55000000E-04,injectedCurrent,Node_1,1.01782495E+03
4.55000000E-04,voltage,Node_1,1.45210044E+04
4.55000000E-04,voltage,Node_2,1.45200890E+04
4.55000000E-04,i1,Line_1_e1,1.01782495E+03
4.55000000E-04,i2,Line_1_e1,-8.94432825E+02
4.60000000E-04,injectedCurrent,Node_1,1.01674616E+03
4.60000000E-04,voltage,Node_1,1.45041827E+04
4.60000000E-04,voltage,Node_2,1.45075483E+04
4.60000000E-04,i1,Line_1_e1,1.01674616E+03
4.60000000E-04,i2,Line_1_e1,-8.93509574E+02
4.65000000E-04,injectedCurrent,Node_1,1.01563692E+03
4.65000000E-04,voltage,Node_1,1.44907565E+04
4.65000000E-04,voltage,Node_2,1.44899181E+04
4.65000000E-04,i1,Line_1_e1,1.01563692E+03
4.65000000E-04,i2,Line_1_e1,-8.92510096E+02
4.70000000E-04,injectedCurrent,Node_1,1.01449880E+03
4.70000000E-04,voltage,Node_1,1.44730280E+04
4.70000000E-04,voltage,Node_2,1.44765569E+04
4.70000000E-04,i1,Line_1_e1,1.01449880E+03
4.70000000E-04,i2,Line_1_e1,-8.91535225E+02
4.75000000E-04,injectedCurrent,Node_1,1.01333330E+03
4.75000000E-04,voltage,Node_1,1.44588234E+04
4.75000000E-04,voltage,Node_2,1.44580488E+04
4.75000000E-04,i1,Line_1_e1,1.01333330E+03
4.75000000E-04,i2,Line_1_e1,-8.90485737E+02
4.80000000E-04,injectedCurrent,Node_1,1.01214185E+03
4.80000000E-04,voltage,Node_1,1.44402728E+04
4.80000000E-04,voltage,Node_2,1.44439558E+04
4.80000000E-04,i1,Line_1_e1,1.01214185E+03
4.80000000E-04,i2,Line_1_e1,-8.89464530E+02
4.85000000E-04,injectedCurrent,Node_1,1.01092580E+03
4.85000000E-04,voltage,Node_1,1.44253736E+04
4.85000000E-04,voltage,Node_2,1.44246506E+04
4.85000000E-04,i1,Line_1_e1,1.01092580E+03
4.85000000E-04,i2,Line_1_e1,-8.88370028E+02
4.90000000E-04,injectedCurrent,Node_1,1.00968645E+03
4.90000000E-04,voltage,Node_1,1.44060777E+04
4.90000000E-04,voltage,Node_2,1.44099063E+04
4.90000000E-04,i1,Line_1_e1,1.00968645E+03
4.90000000E-04,i2,Line_1_e1,-8.87307284E+02
4.95000000E-04,injectedCurrent,Node_1,1.00842503E+03
4.95000000E-04,voltage,Node_1,1.43905601E+04
4.95000000E-04,voltage,Node_2,1.43898773E+04
4.95000000E-04,i1,Line_1_e1,1.00842503E+03
4.95000000E-04,i2,Line_1_e1,-8.86172303E+02
5.00000000E-04,injectedCurrent,Node_1,1.00714271E+03
5.00000000E-04,voltage,Node_1,1.43705884E+04
5.00000000E-04,voltage,Node_2,1.43745553E+04
5.00000000E-04,i1,Line_1_e1,1.00714271E+03
5.00000000E-04,i2,Line_1_e1,-8.85072384E+02
5.05000000E-04,injectedCurrent,Node_1,1.00584062E+03
5.05000000E-04,voltage,Node_1,1.43545217E+04
5.05000000E-04,voltage,Node_2,1.43538688E+04
5.05000000E-04,i1,Line_1_e1,1.00584062E+03
5.05000000E-04,i2,Line_1_e1,-8.83901039E+02
5.10000000E-04,injectedCurrent,Node_1,1.00451983E+03
5.10000000E-04,voltage,Node_1,1.43339375E+04
5.10000000E-04,voltage,Node_2,1.43380360E+04
5.10000000E-04,i1,Line_1_e1,1.00451983E+03
5.10000000E-04,i2,Line_1_e1,-8.82767904E+02
5.15000000E-04,injectedCurrent,Node_1,1.00318134E+03
5.15000000E-04,voltage,Node_1,1.43173849E+04
5.15000000E-04,voltage,Node_2,1.43167522E+04
5.15000000E-04,i1,Line_1_e1,1.00318134E+03
5.15000000E-04,i2,Line_1_e1,-8.81563932E+02
5.20000000E-04,injectedCurrent,Node_1,1.00182613E+03
5.20000000E-04,voltage,Node_1,1.42962452E+04
5.20000000E-04,voltage,Node_2,1.43004696E+04
5.20000000E-04,i1,Line_1_e1,1.00182613E+03
5.20000000E-04,i2,Line_1_e1,-8.80401178E+02
5.25000000E-04,injectedCurrent,Node_1,1.00045512E+03
5.25000000E-04,voltage,Node_1,1.42792643E+04
5.25000000E-04,voltage,Node_2,1.42786428E+04
5.25000000E-04,i1,Line_1_e1,1.00045512E+03
5.25000000E-04,i2,Line_1_e1,-8.79167966E+02
5.30000000E-04,injectedCurrent,Node_1,9.99069195E+02
5.30000000E-04,voltage,Node_1,1.42576210E+04
5.30000000E-04,voltage,Node_2,1.42619660E+04
5.30000000E-04,i1,Line_1_e1,9.99069195E+02
5.30000000E-04,i2,Line_1_e1,-8.77978864E+02
5.35000000E-04,injectedCurrent,Node_1,9.97669186E+02
5.35000000E-04,voltage,Node_1,1.42402641E+04
5.35000000E-04,voltage,Node_2,1.42396455E+04
5.35000000E-04,i1,Line_1_e1,9.97669186E+02
5.35000000E-04,i2,Line_1_e1,-8.76719486E+02
5.40000000E-04,injectedCurrent,Node_1,9.96255896E+02
5.40000000E-04,voltage,Node_1,1.42181640E+04
5.40000000E-04,voltage,Node_2,1.42226252E+04
5.40000000E-04,i1,Line_1_e1,9.96255896E+02
5.40000000E-04,i2,Line_1_e1,-8.75507003E+02
5.45000000E-04,injectedCurrent,Node_1,9.94830082E+02
5.45000000E-04,voltage,Node_1,1.42004791E+04
5.45000000E-04,voltage,Node_2,1.41998555E+04
5.45000000E-04,i1,Line_1_e1,9.94830082E+02
5.45000000E-04,i2,Line_1_e1,-8.74224248E+02
5.50000000E-04,injectedCurrent,Node_1,9.93392472E+02
5.50000000E-04,voltage,Node_1,1.41779646E+04
5.50000000E-04,voltage,Node_2,1.41825380E+04
5.50000000E-04,i1,Line_1_e1,9.93392472E+02
5.50000000E-04,i2,Line_1_e1,-8.72991083E+02
5.55000000E-04,injectedCurrent,Node_1,9.91943754E+02
5.55000000E-04,voltage,Node_1,1.41599952E+04
5.55000000E-04,voltage,Node_2,1.41593594E+04
5.55000000E-04,i1,Line_1_e1,9.91943754E+02
5.55000000E-04,i2,Line_1_e1,-8.71687481E+02
5.60000000E-04,injectedCurrent,Node_1,9.90484588E+02
5.60000000E-04,voltage,Node_1,1.41371046E+04
5.60000000E-04,voltage,Node_2,1.41417869E+04
5.60000000E-04,i1,Line_1_e1,9.90484588E+02
5.60000000E-04,i2,Line_1_e1,-8.70436084E+02
5.65000000E-04,injectedCurrent,Node_1,9.89015598E+02
5.65000000E-04,voltage,Node_1,1.41188905E+04
5.65000000E-04,voltage,Node_2,1.41182358E+04
5.65000000E-04,i1,Line_1_e1,9.89015598E+02
5.65000000E-04,i2,Line_1_e1,-8.69113927E+02
5.70000000E-04,injectedCurrent,Node_1,9.87537384E+02
5.70000000E-04,voltage,Node_1,1.40956586E+04
5.70000000E-04,voltage,Node_2,1.41004468E+04
5.70000000E-04,i1,Line_1_e1,9.87537384E+02
5.70000000E-04,i2,Line_1_e1,-8.67846525E+02
5.75000000E-04,injectedCurrent,Node_1,9.86050512E+02
5.75000000E-04,voltage,Node_1,1.40772360E+04
5.75000000E-04,voltage,Node_2,1.40765560E+04
5.75000000E-04,i1,Line_1_e1,9.86050512E+02
5.75000000E-04,i2,Line_1_e1,-8.66507894E+02
5.80000000E-04,injectedCurrent,Node_1,9.84555526E+02
5.80000000E-04,voltage,Node_1,1.40536941E+04
5.80000000E-04,voltage,Node_2,1.40585858E+04
5.80000000E-04,i1,Line_1_e1,9.84555526E+02
5.80000000E-04,i2,Line_1_e1,-8.65226509E+02
5.85000000E-04,injectedCurrent,Node_1,9.83052942E+02
5.85000000E-04,voltage,Node_1,1.40350962E+04
5.85000000E-04,voltage,Node_2,1.40343849E+04
5.85000000E-04,i1,Line_1_e1,9.83052942E+02
5.85000000E-04,i2,Line_1_e1,-8.63873288E+02
5.90000000E-04,injectedCurrent,Node_1,9.81543250E+02
5.90000000E-04,voltage,Node_1,1.40112726E+04
5.90000000E-04,voltage,Node_2,1.40162656E+04
5.90000000E-04,i1,Line_1_e1,9.81543250E+02
5.90000000E-04,i2,Line_1_e1,-8.62579759E+02
5.95000000E-04,injectedCurrent,Node_1,9.80026920E+02
5.95000000E-04,voltage,Node_1,1.39925296E+04
5.95000000E-04,voltage,Node_2,1.39917814E+04
5.95000000E-04,i1,Line_1_e1,9.80026920E+02
5.95000000E-04,i2,Line_1_e1,-8.61213658E+02
6.00000000E-04,injectedCurrent,Node_1,9.78504398E+02
6.00000000E-04,voltage,Node_1,1.39684498E+04
6.00000000E-04,voltage,Node_2,1.39735425E+04
6.00000000E-04,i1,Line_1_e1,9.78504398E+02
6.00000000E-04,i2,Line_1_e1,-8.59909654E+02
6.05000000E-04,injectedCurrent,Node_1,9.76976108E+02
6.05000000E-04,voltage,Node_1,1.39495894E+04
6.05000000E-04,voltage,Node_2,1.39487990E+04
6.05000000E-04,i1,Line_1_e1,9.76976108E+02
6.05000000E-04,i2,Line_1_e1,-8.58532220E+02
6.10000000E-04,injectedCurrent,Node_1,9.75442456E+02
6.10000000E-04,voltage,Node_1,1.39252765E+04
6.10000000E-04,voltage,Node_2,1.39304674E+04
6.10000000E-04,i1,Line_1_e1,9.75442456E+02
6.10000000E-04,i2,Line_1_e1,-8.57219259E+02
6.15000000E-04,injectedCurrent,Node_1,9.73903827E+02
6.15000000E-04,voltage,Node_1,1.39063238E+04
6.15000000E-04,voltage,Node_2,1.39054863E+04
6.15000000E-04,i1,Line_1_e1,9.73903827E+02
6.15000000E-04,i2,Line_1_e1,-8.55831895E+02
6.20000000E-04,injectedCurrent,Node_1,9.72360589E+02
6.20000000E-04,voltage,Node_1,1.38817985E+04
6.20000000E-04,voltage,Node_2,1.38870866E+04
6.20000000E-04,i1,Line_1_e1,9.72360589E+02
6.20000000E-04,i2,Line_1_e1,-8.54511355E+02
6.25000000E-04,injectedCurrent,Node_1,9.70813090E+02
6.25000000E-04,voltage,Node_1,1.38627768E+04
6.25000000E-04,voltage,Node_2,1.38618873E+04
6.25000000E-04,i1,Line_1_e1,9.70813090E+02
6.25000000E-04,i2,Line_1_e1,-8.53115332E+02
6.30000000E-04,injectedCurrent,Node_1,9.69261665E+02
6.30000000E-04,voltage,Node_1,1.38380577E+04
6.30000000E-04,voltage,Node_2,1.38434421E+04
6.30000000E-04,i1,Line_1_e1,9.69261665E+02
6.30000000E-04,i2,Line_1_e1,-8.51788466E+02
6.35000000E-04,injectedCurrent,Node_1,9.67706631E+02
6.35000000E-04,voltage,Node_1,1.38189880E+04
6.35000000E-04,voltage,Node_2,1.38180421E+04
6.35000000E-04,i1,Line_1_e1,9.67706631E+02
6.35000000E-04,i2,Line_1_e1,-8.50384933E+02
6.40000000E-04,injectedCurrent,Node_1,9.66148289E+02
6.40000000E-04,voltage,Node_1,1.37940920E+04
6.40000000E-04,voltage,Node_2,1.37995722E+04
6.40000000E-04,i1,Line_1_e1,9.66148289E+02
6.40000000E-04,i2,Line_1_e1,-8.49052880E+02
6.45000000E-04,injectedCurrent,Node_1,9.64586927E+02
6.45000000E-04,voltage,Node_1,1.37749937E+04
6.45000000E-04,voltage,Node_2,1.37739872E+04
6.45000000E-04,i1,Line_1_e1,9.64586927E+02
6.45000000E-04,i2,Line_1_e1,-8.47642879E+02
6.50000000E-04,injectedCurrent,Node_1,9.63022820E+02
6.50000000E-04,voltage,Node_1,1.37499359E+04
6.50000000E-04,voltage,Node_2,1.37555114E+04
6.50000000E-04,i1,Line_1_e1,9.63022820E+02
6.50000000E-04,i2,Line_1_e1,-8.46306674E+02
6.55000000E-04,injectedCurrent,Node_1,9.61456229E+02
6.55000000E-04,voltage,Node_1,1.37308266E+04
6.55000000E-04,voltage,Node_2,1.37297554E+04
6.55000000E-04,i1,Line_1_e1,9.61456229E+02
6.55000000E-04,i2,Line_1_e1,-8.44891146E+02
6.60000000E-04,injectedCurrent,Node_1,9.59887401E+02
6.60000000E-04,voltage,Node_1,1.37056205E+04
6.60000000E-04,voltage,Node_2,1.37112913E+04
6.60000000E-04,i1,Line_1_e1,9.59887401E+02
6.60000000E-04,i2,Line_1_e1,-8.43551728E+02
6.65000000E-04,injectedCurrent,Node_1,9.58316573E+02
6.65000000E-04,voltage,Node_1,1.36865166E+04
6.65000000E-04,voltage,Node_2,1.36853769E+04
6.65000000E-04,i1,Line_1_e1,9.58316573E+02
6.65000000E-04,i2,Line_1_e1,-8.42131526E+02
6.70000000E-04,injectedCurrent,Node_1,9.56743971E+02
6.70000000E-04,voltage,Node_1,1.36611743E+04
6.70000000E-04,voltage,Node_2,1.36669404E+04
6.70000000E-04,i1,Line_1_e1,9.56743971E+02
6.70000000E-04,i2,Line_1_e1,-8.40789749E+02
6.75000000E-04,injectedCurrent,Node_1,9.55169809E+02
6.75000000E-04,voltage,Node_1,1.36420907E+04
6.75000000E-04,voltage,Node_2,1.36408788E+04
6.75000000E-04,i1,Line_1_e1,9.55169809E+02
6.75000000E-04,i2,Line_1_e1,-8.39365644E+02
6.80000000E-04,injectedCurrent,Node_1,9.53594291E+02
6.80000000E-04,voltage,Node_1,1.36166231E+04
6.80000000E-04,voltage,Node_2,1.36224846E+04
6.80000000E-04,i1,Line_1_e1,9.53594291E+02
6.80000000E-04,i2,Line_1_e1,-8.38022285E+02
6.85000000E-04,injectedCurrent,Node_1,9.52017611E+02
6.85000000E-04,voltage,Node_1,1.35975733E+04
6.85000000E-04,voltage,Node_2,1.35962858E+04
6.85000000E-04,i1,Line_1_e1,9.52017611E+02
6.85000000E-04,i2,Line_1_e1,-8.36594973E+02
6.90000000E-04,injectedCurrent,Node_1,9.50439954E+02
6.90000000E-04,voltage,Node_1,1.35719902E+04
6.90000000E-04,voltage,Node_2,1.35779474E+04
6.90000000E-04,i1,Line_1_e1,9.50439954E+02
6.90000000E-04,i2,Line_1_e1,-8.35250737E+02
6.95000000E-04,injectedCurrent,Node_1,9.48861497E+02
6.95000000E-04,voltage,Node_1,1.35529868E+04
6.95000000E-04,voltage,Node_2,1.35516203E+04
6.95000000E-04,i1,Line_1_e1,9.48861497E+02
6.95000000E-04,i2,Line_1_e1,-8.33820847E+02
7.00000000E-04,injectedCurrent,Node_1,9.47282407E+02
7.00000000E-04,voltage,Node_1,1.35272969E+04
7.00000000E-04,voltage,Node_2,1.35333501E+04
7.00000000E-04,i1,Line_1_e1,9.47282407E+02
7.00000000E-04,i2,Line_1_e1,-8.32476375E+02
7.05000000E-04,injectedCurrent,Node_1,9.45702843E+02
7.05000000E-04,voltage,Node_1,1.35083514E+04
7.05000000E-04,voltage,Node_2,1.35069027E+04
7.05000000E-04,i1,Line_1_e1,9.45702843E+02
7.05000000E-04,i2,Line_1_e1,-8.31044476E+02
7.10000000E-04,injectedCurrent,Node_1,9.44122957E+02
7.10000000E-04,voltage,Node_1,1.34825623E+04
7.10000000E-04,voltage,Node_2,1.34887122E+04
7.10000000E-04,i1,Line_1_e1,9.44122957E+02
7.10000000E-04,i2,Line_1_e1,-8.29700349E+02
7.15000000E-04,injectedCurrent,Node_1,9.42542894E+02
7.15000000E-04,voltage,Node_1,1.34636853E+04
7.15000000E-04,voltage,Node_2,1.34621513E+04
7.15000000E-04,i1,Line_1_e1,9.42542894E+02
7.15000000E-04,i2,Line_1_e1,-8.28266954E+02
7.20000000E-04,injectedCurrent,Node_1,9.40962791E+02
7.20000000E-04,voltage,Node_1,1.34378039E+04
7.20000000E-04,voltage,Node_2,1.34440511E+04
7.20000000E-04,i1,Line_1_e1,9.40962791E+02
7.20000000E-04,i2,Line_1_e1,-8.26923703E+02
7.25000000E-04,injectedCurrent,Node_1,9.39382778E+02
7.25000000E-04,voltage,Node_1,1.34190051E+04
7.25000000E-04,voltage,Node_2,1.34173831E+04
7.25000000E-04,i1,Line_1_e1,9.39382778E+02
7.25000000E-04,i2,Line_1_e1,-8.25489274E+02
7.30000000E-04,injectedCurrent,Node_1,9.37802980E+02
7.30000000E-04,voltage,Node_1,1.33930377E+04
7.30000000E-04,voltage,Node_2,1.33993827E+04
7.30000000E-04,i1,Line_1_e1,9.37802980E+02
7.30000000E-04,i2,Line_1_e1,-8.24147378E+02
7.35000000E-04,injectedCurrent,Node_1,9.36223516E+02
7.35000000E-04,voltage,Node_1,1.33743259E+04
7.35000000E-04,voltage,Node_2,1.33726131E+04
7.35000000E-04,i1,Line_1_e1,9.36223516E+02
7.35000000E-04,i2,Line_1_e1,-8.22712333E+02
7.40000000E-04,injectedCurrent,Node_1,9.34644498E+02
7.40000000E-04,voltage,Node_1,1.33482779E+04
7.40000000E-04,voltage,Node_2,1.33547214E+04
7.40000000E-04,i1,Line_1_e1,9.34644498E+02
7.40000000E-04,i2,Line_1_e1,-8.21372228E+02
7.45000000E-04,injectedCurrent,Node_1,9.33066032E+02
7.45000000E-04,voltage,Node_1,1.33296613E+04
7.45000000E-04,voltage,Node_2,1.33278551E+04
7.45000000E-04,i1,Line_1_e1,9.33066032E+02
7.45000000E-04,i2,Line_1_e1,-8.19936945E+02
7.50000000E-04,injectedCurrent,Node_1,9.31488222E+02
7.50000000E-04,voltage,Node_1,1.33035375E+04
7.50000000E-04,voltage,Node_2,1.33100803E+04
7.50000000E-04,i1,Line_1_e1,9.31488222E+02
7.50000000E-04,i2,Line_1_e1,-8.18599027E+02
7.55000000E-04,injectedCurrent,Node_1,9.29911162E+02
7.55000000E-04,voltage,Node_1,1.32850236E+04
7.55000000E-04,voltage,Node_2,1.32831217E+04
7.55000000E-04,i1,Line_1_e1,9.29911162E+02
7.55000000E-04,i2,Line_1_e1,-8.17163843E+02
7.60000000E-04,injectedCurrent,Node_1,9.28334947E+02
7.60000000E-04,voltage,Node_1,1.32588284E+04
7.60000000E-04,voltage,Node_2,1.32654713E+04
7.60000000E-04,i1,Line_1_e1,9.28334947E+02
7.60000000E-04,i2,Line_1_e1,-8.15828471E+02
7.65000000E-04,injectedCurrent,Node_1,9.26759662E+02
7.65000000E-04,voltage,Node_1,1.32404241E+04
7.65000000E-04,voltage,Node_2,1.32384240E+04
7.65000000E-04,i1,Line_1_e1,9.26759662E+02
7.65000000E-04,i2,Line_1_e1,-8.14393694E+02
7.70000000E-04,injectedCurrent,Node_1,9.25185391E+02
7.70000000E-04,voltage,Node_1,1.32141614E+04
7.70000000E-04,voltage,Node_2,1.32209050E+04
7.70000000E-04,i1,Line_1_e1,9.25185391E+02
7.70000000E-04,i2,Line_1_e1,-8.13061192E+02
7.75000000E-04,injectedCurrent,Node_1,9.23612214E+02
7.75000000E-04,voltage,Node_1,1.31958728E+04
7.75000000E-04,voltage,Node_2,1.31937725E+04
7.75000000E-04,i1,Line_1_e1,9.23612214E+02
7.75000000E-04,i2,Line_1_e1,-8.11627097E+02
7.80000000E-04,injectedCurrent,Node_1,9.22040205E+02
7.80000000E-04,voltage,Node_1,1.31695459E+04
7.80000000E-04,voltage,Node_2,1.31763910E+04
7.80000000E-04,i1,Line_1_e1,9.22040205E+02
7.80000000E-04,i2,Line_1_e1,-8.10297761E+02
7.85000000E-04,injectedCurrent,Node_1,9.20469436E+02
7.85000000E-04,voltage,Node_1,1.31513789E+04
7.85000000E-04,voltage,Node_2,1.31491763E+04
7.85000000E-04,i1,Line_1_e1,9.20469436E+02
7.85000000E-04,i2,Line_1_e1,-8.08864596E+02
7.90000000E-04,injectedCurrent,Node_1,9.18899974E+02
7.90000000E-04,voltage,Node_1,1.31249910E+04
7.90000000E-04,voltage,Node_2,1.31319382E+04
7.90000000E-04,i1,Line_1_e1,9.18899974E+02
7.90000000E-04,i2,Line_1_e1,-8.07538692E+02
7.95000000E-04,injectedCurrent,Node_1,9.17331883E+02
7.95000000E-04,voltage,Node_1,1.31069507E+04
7.95000000E-04,voltage,Node_2,1.31046440E+04
7.95000000E-04,i1,Line_1_e1,9.17331883E+02
7.95000000E-04,i2,Line_1_e1,-8.06106681E+02
8.00000000E-04,injectedCurrent,Node_1,9.15765226E+02
8.00000000E-04,voltage,Node_1,1.30805045E+04
8.00000000E-04,voltage,Node_2,1.30875544E+04
8.00000000E-04,i1,Line_1_e1,9.15765226E+02
8.00000000E-04,i2,Line_1_e1,-8.04784449E+02
8.05000000E-04,injectedCurrent,Node_1,9.14200060E+02
8.05000000E-04,voltage,Node_1,1.30625956E+04
8.05000000E-04,voltage,Node_2,1.30601832E+04
8.05000000E-04,i1,Line_1_e1,9.14200060E+02
8.05000000E-04,i2,Line_1_e1,-8.03353794E+02
8.10000000E-04,injectedCurrent,Node_1,9.12636440E+02
8.10000000E-04,voltage,Node_1,1.30360936E+04
8.10000000E-04,voltage,Node_2,1.30432467E+04
8.10000000E-04,i1,Line_1_e1,9.12636440E+02
8.10000000E-04,i2,Line_1_e1,-8.02035451E+02
8.15000000E-04,injectedCurrent,Node_1,9.11074418E+02
8.15000000E-04,voltage,Node_1,1.30183204E+04
8.15000000E-04,voltage,Node_2,1.30158007E+04
8.15000000E-04,i1,Line_1_e1,9.11074418E+02
8.15000000E-04,i2,Line_1_e1,-8.00606334E+02
8.20000000E-04,injectedCurrent,Node_1,9.09514044E+02
8.20000000E-04,voltage,Node_1,1.29917649E+04
8.20000000E-04,voltage,Node_2,1.29990217E+04
8.20000000E-04,i1,Line_1_e1,9.09514044E+02
8.20000000E-04,i2,Line_1_e1,-7.99292076E+02
8.25000000E-04,injectedCurrent,Node_1,9.07955366E+02
8.25000000E-04,voltage,Node_1,1.29741310E+04
8.25000000E-04,voltage,Node_2,1.29715029E+04
8.25000000E-04,i1,Line_1_e1,9.07955366E+02
8.25000000E-04,i2,Line_1_e1,-7.97864661E+02
8.30000000E-04,injectedCurrent,Node_1,9.06398427E+02
8.30000000E-04,voltage,Node_1,1.29475242E+04
8.30000000E-04,voltage,Node_2,1.29548850E+04
8.30000000E-04,i1,Line_1_e1,9.06398427E+02
8.30000000E-04,i2,Line_1_e1,-7.96554662E+02
8.35000000E-04,injectedCurrent,Node_1,9.04843271E+02
8.35000000E-04,voltage,Node_1,1.29300331E+04
8.35000000E-04,voltage,Node_2,1.29272954E+04
8.35000000E-04,i1,Line_1_e1,9.04843271E+02
8.35000000E-04,i2,Line_1_e1,-7.95129099E+02
8.40000000E-04,injectedCurrent,Node_1,9.03289937E+02
8.40000000E-04,voltage,Node_1,1.29033769E+04
8.40000000E-04,voltage,Node_2,1.29108420E+04
8.40000000E-04,i1,Line_1_e1,9.03289937E+02
8.40000000E-04,i2,Line_1_e1,-7.93823515E+02
8.45000000E-04,injectedCurrent,Node_1,9.01738463E+02
8.45000000E-04,voltage,Node_1,1.28860315E+04
8.45000000E-04,voltage,Node_2,1.28831834E+04
8.45000000E-04,i1,Line_1_e1,9.01738463E+02
8.45000000E-04,i2,Line_1_e1,-7.92399938E+02
8.50000000E-04,injectedCurrent,Node_1,9.00188886E+02
8.50000000E-04,voltage,Node_1,1.28593279E+04
8.50000000E-04,voltage,Node_2,1.28668972E+04
8.50000000E-04,i1,Line_1_e1,9.00188886E+02
8.50000000E-04,i2,Line_1_e1,-7.91098909E+02
8.55000000E-04,injectedCurrent,Node_1,8.98641239E+02
8.55000000E-04,voltage,Node_1,1.28421307E+04
8.55000000E-04,voltage,Node_2,1.28391715E+04
8.55000000E-04,i1,Line_1_e1,8.98641239E+02
8.55000000E-04,i2,Line_1_e1,-7.89677442E+02
8.60000000E-04,injectedCurrent,Node_1,8.97095556E+02
8.60000000E-04,voltage,Node_1,1.28153816E+04
8.60000000E-04,voltage,Node_2,1.28230548E+04
8.60000000E-04,i1,Line_1_e1,8.97095556E+02
8.60000000E-04,i2,Line_1_e1,-7.88381089E+02
8.65000000E-04,injectedCurrent,Node_1,8.95551865E+02
8.65000000E-04,voltage,Node_1,1.27983345E+04
8.65000000E-04,voltage,Node_2,1.27952639E+04
8.65000000E-04,i1,Line_1_e1,8.95551865E+02
8.65000000E-04,i2,Line_1_e1,-7.86961844E+02
8.70000000E-04,injectedCurrent,Node_1,8.94010197E+02
8.70000000E-04,voltage,Node_1,1.27715418E+04
8.70000000E-04,voltage,Node_2,1.27793187E+04
8.70000000E-04,i1,Line_1_e1,8.94010197E+02
8.70000000E-04,i2,Line_1_e1,-7.85670275E+02
8.75000000E-04,injectedCurrent,Node_1,8.92470579E+02
8.75000000E-04,voltage,Node_1,1.27546466E+04
8.75000000E-04,voltage,Node_2,1.27514645E+04
8.75000000E-04,i1,Line_1_e1,8.92470579E+02
8.75000000E-04,i2,Line_1_e1,-7.84253356E+02
8.80000000E-04,injectedCurrent,Node_1,8.90933037E+02
8.80000000E-04,voltage,Node_1,1.27278122E+04
8.80000000E-04,voltage,Node_2,1.27356922E+04
8.80000000E-04,i1,Line_1_e1,8.90933037E+02
8.80000000E-04,i2,Line_1_e1,-7.82966665E+02
8.85000000E-04,injectedCurrent,Node_1,8.89397595E+02
8.85000000E-04,voltage,Node_1,1.27110701E+04
8.85000000E-04,voltage,Node_2,1.27077767E+04
8.85000000E-04,i1,Line_1_e1,8.89397595E+02
8.85000000E-04,i2,Line_1_e1,-7.81552168E+02
8.90000000E-04,injectedCurrent,Node_1,8.87864276E+02
8.90000000E-04,voltage,Node_1,1.26841960E+04
8.90000000E-04,voltage,Node_2,1.26921781E+04
8.90000000E-04,i1,Line_1_e1,8.87864276E+02
8.90000000E-04,i2,Line_1_e1,-7.80270434E+02
8.95000000E-04,injectedCurrent,Node_1,8.86333102E+02
8.95000000E-04,voltage,Node_1,1.26676078E+04
8.95000000E-04,voltage,Node_2,1.26642037E+04
8.95000000E-04,i1,Line_1_e1,8.86333102E+02
8.95000000E-04,i2,Line_1_e1,-7.78858447E+02
9.00000000E-04,injectedCurrent,Node_1,8.84804094E+02
9.00000000E-04,voltage,Node_1,1.26406961E+04
9.00000000E-04,voltage,Node_2,1.26487793E+04
9.00000000E-04,i1,Line_1_e1,8.84804094E+02
9.00000000E-04,i2,Line_1_e1,-7.77581737E+02
9.05000000E-04,injectedCurrent,Node_1,8.83277270E+02
9.05000000E-04,voltage,Node_1,1.26242622E+04
9.05000000E-04,voltage,Node_2,1.26207482E+04
9.05000000E-04,i1,Line_1_e1,8.83277270E+02
9.05000000E-04,i2,Line_1_e1,-7.76172345E+02
9.10000000E-04,injectedCurrent,Node_1,8.81752650E+02
9.10000000E-04,voltage,Node_1,1.25973153E+04
9.10000000E-04,voltage,Node_2,1.26054980E+04
9.10000000E-04,i1,Line_1_e1,8.81752650E+02
9.10000000E-04,i2,Line_1_e1,-7.74900713E+02
9.15000000E-04,injectedCurrent,Node_1,8.80230251E+02
9.15000000E-04,voltage,Node_1,1.25810354E+04
9.15000000E-04,voltage,Node_2,1.25774129E+04
9.15000000E-04,i1,Line_1_e1,8.80230251E+02
9.15000000E-04,i2,Line_1_e1,-7.73493997E+02
9.20000000E-04,injectedCurrent,Node_1,8.78710088E+02
9.20000000E-04,voltage,Node_1,1.25540558E+04
9.20000000E-04,voltage,Node_2,1.25623362E+04
9.20000000E-04,i1,Line_1_e1,8.78710088E+02
9.20000000E-04,i2,Line_1_e1,-7.72227484E+02
9.25000000E-04,injectedCurrent,Node_1,8.77192177E+02
9.25000000E-04,voltage,Node_1,1.25379295E+04
9.25000000E-04,voltage,Node_2,1.25342001E+04
9.25000000E-04,i1,Line_1_e1,8.77192177E+02
9.25000000E-04,i2,Line_1_e1,-7.70823522E+02
9.30000000E-04,injectedCurrent,Node_1,8.75676532E+02
9.30000000E-04,voltage,Node_1,1.25109200E+04
9.30000000E-04,voltage,Node_2,1.25192957E+04
9.30000000E-04,i1,Line_1_e1,8.75676532E+02
9.30000000E-04,i2,Line_1_e1,-7.69562160E+02
9.35000000E-04,injectedCurrent,Node_1,8.74163166E+02
9.35000000E-04,voltage,Node_1,1.24949461E+04
9.35000000E-04,voltage,Node_2,1.24911120E+04
9.35000000E-04,i1,Line_1_e1,8.74163166E+02
9.35000000E-04,i2,Line_1_e1,-7.68161027E+02
9.40000000E-04,injectedCurrent,Node_1,8.72652093E+02
9.40000000E-04,voltage,Node_1,1.24679097E+04
9.40000000E-04,voltage,Node_2,1.24763781E+04
9.40000000E-04,i1,Line_1_e1,8.72652093E+02
9.40000000E-04,i2,Line_1_e1,-7.66904834E+02
9.45000000E-04,injectedCurrent,Node_1,8.71143323E+02
9.45000000E-04,voltage,Node_1,1.24520867E+04
9.45000000E-04,voltage,Node_2,1.24481504E+04
9.45000000E-04,i1,Line_1_e1,8.71143323E+02
9.45000000E-04,i2,Line_1_e1,-7.65506605E+02
9.50000000E-04,injectedCurrent,Node_1,8.69636869E+02
9.50000000E-04,voltage,Node_1,1.24250267E+04
9.50000000E-04,voltage,Node_2,1.24335847E+04
9.50000000E-04,i1,Line_1_e1,8.69636869E+02
9.50000000E-04,i2,Line_1_e1,-7.64255589E+02
9.55000000E-04,injectedCurrent,Node_1,8.68132740E+02
9.55000000E-04,voltage,Node_1,1.24093524E+04
9.55000000E-04,voltage,Node_2,1.24053171E+04
9.55000000E-04,i1,Line_1_e1,8.68132740E+02
9.55000000E-04,i2,Line_1_e1,-7.62860340E+02
9.60000000E-04,injectedCurrent,Node_1,8.66630945E+02
9.60000000E-04,voltage,Node_1,1.23822728E+04
9.60000000E-04,voltage,Node_2,1.23909166E+04
9.60000000E-04,i1,Line_1_e1,8.66630945E+02
9.60000000E-04,i2,Line_1_e1,-7.61614498E+02
9.65000000E-04,injectedCurrent,Node_1,8.65131494E+02
9.65000000E-04,voltage,Node_1,1.23667444E+04
9.65000000E-04,voltage,Node_2,1.23626139E+04
9.65000000E-04,i1,Line_1_e1,8.65131494E+02
9.65000000E-04,i2,Line_1_e1,-7.60222306E+02
9.70000000E-04,injectedCurrent,Node_1,8.63634396E+02
9.70000000E-04,voltage,Node_1,1.23396493E+04
9.70000000E-04,voltage,Node_2,1.23483747E+04
9.70000000E-04,i1,Line_1_e1,8.63634396E+02
9.70000000E-04,i2,Line_1_e1,-7.58981622E+02
9.75000000E-04,injectedCurrent,Node_1,8.62139657E+02
9.75000000E-04,voltage,Node_1,1.23242636E+04
9.75000000E-04,voltage,Node_2,1.23200421E+04
9.75000000E-04,i1,Line_1_e1,8.62139657E+02
9.75000000E-04,i2,Line_1_e1,-7.57592566E+02
9.80000000E-04,injectedCurrent,Node_1,8.60647285E+02
9.80000000E-04,voltage,Node_1,1.22971577E+04
9.80000000E-04,voltage,Node_2,1.23059598E+04
9.80000000E-04,i1,Line_1_e1,8.60647285E+02
9.80000000E-04,i2,Line_1_e1,-7.56357013E+02
9.85000000E-04,injectedCurrent,Node_1,8.59157286E+02
9.85000000E-04,voltage,Node_1,1.22819105E+04
9.85000000E-04,voltage,Node_2,1.22776032E+04
9.85000000E-04,i1,Line_1_e1,8.59157286E+02
9.85000000E-04,i2,Line_1_e1,-7.54971177E+02
9.90000000E-04,injectedCurrent,Node_1,8.57669668E+02
9.90000000E-04,voltage,Node_1,1.22547992E+04
9.90000000E-04,voltage,Node_2,1.22636724E+04
9.90000000E-04,i1,Line_1_e1,8.57669668E+02
9.90000000E-04,i2,Line_1_e1,-7.53740717E+02
9.95000000E-04,injectedCurrent,Node_1,8.56184434E+02
9.95000000E-04,voltage,Node_1,1.22396859E+04
9.95000000E-04,voltage,Node_2,1.22352984E+04
9.95000000E-04,i1,Line_1_e1,8.56184434E+02
9.95000000E-04,i2,Line_1_e1,-7.52358188E+02
1.00000000E-03,injectedCurrent,Node_1,8.54701591E+02
1.00000000E-03,voltage,Node_1,1.22125749E+04
1.00000000E-03,voltage,Node_2,1.22215129E+04
1.00000000E-03,i1,Line_1_e1,8.54701591E+02
1.00000000E-03,i2,Line_1_e1,-7.51132770E+02
1.00500000E-03,injectedCurrent,Node_1,8.53221143E+02
1.00500000E-03,voltage,Node_1,1.21975901E+04
1.00500000E-03,voltage,Node_2,1.21931289E+04
1.00500000E-03,i1,Line_1_e1,8.53221143E+02
1.00500000E-03,i2,Line_1_e1,-7.49753640E+02
1.01000000E-03,injectedCurrent,Node_1,8.51743095E+02
1.01000000E-03,voltage,Node_1,1.21704859E+04
1.01000000E-03,voltage,Node_2,1.21794817E+04
1.01000000E-03,i1,Line_1_e1,8.51743095E+02
1.01000000E-03,i2,Line_1_e1,-7.48533202E+02
1.01500000E-03,injectedCurrent,Node_1,8.50267450E+02
1.01500000E-03,voltage,Node_1,1.21556233E+04
1.01500000E-03,voltage,Node_2,1.21510959E+04
1.01500000E-03,i1,Line_1_e1,8.50267450E+02
1.01500000E-03,i2,Line_1_e1,-7.47157572E+02
1.02000000E-03,injectedCurrent,Node_1,8.48794211E+02
1.02000000E-03,voltage,Node_1,1.21285332E+04
1.02000000E-03,voltage,Node_2,1.21375788E+04
1.02000000E-03,i1,Line_1_e1,8.48794211E+02
1.02000000E-03,i2,Line_1_e1,-7.45942036E+02
1.02500000E-03,injectedCurrent,Node_1,8.47323383E+02
1.02500000E-03,voltage,Node_1,1.21137857E+04
1.02500000E-03,voltage,Node_2,1.21092003E+04
1.02500000E-03,i1,Line_1_e1,8.47323383E+02
1.02500000E-03,i2,Line_1_e1,-7.44570012E+02
1.03000000E-03,injectedCurrent,Node_1,8.45854967E+02
1.03000000E-03,voltage,Node_1,1.20867178E+04
1.03000000E-03,voltage,Node_2,1.20958042E+04
1.03000000E-03,i1,Line_1_e1,8.45854967E+02
1.03000000E-03,i2,Line_1_e1,-7.43359291E+02
1.03500000E-03,injectedCurrent,Node_1,8.44388966E+02
1.03500000E-03,voltage,Node_1,1.20720773E+04
1.03500000E-03,voltage,Node_2,1.20674433E+04
1.03500000E-03,i1,Line_1_e1,8.44388966E+02
1.03500000E-03,i2,Line_1_e1,-7.41990990E+02
1.04000000E-03,injectedCurrent,Node_1,8.42925383E+02
1.04000000E-03,voltage,Node_1,1.20450406E+04
1.04000000E-03,voltage,Node_2,1.20541578E+04
1.04000000E-03,i1,Line_1_e1,8.42925383E+02
1.04000000E-03,i2,Line_1_e1,-7.40784978E+02
1.04500000E-03,injectedCurrent,Node_1,8.41464218E+02
1.04500000E-03,voltage,Node_1,1.20304981E+04
1.04500000E-03,voltage,Node_2,1.20258257E+04
1.04500000E-03,i1,Line_1_e1,8.41464218E+02
1.04500000E-03,i2,Line_1_e1,-7.39420525E+02
1.05000000E-03,injectedCurrent,Node_1,8.40005474E+02
1.05000000E-03,voltage,Node_1,1.20035023E+04
1.05000000E-03,voltage,Node_2,1.20126394E+04
1.05000000E-03,i1,Line_1_e1,8.40005474E+02
1.05000000E-03,i2,Line_1_e1,-7.38219106E+02
1.05500000E-03,injectedCurrent,Node_1,8.38549152E+02
1.05500000E-03,voltage,Node_1,1.19890478E+04
1.05500000E-03,voltage,Node_2,1.19843485E+04
1.05500000E-03,i1,Line_1_e1,8.38549152E+02
1.05500000E-03,i2,Line_1_e1,-7.36858638E+02
1.06000000E-03,injectedCurrent,Node_1,8.37095253E+02
1.06000000E-03,voltage,Node_1,1.19621038E+04
1.06000000E-03,voltage,Node_2,1.19712486E+04
1.06000000E-03,i1,Line_1_e1,8.37095253E+02
1.06000000E-03,i2,Line_1_e1,-7.35661676E+02
1.06500000E-03,injectedCurrent,Node_1,8.35643777E+02
1.06500000E-03,voltage,Node_1,1.19477260E+04
1.06500000E-03,voltage,Node_2,1.19430127E+04
1.06500000E-03,i1,Line_1_e1,8.35643777E+02
1.06500000E-03,i2,Line_1_e1,-7.34305343E+02
1.07000000E-03,injectedCurrent,Node_1,8.34194726E+02
1.07000000E-03,voltage,Node_1,1.19208460E+04
1.07000000E-03,voltage,Node_2,1.19299849E+04
1.07000000E-03,i1,Line_1_e1,8.34194726E+02
1.07000000E-03,i2,Line_1_e1,-7.33112688E+02
1.07500000E-03,injectedCurrent,Node_1,8.32748099E+02
1.07500000E-03,voltage,Node_1,1.19065324E+04
1.07500000E-03,voltage,Node_2,1.19018192E+04
1.07500000E-03,i1,Line_1_e1,8.32748099E+02
1.07500000E-03,i2,Line_1_e1,-7.31760653E+02
1.08000000E-03,injectedCurrent,Node_1,8.31303896E+02
1.08000000E-03,voltage,Node_1,1.18797295E+04
1.08000000E-03,voltage,Node_2,1.18888476E+04
1.08000000E-03,i1,Line_1_e1,8.31303896E+02
1.08000000E-03,i2,Line_1_e1,-7.30572137E+02
1.08500000E-03,injectedCurrent,Node_1,8.29862118E+02
1.08500000E-03,voltage,Node_1,1.18654665E+04
1.08500000E-03,voltage,Node_2,1.18607689E+04
1.08500000E-03,i1,Line_1_e1,8.29862118E+02
1.08500000E-03,i2,Line_1_e1,-7.29224577E+02
1.09000000E-03,injectedCurrent,Node_1,8.28422764E+02
1.09000000E-03,voltage,Node_1,1.18387552E+04
1.09000000E-03,voltage,Node_2,1.18478362E+04
1.09000000E-03,i1,Line_1_e1,8.28422764E+02
1.09000000E-03,i2,Line_1_e1,-7.28040013E+02
1.09500000E-03,injectedCurrent,Node_1,8.26985834E+02
1.09500000E-03,voltage,Node_1,1.18245275E+04
1.09500000E-03,voltage,Node_2,1.18198627E+04
1.09500000E-03,i1,Line_1_e1,8.26985834E+02
1.09500000E-03,i2,Line_1_e1,-7.26697124E+02
1.10000000E-03,injectedCurrent,Node_1,8.25551327E+02
1.10000000E-03,voltage,Node_1,1.17979239E+04
1.10000000E-03,voltage,Node_2,1.18069496E+04
1.10000000E-03,i1,Line_1_e1,8.25551327E+02
1.10000000E-03,i2,Line_1_e1,-7.25516304E+02
1.10500000E-03,injectedCurrent,Node_1,8.24119242E+02
1.10500000E-03,voltage,Node_1,1.17837148E+04
1.10500000E-03,voltage,Node_2,1.17791016E+04
1.10500000E-03,i1,Line_1_e1,8.24119242E+02
1.10500000E-03,i2,Line_1_e1,-7.24178298E+02
1.11000000E-03,injectedCurrent,Node_1,8.22689578E+02
1.11000000E-03,voltage,Node_1,1.17572363E+04
1.11000000E-03,voltage,Node_2,1.17661871E+04
1.11000000E-03,i1,Line_1_e1,8.22689578E+02
1.11000000E-03,i2,Line_1_e1,-7.23000996E+02
1.11500000E-03,injectedCurrent,Node_1,8.21262335E+02
1.11500000E-03,voltage,Node_1,1.17430276E+04
1.11500000E-03,voltage,Node_2,1.17384866E+04
1.11500000E-03,i1,Line_1_e1,8.21262335E+02
1.11500000E-03,i2,Line_1_e1,-7.21668106E+02
1.12000000E-03,injectedCurrent,Node_1,8.19837510E+02
1.12000000E-03,voltage,Node_1,1.17166934E+04
1.12000000E-03,voltage,Node_2,1.17255475E+04
1.12000000E-03,i1,Line_1_e1,8.19837510E+02
1.12000000E-03,i2,Line_1_e1,-7.20494069E+02
1.12500000E-03,injectedCurrent,Node_1,8.18415102E+02
1.12500000E-03,voltage,Node_1,1.17024648E+04
1.12500000E-03,voltage,Node_2,1.16980187E+04
1.12500000E-03,i1,Line_1_e1,8.18415102E+02
1.12500000E-03,i2,Line_1_e1,-7.19166548E+02
1.13000000E-03,injectedCurrent,Node_1,8.16995110E+02
1.13000000E-03,voltage,Node_1,1.16762959E+04
1.13000000E-03,voltage,Node_2,1.16850297E+04
1.13000000E-03,i1,Line_1_e1,8.16995110E+02
1.13000000E-03,i2,Line_1_e1,-7.17995502E+02
1.13500000E-03,injectedCurrent,Node_1,8.15577533E+02
1.13500000E-03,voltage,Node_1,1.16620255E+04
1.13500000E-03,voltage,Node_2,1.16576990E+04
1.13500000E-03,i1,Line_1_e1,8.15577533E+02
1.13500000E-03,i2,Line_1_e1,-7.16673628E+02
1.14000000E-03,injectedCurrent,Node_1,8.14162368E+02
1.14000000E-03,voltage,Node_1,1.16360448E+04
1.14000000E-03,voltage,Node_2,1.16446323E+04
1.14000000E-03,i1,Line_1_e1,8.14162368E+02
1.14000000E-03,i2,Line_1_e1,-7.15505271E+02
1.14500000E-03,injectedCurrent,Node_1,8.12749613E+02
1.14500000E-03,voltage,Node_1,1.16217085E+04
1.14500000E-03,voltage,Node_2,1.16175286E+04
1.14500000E-03,i1,Line_1_e1,8.12749613E+02
1.14500000E-03,i2,Line_1_e1,-7.14189346E+02
1.15000000E-03,injectedCurrent,Node_1,8.11339267E+02
1.15000000E-03,voltage,Node_1,1.15959409E+04
1.15000000E-03,voltage,Node_2,1.16043540E+04
1.15000000E-03,i1,Line_1_e1,8.11339267E+02
1.15000000E-03,i2,Line_1_e1,-7.13023350E+02
1.15500000E-03,injectedCurrent,Node_1,8.09931327E+02
1.15500000E-03,voltage,Node_1,1.15815126E+04
1.15500000E-03,voltage,Node_2,1.15775087E+04
1.15500000E-03,i1,Line_1_e1,8.09931327E+02
1.15500000E-03,i2,Line_1_e1,-7.11713703E+02
1.16000000E-03,injectedCurrent,Node_1,8.08525792E+02
1.16000000E-03,voltage,Node_1,1.15559854E+04
1.16000000E-03,voltage,Node_2,1.15641933E+04
1.16000000E-03,i1,Line_1_e1,8.08525792E+02
1.16000000E-03,i2,Line_1_e1,-7.10549710E+02
1.16500000E-03,injectedCurrent,Node_1,8.07122658E+02
1.16500000E-03,voltage,Node_1,1.15414364E+04
1.16500000E-03,voltage,Node_2,1.15376406E+04
1.16500000E-03,i1,Line_1_e1,8.07122658E+02
1.16500000E-03,i2,Line_1_e1,-7.09246700E+02
1.17000000E-03,injectedCurrent,Node_1,8.05721925E+02
1.17000000E-03,voltage,Node_1,1.15161792E+04
1.17000000E-03,voltage,Node_2,1.15241484E+04
1.17000000E-03,i1,Line_1_e1,8.05721925E+02
1.17000000E-03,i2,Line_1_e1,-7.08084318E+02
1.17500000E-03,injectedCurrent,Node_1,8.04323588E+02
1.17500000E-03,voltage,Node_1,1.15014785E+04
1.17500000E-03,voltage,Node_2,1.14979256E+04
1.17500000E-03,i1,Line_1_e1,8.04323588E+02
1.17500000E-03,i2,Line_1_e1,-7.06788336E+02
1.18000000E-03,injectedCurrent,Node_1,8.02927646E+02
1.18000000E-03,voltage,Node_1,1.14765234E+04
1.18000000E-03,voltage,Node_2,1.14842175E+04
1.18000000E-03,i1,Line_1_e1,8.02927646E+02
1.18000000E-03,i2,Line_1_e1,-7.05627141E+02
1.18500000E-03,injectedCurrent,Node_1,8.01534096E+02
1.18500000E-03,voltage,Node_1,1.14616372E+04
1.18500000E-03,voltage,Node_2,1.14583653E+04
1.18500000E-03,i1,Line_1_e1,8.01534096E+02
1.18500000E-03,i2,Line_1_e1,-7.04338612E+02
1.19000000E-03,injectedCurrent,Node_1,8.00142936E+02
1.19000000E-03,voltage,Node_1,1.14370194E+04
1.19000000E-03,voltage,Node_2,1.14443989E+04
1.19000000E-03,i1,Line_1_e1,8.00142936E+02
1.19000000E-03,i2,Line_1_e1,-7.03178143E+02
1.19500000E-03,injectedCurrent,Node_1,7.98754162E+02
1.19500000E-03,voltage,Node_1,1.14219109E+04
1.19500000E-03,voltage,Node_2,1.14189610E+04
1.19500000E-03,i1,Line_1_e1,7.98754162E+02
1.19500000E-03,i2,Line_1_e1,-7.01897528E+02
1.20000000E-03,injectedCurrent,Node_1,7.97367772E+02
1.20000000E-03,voltage,Node_1,1.13976683E+04
1.20000000E-03,voltage,Node_2,1.14046902E+04
1.20000000E-03,i1,Line_1_e1,7.97367772E+02
1.20000000E-03,i2,Line_1_e1,-7.00737285E+02
1.20500000E-03,injectedCurrent,Node_1,7.95983763E+02
1.20500000E-03,voltage,Node_1,1.13822977E+04
1.20500000E-03,voltage,Node_2,1.13797147E+04
1.20500000E-03,i1,Line_1_e1,7.95983763E+02
1.20500000E-03,i2,Line_1_e1,-6.99465085E+02
1.21000000E-03,injectedCurrent,Node_1,7.94602133E+02
1.21000000E-03,voltage,Node_1,1.13584716E+04
1.21000000E-03,voltage,Node_2,1.13650893E+04
1.21000000E-03,i1,Line_1_e1,7.94602133E+02
1.21000000E-03,i2,Line_1_e1,-6.98304526E+02
1.21500000E-03,injectedCurrent,Node_1,7.93222877E+02
1.21500000E-03,voltage,Node_1,1.13427957E+04
1.21500000E-03,voltage,Node_2,1.13406279E+04
1.21500000E-03,i1,Line_1_e1,7.93222877E+02
1.21500000E-03,i2,Line_1_e1,-6.97041286E+02
1.22000000E-03,injectedCurrent,Node_1,7.91845994E+02
1.22000000E-03,voltage,Node_1,1.13194308E+04
1.22000000E-03,voltage,Node_2,1.13255939E+04
1.22000000E-03,i1,Line_1_e1,7.91845994E+02
1.22000000E-03,i2,Line_1_e1,-6.95879822E+02
1.22500000E-03,injectedCurrent,Node_1,7.90471480E+02
1.22500000E-03,voltage,Node_1,1.13034026E+04
1.22500000E-03,voltage,Node_2,1.13017027E+04
1.22500000E-03,i1,Line_1_e1,7.90471480E+02
1.22500000E-03,i2,Line_1_e1,-6.94626133E+02
1.23000000E-03,injectedCurrent,Node_1,7.89099332E+02
1.23000000E-03,voltage,Node_1,1.12805474E+04
1.23000000E-03,voltage,Node_2,1.12862013E+04
1.23000000E-03,i1,Line_1_e1,7.89099332E+02
1.23000000E-03,i2,Line_1_e1,-6.93463128E+02
1.23500000E-03,injectedCurrent,Node_1,7.87729546E+02
1.23500000E-03,voltage,Node_1,1.12641164E+04
1.23500000E-03,voltage,Node_2,1.12629412E+04
1.23500000E-03,i1,Line_1_e1,7.87729546E+02
1.23500000E-03,i2,Line_1_e1,-6.92219629E+02
1.24000000E-03,injectedCurrent,Node_1,7.86362121E+02
1.24000000E-03,voltage,Node_1,1.12418233E+04
1.24000000E-03,voltage,Node_2,1.12469087E+04
1.24000000E-03,i1,Line_1_e1,7.86362121E+02
1.24000000E-03,i2,Line_1_e1,-6.91054395E+02
1.24500000E-03,injectedCurrent,Node_1,7.84997052E+02
1.24500000E-03,voltage,Node_1,1.12249345E+04
1.24500000E-03,voltage,Node_2,1.12243456E+04
1.24500000E-03,i1,Line_1_e1,7.84997052E+02
1.24500000E-03,i2,Line_1_e1,-6.89821780E+02
1.25000000E-03,injectedCurrent,Node_1,7.83634336E+02
1.25000000E-03,voltage,Node_1,1.12032603E+04
1.25000000E-03,voltage,Node_2,1.12077132E+04
1.25000000E-03,i1,Line_1_e1,7.83634336E+02
1.25000000E-03,i2,Line_1_e1,-6.88653574E+02
1.25500000E-03,injectedCurrent,Node_1,7.82273971E+02
1.25500000E-03,voltage,Node_1,1.11858544E+04
1.25500000E-03,voltage,Node_2,1.11859183E+04
1.25500000E-03,i1,Line_1_e1,7.82273971E+02
1.25500000E-03,i2,Line_1_e1,-6.87432593E+02
1.26000000E-03,injectedCurrent,Node_1,7.80915952E+02
1.26000000E-03,voltage,Node_1,1.11648605E+04
1.26000000E-03,voltage,Node_2,1.11686117E+04
1.26000000E-03,i1,Line_1_e1,7.80915952E+02
1.26000000E-03,i2,Line_1_e1,-6.86260609E+02
1.26500000E-03,injectedCurrent,Node_1,7.79560276E+02
1.26500000E-03,voltage,Node_1,1.11468733E+04
1.26500000E-03,voltage,Node_2,1.11476620E+04
1.26500000E-03,i1,Line_1_e1,7.79560276E+02
1.26500000E-03,i2,Line_1_e1,-6.85052074E+02
1.27000000E-03,injectedCurrent,Node_1,7.78206940E+02
1.27000000E-03,voltage,Node_1,1.11266260E+04
1.27000000E-03,voltage,Node_2,1.11296008E+04
1.27000000E-03,i1,Line_1_e1,7.78206940E+02
1.27000000E-03,i2,Line_1_e1,-6.83875447E+02
1.27500000E-03,injectedCurrent,Node_1,7.76855941E+02
1.27500000E-03,voltage,Node_1,1.11079883E+04
1.27500000E-03,voltage,Node_2,1.11095794E+04
1.27500000E-03,i1,Line_1_e1,7.76855941E+02
1.27500000E-03,i2,Line_1_e1,-6.82680235E+02
1.28000000E-03,injectedCurrent,Node_1,7.75507274E+02
1.28000000E-03,voltage,Node_1,1.10885593E+04
1.28000000E-03,voltage,Node_2,1.10906769E+04
1.28000000E-03,i1,Line_1_e1,7.75507274E+02
1.28000000E-03,i2,Line_1_e1,-6.81498027E+02
1.28500000E-03,injectedCurrent,Node_1,7.74160938E+02
1.28500000E-03,voltage,Node_1,1.10691962E+04
1.28500000E-03,voltage,Node_2,1.10716737E+04
1.28500000E-03,i1,Line_1_e1,7.74160938E+02
1.28500000E-03,i2,Line_1_e1,-6.80317087E+02
1.29000000E-03,injectedCurrent,Node_1,7.72816927E+02
1.29000000E-03,voltage,Node_1,1.10506628E+04
1.29000000E-03,voltage,Node_2,1.10518361E+04
1.29000000E-03,i1,Line_1_e1,7.72816927E+02
1.29000000E-03,i2,Line_1_e1,-6.79128288E+02
1.29500000E-03,injectedCurrent,Node_1,7.71475240E+02
1.29500000E-03,voltage,Node_1,1.10304937E+04
1.29500000E-03,voltage,Node_2,1.10339482E+04
1.29500000E-03,i1,Line_1_e1,7.71475240E+02
1.29500000E-03,i2,Line_1_e1,-6.77962645E+02
1.30000000E-03,injectedCurrent,Node_1,7.70135871E+02
1.30000000E-03,voltage,Node_1,1.10129395E+04
1.30000000E-03,voltage,Node_2,1.10130743E+04
1.30000000E-03,i1,Line_1_e1,7.70135871E+02
1.30000000E-03,i2,Line_1_e1,-6.76766166E+02
1.30500000E-03,injectedCurrent,Node_1,7.68798818E+02
1.30500000E-03,voltage,Node_1,1.09918771E+04
1.30500000E-03,voltage,Node_2,1.09964063E+04
1.30500000E-03,i1,Line_1_e1,7.68798818E+02
1.30500000E-03,i2,Line_1_e1,-6.75616925E+02
1.31000000E-03,injectedCurrent,Node_1,7.67464077E+02
1.31000000E-03,voltage,Node_1,1.09753922E+04
1.31000000E-03,voltage,Node_2,1.09743872E+04
1.31000000E-03,i1,Line_1_e1,7.67464077E+02
1.31000000E-03,i2,Line_1_e1,-6.74411592E+02
1.31500000E-03,injectedCurrent,Node_1,7.66131645E+02
1.31500000E-03,voltage,Node_1,1.09533428E+04
1.31500000E-03,voltage,Node_2,1.09590519E+04
1.31500000E-03,i1,Line_1_e1,7.66131645E+02
1.31500000E-03,i2,Line_1_e1,-6.73279949E+02
1.32000000E-03,injectedCurrent,Node_1,7.64801518E+02
1.32000000E-03,voltage,Node_1,1.09380242E+04
1.32000000E-03,voltage,Node_2,1.09357701E+04
1.32000000E-03,i1,Line_1_e1,7.64801518E+02
1.32000000E-03,i2,Line_1_e1,-6.72064496E+02
1.32500000E-03,injectedCurrent,Node_1,7.63473691E+02
1.32500000E-03,voltage,Node_1,1.09148865E+04
1.32500000E-03,voltage,Node_2,1.09218892E+04
1.32500000E-03,i1,Line_1_e1,7.63473691E+02
1.32500000E-03,i2,Line_1_e1,-6.70951737E+02
1.33000000E-03,injectedCurrent,Node_1,7.62148163E+02
1.33000000E-03,voltage,Node_1,1.09008390E+04
1.33000000E-03,voltage,Node_2,1.08972178E+04
1.33000000E-03,i1,Line_1_e1,7.62148163E+02
1.33000000E-03,i2,Line_1_e1,-6.69724803E+02
1.33500000E-03,injectedCurrent,Node_1,7.60824929E+02
1.33500000E-03,voltage,Node_1,1.08765039E+04
1.33500000E-03,voltage,Node_2,1.08849225E+04
1.33500000E-03,i1,Line_1_e1,7.60824929E+02
1.33500000E-03,i2,Line_1_e1,-6.68632316E+02
1.34000000E-03,injectedCurrent,Node_1,7.59503985E+02
1.34000000E-03,voltage,Node_1,1.08638403E+04
1.34000000E-03,voltage,Node_2,1.08587252E+04
1.34000000E-03,i1,Line_1_e1,7.59503985E+02
1.34000000E-03,i2,Line_1_e1,-6.67392434E+02
1.34500000E-03,injectedCurrent,Node_1,7.58185328E+02
1.34500000E-03,voltage,Node_1,1.08381905E+04
1.34500000E-03,voltage,Node_2,1.08481566E+04
1.34500000E-03,i1,Line_1_e1,7.58185328E+02
1.34500000E-03,i2,Line_1_e1,-6.66321716E+02
1.35000000E-03,injectedCurrent,Node_1,7.56868954E+02
1.35000000E-03,voltage,Node_1,1.08270322E+04
1.35000000E-03,voltage,Node_2,1.08202865E+04
1.35000000E-03,i1,Line_1_e1,7.56868954E+02
1.35000000E-03,i2,Line_1_e1,-6.65067306E+02
1.35500000E-03,injectedCurrent,Node_1,7.55554860E+02
1.35500000E-03,voltage,Node_1,1.07999412E+04
1.35500000E-03,voltage,Node_2,1.08115968E+04
1.35500000E-03,i1,Line_1_e1,7.55554860E+02
1.35500000E-03,i2,Line_1_e1,-6.64019970E+02
1.36000000E-03,injectedCurrent,Node_1,7.54243042E+02
1.36000000E-03,voltage,Node_1,1.07904191E+04
1.36000000E-03,voltage,Node_2,1.07818955E+04
1.36000000E-03,i1,Line_1_e1,7.54243042E+02
1.36000000E-03,i2,Line_1_e1,-6.62749334E+02
1.36500000E-03,injectedCurrent,Node_1,7.52933496E+02
1.36500000E-03,voltage,Node_1,1.07617508E+04
1.36500000E-03,voltage,Node_2,1.07752486E+04
1.36500000E-03,i1,Line_1_e1,7.52933496E+02
1.36500000E-03,i2,Line_1_e1,-6.61727115E+02
1.37000000E-03,injectedCurrent,Node_1,7.51626218E+02
1.37000000E-03,voltage,Node_1,1.07540057E+04
1.37000000E-03,voltage,Node_2,1.07435459E+04
1.37000000E-03,i1,Line_1_e1,7.51626218E+02
1.37000000E-03,i2,Line_1_e1,-6.60438425E+02
1.37500000E-03,injectedCurrent,Node_1,7.50321205E+02
1.37500000E-03,voltage,Node_1,1.07236135E+04
1.37500000E-03,voltage,Node_2,1.07391178E+04
1.37500000E-03,i1,Line_1_e1,7.50321205E+02
1.37500000E-03,i2,Line_1_e1,-6.59443194E+02
1.38000000E-03,injectedCurrent,Node_1,7.49018454E+02
1.38000000E-03,voltage,Node_1,1.07177970E+04
1.38000000E-03,voltage,Node_2,1.07052305E+04
1.38000000E-03,i1,Line_1_e1,7.49018454E+02
1.38000000E-03,i2,Line_1_e1,-6.58134483E+02
1.38500000E-03,injectedCurrent,Node_1,7.47717959E+02
1.38500000E-03,voltage,Node_1,1.06855235E+04
1.38500000E-03,voltage,Node_2,1.07032111E+04
1.38500000E-03,i1,Line_1_e1,7.47717959E+02
1.38500000E-03,i2,Line_1_e1,-6.57168253E+02
1.39000000E-03,injectedCurrent,Node_1,7.46419719E+02
1.39000000E-03,voltage,Node_1,1.06817985E+04
1.39000000E-03,voltage,Node_2,1.06669421E+04
1.39000000E-03,i1,Line_1_e1,7.46419719E+02
1.39000000E-03,i2,Line_1_e1,-6.55837408E+02
1.39500000E-03,injectedCurrent,Node_1,7.45123728E+02
1.39500000E-03,voltage,Node_1,1.06474742E+04
1.39500000E-03,voltage,Node_2,1.06675352E+04
1.39500000E-03,i1,Line_1_e1,7.45123728E+02
1.39500000E-03,i2,Line_1_e1,-6.54902344E+02
1.40000000E-03,injectedCurrent,Node_1,7.43829984E+02
1.40000000E-03,voltage,Node_1,1.06460161E+04
1.40000000E-03,voltage,Node_2,1.06286726E+04
1.40000000E-03,i1,Line_1_e1,7.43829984E+02
1.40000000E-03,i2,Line_1_e1,-6.53547093E+02
1.40500000E-03,injectedCurrent,Node_1,7.42538483E+02
1.40500000E-03,voltage,Node_1,1.06094587E+04
1.40500000E-03,voltage,Node_2,1.06320976E+04
1.40500000E-03,i1,Line_1_e1,7.42538483E+02
1.40500000E-03,i2,Line_1_e1,-6.52645524E+02
1.41000000E-03,injectedCurrent,Node_1,7.41249220E+02
1.41000000E-03,voltage,Node_1,1.06104561E+04
1.41000000E-03,voltage,Node_2,1.05904135E+04
1.41000000E-03,i1,Line_1_e1,7.41249220E+02
1.41000000E-03,i2,Line_1_e1,-6.51263424E+02
1.41500000E-03,injectedCurrent,Node_1,7.39962193E+02
1.41500000E-03,voltage,Node_1,1.05714698E+04
1.41500000E-03,voltage,Node_2,1.05969064E+04
1.41500000E-03,i1,Line_1_e1,7.39962193E+02
1.41500000E-03,i2,Line_1_e1,-6.50397857E+02
1.42000000E-03,injectedCurrent,Node_1,7.38677397E+02
1.42000000E-03,voltage,Node_1,1.05751254E+04
1.42000000E-03,voltage,Node_2,1.05521558E+04
1.42000000E-03,i1,Line_1_e1,7.38677397E+02
1.42000000E-03,i2,Line_1_e1,-6.48986284E+02
1.42500000E-03,injectedCurrent,Node_1,7.37394828E+02
1.42500000E-03,voltage,Node_1,1.05334996E+04
1.42500000E-03,voltage,Node_2,1.05619701E+04
1.42500000E-03,i1,Line_1_e1,7.37394828E+02
1.42500000E-03,i2,Line_1_e1,-6.48159413E+02
1.43000000E-03,injectedCurrent,Node_1,7.36114484E+02
1.43000000E-03,voltage,Node_1,1.05400312E+04
1.43000000E-03,voltage,Node_2,1.05138898E+04
1.43000000E-03,i1,Line_1_e1,7.36114484E+02
1.43000000E-03,i2,Line_1_e1,-6.46715546E+02
1.43500000E-03,injectedCurrent,Node_1,7.34836360E+02
1.43500000E-03,voltage,Node_1,1.04955397E+04
1.43500000E-03,voltage,Node_2,1.05272980E+04
1.43500000E-03,i1,Line_1_e1,7.34836360E+02
1.43500000E-03,i2,Line_1_e1,-6.45930267E+02
1.44000000E-03,injectedCurrent,Node_1,7.33560453E+02
1.44000000E-03,voltage,Node_1,1.05051814E+04
1.44000000E-03,voltage,Node_2,1.04756051E+04
1.44000000E-03,i1,Line_1_e1,7.33560453E+02
1.44000000E-03,i2,Line_1_e1,-6.44451079E+02
1.44500000E-03,injectedCurrent,Node_1,7.32286758E+02
1.44500000E-03,voltage,Node_1,1.04575811E+04
1.44500000E-03,voltage,Node_2,1.04929000E+04
1.44500000E-03,i1,Line_1_e1,7.32286758E+02
1.44500000E-03,i2,Line_1_e1,-6.43710505E+02
1.45000000E-03,injectedCurrent,Node_1,7.31015273E+02
1.45000000E-03,voltage,Node_1,1.04705845E+04
1.45000000E-03,voltage,Node_2,1.04372906E+04
1.45000000E-03,i1,Line_1_e1,7.31015273E+02
1.45000000E-03,i2,Line_1_e1,-6.42192741E+02
1.45500000E-03,injectedCurrent,Node_1,7.29745993E+02
1.45500000E-03,voltage,Node_1,1.04196143E+04
1.45500000E-03,voltage,Node_2,1.04587868E+04
1.45500000E-03,i1,Line_1_e1,7.29745993E+02
1.45500000E-03,i2,Line_1_e1,-6.41500219E+02
1.46000000E-03,injectedCurrent,Node_1,7.28478914E+02
1.46000000E-03,voltage,Node_1,1.04362496E+04
1.46000000E-03,voltage,Node_2,1.03989345E+04
1.46000000E-03,i1,Line_1_e1,7.28478914E+02
1.46000000E-03,i2,Line_1_e1,-6.39940385E+02
1.46500000E-03,injectedCurrent,Node_1,7.27214034E+02
1.46500000E-03,voltage,Node_1,1.03816291E+04
1.46500000E-03,voltage,Node_2,1.04249698E+04
1.46500000E-03,i1,Line_1_e1,7.27214034E+02
1.46500000E-03,i2,Line_1_e1,-6.39299507E+02
1.47000000E-03,injectedCurrent,Node_1,7.25951348E+02
1.47000000E-03,voltage,Node_1,1.04021866E+04
1.47000000E-03,voltage,Node_2,1.03605241E+04
1.47000000E-03,i1,Line_1_e1,7.25951348E+02
1.47000000E-03,i2,Line_1_e1,-6.37693854E+02
1.47500000E-03,injectedCurrent,Node_1,7.24690853E+02
1.47500000E-03,voltage,Node_1,1.03436145E+04
1.47500000E-03,voltage,Node_2,1.03914615E+04
1.47500000E-03,i1,Line_1_e1,7.24690853E+02
1.47500000E-03,i2,Line_1_e1,-6.37108482E+02
1.48000000E-03,injectedCurrent,Node_1,7.23432544E+02
1.48000000E-03,voltage,Node_1,1.03684058E+04
1.48000000E-03,voltage,Node_2,1.03220458E+04
1.48000000E-03,i1,Line_1_e1,7.23432544E+02
1.48000000E-03,i2,Line_1_e1,-6.35452979E+02
1.48500000E-03,injectedCurrent,Node_1,7.22176419E+02
1.48500000E-03,voltage,Node_1,1.03055588E+04
1.48500000E-03,voltage,Node_2,1.03582750E+04
1.48500000E-03,i1,Line_1_e1,7.22176419E+02
1.48500000E-03,i2,Line_1_e1,-6.34927260E+02
1.49000000E-03,injectedCurrent,Node_1,7.20922472E+02
1.49000000E-03,voltage,Node_1,1.03349187E+04
1.49000000E-03,voltage,Node_2,1.02834851E+04
1.49000000E-03,i1,Line_1_e1,7.20922472E+02
1.49000000E-03,i2,Line_1_e1,-6.33217586E+02
1.49500000E-03,injectedCurrent,Node_1,7.19670702E+02
1.49500000E-03,voltage,Node_1,1.02674495E+04
1.49500000E-03,voltage,Node_2,1.03254245E+04
1.49500000E-03,i1,Line_1_e1,7.19670702E+02
1.49500000E-03,i2,Line_1_e1,-6.32755974E+02
1.50000000E-03,injectedCurrent,Node_1,7.18421103E+02
1.50000000E-03,voltage,Node_1,1.03017374E+04
1.50000000E-03,voltage,Node_2,1.02448265E+04
1.50000000E-03,i1,Line_1_e1,7.18421103E+02
1.50000000E-03,i2,Line_1_e1,-6.30987486E+02
1.50500000E-03,injectedCurrent,Node_1,7.17173673E+02
1.50500000E-03,voltage,Node_1,1.02292733E+04
1.50500000E-03,voltage,Node_2,1.02929254E+04
1.50500000E-03,i1,Line_1_e1,7.17173673E+02
1.50500000E-03,i2,Line_1_e1,-6.30594762E+02
1.51000000E-03,injectedCurrent,Node_1,7.15928408E+02
1.51000000E-03,voltage,Node_1,1.02688749E+04
1.51000000E-03,voltage,Node_2,1.02060533E+04
1.51000000E-03,i1,Line_1_e1,7.15928408E+02
1.51000000E-03,i2,Line_1_e1,-6.28762480E+02
1.51500000E-03,injectedCurrent,Node_1,7.14685303E+02
1.51500000E-03,voltage,Node_1,1.01910157E+04
1.51500000E-03,voltage,Node_2,1.02607940E+04
1.51500000E-03,i1,Line_1_e1,7.14685303E+02
1.51500000E-03,i2,Line_1_e1,-6.28443779E+02
1.52000000E-03,injectedCurrent,Node_1,7.13444355E+02
1.52000000E-03,voltage,Node_1,1.02363452E+04
1.52000000E-03,voltage,Node_2,1.01671479E+04
1.52000000E-03,i1,Line_1_e1,7.13444355E+02
1.52000000E-03,i2,Line_1_e1,-6.26542356E+02
1.52500000E-03,injectedCurrent,Node_1,7.12205560E+02
1.52500000E-03,voltage,Node_1,1.01526616E+04
1.52500000E-03,voltage,Node_2,1.02290479E+04
1.52500000E-03,i1,Line_1_e1,7.12205560E+02
1.52500000E-03,i2,Line_1_e1,-6.26303190E+02
1.53000000E-03,injectedCurrent,Node_1,7.10968915E+02
1.53000000E-03,voltage,Node_1,1.02041635E+04
1.53000000E-03,voltage,Node_2,1.01280910E+04
1.53000000E-03,i1,Line_1_e1,7.10968915E+02
1.53000000E-03,i2,Line_1_e1,-6.24326889E+02
1.53500000E-03,injectedCurrent,Node_1,7.09734416E+02
1.53500000E-03,voltage,Node_1,1.01141944E+04
1.53500000E-03,voltage,Node_2,1.01977061E+04
1.53500000E-03,i1,Line_1_e1,7.09734416E+02
1.53500000E-03,i2,Line_1_e1,-6.24173175E+02
1.54000000E-03,injectedCurrent,Node_1,7.08502058E+02
1.54000000E-03,voltage,Node_1,1.01723458E+04
1.54000000E-03,voltage,Node_2,1.00888624E+04
1.54000000E-03,i1,Line_1_e1,7.08502058E+02
1.54000000E-03,i2,Line_1_e1,-6.22115838E+02
1.54500000E-03,injectedCurrent,Node_1,7.07271838E+02
1.54500000E-03,voltage,Node_1,1.00755967E+04
1.54500000E-03,voltage,Node_2,1.01667888E+04
1.54500000E-03,i1,Line_1_e1,7.07271838E+02
1.54500000E-03,i2,Line_1_e1,-6.22053928E+02
1.55000000E-03,injectedCurrent,Node_1,7.06043752E+02
1.55000000E-03,voltage,Node_1,1.01409095E+04
1.55000000E-03,voltage,Node_2,1.00494402E+04
1.55000000E-03,i1,Line_1_e1,7.06043752E+02
1.55000000E-03,i2,Line_1_e1,-6.19908949E+02
1.55500000E-03,injectedCurrent,Node_1,7.04817796E+02
1.55500000E-03,voltage,Node_1,1.00368495E+04
1.55500000E-03,voltage,Node_2,1.01363179E+04
1.55500000E-03,i1,Line_1_e1,7.04817796E+02
1.55500000E-03,i2,Line_1_e1,-6.19945657E+02
1.56000000E-03,injectedCurrent,Node_1,7.03593966E+02
1.56000000E-03,voltage,Node_1,1.01098732E+04
1.56000000E-03,voltage,Node_2,1.00098010E+04
1.56000000E-03,i1,Line_1_e1,7.03593966E+02
1.56000000E-03,i2,Line_1_e1,-6.17705947E+02
1.56500000E-03,injectedCurrent,Node_1,7.02372257E+02
1.56500000E-03,voltage,Node_1,9.99793272E+03
1.56500000E-03,voltage,Node_2,1.01063165E+04
1.56500000E-03,i1,Line_1_e1,7.02372257E+02
1.56500000E-03,i2,Line_1_e1,-6.17848587E+02
1.57000000E-03,injectedCurrent,Node_1,7.01152665E+02
1.57000000E-03,voltage,Node_1,1.00792569E+04
1.57000000E-03,voltage,Node_2,9.96991953E+03
1.57000000E-03,i1,Line_1_e1,7.01152665E+02
1.57000000E-03,i2,Line_1_e1,-6.15506538E+02
1.57500000E-03,injectedCurrent,Node_1,6.99935184E+02
1.57500000E-03,voltage,Node_1,9.95882469E+03
1.57500000E-03,voltage,Node_2,1.00768099E+04
1.57500000E-03,i1,Line_1_e1,6.99935184E+02
1.57500000E-03,i2,Line_1_e1,-6.15762959E+02
1.58000000E-03,injectedCurrent,Node_1,6.98719809E+02
1.58000000E-03,voltage,Node_1,1.00490820E+04
1.58000000E-03,voltage,Node_2,9.92976898E+03
1.58000000E-03,i1,Line_1_e1,6.98719809E+02
1.58000000E-03,i2,Line_1_e1,-6.13310408E+02
1.58500000E-03,injectedCurrent,Node_1,6.97506536E+02
1.58500000E-03,voltage,Node_1,9.91950215E+03
1.58500000E-03,voltage,Node_2,1.00478248E+04
1.58500000E-03,i1,Line_1_e1,6.97506536E+02
1.58500000E-03,i2,Line_1_e1,-6.13689029E+02
1.59000000E-03,injectedCurrent,Node_1,6.96295356E+02
1.59000000E-03,voltage,Node_1,1.00193713E+04
1.59000000E-03,voltage,Node_2,9.88932035E+03
1.59000000E-03,i1,Line_1_e1,6.96295356E+02
1.59000000E-03,i2,Line_1_e1,-6.11117214E+02
1.59500000E-03,injectedCurrent,Node_1,6.95086264E+02
1.59500000E-03,voltage,Node_1,9.87994008E+03
1.59500000E-03,voltage,Node_2,1.00193900E+04
1.59500000E-03,i1,Line_1_e1,6.95086264E+02
1.59500000E-03,i2,Line_1_e1,-6.11627068E+02
1.60000000E-03,injectedCurrent,Node_1,6.93879250E+02
1.60000000E-03,voltage,Node_1,9.99014943E+03
1.60000000E-03,voltage,Node_2,9.84854245E+03
1.60000000E-03,i1,Line_1_e1,6.93879250E+02
1.60000000E-03,i2,Line_1_e1,-6.08926584E+02
1.60500000E-03,injectedCurrent,Node_1,6.92674306E+02
1.60500000E-03,voltage,Node_1,9.84011149E+03
1.60500000E-03,voltage,Node_2,9.99153604E+03
1.60500000E-03,i1,Line_1_e1,6.92674306E+02
1.60500000E-03,i2,Line_1_e1,-6.09577357E+02
1.61000000E-03,injectedCurrent,Node_1,6.91471420E+02
1.61000000E-03,voltage,Node_1,9.96144235E+03
1.61000000E-03,voltage,Node_2,9.80740168E+03
1.61000000E-03,i1,Line_1_e1,6.91471420E+02
1.61000000E-03,i2,Line_1_e1,-6.06738107E+02
1.61500000E-03,injectedCurrent,Node_1,6.90270580E+02
1.61500000E-03,voltage,Node_1,9.79998719E+03
1.61500000E-03,voltage,Node_2,9.96429569E+03
1.61500000E-03,i1,Line_1_e1,6.90270580E+02
1.61500000E-03,i2,Line_1_e1,-6.07540184E+02
1.62000000E-03,injectedCurrent,Node_1,6.89071768E+02
1.62000000E-03,voltage,Node_1,9.93327775E+03
1.62000000E-03,voltage,Node_2,9.76586166E+03
1.62000000E-03,i1,Line_1_e1,6.89071768E+02
1.62000000E-03,i2,Line_1_e1,-6.04551323E+02
1.62500000E-03,injectedCurrent,Node_1,6.87874967E+02
1.62500000E-03,voltage,Node_1,9.75953546E+03
1.62500000E-03,voltage,Node_2,9.93770363E+03
1.62500000E-03,i1,Line_1_e1,6.87874967E+02
1.62500000E-03,i2,Line_1_e1,-6.05515834E+02
1.63000000E-03,injectedCurrent,Node_1,6.86680154E+02
1.63000000E-03,voltage,Node_1,9.90568481E+03
1.63000000E-03,voltage,Node_2,9.72388287E+03
1.63000000E-03,i1,Line_1_e1,6.86680154E+02
1.63000000E-03,i2,Line_1_e1,-6.02365709E+02
1.63500000E-03,injectedCurrent,Node_1,6.85487301E+02
1.63500000E-03,voltage,Node_1,9.71872163E+03
1.63500000E-03,voltage,Node_2,9.91179647E+03
1.63500000E-03,i1,Line_1_e1,6.85487301E+02
1.63500000E-03,i2,Line_1_e1,-6.03504575E+02
1.64000000E-03,injectedCurrent,Node_1,6.84296373E+02
1.64000000E-03,voltage,Node_1,9.87869411E+03
1.64000000E-03,voltage,Node_2,9.68142213E+03
1.64000000E-03,i1,Line_1_e1,6.84296373E+02
1.64000000E-03,i2,Line_1_e1,-6.00180653E+02
1.64500000E-03,injectedCurrent,Node_1,6.83107330E+02
1.64500000E-03,voltage,Node_1,9.67750753E+03
1.64500000E-03,voltage,Node_2,9.88661260E+03
1.64500000E-03,i1,Line_1_e1,6.83107330E+02
1.64500000E-03,i2,Line_1_e1,-6.01506633E+02
1.65000000E-03,injectedCurrent,Node_1,6.81920120E+02
1.65000000E-03,voltage,Node_1,9.85233725E+03
1.65000000E-03,voltage,Node_2,9.63843193E+03
1.65000000E-03,i1,Line_1_e1,6.81920120E+02
1.65000000E-03,i2,Line_1_e1,-5.97995427E+02
1.65500000E-03,injectedCurrent,Node_1,6.80734683E+02
1.65500000E-03,voltage,Node_1,9.63585069E+03
1.65500000E-03,voltage,Node_2,9.86219178E+03
1.65500000E-03,i1,Line_1_e1,6.80734683E+02
1.65500000E-03,i2,Line_1_e1,-5.99522162E+02
1.66000000E-03,injectedCurrent,Node_1,6.79550942E+02
1.66000000E-03,voltage,Node_1,9.82664637E+03
1.66000000E-03,voltage,Node_2,9.59485948E+03
1.66000000E-03,i1,Line_1_e1,6.79550942E+02
1.66000000E-03,i2,Line_1_e1,-5.95809137E+02
1.66500000E-03,injectedCurrent,Node_1,6.78368805E+02
1.66500000E-03,voltage,Node_1,9.59370328E+03
1.66500000E-03,voltage,Node_2,9.83857457E+03
1.66500000E-03,i1,Line_1_e1,6.78368805E+02
1.66500000E-03,i2,Line_1_e1,-5.97551190E+02
1.67000000E-03,injectedCurrent,Node_1,6.77188161E+02
1.67000000E-03,voltage,Node_1,9.80165328E+03
1.67000000E-03,voltage,Node_2,9.55064548E+03
1.67000000E-03,i1,Line_1_e1,6.77188161E+02
1.67000000E-03,i2,Line_1_e1,-5.93620655E+02
1.67500000E-03,injectedCurrent,Node_1,6.76008873E+02
1.67500000E-03,voltage,Node_1,9.55101073E+03
1.67500000E-03,voltage,Node_2,9.81580134E+03
1.67500000E-03,i1,Line_1_e1,6.76008873E+02
1.67500000E-03,i2,Line_1_e1,-5.95593546E+02
1.68000000E-03,injectedCurrent,Node_1,6.74830776E+02
1.68000000E-03,voltage,Node_1,9.77738828E+03
1.68000000E-03,voltage,Node_2,9.50572243E+03
1.68000000E-03,i1,Line_1_e1,6.74830776E+02
1.68000000E-03,i2,Line_1_e1,-5.91428531E+02
1.68500000E-03,injectedCurrent,Node_1,6.73653671E+02
1.68500000E-03,voltage,Node_1,9.50770971E+03
1.68500000E-03,voltage,Node_2,9.79391092E+03
1.68500000E-03,i1,Line_1_e1,6.73653671E+02
1.68500000E-03,i2,Line_1_e1,-5.93648759E+02
1.69000000E-03,injectedCurrent,Node_1,6.72477318E+02
1.69000000E-03,voltage,Node_1,9.75387833E+03
1.69000000E-03,voltage,Node_2,9.46001233E+03
1.69000000E-03,i1,Line_1_e1,6.72477318E+02
1.69000000E-03,i2,Line_1_e1,-5.89230862E+02
1.69500000E-03,injectedCurrent,Node_1,6.71301426E+02
1.69500000E-03,voltage,Node_1,9.46372555E+03
1.69500000E-03,voltage,Node_2,9.77293851E+03
1.69500000E-03,i1,Line_1_e1,6.71301426E+02
1.69500000E-03,i2,Line_1_e1,-5.91715910E+02
1.70000000E-03,injectedCurrent,Node_1,6.70125651E+02
1.70000000E-03,voltage,Node_1,9.73114453E+03
1.70000000E-03,voltage,Node_2,9.41342371E+03
1.70000000E-03,i1,Line_1_e1,6.70125651E+02
1.70000000E-03,i2,Line_1_e1,-5.87025114E+02
1.70500000E-03,injectedCurrent,Node_1,6.68949579E+02
1.70500000E-03,voltage,Node_1,9.41896874E+03
1.70500000E-03,voltage,Node_2,9.75291288E+03
1.70500000E-03,i1,Line_1_e1,6.68949579E+02
1.70500000E-03,i2,Line_1_e1,-5.89793441E+02
1.71000000E-03,injectedCurrent,Node_1,6.67772718E+02
1.71000000E-03,voltage,Node_1,9.70919870E+03
1.71000000E-03,voltage,Node_2,9.36584756E+03
1.71000000E-03,i1,Line_1_e1,6.67772718E+02
1.71000000E-03,i2,Line_1_e1,-5.84807894E+02
1.71500000E-03,injectedCurrent,Node_1,6.66594484E+02
1.71500000E-03,voltage,Node_1,9.37333036E+03
1.71500000E-03,voltage,Node_2,9.73385250E+03
1.71500000E-03,i1,Line_1_e1,6.66594484E+02
1.71500000E-03,i2,Line_1_e1,-5.87878890E+02
1.72000000E-03,injectedCurrent,Node_1,6.65414186E+02
1.72000000E-03,voltage,Node_1,9.68803878E+03
1.72000000E-03,voltage,Node_2,9.31715224E+03
1.72000000E-03,i1,Line_1_e1,6.65414186E+02
1.72000000E-03,i2,Line_1_e1,-5.82574640E+02
1.72500000E-03,injectedCurrent,Node_1,6.64231011E+02
1.72500000E-03,voltage,Node_1,9.32667620E+03
1.72500000E-03,voltage,Node_2,9.71576043E+03
1.72500000E-03,i1,Line_1_e1,6.64231011E+02
1.72500000E-03,i2,Line_1_e1,-5.85968551E+02
1.73000000E-03,injectedCurrent,Node_1,6.63044005E+02
1.73000000E-03,voltage,Node_1,9.66764281E+03
1.73000000E-03,voltage,Node_2,9.26717677E+03
1.73000000E-03,i1,Line_1_e1,6.63044005E+02
1.73000000E-03,i2,Line_1_e1,-5.80319222E+02
1.73500000E-03,injectedCurrent,Node_1,6.61852049E+02
1.73500000E-03,voltage,Node_1,9.27883927E+03
1.73500000E-03,voltage,Node_2,9.69861771E+03
1.73500000E-03,i1,Line_1_e1,6.61852049E+02
1.73500000E-03,i2,Line_1_e1,-5.84057036E+02
1.74000000E-03,injectedCurrent,Node_1,6.60653843E+02
1.74000000E-03,voltage,Node_1,9.64796132E+03
1.74000000E-03,voltage,Node_2,9.21572261E+03
1.74000000E-03,i1,Line_1_e1,6.60653843E+02
1.74000000E-03,i2,Line_1_e1,-5.78033448E+02
1.74500000E-03,injectedCurrent,Node_1,6.59447872E+02
1.74500000E-03,voltage,Node_1,9.22961054E+03
1.74500000E-03,voltage,Node_2,9.68237500E+03
1.74500000E-03,i1,Line_1_e1,6.59447872E+02
1.74500000E-03,i2,Line_1_e1,-5.82136729E+02
1.75000000E-03,injectedCurrent,Node_1,6.58232389E+02
1.75000000E-03,voltage,Node_1,9.62890782E+03
1.75000000E-03,voltage,Node_2,9.16254340E+03
1.75000000E-03,i1,Line_1_e1,6.58232389E+02
1.75000000E-03,i2,Line_1_e1,-5.75706445E+02
1.75500000E-03,injectedCurrent,Node_1,6.57005374E+02
1.75500000E-03,voltage,Node_1,9.17872765E+03
1.75500000E-03,voltage,Node_2,9.66694236E+03
1.75500000E-03,i1,Line_1_e1,6.57005374E+02
1.75500000E-03,i2,Line_1_e1,-5.80197117E+02
1.76000000E-03,injectedCurrent,Node_1,6.55764513E+02
1.76000000E-03,voltage,Node_1,9.61034733E+03
1.76000000E-03,voltage,Node_2,9.10733269E+03
1.76000000E-03,i1,Line_1_e1,6.55764513E+02
1.76000000E-03,i2,Line_1_e1,-5.73323914E+02
1.76500000E-03,injectedCurrent,Node_1,6.54507154E+02
1.76500000E-03,voltage,Node_1,9.12586156E+03
1.76500000E-03,voltage,Node_2,9.65217691E+03
1.76500000E-03,i1,Line_1_e1,6.54507154E+02
1.76500000E-03,i2,Line_1_e1,-5.78223994E+02
1.77000000E-03,injectedCurrent,Node_1,6.53230279E+02
1.77000000E-03,voltage,Node_1,9.59208286E+03
1.77000000E-03,voltage,Node_2,9.04970958E+03
1.77000000E-03,i1,Line_1_e1,6.53230279E+02
1.77000000E-03,i2,Line_1_e1,-5.70867263E+02
1.77500000E-03,injectedCurrent,Node_1,6.51930461E+02
1.77500000E-03,voltage,Node_1,9.07060108E+03
1.77500000E-03,voltage,Node_2,9.63786861E+03
1.77500000E-03,i1,Line_1_e1,6.51930461E+02
1.77500000E-03,i2,Line_1_e1,-5.76198537E+02
1.78000000E-03,injectedCurrent,Node_1,6.50603824E+02
1.78000000E-03,voltage,Node_1,9.57383998E+03
1.78000000E-03,voltage,Node_2,8.98920229E+03
1.78000000E-03,i1,Line_1_e1,6.50603824E+02
1.78000000E-03,i2,Line_1_e1,-5.68312608E+02
1.78500000E-03,injectedCurrent,Node_1,6.49246006E+02
1.78500000E-03,voltage,Node_1,9.01243558E+03
1.78500000E-03,voltage,Node_2,9.62372415E+03
1.78500000E-03,i1,Line_1_e1,6.49246006E+02
1.78500000E-03,i2,Line_1_e1,-5.74096274E+02
1.79000000E-03,injectedCurrent,Node_1,6.47852116E+02
1.79000000E-03,voltage,Node_1,9.55524982E+03
1.79000000E-03,voltage,Node_2,8.92523011E+03
1.79000000E-03,i1,Line_1_e1,6.47852116E+02
1.79000000E-03,i2,Line_1_e1,-5.65629685E+02
1.79500000E-03,injectedCurrent,Node_1,6.46416690E+02
1.79500000E-03,voltage,Node_1,8.95073633E+03
1.79500000E-03,voltage,Node_2,9.60934964E+03
1.79500000E-03,i1,Line_1_e1,6.46416690E+02
1.79500000E-03,i2,Line_1_e1,-5.71885969E+02
1.80000000E-03,injectedCurrent,Node_1,6.44933654E+02
1.80000000E-03,voltage,Node_1,9.53583119E+03
1.80000000E-03,voltage,Node_2,8.85708423E+03
1.80000000E-03,i1,Line_1_e1,6.44933654E+02
1.80000000E-03,i2,Line_1_e1,-5.62780691E+02
1.80500000E-03,injectedCurrent,Node_1,6.43396283E+02
1.80500000E-03,voltage,Node_1,8.88473724E+03
1.80500000E-03,voltage,Node_2,9.59423266E+03
1.80500000E-03,i1,Line_1_e1,6.43396283E+02
1.80500000E-03,i2,Line_1_e1,-5.69528473E+02
1.81000000E-03,injectedCurrent,Node_1,6.41797160E+02
1.81000000E-03,voltage,Node_1,9.51497266E+03
1.81000000E-03,voltage,Node_2,8.78390840E+03
1.81000000E-03,i1,Line_1_e1,6.41797160E+02
1.81000000E-03,i2,Line_1_e1,-5.59719132E+02
1.81500000E-03,injectedCurrent,Node_1,6.40128148E+02
1.81500000E-03,voltage,Node_1,8.81351611E+03
1.81500000E-03,voltage,Node_2,9.57772495E+03
1.81500000E-03,i1,Line_1_e1,6.40128148E+02
1.81500000E-03,i2,Line_1_e1,-5.66975608E+02
1.82000000E-03,injectedCurrent,Node_1,6.38380358E+02
1.82000000E-03,voltage,Node_1,9.49191602E+03
1.82000000E-03,voltage,Node_2,8.70468078E+03
1.82000000E-03,i1,Line_1_e1,6.38380358E+02
1.82000000E-03,i2,Line_1_e1,-5.56388738E+02
1.82500000E-03,injectedCurrent,Node_1,6.36544119E+02
1.82500000E-03,voltage,Node_1,8.73597793E+03
1.82500000E-03,voltage,Node_2,9.55902706E+03
1.82500000E-03,i1,Line_1_e1,6.36544119E+02
1.82500000E-03,i2,Line_1_e1,-5.64169191E+02
1.83000000E-03,injectedCurrent,Node_1,6.34608970E+02
1.83000000E-03,voltage,Node_1,9.46574274E+03
1.83000000E-03,voltage,Node_2,8.61819839E+03
1.83000000E-03,i1,Line_1_e1,6.34608970E+02
1.83000000E-03,i2,Line_1_e1,-5.52722571E+02
1.83500000E-03,injectedCurrent,Node_1,6.32563639E+02
1.83500000E-03,voltage,Node_1,8.65084192E+03
1.83500000E-03,voltage,Node_2,9.53717692E+03
1.83500000E-03,i1,Line_1_e1,6.32563639E+02
1.83500000E-03,i2,Line_1_e1,-5.61040282E+02
1.84000000E-03,injectedCurrent,Node_1,6.30396052E+02
1.84000000E-03,voltage,Node_1,9.43536536E+03
1.84000000E-03,voltage,Node_2,8.52306640E+03
1.84000000E-03,i1,Line_1_e1,6.30396052E+02
1.84000000E-03,i2,Line_1_e1,-5.48642428E+02
1.84500000E-03,injectedCurrent,Node_1,6.28093335E+02
1.84500000E-03,voltage,Node_1,8.55663456E+03
1.84500000E-03,voltage,Node_2,9.51104424E+03
1.84500000E-03,i1,Line_1_e1,6.28093335E+02
1.84500000E-03,i2,Line_1_e1,-5.57508826E+02
1.85000000E-03,injectedCurrent,Node_1,6.25641838E+02
1.85000000E-03,voltage,Node_1,9.39952610E+03
1.85000000E-03,voltage,Node_2,8.41769421E+03
1.85000000E-03,i1,Line_1_e1,6.25641838E+02
1.85000000E-03,i2,Line_1_e1,-5.44058688E+02
1.85500000E-03,injectedCurrent,Node_1,6.23027169E+02
1.85500000E-03,voltage,Node_1,8.45169074E+03
1.85500000E-03,voltage,Node_2,9.47933324E+03
1.85500000E-03,i1,Line_1_e1,6.23027169E+02
1.85500000E-03,i2,Line_1_e1,-5.53483785E+02
1.86000000E-03,injectedCurrent,Node_1,6.20234241E+02
1.86000000E-03,voltage,Node_1,9.35680497E+03
1.86000000E-03,voltage,Node_2,8.30030069E+03
1.86000000E-03,i1,Line_1_e1,6.20234241E+02
1.86000000E-03,i2,Line_1_e1,-5.38870737E+02
1.86500000E-03,injectedCurrent,Node_1,6.17247335E+02
1.86500000E-03,voltage,Node_1,8.33416539E+03
1.86500000E-03,voltage,Node_2,9.44059575E+03
1.86500000E-03,i1,Line_1_e1,6.17247335E+02
1.86500000E-03,i2,Line_1_e1,-5.48863944E+02
1.87000000E-03,injectedCurrent,Node_1,6.14050180E+02
1.87000000E-03,voltage,Node_1,9.30563949E+03
1.87000000E-03,voltage,Node_2,8.16893071E+03
1.87000000E-03,i1,Line_1_e1,6.14050180E+02
1.87000000E-03,i2,Line_1_e1,-5.32968119E+02
1.87500000E-03,injectedCurrent,Node_1,6.10626044E+02
1.87500000E-03,voltage,Node_1,8.20205744E+03
1.87500000E-03,voltage,Node_2,9.39325689E+03
1.87500000E-03,i1,Line_1_e1,6.10626044E+02
1.87500000E-03,i2,Line_1_e1,-5.43539486E+02
1.88000000E-03,injectedCurrent,Node_1,6.06957850E+02
1.88000000E-03,voltage,Node_1,9.24435796E+03
1.88000000E-03,voltage,Node_2,8.02148492E+03
1.88000000E-03,i1,Line_1_e1,6.06957850E+02
1.88000000E-03,i2,Line_1_e1,-5.26232505E+02
1.88500000E-03,injectedCurrent,Node_1,6.03028302E+02
1.88500000E-03,voltage,Node_1,8.05324791E+03
1.88500000E-03,voltage,Node_2,9.33565491E+03
1.88500000E-03,i1,Line_1_e1,6.03028302E+02
1.88500000E-03,i2,Line_1_e1,-5.37394441E+02
1.89000000E-03,injectedCurrent,Node_1,5.98820028E+02
1.89000000E-03,voltage,Node_1,9.17122739E+03
1.89000000E-03,voltage,Node_2,7.85576386E+03
1.89000000E-03,i1,Line_1_e1,5.98820028E+02
1.89000000E-03,i2,Line_1_e1,-5.18540579E+02
1.89500000E-03,injectedCurrent,Node_1,5.94315743E+02
1.89500000E-03,voltage,Node_1,7.88555266E+03
1.89500000E-03,voltage,Node_2,9.26609602E+03
1.89500000E-03,i1,Line_1_e1,5.94315743E+02
1.89500000E-03,i2,Line_1_e1,-5.30310073E+02
1.90000000E-03,injectedCurrent,Node_1,5.89498425E+02
1.90000000E-03,voltage,Node_1,9.08451658E+03
1.90000000E-03,voltage,Node_2,7.66952693E+03
1.90000000E-03,i1,Line_1_e1,5.89498425E+02
1.90000000E-03,i2,Line_1_e1,-5.09767843E+02
1.90500000E-03,injectedCurrent,Node_1,5.84351503E+02
1.90500000E-03,voltage,Node_1,7.69678978E+03
1.90500000E-03,voltage,Node_2,9.18292414E+03
1.90500000E-03,i1,Line_1_e1,5.84351503E+02
1.90500000E-03,i2,Line_1_e1,-5.22169175E+02
1.91000000E-03,injectedCurrent,Node_1,5.78859055E+02
1.91000000E-03,voltage,Node_1,8.98257343E+03
1.91000000E-03,voltage,Node_2,7.46056532E+03
1.91000000E-03,i1,Line_1_e1,5.78859055E+02
1.91000000E-03,i2,Line_1_e1,-4.99793300E+02
1.91500000E-03,injectedCurrent,Node_1,5.73006023E+02
1.91500000E-03,voltage,Node_1,7.48486002E+03
1.91500000E-03,voltage,Node_2,9.08460421E+03
1.91500000E-03,i1,Line_1_e1,5.73006023E+02
1.91500000E-03,i2,Line_1_e1,-5.12861184E+02
1.92000000E-03,injectedCurrent,Node_1,5.66778430E+02
1.92000000E-03,voltage,Node_1,8.86391441E+03
1.92000000E-03,voltage,Node_2,7.22678708E+03
1.92000000E-03,i1,Line_1_e1,5.66778430E+02
1.92000000E-03,i2,Line_1_e1,-4.88504884E+02
1.92500000E-03,injectedCurrent,Node_1,5.60163600E+02
1.92500000E-03,voltage,Node_1,7.24783757E+03
1.92500000E-03,voltage,Node_2,8.96981638E+03
1.92500000E-03,i1,Line_1_e1,5.60163600E+02
1.92500000E-03,i2,Line_1_e1,-5.02287958E+02
1.93000000E-03,injectedCurrent,Node_1,5.53150384E+02
1.93000000E-03,voltage,Node_1,8.72732289E+03
1.93000000E-03,voltage,Node_2,6.96631069E+03
1.93000000E-03,i1,Line_1_e1,5.53150384E+02
1.93000000E-03,i2,Line_1_e1,-4.75805421E+02
1.93500000E-03,injectedCurrent,Node_1,5.45729378E+02
1.93500000E-03,voltage,Node_1,6.98406706E+03
1.93500000E-03,voltage,Node_2,8.83755712E+03
1.93500000E-03,i1,Line_1_e1,5.45729378E+02
1.93500000E-03,i2,Line_1_e1,-4.90369948E+02
1.94000000E-03,injectedCurrent,Node_1,5.37893141E+02
1.94000000E-03,voltage,Node_1,8.57195138E+03
1.94000000E-03,voltage,Node_2,6.67756268E+03
1.94000000E-03,i1,Line_1_e1,5.37893141E+02
1.94000000E-03,i2,Line_1_e1,-4.61618819E+02
1.94500000E-03,injectedCurrent,Node_1,5.29636401E+02
1.94500000E-03,voltage,Node_1,6.69226115E+03
1.94500000E-03,voltage,Node_2,8.68724183E+03
1.94500000E-03,i1,Line_1_e1,5.29636401E+02
1.94500000E-03,i2,Line_1_e1,-4.77052422E+02
1.95000000E-03,injectedCurrent,Node_1,5.20956243E+02
1.95000000E-03,voltage,Node_1,8.39742186E+03
1.95000000E-03,voltage,Node_2,6.35937306E+03
1.95000000E-03,i1,Line_1_e1,5.20956243E+02
1.95000000E-03,i2,Line_1_e1,-4.45896127E+02
1.95500000E-03,injectedCurrent,Node_1,5.11852290E+02
1.95500000E-03,voltage,Node_1,6.37159265E+03
1.95500000E-03,voltage,Node_2,8.51880285E+03
1.95500000E-03,i1,Line_1_e1,5.11852290E+02
1.95500000E-03,i2,Line_1_e1,-4.62311369E+02
1.96000000E-03,injectedCurrent,Node_1,5.02326847E+02
1.96000000E-03,voltage,Node_1,8.20391761E+03
1.96000000E-03,voltage,Node_2,6.01106232E+03
1.96000000E-03,i1,Line_1_e1,5.02326847E+02
1.96000000E-03,i2,Line_1_e1,-4.28621035E+02
1.96500000E-03,injectedCurrent,Node_1,4.92385039E+02
1.96500000E-03,voltage,Node_1,6.02177403E+03
1.96500000E-03,voltage,Node_2,8.33277585E+03
1.96500000E-03,i1,Line_1_e1,4.92385039E+02
1.96500000E-03,i2,Line_1_e1,-4.46158630E+02
1.97000000E-03,injectedCurrent,Node_1,4.82034903E+02
1.97000000E-03,voltage,Node_1,7.99225954E+03
1.97000000E-03,voltage,Node_2,5.63251263E+03
1.97000000E-03,i1,Line_1_e1,4.82034903E+02
1.97000000E-03,i2,Line_1_e1,-4.09814403E+02
1.97500000E-03,injectedCurrent,Node_1,4.71287460E+02
1.97500000E-03,voltage,Node_1,5.64311753E+03
1.97500000E-03,voltage,Node_2,8.13036802E+03
1.97500000E-03,i1,Line_1_e1,4.71287460E+02
1.97500000E-03,i2,Line_1_e1,-4.28645854E+02
1.98000000E-03,injectedCurrent,Node_1,4.60156748E+02
1.98000000E-03,voltage,Node_1,7.76396048E+03
1.98000000E-03,voltage,Node_2,5.22421677E+03
1.98000000E-03,i1,Line_1_e1,4.60156748E+02
1.98000000E-03,i2,Line_1_e1,-3.89537379E+02
1.98500000E-03,injectedCurrent,Node_1,4.48659820E+02
1.98500000E-03,voltage,Node_1,5.23656954E+03
1.98500000E-03,voltage,Node_2,7.91350146E+03
1.98500000E-03,i1,Line_1_e1,4.48659820E+02
1.98500000E-03,i2,Line_1_e1,-4.09866864E+02
1.99000000E-03,injectedCurrent,Node_1,4.36816707E+02
1.99000000E-03,voltage,Node_1,7.52125170E+03
1.99000000E-03,voltage,Node_2,4.78729892E+03
1.99000000E-03,i1,Line_1_e1,4.36816707E+02
1.99000000E-03,i2,Line_1_e1,-3.67892780E+02
1.99500000E-03,injectedCurrent,Node_1,4.24650336E+02
1.99500000E-03,voltage,Node_1,4.80371427E+03
1.99500000E-03,voltage,Node_2,7.68482706E+03
1.99500000E-03,i1,Line_1_e1,4.24650336E+02
1.99500000E-03,i2,Line_1_e1,-3.89958156E+02
2.00000000E-03,injectedCurrent,Node_1,4.12186416E+02
2.00000000E-03,voltage,Node_1,7.26707759E+03
2.00000000E-03,voltage,Node_2,4.32350284E+03
2.00000000E-03,i1,Line_1_e1,4.12186416E+02
2.00000000E-03,i2,Line_1_e1,-3.45024452E+02
2.00500000E-03,injectedCurrent,Node_1,3.99453283E+02
2.00500000E-03,voltage,Node_1,4.34674330E+03
2.00500000E-03,voltage,Node_2,7.44770532E+03
2.00500000E-03,i1,Line_1_e1,3.99453283E+02
2.00500000E-03,i2,Line_1_e1,-3.69097297E+02
2.01000000E-03,injectedCurrent,Node_1,3.86481706E+02
2.01000000E-03,voltage,Node_1,7.00505644E+03
2.01000000E-03,voltage,Node_2,3.83514537E+03
2.01000000E-03,i1,Line_1_e1,3.86481706E+02
2.01000000E-03,i2,Line_1_e1,-3.21114491E+02
2.01500000E-03,injectedCurrent,Node_1,3.73304666E+02
2.01500000E-03,voltage,Node_1,3.86839033E+03
2.01500000E-03,voltage,Node_2,7.20615334E+03
2.01500000E-03,i1,Line_1_e1,3.73304666E+02
2.01500000E-03,i2,Line_1_e1,-3.47499192E+02
2.02000000E-03,injectedCurrent,Node_1,3.59957089E+02
2.02000000E-03,voltage,Node_1,6.73940775E+03
2.02000000E-03,voltage,Node_2,3.32503515E+03
2.02000000E-03,i1,Line_1_e1,3.59957089E+02
2.02000000E-03,i2,Line_1_e1,-2.96378347E+02
2.02500000E-03,injectedCurrent,Node_1,3.46475565E+02
2.02500000E-03,voltage,Node_1,3.37183237E+03
2.02500000E-03,voltage,Node_2,6.96475932E+03
2.02500000E-03,i1,Line_1_e1,3.46475565E+02
2.02500000E-03,i2,Line_1_e1,-3.25410316E+02
2.03000000E-03,injectedCurrent,Node_1,3.32898032E+02
2.03000000E-03,voltage,Node_1,6.47484884E+03
2.03000000E-03,voltage,Node_2,2.79635925E+03
2.03000000E-03,i1,Line_1_e1,3.32898032E+02
2.03000000E-03,i2,Line_1_e1,-2.71057975E+02
2.03500000E-03,injectedCurrent,Node_1,3.19263445E+02
2.03500000E-03,voltage,Node_1,2.86056158E+03
2.03500000E-03,voltage,Node_2,6.72856861E+03
2.03500000E-03,i1,Line_1_e1,3.19263445E+02
2.03500000E-03,i2,Line_1_e1,-3.03101156E+02
2.04000000E-03,injectedCurrent,Node_1,3.05611422E+02
2.04000000E-03,voltage,Node_1,6.21646635E+03
2.04000000E-03,voltage,Node_2,2.25254281E+03
2.04000000E-03,i1,Line_1_e1,3.05611422E+02
2.04000000E-03,i2,Line_1_e1,-2.45413383E+02
2.04500000E-03,injectedCurrent,Node_1,2.91981891E+02
2.04500000E-03,voltage,Node_1,2.33823401E+03
2.04500000E-03,voltage,Node_2,6.50294789E+03
2.04500000E-03,i1,Line_1_e1,2.91981891E+02
2.04500000E-03,i2,Line_1_e1,-2.80857282E+02
2.05000000E-03,injectedCurrent,Node_1,2.78414719E+02
2.05000000E-03,voltage,Node_1,5.96957002E+03
2.05000000E-03,voltage,Node_2,1.69708878E+03
2.05000000E-03,i1,Line_1_e1,2.78414719E+02
2.05000000E-03,i2,Line_1_e1,-2.19713020E+02
2.05500000E-03,injectedCurrent,Node_1,2.64949352E+02
2.05500000E-03,voltage,Node_1,1.80850351E+03
2.05500000E-03,voltage,Node_2,6.29343551E+03
2.05500000E-03,i1,Line_1_e1,2.64949352E+02
2.05500000E-03,i2,Line_1_e1,-2.58969546E+02
2.06000000E-03,injectedCurrent,Node_1,2.51624454E+02
2.06000000E-03,voltage,Node_1,5.73953781E+03
2.06000000E-03,voltage,Node_2,1.13340669E+03
2.06000000E-03,i1,Line_1_e1,2.51624454E+02
2.06000000E-03,i2,Line_1_e1,-1.94223572E+02
2.06500000E-03,injectedCurrent,Node_1,2.38477563E+02
2.06500000E-03,voltage,Node_1,1.27485009E+03
2.06500000E-03,voltage,Node_2,6.10558767E+03
2.06500000E-03,i1,Line_1_e1,2.38477563E+02
2.06500000E-03,i2,Line_1_e1,-2.37724019E+02
2.07000000E-03,injectedCurrent,Node_1,2.25544758E+02
2.07000000E-03,voltage,Node_1,5.53166227E+03
2.07000000E-03,voltage,Node_2,5.64639803E+02
2.07000000E-03,i1,Line_1_e1,2.25544758E+02
2.07000000E-03,i2,Line_1_e1,-1.69199769E+02
2.07500000E-03,injectedCurrent,Node_1,2.12860351E+02
2.07500000E-03,voltage,Node_1,7.40412380E+02
2.07500000E-03,voltage,Node_2,5.94483043E+03
2.07500000E-03,i1,Line_1_e1,2.12860351E+02
2.07500000E-03,i2,Line_1_e1,-2.17392259E+02
2.08000000E-03,injectedCurrent,Node_1,2.00456606E+02
2.08000000E-03,voltage,Node_1,5.35100806E+03
2.08000000E-03,voltage,Node_2,-6.49959442E+00
2.08000000E-03,i1,Line_1_e1,2.00456606E+02
2.08000000E-03,i2,Line_1_e1,-1.44874799E+02
2.08500000E-03,injectedCurrent,Node_1,1.88363481E+02
2.08500000E-03,voltage,Node_1,2.07833653E+02
2.08500000E-03,voltage,Node_2,5.81632714E+03
2.08500000E-03,i1,Line_1_e1,1.88363481E+02
2.08500000E-03,i2,Line_1_e1,-1.98222518E+02
2.09000000E-03,injectedCurrent,Node_1,1.76608414E+02
2.09000000E-03,voltage,Node_1,5.20228959E+03
2.09000000E-03,voltage,Node_2,-5.77878020E+02
2.09000000E-03,i1,Line_1_e1,1.76608414E+02
2.09000000E-03,i2,Line_1_e1,-1.21451904E+02
2.09500000E-03,injectedCurrent,Node_1,1.65216131E+02
2.09500000E-03,voltage,Node_1,-3.20870766E+02
2.09500000E-03,voltage,Node_2,5.72486994E+03
2.09500000E-03,i1,Line_1_e1,1.65216131E+02
2.09500000E-03,i2,Line_1_e1,-1.80432391E+02
2.10000000E-03,injectedCurrent,Node_1,1.54208505E+02
2.10000000E-03,voltage,Node_1,5.08977648E+03
2.10000000E-03,voltage,Node_2,-1.14806452E+03
2.10000000E-03,i1,Line_1_e1,1.54208505E+02
2.10000000E-03,i2,Line_1_e1,-9.90975796E+01
2.10500000E-03,injectedCurrent,Node_1,1.43604442E+02
2.10500000E-03,voltage,Node_1,-8.44418401E+02
2.10500000E-03,voltage,Node_2,5.67480190E+03
2.10500000E-03,i1,Line_1_e1,1.43604442E+02
2.10500000E-03,i2,Line_1_e1,-1.64203301E+02
2.11000000E-03,injectedCurrent,Node_1,1.33419813E+02
2.11000000E-03,voltage,Node_1,5.01723218E+03
2.11000000E-03,voltage,Node_2,-1.71642514E+03
2.11000000E-03,i1,Line_1_e1,1.33419813E+02
2.11000000E-03,i2,Line_1_e1,-7.79367366E+01
2.11500000E-03,injectedCurrent,Node_1,1.23667423E+02
2.11500000E-03,voltage,Node_1,-1.36233313E+03
2.11500000E-03,voltage,Node_2,5.66997444E+03
2.11500000E-03,i1,Line_1_e1,1.23667423E+02
2.11500000E-03,i2,Line_1_e1,-1.49677091E+02
2.12000000E-03,injectedCurrent,Node_1,1.14357017E+02
2.12000000E-03,voltage,Node_1,4.98788885E+03
2.12000000E-03,voltage,Node_2,-2.28318563E+03
2.12000000E-03,i1,Line_1_e1,1.14357017E+02
2.12000000E-03,i2,Line_1_e1,-5.80499612E+01
2.12500000E-03,injectedCurrent,Node_1,1.05495324E+02
2.12500000E-03,voltage,Node_1,-1.87498608E+03
2.12500000E-03,voltage,Node_2,5.71374199E+03
2.12500000E-03,i1,Line_1_e1,1.05495324E+02
2.12500000E-03,i2,Line_1_e1,-1.36954792E+02
2.13000000E-03,injectedCurrent,Node_1,9.70861295E+01
2.13000000E-03,voltage,Node_1,5.00445906E+03
2.13000000E-03,voltage,Node_2,-2.84946220E+03
2.13000000E-03,i1,Line_1_e1,9.70861295E+01
2.13000000E-03,i2,Line_1_e1,-3.94729019E+01
2.13500000E-03,injectedCurrent,Node_1,8.91303877E+01
2.13500000E-03,voltage,Node_1,-2.38360526E+03
2.13500000E-03,voltage,Node_2,5.80899334E+03
2.13500000E-03,i1,Line_1_e1,8.91303877E+01
2.13500000E-03,i2,Line_1_e1,-1.26097532E+02
2.14000000E-03,injectedCurrent,Node_1,8.16263557E+01
2.14000000E-03,voltage,Node_1,5.06918236E+03
2.14000000E-03,voltage,Node_2,-3.41726305E+03
2.14000000E-03,i1,Line_1_e1,8.16263557E+01
2.14000000E-03,i2,Line_1_e1,-2.21976312E+01
2.14500000E-03,injectedCurrent,Node_1,7.45697543E+01
2.14500000E-03,voltage,Node_1,-2.89025771E+03
2.14500000E-03,voltage,Node_2,5.95821720E+03
2.14500000E-03,i1,Line_1_e1,7.45697543E+01
2.14500000E-03,i2,Line_1_e1,-1.17129364E+02
2.15000000E-03,injectedCurrent,Node_1,6.79539499E+01
2.15000000E-03,voltage,Node_1,5.18390314E+03
2.15000000E-03,voltage,Node_2,-3.98946527E+03
2.15000000E-03,i1,Line_1_e1,6.79539499E+01
2.15000000E-03,i2,Line_1_e1,-6.17571013E+00
2.15500000E-03,injectedCurrent,Node_1,6.17701533E+01
2.15500000E-03,voltage,Node_1,-3.39780966E+03
2.15500000E-03,voltage,Node_2,6.16359740E+03
2.15500000E-03,i1,Line_1_e1,6.17701533E+01
2.15500000E-03,i2,Line_1_e1,-1.10041712E+02
2.16000000E-03,injectedCurrent,Node_1,5.60076317E+01
2.16000000E-03,voltage,Node_1,5.35017426E+03
2.16000000E-03,voltage,Node_2,-4.56977339E+03
2.16000000E-03,i1,Line_1_e1,5.60076317E+01
2.16000000E-03,i2,Line_1_e1,8.67741236E+00
2.16500000E-03,injectedCurrent,Node_1,5.06539300E+01
2.16500000E-03,voltage,Node_1,-3.90987167E+03
2.16500000E-03,voltage,Node_2,6.42713229E+03
2.16500000E-03,i1,Line_1_e1,5.06539300E+01
2.16500000E-03,i2,Line_1_e1,-1.04799049E+02
2.17000000E-03,injectedCurrent,Node_1,4.56950973E+01
2.17000000E-03,voltage,Node_1,5.56938062E+03
2.17000000E-03,voltage,Node_2,-5.16266721E+03
2.17000000E-03,i1,Line_1_e1,4.56950973E+01
2.17000000E-03,i2,Line_1_e1,2.24770936E+01
2.17500000E-03,injectedCurrent,Node_1,4.11159152E+01
2.17500000E-03,voltage,Node_1,-4.43073653E+03
2.17500000E-03,voltage,Node_2,6.75077227E+03
2.17500000E-03,i1,Line_1_e1,4.11159152E+01
2.17500000E-03,i2,Line_1_e1,-1.01345370E+02
2.18000000E-03,injectedCurrent,Node_1,3.69001242E+01
2.18000000E-03,voltage,Node_1,5.84287631E+03
2.18000000E-03,voltage,Node_2,-5.77334676E+03
2.18000000E-03,i1,Line_1_e1,3.69001242E+01
2.18000000E-03,i2,Line_1_e1,3.53637325E+01
2.18500000E-03,injectedCurrent,Node_1,3.30306452E+01
2.18500000E-03,voltage,Node_1,-4.96531751E+03
2.18500000E-03,voltage,Node_2,7.13656943E+03
2.18500000E-03,i1,Line_1_e1,3.30306452E+01
2.18500000E-03,i2,Line_1_e1,-9.96110550E+01
2.19000000E-03,injectedCurrent,Node_1,2.94897933E+01
2.19000000E-03,voltage,Node_1,6.17212969E+03
2.19000000E-03,voltage,Node_2,-6.40768233E+03
2.19000000E-03,i1,Line_1_e1,2.94897933E+01
2.19000000E-03,i2,Line_1_e1,4.74969775E+01
2.19500000E-03,injectedCurrent,Node_1,2.62594812E+01
2.19500000E-03,voltage,Node_1,-5.51909458E+03
2.19500000E-03,voltage,Node_2,7.58683435E+03
2.19500000E-03,i1,Line_1_e1,2.62594812E+01
2.19500000E-03,i2,Line_1_e1,-9.95197230E+01
2.20000000E-03,injectedCurrent,Node_1,2.33214099E+01
2.20000000E-03,voltage,Node_1,6.55887149E+03
2.20000000E-03,voltage,Node_2,-7.07217698E+03
2.20000000E-03,i1,Line_1_e1,2.33214099E+01
2.20000000E-03,i2,Line_1_e1,5.90502907E+01
2.20500000E-03,injectedCurrent,Node_1,2.06572460E+01
2.20500000E-03,voltage,Node_1,-6.09807523E+03
2.20500000E-03,voltage,Node_2,8.10429602E+03
2.20500000E-03,i1,Line_1_e1,2.06572460E+01
2.20500000E-03,i2,Line_1_e1,-1.00994772E+02
2.21000000E-03,injectedCurrent,Node_1,1.82487829E+01
2.21000000E-03,voltage,Node_1,7.00524284E+03
2.21000000E-03,voltage,Node_2,-7.77394810E+03
2.21000000E-03,i1,Line_1_e1,1.82487829E+01
2.21000000E-03,i2,Line_1_e1,7.02061859E+01
2.21500000E-03,injectedCurrent,Node_1,1.60780856E+01
2.21500000E-03,voltage,Node_1,-6.70877571E+03
2.21500000E-03,voltage,Node_2,8.69226260E+03
2.21500000E-03,i1,Line_1_e1,1.60780856E+01
2.21500000E-03,i2,Line_1_e1,-1.03965358E+02
2.22000000E-03,injectedCurrent,Node_1,1.41276194E+01
2.22000000E-03,voltage,Node_1,7.51394130E+03
2.22000000E-03,voltage,Node_2,-8.52073384E+03
2.22000000E-03,i1,Line_1_e1,1.41276194E+01
2.22000000E-03,i2,Line_1_e1,8.11523781E+01
2.22500000E-03,injectedCurrent,Node_1,1.23803607E+01
2.22500000E-03,voltage,Node_1,-7.35822733E+03
2.22500000E-03,voltage,Node_2,9.35478264E+03
2.22500000E-03,i1,Line_1_e1,1.23803607E+01
2.22500000E-03,i2,Line_1_e1,-1.08371673E+02
2.23000000E-03,injectedCurrent,Node_1,1.08198906E+01
2.23000000E-03,voltage,Node_1,8.08836517E+03
2.23000000E-03,voltage,Node_2,-9.32092911E+03
2.23000000E-03,i1,Line_1_e1,1.08198906E+01
2.23000000E-03,i2,Line_1_e1,9.20789999E+01
2.23500000E-03,injectedCurrent,Node_1,9.43047286E+00
2.23500000E-03,voltage,Node_1,-8.05401185E+03
2.23500000E-03,voltage,Node_2,1.00968081E+04
2.23500000E-03,i1,Line_1_e1,9.43047286E+00
2.23500000E-03,i2,Line_1_e1,-1.14169464E+02
2.24000000E-03,injectedCurrent,Node_1,8.19711466E+00
2.24000000E-03,voltage,Node_1,8.73275816E+03
2.24000000E-03,voltage,Node_2,-1.01836553E+04
2.24000000E-03,i1,Line_1_e1,8.19711467E+00
2.24000000E-03,i2,Line_1_e1,1.03176969E+02
2.24500000E-03,injectedCurrent,Node_1,7.10561303E+00
2.24500000E-03,voltage,Node_1,-8.80432912E+03
2.24500000E-03,voltage,Node_2,1.09243629E+04
2.24500000E-03,i1,Line_1_e1,7.10561303E+00
2.24500000E-03,i2,Line_1_e1,-1.21333826E+02
2.25000000E-03,injectedCurrent,Node_1,6.14258671E+00
2.25000000E-03,voltage,Node_1,9.45235809E+03
2.25000000E-03,voltage,Node_2,-1.11188679E+04
2.25000000E-03,i1,Line_1_e1,6.14258672E+00
2.25000000E-03,i2,Line_1_e1,1.14637524E+02
2.25500000E-03,injectedCurrent,Node_1,5.29549518E+00
2.25500000E-03,voltage,Node_1,-9.61810018E+03
2.25500000E-03,voltage,Node_2,1.18447221E+04
2.25500000E-03,i1,Line_1_e1,5.29549518E+00
2.25500000E-03,i2,Line_1_e1,-1.29862380E+02
2.26000000E-03,injectedCurrent,Node_1,4.55264575E+00
2.26000000E-03,voltage,Node_1,1.02535556E+04
2.26000000E-03,voltage,Node_2,-1.21375053E+04
2.26000000E-03,i1,Line_1_e1,4.55264575E+00
2.26000000E-03,i2,Line_1_e1,1.26652912E+02
2.26500000E-03,injectedCurrent,Node_1,3.90319032E+00
2.26500000E-03,voltage,Node_1,-1.05051091E+04
2.26500000E-03,voltage,Node_2,1.28666096E+04
2.26500000E-03,i1,Line_1_e1,3.90319032E+00
2.26500000E-03,i2,Line_1_e1,-1.39777980E+02
2.27000000E-03,injectedCurrent,Node_1,3.33711284E+00
2.27000000E-03,voltage,Node_1,1.11440699E+04
2.27000000E-03,voltage,Node_2,-1.32516854E+04
2.27000000E-03,i1,Line_1_e1,3.33711285E+00
2.27000000E-03,i2,Line_1_e1,1.39418169E+02
2.27500000E-03,injectedCurrent,Node_1,2.84520899E+00
2.27500000E-03,voltage,Node_1,-1.14761878E+04
2.27500000E-03,voltage,Node_2,1.40004245E+04
2.27500000E-03,i1,Line_1_e1,2.84520899E+00
2.27500000E-03,i2,Line_1_e1,-1.51131192E+02
2.28000000E-03,injectedCurrent,Node_1,2.41905921E+00
2.28000000E-03,voltage,Node_1,1.21331518E+04
2.28000000E-03,voltage,Node_2,-1.44749537E+04
2.28000000E-03,i1,Line_1_e1,2.41905921E+00
2.28000000E-03,i2,Line_1_e1,1.53133973E+02
2.28500000E-03,injectedCurrent,Node_1,2.05099643E+00
2.28500000E-03,voltage,Node_1,-1.25434504E+04
2.28500000E-03,voltage,Node_2,1.52585065E+04
2.28500000E-03,i1,Line_1_e1,2.05099644E+00
2.28500000E-03,i2,Line_1_e1,-1.64002767E+02
2.29000000E-03,injectedCurrent,Node_1,1.73406962E+00
2.29000000E-03,voltage,Node_1,1.32318250E+04
2.29000000E-03,voltage,Node_2,-1.58225954E+04
2.29000000E-03,i1,Line_1_e1,1.73406962E+00
2.29000000E-03,i2,Line_1_e1,1.68010506E+02
2.29500000E-03,injectedCurrent,Node_1,1.46200414E+00
2.29500000E-03,voltage,Node_1,-1.37205844E+04
2.29500000E-03,voltage,Node_2,1.66554580E+04
2.29500000E-03,i1,Line_1_e1,1.46200415E+00
2.29500000E-03,i2,Line_1_e1,-1.78506409E+02
2.30000000E-03,injectedCurrent,Node_1,1.22916010E+00
2.30000000E-03,voltage,Node_1,1.44531804E+04
2.30000000E-03,voltage,Node_2,-1.73120203E+04
2.30000000E-03,i1,Line_1_e1,1.22916011E+00
2.30000000E-03,i2,Line_1_e1,1.84272391E+02
2.30500000E-03,injectedCurrent,Node_1,1.03048934E+00
2.30500000E-03,voltage,Node_1,-1.50232117E+04
2.30500000E-03,voltage,Node_2,1.82085398E+04
2.30500000E-03,i1,Line_1_e1,1.03048934E+00
2.30500000E-03,i2,Line_1_e1,-1.94792137E+02
2.31000000E-03,injectedCurrent,Node_1,8.61491989E-01
2.31000000E-03,voltage,Node_1,1.58127422E+04
2.31000000E-03,voltage,Node_2,-1.89632405E+04
2.31000000E-03,i1,Line_1_e1,8.61491993E-01
2.31000000E-03,i2,Line_1_e1,2.02164737E+02
2.31500000E-03,injectedCurrent,Node_1,7.18173316E-01
2.31500000E-03,voltage,Node_1,-1.64693362E+04
2.31500000E-03,voltage,Node_2,1.99381660E+04
2.31500000E-03,i1,Line_1_e1,7.18173326E-01
2.31500000E-03,i2,Line_1_e1,-2.13050615E+02
2.32000000E-03,injectedCurrent,Node_1,5.97001238E-01
2.32000000E-03,voltage,Node_1,1.73289279E+04
2.32000000E-03,voltage,Node_2,-2.07994640E+04
2.32000000E-03,i1,Line_1_e1,5.97001246E-01
2.32000000E-03,i2,Line_1_e1,2.21960506E+02
2.32500000E-03,injectedCurrent,Node_1,4.94865164E-01
2.32500000E-03,voltage,Node_1,-1.80799004E+04
2.32500000E-03,voltage,Node_2,2.18685282E+04
2.32500000E-03,i1,Line_1_e1,4.94865166E-01
2.32500000E-03,i2,Line_1_e1,-2.33518839E+02
2.33000000E-03,injectedCurrent,Node_1,4.09036471E-01
2.33000000E-03,voltage,Node_1,1.90236338E+04
2.33000000E-03,voltage,Node_2,-2.28478372E+04
2.33000000E-03,i1,Line_1_e1,4.09036477E-01
2.33000000E-03,i2,Line_1_e1,2.43969470E+02
2.33500000E-03,injectedCurrent,Node_1,3.37130904E-01
2.33500000E-03,voltage,Node_1,-1.98794858E+04
2.33500000E-03,voltage,Node_2,2.40283925E+04
2.33500000E-03,i1,Line_1_e1,3.37130910E-01
2.33500000E-03,i2,Line_1_e1,-2.56487714E+02
2.34000000E-03,injectedCurrent,Node_1,2.77073145E-01
2.34000000E-03,voltage,Node_1,2.09229865E+04
2.34000000E-03,voltage,Node_2,-2.51403837E+04
2.34000000E-03,i1,Line_1_e1,2.77073144E-01
2.34000000E-03,i2,Line_1_e1,2.68549211E+02
2.34500000E-03,injectedCurrent,Node_1,2.27063671E-01
2.34500000E-03,voltage,Node_1,-2.18972005E+04
2.34500000E-03,voltage,Node_2,2.64521227E+04
2.34500000E-03,i1,Line_1_e1,2.27063668E-01
2.34500000E-03,i2,Line_1_e1,-2.82312146E+02
2.35000000E-03,injectedCurrent,Node_1,1.85548013E-01
2.35000000E-03,voltage,Node_1,2.30583143E+04
2.35000000E-03,voltage,Node_2,-2.77152025E+04
2.35000000E-03,i1,Line_1_e1,1.85548019E-01
2.35000000E-03,i2,Line_1_e1,2.96118830E+02
2.35500000E-03,injectedCurrent,Node_1,1.51188421E-01
2.35500000E-03,voltage,Node_1,-2.41678201E+04
2.35500000E-03,voltage,Node_2,2.91810109E+04
2.35500000E-03,i1,Line_1_e1,1.51188432E-01
2.35500000E-03,i2,Line_1_e1,-3.11424514E+02
2.36000000E-03,injectedCurrent,Node_1,1.22837941E-01
2.36000000E-03,voltage,Node_1,2.54674176E+04
2.36000000E-03,voltage,Node_2,-3.06180180E+04
2.36000000E-03,i1,Line_1_e1,1.22837947E-01
2.36000000E-03,i2,Line_1_e1,3.27176324E+02
2.36500000E-03,injectedCurrent,Node_1,9.95168339E-02
2.36500000E-03,voltage,Node_1,-2.67332715E+04
2.36500000E-03,voltage,Node_2,3.22650204E+04
2.36500000E-03,i1,Line_1_e1,9.95168357E-02
2.36500000E-03,i2,Line_1_e1,-3.44352703E+02
2.37000000E-03,injectedCurrent,Node_1,8.03912731E-02
2.37000000E-03,voltage,Node_1,2.81962452E+04
2.37000000E-03,voltage,Node_2,-3.39042095E+04
2.37000000E-03,i1,Line_1_e1,8.03912798E-02
2.37000000E-03,i2,Line_1_e1,3.62321011E+02
2.37500000E-03,injectedCurrent,Node_1,6.47542019E-02
2.37500000E-03,voltage,Node_1,-2.96445901E+04
2.37500000E-03,voltage,Node_2,3.57650983E+04
2.37500000E-03,i1,Line_1_e1,6.47542083E-02
2.37500000E-03,i2,Line_1_e1,-3.81744364E+02
2.38000000E-03,injectedCurrent,Node_1,5.20082339E-02
2.38000000E-03,voltage,Node_1,3.13011345E+04
2.38000000E-03,voltage,Node_2,-3.76415078E+04
2.38000000E-03,i1,Line_1_e1,5.20082374E-02
2.38000000E-03,i2,Line_1_e1,4.02283019E+02
2.38500000E-03,injectedCurrent,Node_1,4.16504616E-02
2.38500000E-03,voltage,Node_1,-3.29645401E+04
2.38500000E-03,voltage,Node_2,3.97562823E+04
2.38500000E-03,i1,Line_1_e1,4.16504640E-02
2.38500000E-03,i2,Line_1_e1,-4.24399827E+02
2.39000000E-03,injectedCurrent,Node_1,3.32590313E-02
2.39000000E-03,voltage,Node_1,3.48518445E+04
2.39000000E-03,voltage,Node_2,-4.19136317E+04
2.39000000E-03,i1,Line_1_e1,3.32590371E-02
2.39000000E-03,i2,Line_1_e1,4.47962792E+02
2.39500000E-03,injectedCurrent,Node_1,2.64813417E-02
2.39500000E-03,voltage,Node_1,-3.67711790E+04
2.39500000E-03,voltage,Node_2,4.43319344E+04
2.39500000E-03,i1,Line_1_e1,2.64813487E-02
2.39500000E-03,i2,Line_1_e1,-4.73317233E+02
2.40000000E-03,injectedCurrent,Node_1,2.10237208E-02
2.40000000E-03,voltage,Node_1,3.89357271E+04
2.40000000E-03,voltage,Node_2,-4.68252739E+04
2.40000000E-03,i1,Line_1_e1,2.10237260E-02
2.40000000E-03,i2,Line_1_e1,5.00485037E+02
2.40500000E-03,injectedCurrent,Node_1,1.66424405E-02
2.40500000E-03,voltage,Node_1,-4.11627918E+04
2.40500000E-03,voltage,Node_2,4.96096069E+04
2.40500000E-03,i1,Line_1_e1,1.66424469E-02
2.40500000E-03,i2,Line_1_e1,-5.29755342E+02
2.41000000E-03,injectedCurrent,Node_1,1.31359339E-02
2.41000000E-03,voltage,Node_1,4.36635631E+04
2.41000000E-03,voltage,Node_2,-5.25090627E+04
2.41000000E-03,i1,Line_1_e1,1.31359398E-02
2.41000000E-03,i2,Line_1_e1,5.61273887E+02
2.41500000E-03,injectedCurrent,Node_1,1.03380854E-02
2.41500000E-03,voltage,Node_1,-4.62648537E+04
2.41500000E-03,voltage,Node_2,5.57393200E+04
2.41500000E-03,i1,Line_1_e1,1.03380897E-02
2.41500000E-03,i2,Line_1_e1,-5.95322395E+02
2.42000000E-03,injectedCurrent,Node_1,8.11247273E-03
2.42000000E-03,voltage,Node_1,4.91778911E+04
2.42000000E-03,voltage,Node_2,-5.91354784E+04
2.42000000E-03,i1,Line_1_e1,8.11247557E-03
2.42000000E-03,i2,Line_1_e1,6.32159858E+02
2.42500000E-03,injectedCurrent,Node_1,6.34744778E-03
2.42500000E-03,voltage,Node_1,-5.22400671E+04
2.42500000E-03,voltage,Node_2,6.29154893E+04
2.42500000E-03,i1,Line_1_e1,6.34744945E-03
2.42500000E-03,i2,Line_1_e1,-6.72104403E+02
2.43000000E-03,injectedCurrent,Node_1,4.95195393E-03
2.43000000E-03,voltage,Node_1,5.56651605E+04
2.43000000E-03,voltage,Node_2,-6.69273025E+04
2.43000000E-03,i1,Line_1_e1,4.95196486E-03
2.43000000E-03,i2,Line_1_e1,7.15535670E+02
2.43500000E-03,injectedCurrent,Node_1,3.85198404E-03
2.43500000E-03,voltage,Node_1,-5.93031863E+04
2.43500000E-03,voltage,Node_2,7.13945253E+04
2.43500000E-03,i1,Line_1_e1,3.85200030E-03
2.43500000E-03,i2,Line_1_e1,-7.62854722E+02
2.44000000E-03,injectedCurrent,Node_1,2.98759464E-03
2.44000000E-03,voltage,Node_1,6.33739246E+04
2.44000000E-03,voltage,Node_2,-7.61812135E+04
2.44000000E-03,i1,Line_1_e1,2.98760124E-03
2.44000000E-03,i2,Line_1_e1,8.14589231E+02
2.44500000E-03,injectedCurrent,Node_1,2.31039952E-03
2.44500000E-03,voltage,Node_1,-6.77435197E+04
2.44500000E-03,voltage,Node_2,8.15215171E+04
2.44500000E-03,i1,Line_1_e1,2.31041147E-03
2.44500000E-03,i2,Line_1_e1,-8.71281830E+02
2.45000000E-03,injectedCurrent,Node_1,1.78147475E-03
2.45000000E-03,voltage,Node_1,7.26428849E+04
2.45000000E-03,voltage,Node_2,-8.73010246E+04
2.45000000E-03,i1,Line_1_e1,1.78147913E-03
2.45000000E-03,i2,Line_1_e1,9.33662465E+02
2.45500000E-03,injectedCurrent,Node_1,1.36961467E-03
2.45500000E-03,voltage,Node_1,-7.79601870E+04
2.45500000E-03,voltage,Node_2,9.37719754E+04
2.45500000E-03,i1,Line_1_e1,1.36962614E-03
2.45500000E-03,i2,Line_1_e1,-1.00250007E+03
2.46000000E-03,injectedCurrent,Node_1,1.04988630E-03
2.46000000E-03,voltage,Node_1,8.39456176E+04
2.46000000E-03,voltage,Node_2,-1.00850597E+05
2.46000000E-03,i1,Line_1_e1,1.04989320E-03
2.46000000E-03,i2,Line_1_e1,1.07882314E+03
2.46500000E-03,injectedCurrent,Node_1,8.02435835E-04
2.46500000E-03,voltage,Node_1,-9.05194320E+04
2.46500000E-03,voltage,Node_2,1.08819567E+05
2.46500000E-03,i1,Line_1_e1,8.02434041E-04
2.46500000E-03,i2,Line_1_e1,-1.16376199E+03
2.47000000E-03,injectedCurrent,Node_1,6.11507221E-04
2.47000000E-03,voltage,Node_1,9.79648115E+04
2.47000000E-03,voltage,Node_2,-1.17641489E+05
2.47000000E-03,i1,Line_1_e1,6.11515694E-04
2.47000000E-03,i2,Line_1_e1,1.25881326E+03
2.47500000E-03,injectedCurrent,Node_1,4.64638481E-04
2.47500000E-03,voltage,Node_1,-1.06251936E+05
2.47500000E-03,voltage,Node_2,1.27650866E+05
2.47500000E-03,i1,Line_1_e1,4.64658404E-04
2.47500000E-03,i2,Line_1_e1,-1.36570088E+03
2.48000000E-03,injectedCurrent,Node_1,3.52006087E-04
2.48000000E-03,voltage,Node_1,1.15721497E+05
2.48000000E-03,voltage,Node_2,-1.38885149E+05
2.48000000E-03,i1,Line_1_e1,3.52022176E-04
2.48000000E-03,i2,Line_1_e1,1.48669850E+03
2.48500000E-03,injectedCurrent,Node_1,2.65892272E-04
2.48500000E-03,voltage,Node_1,-1.26426913E+05
2.48500000E-03,voltage,Node_2,1.51770105E+05
2.48500000E-03,i1,Line_1_e1,2.65905292E-04
2.48500000E-03,i2,Line_1_e1,-1.62455176E+03
2.49000000E-03,injectedCurrent,Node_1,2.00253885E-04
2.49000000E-03,voltage,Node_1,1.38813350E+05
2.49000000E-03,voltage,Node_2,-1.66472744E+05
2.49000000E-03,i1,Line_1_e1,2.00263263E-04
2.49000000E-03,i2,Line_1_e1,1.78290671E+03
2.49500000E-03,injectedCurrent,Node_1,1.50374796E-04
2.49500000E-03,voltage,Node_1,-1.53084156E+05
2.49500000E-03,voltage,Node_2,1.83588385E+05
2.49500000E-03,i1,Line_1_e1,1.50396282E-04
2.49500000E-03,i2,Line_1_e1,-1.96638240E+03
2.50000000E-03,injectedCurrent,Node_1,1.12586733E-04
2.50000000E-03,voltage,Node_1,1.69886677E+05
2.50000000E-03,voltage,Node_2,-2.03527317E+05
2.50000000E-03,i1,Line_1_e1,1.12583914E-04
2.50000000E-03,i2,Line_1_e1,2.18123809E+03
2.50500000E-03,injectedCurrent,Node_1,8.40459243E-05
2.50500000E-03,voltage,Node_1,-1.89720278E+05
2.50500000E-03,voltage,Node_2,2.27224694E+05
2.50500000E-03,i1,Line_1_e1,8.40469495E-05
2.50500000E-03,i2,Line_1_e1,-2.43582520E+03
2.51000000E-03,injectedCurrent,Node_1,6.25550840E-05
2.51000000E-03,voltage,Node_1,2.13660268E+05
2.51000000E-03,voltage,Node_2,-2.55595836E+05
2.51000000E-03,i1,Line_1_e1,6.25728289E-05
2.51000000E-03,i2,Line_1_e1,2.74188147E+03
2.51500000E-03,injectedCurrent,Node_1,4.64220518E-05
2.51500000E-03,voltage,Node_1,-2.42862461E+05
2.51500000E-03,voltage,Node_2,2.90332787E+05
2.51500000E-03,i1,Line_1_e1,4.64383584E-05
2.51500000E-03,i2,Line_1_e1,-3.11606394E+03
2.52000000E-03,injectedCurrent,Node_1,3.43479714E-05
2.52000000E-03,voltage,Node_1,2.79430096E+05
2.52000000E-03,voltage,Node_2,-3.33546706E+05
2.52000000E-03,i1,Line_1_e1,3.43615142E-05
2.52000000E-03,i2,Line_1_e1,3.58318665E+03
2.52500000E-03,injectedCurrent,Node_1,2.53391584E-05
2.52500000E-03,voltage,Node_1,-3.26222908E+05
2.52500000E-03,voltage,Node_2,3.88887406E+05
2.52500000E-03,i1,Line_1_e1,2.53388192E-05
2.52500000E-03,i2,Line_1_e1,-4.18145968E+03
2.53000000E-03,injectedCurrent,Node_1,1.86378975E-05
2.53000000E-03,voltage,Node_1,3.88312700E+05
2.53000000E-03,voltage,Node_2,-4.61873078E+05
2.53000000E-03,i1,Line_1_e1,1.86450174E-05
2.53000000E-03,i2,Line_1_e1,4.97326413E+03
2.53500000E-03,injectedCurrent,Node_1,1.36683037E-05
2.53500000E-03,voltage,Node_1,-4.74131697E+05
2.53500000E-03,voltage,Node_2,5.62487552E+05
2.53500000E-03,i1,Line_1_e1,1.36970760E-05
2.53500000E-03,i2,Line_1_e1,-6.06706905E+03
2.54000000E-03,injectedCurrent,Node_1,9.99412162E-06
2.54000000E-03,voltage,Node_1,6.00196094E+05
2.54000000E-03,voltage,Node_2,-7.09153202E+05
2.54000000E-03,i1,Line_1_e1,1.00041774E-05
2.54000000E-03,i2,Line_1_e1,7.66919876E+03
2.54500000E-03,injectedCurrent,Node_1,7.28595205E-06
2.54500000E-03,voltage,Node_1,-8.01580221E+05
2.54500000E-03,voltage,Node_2,9.41498797E+05
2.54500000E-03,i1,Line_1_e1,7.26662539E-06
2.54500000E-03,i2,Line_1_e1,-1.02217344E+04
2.55000000E-03,injectedCurrent,Node_1,5.29589090E-06
2.55000000E-03,voltage,Node_1,1.16893252E+06
2.55000000E-03,voltage,Node_2,-1.35895887E+06
2.55000000E-03,i1,Line_1_e1,5.31649966E-06
2.55000000E-03,i2,Line_1_e1,1.48540143E+04
2.55500000E-03,injectedCurrent,Node_1,3.83797535E-06
2.55500000E-03,voltage,Node_1,-2.01129590E+06
2.55500000E-03,voltage,Node_2,2.29191593E+06
2.55500000E-03,i1,Line_1_e1,3.86905367E-06
2.55500000E-03,i2,Line_1_e1,-2.53890116E+04
