time_s,quantity,id,value
0.00000000E+00,injectedCurrent,Node_1,0.00000000E+00
0.00000000E+00,voltage,Node_1,1.43585400E+05
0.00000000E+00,voltage,Node_2,2.35567152E+04
0.00000000E+00,i1,Line_1_e1,5.65369662E+03
0.00000000E+00,i2,Line_1_e1,-4.20148446E+03
5.00000000E-07,injectedCurrent,Node_1,2.26147865E+04
5.00000000E-07,voltage,Node_1,3.59969993E+05
5.00000000E-07,voltage,Node_2,1.46664261E+05
5.00000000E-07,i1,Line_1_e1,1.85648230E+04
5.00000000E-07,i2,Line_1_e1,-1.50635014E+04
1.00000000E-06,injectedCurrent,Node_1,2.90297189E+04
1.00000000E-06,voltage,Node_1,4.36893745E+05
1.00000000E-06,voltage,Node_2,3.03599494E+05
1.00000000E-06,i1,Line_1_e1,2.78516203E+04
1.00000000E-06,i2,Line_1_e1,-2.37628005E+04
1.50000000E-06,injectedCurrent,Node_1,3.07322567E+04
1.50000000E-06,voltage,Node_1,4.27632454E+05
1.50000000E-06,voltage,Node_2,3.85057838E+05
1.50000000E-06,i1,Line_1_e1,3.03897699E+04
1.50000000E-06,i2,Line_1_e1,-2.65006687E+04
2.00000000E-06,injectedCurrent,Node_1,3.10648473E+04
2.00000000E-06,voltage,Node_1,4.26369533E+05
2.00000000E-06,voltage,Node_2,4.10823252E+05
2.00000000E-06,i1,Line_1_e1,3.09654927E+04
2.00000000E-06,i2,Line_1_e1,-2.71435786E+04
2.50000000E-06,injectedCurrent,Node_1,3.10000195E+04
2.50000000E-06,voltage,Node_1,4.23814776E+05
2.50000000E-06,voltage,Node_2,4.19782848E+05
2.50000000E-06,i1,Line_1_e1,3.09714058E+04
2.50000000E-06,i2,Line_1_e1,-2.72088316E+04
3.00000000E-06,injectedCurrent,Node_1,3.08207369E+04
3.00000000E-06,voltage,Node_1,4.22477957E+05
3.00000000E-06,voltage,Node_2,4.21746266E+05
3.00000000E-06,i1,Line_1_e1,3.08127043E+04
3.00000000E-06,i2,Line_1_e1,-2.70838206E+04
3.50000000E-06,injectedCurrent,Node_1,3.06093238E+04
3.50000000E-06,voltage,Node_1,4.20448969E+05
3.50000000E-06,voltage,Node_2,4.21649702E+05
3.50000000E-06,i1,Line_1_e1,3.06072774E+04
3.50000000E-06,i2,Line_1_e1,-2.69127362E+04
4.00000000E-06,injectedCurrent,Node_1,3.03897250E+04
4.00000000E-06,voltage,Node_1,4.18589108E+05
4.00000000E-06,voltage,Node_2,4.20352858E+05
4.00000000E-06,i1,Line_1_e1,3.03894183E+04
4.00000000E-06,i2,Line_1_e1,-2.67229124E+04
4.50000000E-06,injectedCurrent,Node_1,3.01688993E+04
4.50000000E-06,voltage,Node_1,4.16359880E+05
4.50000000E-06,voltage,Node_2,4.18688915E+05
4.50000000E-06,i1,Line_1_e1,3.01690966E+04
4.50000000E-06,i2,Line_1_e1,-2.65318214E+04
5.00000000E-06,injectedCurrent,Node_1,2.99488629E+04
5.00000000E-06,voltage,Node_1,4.14161944E+05
5.00000000E-06,voltage,Node_2,4.16662152E+05
5.00000000E-06,i1,Line_1_e1,2.99492048E+04
5.00000000E-06,i2,Line_1_e1,-2.63387423E+04
5.50000000E-06,injectedCurrent,Node_1,2.97301941E+04
5.50000000E-06,voltage,Node_1,4.11766679E+05
5.50000000E-06,voltage,Node_2,4.14519171E+05
5.50000000E-06,i1,Line_1_e1,2.97305759E+04
5.50000000E-06,i2,Line_1_e1,-2.61476251E+04
6.00000000E-06,injectedCurrent,Node_1,2.95130528E+04
6.00000000E-06,voltage,Node_1,4.09381810E+05
6.00000000E-06,voltage,Node_2,4.12211616E+05
6.00000000E-06,i1,Line_1_e1,2.95134443E+04
6.00000000E-06,i2,Line_1_e1,-2.59567382E+04
6.50000000E-06,injectedCurrent,Node_1,2.92974774E+04
6.50000000E-06,voltage,Node_1,4.06885395E+05
6.50000000E-06,voltage,Node_2,4.09851570E+05
6.50000000E-06,i1,Line_1_e1,2.92978696E+04
6.50000000E-06,i2,Line_1_e1,-2.57677672E+04
7.00000000E-06,injectedCurrent,Node_1,2.90834709E+04
7.00000000E-06,voltage,Node_1,4.04396701E+05
7.00000000E-06,voltage,Node_2,4.07402715E+05
7.00000000E-06,i1,Line_1_e1,2.90838612E+04
7.00000000E-06,i2,Line_1_e1,-2.55795642E+04
7.50000000E-06,injectedCurrent,Node_1,2.88710258E+04
7.50000000E-06,voltage,Node_1,4.01842181E+05
7.50000000E-06,voltage,Node_2,4.04927820E+05
7.50000000E-06,i1,Line_1_e1,2.88714137E+04
7.50000000E-06,i2,Line_1_e1,-2.53930883E+04
8.00000000E-06,injectedCurrent,Node_1,2.86601321E+04
8.00000000E-06,voltage,Node_1,3.99296182E+05
8.00000000E-06,voltage,Node_2,4.02401929E+05
8.00000000E-06,i1,Line_1_e1,2.86605172E+04
8.00000000E-06,i2,Line_1_e1,-2.52075973E+04
8.50000000E-06,injectedCurrent,Node_1,2.84507788E+04
8.50000000E-06,voltage,Node_1,3.96710759E+05
8.50000000E-06,voltage,Node_2,3.99864131E+05
8.50000000E-06,i1,Line_1_e1,2.84511611E+04
8.50000000E-06,i2,Line_1_e1,-2.50237017E+04
9.00000000E-06,injectedCurrent,Node_1,2.82429547E+04
9.00000000E-06,voltage,Node_1,3.94135266E+05
9.00000000E-06,voltage,Node_2,3.97296903E+05
9.00000000E-06,i1,Line_1_e1,2.82433342E+04
9.00000000E-06,i2,Line_1_e1,-2.48408987E+04
9.50000000E-06,injectedCurrent,Node_1,2.80366487E+04
9.50000000E-06,voltage,Node_1,3.91536654E+05
9.50000000E-06,voltage,Node_2,3.94726281E+05
9.50000000E-06,i1,Line_1_e1,2.80370254E+04
9.50000000E-06,i2,Line_1_e1,-2.46596014E+04
1.00000000E-05,injectedCurrent,Node_1,2.78318497E+04
1.00000000E-05,voltage,Node_1,3.88949310E+05
1.00000000E-05,voltage,Node_2,3.92139551E+05
1.00000000E-05,i1,Line_1_e1,2.78322236E+04
1.00000000E-05,i2,Line_1_e1,-2.44794531E+04
1.05000000E-05,injectedCurrent,Node_1,2.76285466E+04
1.05000000E-05,voltage,Node_1,3.86349463E+05
1.05000000E-05,voltage,Node_2,3.89554919E+05
1.05000000E-05,i1,Line_1_e1,2.76289179E+04
1.05000000E-05,i2,Line_1_e1,-2.43007457E+04
1.10000000E-05,injectedCurrent,Node_1,2.74267286E+04
1.10000000E-05,voltage,Node_1,3.83762002E+05
1.10000000E-05,voltage,Node_2,3.86962880E+05
1.10000000E-05,i1,Line_1_e1,2.74270972E+04
1.10000000E-05,i2,Line_1_e1,-2.41232165E+04
1.15000000E-05,injectedCurrent,Node_1,2.72263849E+04
1.15000000E-05,voltage,Node_1,3.81169241E+05
1.15000000E-05,voltage,Node_2,3.84376649E+05
1.15000000E-05,i1,Line_1_e1,2.72267508E+04
1.15000000E-05,i2,Line_1_e1,-2.39470784E+04
1.20000000E-05,injectedCurrent,Node_1,2.70275046E+04
1.20000000E-05,voltage,Node_1,3.78589755E+05
1.20000000E-05,voltage,Node_2,3.81788934E+05
1.20000000E-05,i1,Line_1_e1,2.70278678E+04
1.20000000E-05,i2,Line_1_e1,-2.37721316E+04
1.25000000E-05,injectedCurrent,Node_1,2.68300770E+04
1.25000000E-05,voltage,Node_1,3.76010016E+05
1.25000000E-05,voltage,Node_2,3.79209618E+05
1.25000000E-05,i1,Line_1_e1,2.68304376E+04
1.25000000E-05,i2,Line_1_e1,-2.35985358E+04
1.30000000E-05,injectedCurrent,Node_1,2.66340916E+04
1.30000000E-05,voltage,Node_1,3.73444242E+05
1.30000000E-05,voltage,Node_2,3.76632979E+05
1.30000000E-05,i1,Line_1_e1,2.66344495E+04
1.30000000E-05,i2,Line_1_e1,-2.34261349E+04
1.35000000E-05,injectedCurrent,Node_1,2.64395379E+04
1.35000000E-05,voltage,Node_1,3.70881843E+05
1.35000000E-05,voltage,Node_2,3.74066593E+05
1.35000000E-05,i1,Line_1_e1,2.64398931E+04
1.35000000E-05,i2,Line_1_e1,-2.32550510E+04
1.40000000E-05,injectedCurrent,Node_1,2.62464052E+04
1.40000000E-05,voltage,Node_1,3.68333934E+05
1.40000000E-05,voltage,Node_2,3.71505882E+05
1.40000000E-05,i1,Line_1_e1,2.62467579E+04
1.40000000E-05,i2,Line_1_e1,-2.30851594E+04
1.45000000E-05,injectedCurrent,Node_1,2.60546834E+04
1.45000000E-05,voltage,Node_1,3.65792063E+05
1.45000000E-05,voltage,Node_2,3.68956772E+05
1.45000000E-05,i1,Line_1_e1,2.60550335E+04
1.45000000E-05,i2,Line_1_e1,-2.29165551E+04
1.50000000E-05,injectedCurrent,Node_1,2.58643620E+04
1.50000000E-05,voltage,Node_1,3.63265073E+05
1.50000000E-05,voltage,Node_2,3.66415538E+05
1.50000000E-05,i1,Line_1_e1,2.58647095E+04
1.50000000E-05,i2,Line_1_e1,-2.27491366E+04
1.55000000E-05,injectedCurrent,Node_1,2.56754308E+04
1.55000000E-05,voltage,Node_1,3.60746106E+05
1.55000000E-05,voltage,Node_2,3.63886895E+05
1.55000000E-05,i1,Line_1_e1,2.56757759E+04
1.55000000E-05,i2,Line_1_e1,-2.25829788E+04
1.60000000E-05,injectedCurrent,Node_1,2.54878798E+04
1.60000000E-05,voltage,Node_1,3.58242307E+05
1.60000000E-05,voltage,Node_2,3.61367767E+05
1.60000000E-05,i1,Line_1_e1,2.54882223E+04
1.60000000E-05,i2,Line_1_e1,-2.24179976E+04
1.65000000E-05,injectedCurrent,Node_1,2.53016987E+04
1.65000000E-05,voltage,Node_1,3.55748025E+05
1.65000000E-05,voltage,Node_2,3.58861960E+05
1.65000000E-05,i1,Line_1_e1,2.53020387E+04
1.65000000E-05,i2,Line_1_e1,-2.22542528E+04
1.70000000E-05,injectedCurrent,Node_1,2.51168776E+04
1.70000000E-05,voltage,Node_1,3.53269112E+05
1.70000000E-05,voltage,Node_2,3.56366902E+05
1.70000000E-05,i1,Line_1_e1,2.51172151E+04
1.70000000E-05,i2,Line_1_e1,-2.20916735E+04
1.75000000E-05,injectedCurrent,Node_1,2.49334066E+04
1.75000000E-05,voltage,Node_1,3.50800854E+05
1.75000000E-05,voltage,Node_2,3.53885704E+05
1.75000000E-05,i1,Line_1_e1,2.49337417E+04
1.75000000E-05,i2,Line_1_e1,-2.19303079E+04
1.80000000E-05,injectedCurrent,Node_1,2.47512758E+04
1.80000000E-05,voltage,Node_1,3.48348097E+05
1.80000000E-05,voltage,Node_2,3.51416187E+05
1.80000000E-05,i1,Line_1_e1,2.47516084E+04
1.80000000E-05,i2,Line_1_e1,-2.17700957E+04
1.85000000E-05,injectedCurrent,Node_1,2.45704754E+04
1.85000000E-05,voltage,Node_1,3.45906863E+05
1.85000000E-05,voltage,Node_2,3.48960925E+05
1.85000000E-05,i1,Line_1_e1,2.45708056E+04
1.85000000E-05,i2,Line_1_e1,-2.16110757E+04
1.90000000E-05,injectedCurrent,Node_1,2.43909957E+04
1.90000000E-05,voltage,Node_1,3.43481206E+05
1.90000000E-05,voltage,Node_2,3.46518051E+05
1.90000000E-05,i1,Line_1_e1,2.43913235E+04
1.90000000E-05,i2,Line_1_e1,-2.14531961E+04
1.95000000E-05,injectedCurrent,Node_1,2.42128270E+04
1.95000000E-05,voltage,Node_1,3.41067737E+05
1.95000000E-05,voltage,Node_2,3.44089714E+05
1.95000000E-05,i1,Line_1_e1,2.42131524E+04
1.95000000E-05,i2,Line_1_e1,-2.12964885E+04
2.00000000E-05,injectedCurrent,Node_1,2.40359598E+04
2.00000000E-05,voltage,Node_1,3.38669877E+05
2.00000000E-05,voltage,Node_2,3.41674301E+05
2.00000000E-05,i1,Line_1_e1,2.40362828E+04
2.00000000E-05,i2,Line_1_e1,-2.11409075E+04
2.05000000E-05,injectedCurrent,Node_1,2.38603846E+04
2.05000000E-05,voltage,Node_1,3.36284710E+05
2.05000000E-05,voltage,Node_2,3.39273620E+05
2.05000000E-05,i1,Line_1_e1,2.38607052E+04
2.05000000E-05,i2,Line_1_e1,-2.09864791E+04
2.10000000E-05,injectedCurrent,Node_1,2.36860919E+04
2.10000000E-05,voltage,Node_1,3.33915148E+05
2.10000000E-05,voltage,Node_2,3.36886266E+05
2.10000000E-05,i1,Line_1_e1,2.36864102E+04
2.10000000E-05,i2,Line_1_e1,-2.08331633E+04
2.15000000E-05,injectedCurrent,Node_1,2.35130723E+04
2.15000000E-05,voltage,Node_1,3.31558661E+05
2.15000000E-05,voltage,Node_2,3.34513771E+05
2.15000000E-05,i1,Line_1_e1,2.35133883E+04
2.15000000E-05,i2,Line_1_e1,-2.06809814E+04
2.20000000E-05,injectedCurrent,Node_1,2.33413166E+04
2.20000000E-05,voltage,Node_1,3.29217745E+05
2.20000000E-05,voltage,Node_2,3.32154901E+05
2.20000000E-05,i1,Line_1_e1,2.33416303E+04
2.20000000E-05,i2,Line_1_e1,-2.05298978E+04
2.25000000E-05,injectedCurrent,Node_1,2.31708155E+04
2.25000000E-05,voltage,Node_1,3.26890189E+05
2.25000000E-05,voltage,Node_2,3.29810963E+05
2.25000000E-05,i1,Line_1_e1,2.31711269E+04
2.25000000E-05,i2,Line_1_e1,-2.03799300E+04
2.30000000E-05,injectedCurrent,Node_1,2.30015599E+04
2.30000000E-05,voltage,Node_1,3.24578145E+05
2.30000000E-05,voltage,Node_2,3.27480865E+05
2.30000000E-05,i1,Line_1_e1,2.30018690E+04
2.30000000E-05,i2,Line_1_e1,-2.02310461E+04
2.35000000E-05,injectedCurrent,Node_1,2.28335406E+04
2.35000000E-05,voltage,Node_1,3.22279666E+05
2.35000000E-05,voltage,Node_2,3.25165728E+05
2.35000000E-05,i1,Line_1_e1,2.28338475E+04
2.35000000E-05,i2,Line_1_e1,-2.00832605E+04
2.40000000E-05,injectedCurrent,Node_1,2.26667487E+04
2.40000000E-05,voltage,Node_1,3.19996621E+05
2.40000000E-05,voltage,Node_2,3.22864579E+05
2.40000000E-05,i1,Line_1_e1,2.26670533E+04
2.40000000E-05,i2,Line_1_e1,-1.99365442E+04
2.45000000E-05,injectedCurrent,Node_1,2.25011751E+04
2.45000000E-05,voltage,Node_1,3.17727285E+05
2.45000000E-05,voltage,Node_2,3.20578387E+05
2.45000000E-05,i1,Line_1_e1,2.25014775E+04
2.45000000E-05,i2,Line_1_e1,-1.97909091E+04
2.50000000E-05,injectedCurrent,Node_1,2.23368110E+04
2.50000000E-05,voltage,Node_1,3.15473287E+05
2.50000000E-05,voltage,Node_2,3.18306278E+05
2.50000000E-05,i1,Line_1_e1,2.23371112E+04
2.50000000E-05,i2,Line_1_e1,-1.96463290E+04
2.55000000E-05,injectedCurrent,Node_1,2.21736475E+04
2.55000000E-05,voltage,Node_1,3.13233091E+05
2.55000000E-05,voltage,Node_2,3.16049090E+05
2.55000000E-05,i1,Line_1_e1,2.21739455E+04
2.55000000E-05,i2,Line_1_e1,-1.95028133E+04
2.60000000E-05,injectedCurrent,Node_1,2.20116759E+04
2.60000000E-05,voltage,Node_1,3.11008124E+05
2.60000000E-05,voltage,Node_2,3.13806039E+05
2.60000000E-05,i1,Line_1_e1,2.20119717E+04
2.60000000E-05,i2,Line_1_e1,-1.93603381E+04
2.65000000E-05,injectedCurrent,Node_1,2.18508874E+04
2.65000000E-05,voltage,Node_1,3.08797010E+05
2.65000000E-05,voltage,Node_2,3.11577851E+05
2.65000000E-05,i1,Line_1_e1,2.18511811E+04
2.65000000E-05,i2,Line_1_e1,-1.92189111E+04
2.70000000E-05,injectedCurrent,Node_1,2.16912735E+04
2.70000000E-05,voltage,Node_1,3.06601003E+05
2.70000000E-05,voltage,Node_2,3.09363815E+05
2.70000000E-05,i1,Line_1_e1,2.16915650E+04
2.70000000E-05,i2,Line_1_e1,-1.90785102E+04
2.75000000E-05,injectedCurrent,Node_1,2.15328254E+04
2.75000000E-05,voltage,Node_1,3.04418867E+05
2.75000000E-05,voltage,Node_2,3.07164565E+05
2.75000000E-05,i1,Line_1_e1,2.15331148E+04
2.75000000E-05,i2,Line_1_e1,-1.89391416E+04
2.80000000E-05,injectedCurrent,Node_1,2.13755348E+04
2.80000000E-05,voltage,Node_1,3.02251709E+05
2.80000000E-05,voltage,Node_2,3.04979455E+05
2.80000000E-05,i1,Line_1_e1,2.13758221E+04
2.80000000E-05,i2,Line_1_e1,-1.88007848E+04
2.85000000E-05,injectedCurrent,Node_1,2.12193932E+04
2.85000000E-05,voltage,Node_1,3.00098409E+05
2.85000000E-05,voltage,Node_2,3.02809040E+05
2.85000000E-05,i1,Line_1_e1,2.12196783E+04
2.85000000E-05,i2,Line_1_e1,-1.86634446E+04
2.90000000E-05,injectedCurrent,Node_1,2.10643921E+04
2.90000000E-05,voltage,Node_1,2.97959950E+05
2.90000000E-05,voltage,Node_2,3.00652726E+05
2.90000000E-05,i1,Line_1_e1,2.10646751E+04
2.90000000E-05,i2,Line_1_e1,-1.85271021E+04
2.95000000E-05,injectedCurrent,Node_1,2.09105232E+04
2.95000000E-05,voltage,Node_1,2.95835314E+05
2.95000000E-05,voltage,Node_2,2.98511002E+05
2.95000000E-05,i1,Line_1_e1,2.09108042E+04
2.95000000E-05,i2,Line_1_e1,-1.83917610E+04
3.00000000E-05,injectedCurrent,Node_1,2.07577783E+04
3.00000000E-05,voltage,Node_1,2.93725375E+05
3.00000000E-05,voltage,Node_2,2.96383322E+05
3.00000000E-05,i1,Line_1_e1,2.07580573E+04
3.00000000E-05,i2,Line_1_e1,-1.82574035E+04
3.05000000E-05,injectedCurrent,Node_1,2.06061492E+04
3.05000000E-05,voltage,Node_1,2.91629205E+05
3.05000000E-05,voltage,Node_2,2.94270116E+05
3.05000000E-05,i1,Line_1_e1,2.06064261E+04
3.05000000E-05,i2,Line_1_e1,-1.81240323E+04
3.10000000E-05,injectedCurrent,Node_1,2.04556277E+04
3.10000000E-05,voltage,Node_1,2.89547582E+05
3.10000000E-05,voltage,Node_2,2.92170880E+05
3.10000000E-05,i1,Line_1_e1,2.04559025E+04
3.10000000E-05,i2,Line_1_e1,-1.79916309E+04
3.15000000E-05,injectedCurrent,Node_1,2.03062056E+04
3.15000000E-05,voltage,Node_1,2.87479659E+05
3.15000000E-05,voltage,Node_2,2.90085993E+05
3.15000000E-05,i1,Line_1_e1,2.03064785E+04
3.15000000E-05,i2,Line_1_e1,-1.78602010E+04
3.20000000E-05,injectedCurrent,Node_1,2.01578751E+04
3.20000000E-05,voltage,Node_1,2.85426129E+05
3.20000000E-05,voltage,Node_2,2.88014989E+05
3.20000000E-05,i1,Line_1_e1,2.01581460E+04
3.20000000E-05,i2,Line_1_e1,-1.77297271E+04
3.25000000E-05,injectedCurrent,Node_1,2.00106281E+04
3.25000000E-05,voltage,Node_1,2.83386215E+05
3.25000000E-05,voltage,Node_2,2.85958202E+05
3.25000000E-05,i1,Line_1_e1,2.00108970E+04
3.25000000E-05,i2,Line_1_e1,-1.76002104E+04
3.30000000E-05,injectedCurrent,Node_1,1.98644566E+04
3.30000000E-05,voltage,Node_1,2.81360538E+05
3.30000000E-05,voltage,Node_2,2.83915199E+05
3.30000000E-05,i1,Line_1_e1,1.98647236E+04
3.30000000E-05,i2,Line_1_e1,-1.74716360E+04
3.35000000E-05,injectedCurrent,Node_1,1.97193529E+04
3.35000000E-05,voltage,Node_1,2.79348380E+05
3.35000000E-05,voltage,Node_2,2.81886274E+05
3.35000000E-05,i1,Line_1_e1,1.97196179E+04
3.35000000E-05,i2,Line_1_e1,-1.73440045E+04
3.40000000E-05,injectedCurrent,Node_1,1.95753092E+04
3.40000000E-05,voltage,Node_1,2.77350301E+05
3.40000000E-05,voltage,Node_2,2.79871025E+05
3.40000000E-05,i1,Line_1_e1,1.95755722E+04
3.40000000E-05,i2,Line_1_e1,-1.72173020E+04
3.45000000E-05,injectedCurrent,Node_1,1.94323176E+04
3.45000000E-05,voltage,Node_1,2.75365636E+05
3.45000000E-05,voltage,Node_2,2.77869711E+05
3.45000000E-05,i1,Line_1_e1,1.94325787E+04
3.45000000E-05,i2,Line_1_e1,-1.70915284E+04
3.50000000E-05,injectedCurrent,Node_1,1.92903705E+04
3.50000000E-05,voltage,Node_1,2.73394888E+05
3.50000000E-05,voltage,Node_2,2.75881957E+05
3.50000000E-05,i1,Line_1_e1,1.92906298E+04
3.50000000E-05,i2,Line_1_e1,-1.69666704E+04
3.55000000E-05,injectedCurrent,Node_1,1.91494604E+04
3.55000000E-05,voltage,Node_1,2.71437442E+05
3.55000000E-05,voltage,Node_2,2.73907991E+05
3.55000000E-05,i1,Line_1_e1,1.91497177E+04
3.55000000E-05,i2,Line_1_e1,-1.68427276E+04
3.60000000E-05,injectedCurrent,Node_1,1.90095795E+04
3.60000000E-05,voltage,Node_1,2.69493751E+05
3.60000000E-05,voltage,Node_2,2.71947460E+05
3.60000000E-05,i1,Line_1_e1,1.90098349E+04
3.60000000E-05,i2,Line_1_e1,-1.67196873E+04
3.65000000E-05,injectedCurrent,Node_1,1.88707204E+04
3.65000000E-05,voltage,Node_1,2.67563241E+05
3.65000000E-05,voltage,Node_2,2.70000569E+05
3.65000000E-05,i1,Line_1_e1,1.88709740E+04
3.65000000E-05,i2,Line_1_e1,-1.65975487E+04
3.70000000E-05,injectedCurrent,Node_1,1.87328756E+04
3.70000000E-05,voltage,Node_1,2.65646323E+05
3.70000000E-05,voltage,Node_2,2.68066984E+05
3.70000000E-05,i1,Line_1_e1,1.87331274E+04
3.70000000E-05,i2,Line_1_e1,-1.64762997E+04
3.75000000E-05,injectedCurrent,Node_1,1.85960378E+04
3.75000000E-05,voltage,Node_1,2.63742461E+05
3.75000000E-05,voltage,Node_2,2.66146886E+05
3.75000000E-05,i1,Line_1_e1,1.85962877E+04
3.75000000E-05,i2,Line_1_e1,-1.63559390E+04
3.80000000E-05,injectedCurrent,Node_1,1.84601995E+04
3.80000000E-05,voltage,Node_1,2.61852027E+05
3.80000000E-05,voltage,Node_2,2.64239961E+05
3.80000000E-05,i1,Line_1_e1,1.84604476E+04
3.80000000E-05,i2,Line_1_e1,-1.62364551E+04
3.85000000E-05,injectedCurrent,Node_1,1.83253535E+04
3.85000000E-05,voltage,Node_1,2.59974520E+05
3.85000000E-05,voltage,Node_2,2.62346369E+05
3.85000000E-05,i1,Line_1_e1,1.83255997E+04
3.85000000E-05,i2,Line_1_e1,-1.61178465E+04
3.90000000E-05,injectedCurrent,Node_1,1.81914924E+04
3.90000000E-05,voltage,Node_1,2.58110275E+05
3.90000000E-05,voltage,Node_2,2.60465813E+05
3.90000000E-05,i1,Line_1_e1,1.81917369E+04
3.90000000E-05,i2,Line_1_e1,-1.60001021E+04
3.95000000E-05,injectedCurrent,Node_1,1.80586092E+04
3.95000000E-05,voltage,Node_1,2.56258824E+05
3.95000000E-05,voltage,Node_2,2.58598433E+05
3.95000000E-05,i1,Line_1_e1,1.80588519E+04
3.95000000E-05,i2,Line_1_e1,-1.58832200E+04
4.00000000E-05,injectedCurrent,Node_1,1.79266967E+04
4.00000000E-05,voltage,Node_1,2.54420471E+05
4.00000000E-05,voltage,Node_2,2.56743951E+05
4.00000000E-05,i1,Line_1_e1,1.79269376E+04
4.00000000E-05,i2,Line_1_e1,-1.57671897E+04
4.05000000E-05,injectedCurrent,Node_1,1.77957477E+04
4.05000000E-05,voltage,Node_1,2.52594776E+05
4.05000000E-05,voltage,Node_2,2.54902488E+05
4.05000000E-05,i1,Line_1_e1,1.77959868E+04
4.05000000E-05,i2,Line_1_e1,-1.56520090E+04
4.10000000E-05,injectedCurrent,Node_1,1.76657553E+04
4.10000000E-05,voltage,Node_1,2.50782014E+05
4.10000000E-05,voltage,Node_2,2.53073779E+05
4.10000000E-05,i1,Line_1_e1,1.76659927E+04
4.10000000E-05,i2,Line_1_e1,-1.55376679E+04
4.15000000E-05,injectedCurrent,Node_1,1.75367124E+04
4.15000000E-05,voltage,Node_1,2.48981771E+05
4.15000000E-05,voltage,Node_2,2.51257933E+05
4.15000000E-05,i1,Line_1_e1,1.75369481E+04
4.15000000E-05,i2,Line_1_e1,-1.54241639E+04
4.20000000E-05,injectedCurrent,Node_1,1.74086122E+04
4.20000000E-05,voltage,Node_1,2.47194297E+05
4.20000000E-05,voltage,Node_2,2.49454698E+05
4.20000000E-05,i1,Line_1_e1,1.74088461E+04
4.20000000E-05,i2,Line_1_e1,-1.53114873E+04
4.25000000E-05,injectedCurrent,Node_1,1.72814476E+04
4.25000000E-05,voltage,Node_1,2.45419202E+05
4.25000000E-05,voltage,Node_2,2.47664167E+05
4.25000000E-05,i1,Line_1_e1,1.72816799E+04
4.25000000E-05,i2,Line_1_e1,-1.51996356E+04
4.30000000E-05,injectedCurrent,Node_1,1.71552120E+04
4.30000000E-05,voltage,Node_1,2.43656713E+05
4.30000000E-05,voltage,Node_2,2.45886100E+05
4.30000000E-05,i1,Line_1_e1,1.71554426E+04
4.30000000E-05,i2,Line_1_e1,-1.50885993E+04
4.35000000E-05,injectedCurrent,Node_1,1.70298985E+04
4.35000000E-05,voltage,Node_1,2.41906460E+05
4.35000000E-05,voltage,Node_2,2.44120581E+05
4.35000000E-05,i1,Line_1_e1,1.70301274E+04
4.35000000E-05,i2,Line_1_e1,-1.49783758E+04
4.40000000E-05,injectedCurrent,Node_1,1.69055004E+04
4.40000000E-05,voltage,Node_1,2.40168650E+05
4.40000000E-05,voltage,Node_2,2.42367380E+05
4.40000000E-05,i1,Line_1_e1,1.69057276E+04
4.40000000E-05,i2,Line_1_e1,-1.48689560E+04
4.45000000E-05,injectedCurrent,Node_1,1.67820109E+04
4.45000000E-05,voltage,Node_1,2.38442934E+05
4.45000000E-05,voltage,Node_2,2.40626569E+05
4.45000000E-05,i1,Line_1_e1,1.67822365E+04
4.45000000E-05,i2,Line_1_e1,-1.47603370E+04
4.50000000E-05,injectedCurrent,Node_1,1.66594236E+04
4.50000000E-05,voltage,Node_1,2.36729498E+05
4.50000000E-05,voltage,Node_2,2.38897929E+05
4.50000000E-05,i1,Line_1_e1,1.66596474E+04
4.50000000E-05,i2,Line_1_e1,-1.46525100E+04
4.55000000E-05,injectedCurrent,Node_1,1.65377316E+04
4.55000000E-05,voltage,Node_1,2.35028013E+05
4.55000000E-05,voltage,Node_2,2.37181521E+05
4.55000000E-05,i1,Line_1_e1,1.65379539E+04
4.55000000E-05,i2,Line_1_e1,-1.45454722E+04
4.60000000E-05,injectedCurrent,Node_1,1.64169286E+04
4.60000000E-05,voltage,Node_1,2.33338648E+05
4.60000000E-05,voltage,Node_2,2.35477137E+05
4.60000000E-05,i1,Line_1_e1,1.64171492E+04
4.60000000E-05,i2,Line_1_e1,-1.44392150E+04
4.65000000E-05,injectedCurrent,Node_1,1.62970081E+04
4.65000000E-05,voltage,Node_1,2.31661088E+05
4.65000000E-05,voltage,Node_2,2.33784829E+05
4.65000000E-05,i1,Line_1_e1,1.62972270E+04
4.65000000E-05,i2,Line_1_e1,-1.43337353E+04
4.70000000E-05,injectedCurrent,Node_1,1.61779635E+04
4.70000000E-05,voltage,Node_1,2.29995489E+05
4.70000000E-05,voltage,Node_2,2.32104396E+05
4.70000000E-05,i1,Line_1_e1,1.61781809E+04
4.70000000E-05,i2,Line_1_e1,-1.42290249E+04
4.75000000E-05,injectedCurrent,Node_1,1.60597884E+04
4.75000000E-05,voltage,Node_1,2.28341551E+05
4.75000000E-05,voltage,Node_2,2.30435884E+05
4.75000000E-05,i1,Line_1_e1,1.60600043E+04
4.75000000E-05,i2,Line_1_e1,-1.41250807E+04
4.80000000E-05,injectedCurrent,Node_1,1.59424767E+04
4.80000000E-05,voltage,Node_1,2.26699415E+05
4.80000000E-05,voltage,Node_2,2.28779100E+05
4.80000000E-05,i1,Line_1_e1,1.59426909E+04
4.80000000E-05,i2,Line_1_e1,-1.40218946E+04
4.85000000E-05,injectedCurrent,Node_1,1.58260218E+04
4.85000000E-05,voltage,Node_1,2.25068796E+05
4.85000000E-05,voltage,Node_2,2.27134081E+05
4.85000000E-05,i1,Line_1_e1,1.58262345E+04
4.85000000E-05,i2,Line_1_e1,-1.39194635E+04
4.90000000E-05,injectedCurrent,Node_1,1.57104176E+04
4.90000000E-05,voltage,Node_1,2.23449821E+05
4.90000000E-05,voltage,Node_2,2.25500643E+05
4.90000000E-05,i1,Line_1_e1,1.57106287E+04
4.90000000E-05,i2,Line_1_e1,-1.38177795E+04
4.95000000E-05,injectedCurrent,Node_1,1.55956579E+04
4.95000000E-05,voltage,Node_1,2.21842219E+05
4.95000000E-05,voltage,Node_2,2.23878816E+05
4.95000000E-05,i1,Line_1_e1,1.55958675E+04
4.95000000E-05,i2,Line_1_e1,-1.37168395E+04
5.00000000E-05,injectedCurrent,Node_1,1.54817365E+04
5.00000000E-05,voltage,Node_1,2.20246106E+05
5.00000000E-05,voltage,Node_2,2.22268423E+05
5.00000000E-05,i1,Line_1_e1,1.54819445E+04
5.00000000E-05,i2,Line_1_e1,-1.36166358E+04
5.05000000E-05,injectedCurrent,Node_1,1.53686472E+04
5.05000000E-05,voltage,Node_1,2.18661222E+05
5.05000000E-05,voltage,Node_2,2.20669488E+05
5.05000000E-05,i1,Line_1_e1,1.53688537E+04
5.05000000E-05,i2,Line_1_e1,-1.35171652E+04
5.10000000E-05,injectedCurrent,Node_1,1.52563840E+04
5.10000000E-05,voltage,Node_1,2.17087673E+05
5.10000000E-05,voltage,Node_2,2.19081841E+05
5.10000000E-05,i1,Line_1_e1,1.52565890E+04
5.10000000E-05,i2,Line_1_e1,-1.34184202E+04
5.15000000E-05,injectedCurrent,Node_1,1.51449408E+04
5.15000000E-05,voltage,Node_1,2.15525209E+05
5.15000000E-05,voltage,Node_2,2.17505500E+05
5.15000000E-05,i1,Line_1_e1,1.51451443E+04
5.15000000E-05,i2,Line_1_e1,-1.33203975E+04
5.20000000E-05,injectedCurrent,Node_1,1.50343117E+04
5.20000000E-05,voltage,Node_1,2.13973926E+05
5.20000000E-05,voltage,Node_2,2.15940302E+05
5.20000000E-05,i1,Line_1_e1,1.50345137E+04
5.20000000E-05,i2,Line_1_e1,-1.32230900E+04
5.25000000E-05,injectedCurrent,Node_1,1.49244907E+04
5.25000000E-05,voltage,Node_1,2.12433587E+05
5.25000000E-05,voltage,Node_2,2.14386259E+05
5.25000000E-05,i1,Line_1_e1,1.49246913E+04
5.25000000E-05,i2,Line_1_e1,-1.31264943E+04
5.30000000E-05,injectedCurrent,Node_1,1.48154719E+04
5.30000000E-05,voltage,Node_1,2.10904278E+05
5.30000000E-05,voltage,Node_2,2.12843214E+05
5.30000000E-05,i1,Line_1_e1,1.48156710E+04
5.30000000E-05,i2,Line_1_e1,-1.30306033E+04
5.35000000E-05,injectedCurrent,Node_1,1.47072495E+04
5.35000000E-05,voltage,Node_1,2.09385770E+05
5.35000000E-05,voltage,Node_2,2.11311176E+05
5.35000000E-05,i1,Line_1_e1,1.47074471E+04
5.35000000E-05,i2,Line_1_e1,-1.29354137E+04
5.40000000E-05,injectedCurrent,Node_1,1.45998176E+04
5.40000000E-05,voltage,Node_1,2.07878142E+05
5.40000000E-05,voltage,Node_2,2.09789991E+05
5.40000000E-05,i1,Line_1_e1,1.46000138E+04
5.40000000E-05,i2,Line_1_e1,-1.28409186E+04
5.45000000E-05,injectedCurrent,Node_1,1.44931705E+04
5.45000000E-05,voltage,Node_1,2.06381175E+05
5.45000000E-05,voltage,Node_2,2.08279665E+05
5.45000000E-05,i1,Line_1_e1,1.44933652E+04
5.45000000E-05,i2,Line_1_e1,-1.27471147E+04
5.50000000E-05,injectedCurrent,Node_1,1.43873023E+04
5.50000000E-05,voltage,Node_1,2.04894939E+05
5.50000000E-05,voltage,Node_2,2.06780050E+05
5.50000000E-05,i1,Line_1_e1,1.43874957E+04
5.50000000E-05,i2,Line_1_e1,-1.26539952E+04
5.55000000E-05,injectedCurrent,Node_1,1.42822076E+04
5.55000000E-05,voltage,Node_1,2.03419225E+05
5.55000000E-05,voltage,Node_2,2.05291147E+05
5.55000000E-05,i1,Line_1_e1,1.42823995E+04
5.55000000E-05,i2,Line_1_e1,-1.25615567E+04
5.60000000E-05,injectedCurrent,Node_1,1.41778805E+04
5.60000000E-05,voltage,Node_1,2.01954094E+05
5.60000000E-05,voltage,Node_2,2.03812813E+05
5.60000000E-05,i1,Line_1_e1,1.41780710E+04
5.60000000E-05,i2,Line_1_e1,-1.24697928E+04
5.65000000E-05,injectedCurrent,Node_1,1.40743154E+04
5.65000000E-05,voltage,Node_1,2.00499346E+05
5.65000000E-05,voltage,Node_2,2.02345048E+05
5.65000000E-05,i1,Line_1_e1,1.40745046E+04
5.65000000E-05,i2,Line_1_e1,-1.23787000E+04
5.70000000E-05,injectedCurrent,Node_1,1.39715069E+04
5.70000000E-05,voltage,Node_1,1.99055037E+05
5.70000000E-05,voltage,Node_2,2.00887710E+05
5.70000000E-05,i1,Line_1_e1,1.39716947E+04
5.70000000E-05,i2,Line_1_e1,-1.22882719E+04
5.75000000E-05,injectedCurrent,Node_1,1.38694494E+04
5.75000000E-05,voltage,Node_1,1.97620973E+05
5.75000000E-05,voltage,Node_2,1.99440796E+05
5.75000000E-05,i1,Line_1_e1,1.38696358E+04
5.75000000E-05,i2,Line_1_e1,-1.21985051E+04
5.80000000E-05,injectedCurrent,Node_1,1.37681374E+04
5.80000000E-05,voltage,Node_1,1.96197204E+05
5.80000000E-05,voltage,Node_2,1.98004171E+05
5.80000000E-05,i1,Line_1_e1,1.37683224E+04
5.80000000E-05,i2,Line_1_e1,-1.21093934E+04
5.85000000E-05,injectedCurrent,Node_1,1.36675654E+04
5.85000000E-05,voltage,Node_1,1.94783543E+05
5.85000000E-05,voltage,Node_2,1.96577829E+05
5.85000000E-05,i1,Line_1_e1,1.36677490E+04
5.85000000E-05,i2,Line_1_e1,-1.20209334E+04
5.90000000E-05,injectedCurrent,Node_1,1.35677281E+04
5.90000000E-05,voltage,Node_1,1.93380036E+05
5.90000000E-05,voltage,Node_2,1.95161637E+05
5.90000000E-05,i1,Line_1_e1,1.35679104E+04
5.90000000E-05,i2,Line_1_e1,-1.19331189E+04
5.95000000E-05,injectedCurrent,Node_1,1.34686200E+04
5.95000000E-05,voltage,Node_1,1.91986501E+05
5.95000000E-05,voltage,Node_2,1.93755586E+05
5.95000000E-05,i1,Line_1_e1,1.34688010E+04
5.95000000E-05,i2,Line_1_e1,-1.18459465E+04
6.00000000E-05,injectedCurrent,Node_1,1.33702359E+04
6.00000000E-05,voltage,Node_1,1.90602980E+05
6.00000000E-05,voltage,Node_2,1.92359550E+05
6.00000000E-05,i1,Line_1_e1,1.33704156E+04
6.00000000E-05,i2,Line_1_e1,-1.17594103E+04
6.05000000E-05,injectedCurrent,Node_1,1.32725705E+04
6.05000000E-05,voltage,Node_1,1.89229297E+05
6.05000000E-05,voltage,Node_2,1.90973516E+05
6.05000000E-05,i1,Line_1_e1,1.32727488E+04
6.05000000E-05,i2,Line_1_e1,-1.16735069E+04
6.10000000E-05,injectedCurrent,Node_1,1.31756185E+04
6.10000000E-05,voltage,Node_1,1.87865489E+05
6.10000000E-05,voltage,Node_2,1.89597361E+05
6.10000000E-05,i1,Line_1_e1,1.31757955E+04
6.10000000E-05,i2,Line_1_e1,-1.15882305E+04
6.15000000E-05,injectedCurrent,Node_1,1.30793747E+04
6.15000000E-05,voltage,Node_1,1.86511387E+05
6.15000000E-05,voltage,Node_2,1.88231071E+05
6.15000000E-05,i1,Line_1_e1,1.30795504E+04
6.15000000E-05,i2,Line_1_e1,-1.15035776E+04
6.20000000E-05,injectedCurrent,Node_1,1.29838339E+04
6.20000000E-05,voltage,Node_1,1.85167022E+05
6.20000000E-05,voltage,Node_2,1.86874525E+05
6.20000000E-05,i1,Line_1_e1,1.29840084E+04
6.20000000E-05,i2,Line_1_e1,-1.14195425E+04
6.25000000E-05,injectedCurrent,Node_1,1.28889910E+04
6.25000000E-05,voltage,Node_1,1.83832232E+05
6.25000000E-05,voltage,Node_2,1.85527709E+05
6.25000000E-05,i1,Line_1_e1,1.28891642E+04
6.25000000E-05,i2,Line_1_e1,-1.13361219E+04
6.30000000E-05,injectedCurrent,Node_1,1.27948409E+04
6.30000000E-05,voltage,Node_1,1.82507044E+05
6.30000000E-05,voltage,Node_2,1.84190504E+05
6.30000000E-05,i1,Line_1_e1,1.27950128E+04
6.30000000E-05,i2,Line_1_e1,-1.12533101E+04
6.35000000E-05,injectedCurrent,Node_1,1.27013786E+04
6.35000000E-05,voltage,Node_1,1.81191300E+05
6.35000000E-05,voltage,Node_2,1.82862895E+05
6.35000000E-05,i1,Line_1_e1,1.27015492E+04
6.35000000E-05,i2,Line_1_e1,-1.11711038E+04
6.40000000E-05,injectedCurrent,Node_1,1.26085989E+04
6.40000000E-05,voltage,Node_1,1.79885024E+05
6.40000000E-05,voltage,Node_2,1.81544765E+05
6.40000000E-05,i1,Line_1_e1,1.26087684E+04
6.40000000E-05,i2,Line_1_e1,-1.10894975E+04
6.45000000E-05,injectedCurrent,Node_1,1.25164970E+04
6.45000000E-05,voltage,Node_1,1.78588064E+05
6.45000000E-05,voltage,Node_2,1.80236098E+05
6.45000000E-05,i1,Line_1_e1,1.25166652E+04
6.45000000E-05,i2,Line_1_e1,-1.10084879E+04
6.50000000E-05,injectedCurrent,Node_1,1.24250679E+04
6.50000000E-05,voltage,Node_1,1.77300440E+05
6.50000000E-05,voltage,Node_2,1.78936782E+05
6.50000000E-05,i1,Line_1_e1,1.24252349E+04
6.50000000E-05,i2,Line_1_e1,-1.09280696E+04
6.55000000E-05,injectedCurrent,Node_1,1.23343066E+04
6.55000000E-05,voltage,Node_1,1.76022005E+05
6.55000000E-05,voltage,Node_2,1.77646796E+05
6.55000000E-05,i1,Line_1_e1,1.23344724E+04
6.55000000E-05,i2,Line_1_e1,-1.08482392E+04
6.60000000E-05,injectedCurrent,Node_1,1.22442083E+04
6.60000000E-05,voltage,Node_1,1.74752775E+05
6.60000000E-05,voltage,Node_2,1.76366033E+05
6.60000000E-05,i1,Line_1_e1,1.22443729E+04
6.60000000E-05,i2,Line_1_e1,-1.07689915E+04
6.65000000E-05,injectedCurrent,Node_1,1.21547682E+04
6.65000000E-05,voltage,Node_1,1.73492608E+05
6.65000000E-05,voltage,Node_2,1.75094471E+05
6.65000000E-05,i1,Line_1_e1,1.21549315E+04
6.65000000E-05,i2,Line_1_e1,-1.06903232E+04
6.70000000E-05,injectedCurrent,Node_1,1.20659814E+04
6.70000000E-05,voltage,Node_1,1.72241518E+05
6.70000000E-05,voltage,Node_2,1.73832004E+05
6.70000000E-05,i1,Line_1_e1,1.20661435E+04
6.70000000E-05,i2,Line_1_e1,-1.06122291E+04
6.75000000E-05,injectedCurrent,Node_1,1.19778431E+04
6.75000000E-05,voltage,Node_1,1.70999365E+05
6.75000000E-05,voltage,Node_2,1.72578611E+05
6.75000000E-05,i1,Line_1_e1,1.19780041E+04
6.75000000E-05,i2,Line_1_e1,-1.05347060E+04
6.80000000E-05,injectedCurrent,Node_1,1.18903487E+04
6.80000000E-05,voltage,Node_1,1.69766162E+05
6.80000000E-05,voltage,Node_2,1.71334187E+05
6.80000000E-05,i1,Line_1_e1,1.18905085E+04
6.80000000E-05,i2,Line_1_e1,-1.04577487E+04
6.85000000E-05,injectedCurrent,Node_1,1.18034934E+04
6.85000000E-05,voltage,Node_1,1.68541774E+05
6.85000000E-05,voltage,Node_2,1.70098710E+05
6.85000000E-05,i1,Line_1_e1,1.18036520E+04
6.85000000E-05,i2,Line_1_e1,-1.03813541E+04
6.90000000E-05,injectedCurrent,Node_1,1.17172725E+04
6.90000000E-05,voltage,Node_1,1.67326210E+05
6.90000000E-05,voltage,Node_2,1.68872079E+05
6.90000000E-05,i1,Line_1_e1,1.17174300E+04
6.90000000E-05,i2,Line_1_e1,-1.03055171E+04
6.95000000E-05,injectedCurrent,Node_1,1.16316815E+04
6.95000000E-05,voltage,Node_1,1.66119339E+05
6.95000000E-05,voltage,Node_2,1.67654270E+05
6.95000000E-05,i1,Line_1_e1,1.16318378E+04
6.95000000E-05,i2,Line_1_e1,-1.02302345E+04
7.00000000E-05,injectedCurrent,Node_1,1.15467156E+04
7.00000000E-05,voltage,Node_1,1.64921168E+05
7.00000000E-05,voltage,Node_2,1.66445184E+05
7.00000000E-05,i1,Line_1_e1,1.15468708E+04
7.00000000E-05,i2,Line_1_e1,-1.01555015E+04
7.05000000E-05,injectedCurrent,Node_1,1.14623705E+04
7.05000000E-05,voltage,Node_1,1.63731570E+05
7.05000000E-05,voltage,Node_2,1.65244797E+05
7.05000000E-05,i1,Line_1_e1,1.14625245E+04
7.05000000E-05,i2,Line_1_e1,-1.00813147E+04
7.10000000E-05,injectedCurrent,Node_1,1.13786414E+04
7.10000000E-05,voltage,Node_1,1.62550550E+05
7.10000000E-05,voltage,Node_2,1.64053012E+05
7.10000000E-05,i1,Line_1_e1,1.13787943E+04
7.10000000E-05,i2,Line_1_e1,-1.00076696E+04
7.15000000E-05,injectedCurrent,Node_1,1.12955239E+04
7.15000000E-05,voltage,Node_1,1.61377984E+05
7.15000000E-05,voltage,Node_2,1.62869803E+05
7.15000000E-05,i1,Line_1_e1,1.12956757E+04
7.15000000E-05,i2,Line_1_e1,-9.93456280E+03
7.20000000E-05,injectedCurrent,Node_1,1.12130136E+04
7.20000000E-05,voltage,Node_1,1.60213875E+05
7.20000000E-05,voltage,Node_2,1.61695077E+05
7.20000000E-05,i1,Line_1_e1,1.12131643E+04
7.20000000E-05,i2,Line_1_e1,-9.86198970E+03
7.25000000E-05,injectedCurrent,Node_1,1.11311060E+04
7.25000000E-05,voltage,Node_1,1.59058102E+05
7.25000000E-05,voltage,Node_2,1.60528808E+05
7.25000000E-05,i1,Line_1_e1,1.11312556E+04
7.25000000E-05,i2,Line_1_e1,-9.78994709E+03
7.30000000E-05,injectedCurrent,Node_1,1.10497968E+04
7.30000000E-05,voltage,Node_1,1.57910667E+05
7.30000000E-05,voltage,Node_2,1.59370903E+05
7.30000000E-05,i1,Line_1_e1,1.10499453E+04
7.30000000E-05,i2,Line_1_e1,-9.71843044E+03
7.35000000E-05,injectedCurrent,Node_1,1.09690814E+04
7.35000000E-05,voltage,Node_1,1.56771453E+05
7.35000000E-05,voltage,Node_2,1.58221335E+05
7.35000000E-05,i1,Line_1_e1,1.09692288E+04
7.35000000E-05,i2,Line_1_e1,-9.64743654E+03
7.40000000E-05,injectedCurrent,Node_1,1.08889557E+04
7.40000000E-05,voltage,Node_1,1.55640459E+05
7.40000000E-05,voltage,Node_2,1.57080016E+05
7.40000000E-05,i1,Line_1_e1,1.08891020E+04
7.40000000E-05,i2,Line_1_e1,-9.57696094E+03
7.45000000E-05,injectedCurrent,Node_1,1.08094152E+04
7.45000000E-05,voltage,Node_1,1.54517571E+05
7.45000000E-05,voltage,Node_2,1.55946917E+05
7.45000000E-05,i1,Line_1_e1,1.08095605E+04
7.45000000E-05,i2,Line_1_e1,-9.50700049E+03
7.50000000E-05,injectedCurrent,Node_1,1.07304558E+04
7.50000000E-05,voltage,Node_1,1.53402787E+05
7.50000000E-05,voltage,Node_2,1.54821950E+05
7.50000000E-05,i1,Line_1_e1,1.07306000E+04
7.50000000E-05,i2,Line_1_e1,-9.43755079E+03
7.55000000E-05,injectedCurrent,Node_1,1.06520732E+04
7.55000000E-05,voltage,Node_1,1.52295996E+05
7.55000000E-05,voltage,Node_2,1.53705089E+05
7.55000000E-05,i1,Line_1_e1,1.06522163E+04
7.55000000E-05,i2,Line_1_e1,-9.36860874E+03
7.60000000E-05,injectedCurrent,Node_1,1.05742631E+04
7.60000000E-05,voltage,Node_1,1.51197194E+05
7.60000000E-05,voltage,Node_2,1.52596246E+05
7.60000000E-05,i1,Line_1_e1,1.05744052E+04
7.60000000E-05,i2,Line_1_e1,-9.30017002E+03
7.65000000E-05,injectedCurrent,Node_1,1.04970213E+04
7.65000000E-05,voltage,Node_1,1.50106274E+05
7.65000000E-05,voltage,Node_2,1.51495393E+05
7.65000000E-05,i1,Line_1_e1,1.04971624E+04
7.65000000E-05,i2,Line_1_e1,-9.23223153E+03
7.70000000E-05,injectedCurrent,Node_1,1.04203439E+04
7.70000000E-05,voltage,Node_1,1.49023230E+05
7.70000000E-05,voltage,Node_2,1.50402447E+05
7.70000000E-05,i1,Line_1_e1,1.04204839E+04
7.70000000E-05,i2,Line_1_e1,-9.16478906E+03
7.75000000E-05,injectedCurrent,Node_1,1.03442265E+04
7.75000000E-05,voltage,Node_1,1.47947957E+05
7.75000000E-05,voltage,Node_2,1.49317379E+05
7.75000000E-05,i1,Line_1_e1,1.03443655E+04
7.75000000E-05,i2,Line_1_e1,-9.09783954E+03
7.80000000E-05,injectedCurrent,Node_1,1.02686651E+04
7.80000000E-05,voltage,Node_1,1.46880449E+05
7.80000000E-05,voltage,Node_2,1.48240107E+05
7.80000000E-05,i1,Line_1_e1,1.02688031E+04
7.80000000E-05,i2,Line_1_e1,-9.03137882E+03
7.85000000E-05,injectedCurrent,Node_1,1.01936557E+04
7.85000000E-05,voltage,Node_1,1.45820603E+05
7.85000000E-05,voltage,Node_2,1.47170601E+05
7.85000000E-05,i1,Line_1_e1,1.01937927E+04
7.85000000E-05,i2,Line_1_e1,-8.96540387E+03
7.90000000E-05,injectedCurrent,Node_1,1.01191942E+04
7.90000000E-05,voltage,Node_1,1.44768412E+05
7.90000000E-05,voltage,Node_2,1.46108782E+05
7.90000000E-05,i1,Line_1_e1,1.01193302E+04
7.90000000E-05,i2,Line_1_e1,-8.89991061E+03
7.95000000E-05,injectedCurrent,Node_1,1.00452766E+04
7.95000000E-05,voltage,Node_1,1.43723775E+05
7.95000000E-05,voltage,Node_2,1.45054619E+05
7.95000000E-05,i1,Line_1_e1,1.00454116E+04
7.95000000E-05,i2,Line_1_e1,-8.83489603E+03
8.00000000E-05,injectedCurrent,Node_1,9.97189899E+03
8.00000000E-05,voltage,Node_1,1.42686685E+05
8.00000000E-05,voltage,Node_2,1.44008035E+05
8.00000000E-05,i1,Line_1_e1,9.97203299E+03
8.00000000E-05,i2,Line_1_e1,-8.77035614E+03
8.05000000E-05,injectedCurrent,Node_1,9.89905735E+03
8.05000000E-05,voltage,Node_1,1.41657043E+05
8.05000000E-05,voltage,Node_2,1.42968999E+05
8.05000000E-05,i1,Line_1_e1,9.89919038E+03
8.05000000E-05,i2,Line_1_e1,-8.70628797E+03
8.10000000E-05,injectedCurrent,Node_1,9.82674781E+03
8.10000000E-05,voltage,Node_1,1.40634841E+05
8.10000000E-05,voltage,Node_2,1.41937434E+05
8.10000000E-05,i1,Line_1_e1,9.82687986E+03
8.10000000E-05,i2,Line_1_e1,-8.64268757E+03
8.15000000E-05,injectedCurrent,Node_1,9.75496646E+03
8.15000000E-05,voltage,Node_1,1.39619982E+05
8.15000000E-05,voltage,Node_2,1.40913311E+05
8.15000000E-05,i1,Line_1_e1,9.75509755E+03
8.15000000E-05,i2,Line_1_e1,-8.57955202E+03
8.20000000E-05,injectedCurrent,Node_1,9.68370945E+03
8.20000000E-05,voltage,Node_1,1.38612457E+05
8.20000000E-05,voltage,Node_2,1.39896555E+05
8.20000000E-05,i1,Line_1_e1,9.68383958E+03
8.20000000E-05,i2,Line_1_e1,-8.51687745E+03
8.25000000E-05,injectedCurrent,Node_1,9.61297296E+03
8.25000000E-05,voltage,Node_1,1.37612172E+05
8.25000000E-05,voltage,Node_2,1.38887135E+05
8.25000000E-05,i1,Line_1_e1,9.61310213E+03
8.25000000E-05,i2,Line_1_e1,-8.45466094E+03
8.30000000E-05,injectedCurrent,Node_1,9.54275317E+03
8.30000000E-05,voltage,Node_1,1.36619116E+05
8.30000000E-05,voltage,Node_2,1.37884977E+05
8.30000000E-05,i1,Line_1_e1,9.54288140E+03
8.30000000E-05,i2,Line_1_e1,-8.39289871E+03
8.35000000E-05,injectedCurrent,Node_1,9.47304631E+03
8.35000000E-05,voltage,Node_1,1.35633198E+05
8.35000000E-05,voltage,Node_2,1.36890051E+05
8.35000000E-05,i1,Line_1_e1,9.47317361E+03
8.35000000E-05,i2,Line_1_e1,-8.33158787E+03
8.40000000E-05,injectedCurrent,Node_1,9.40384865E+03
8.40000000E-05,voltage,Node_1,1.34654408E+05
8.40000000E-05,voltage,Node_2,1.35902286E+05
8.40000000E-05,i1,Line_1_e1,9.40397501E+03
8.40000000E-05,i2,Line_1_e1,-8.27072470E+03
8.45000000E-05,injectedCurrent,Node_1,9.33515645E+03
8.45000000E-05,voltage,Node_1,1.33682654E+05
8.45000000E-05,voltage,Node_2,1.34921650E+05
8.45000000E-05,i1,Line_1_e1,9.33528189E+03
8.45000000E-05,i2,Line_1_e1,-8.21030634E+03
8.50000000E-05,injectedCurrent,Node_1,9.26696602E+03
8.50000000E-05,voltage,Node_1,1.32717926E+05
8.50000000E-05,voltage,Node_2,1.33948073E+05
8.50000000E-05,i1,Line_1_e1,9.26709055E+03
8.50000000E-05,i2,Line_1_e1,-8.15032914E+03
8.55000000E-05,injectedCurrent,Node_1,9.19927371E+03
8.55000000E-05,voltage,Node_1,1.31760136E+05
8.55000000E-05,voltage,Node_2,1.32981524E+05
8.55000000E-05,i1,Line_1_e1,9.19939732E+03
8.55000000E-05,i2,Line_1_e1,-8.09079028E+03
8.60000000E-05,injectedCurrent,Node_1,9.13207586E+03
8.60000000E-05,voltage,Node_1,1.30809272E+05
8.60000000E-05,voltage,Node_2,1.32021934E+05
8.60000000E-05,i1,Line_1_e1,9.13219858E+03
8.60000000E-05,i2,Line_1_e1,-8.03168615E+03
8.65000000E-05,injectedCurrent,Node_1,9.06536888E+03
8.65000000E-05,voltage,Node_1,1.29865247E+05
8.65000000E-05,voltage,Node_2,1.31069273E+05
8.65000000E-05,i1,Line_1_e1,9.06549070E+03
8.65000000E-05,i2,Line_1_e1,-7.97301397E+03
8.70000000E-05,injectedCurrent,Node_1,8.99914917E+03
8.70000000E-05,voltage,Node_1,1.28928049E+05
8.70000000E-05,voltage,Node_2,1.30123472E+05
8.70000000E-05,i1,Line_1_e1,8.99927010E+03
8.70000000E-05,i2,Line_1_e1,-7.91477021E+03
8.75000000E-05,injectedCurrent,Node_1,8.93341317E+03
8.75000000E-05,voltage,Node_1,1.27997594E+05
8.75000000E-05,voltage,Node_2,1.29184501E+05
8.75000000E-05,i1,Line_1_e1,8.93353322E+03
8.75000000E-05,i2,Line_1_e1,-7.85695211E+03
8.80000000E-05,injectedCurrent,Node_1,8.86815736E+03
8.80000000E-05,voltage,Node_1,1.27073869E+05
8.80000000E-05,voltage,Node_2,1.28252294E+05
8.80000000E-05,i1,Line_1_e1,8.86827652E+03
8.80000000E-05,i2,Line_1_e1,-7.79955618E+03
8.85000000E-05,injectedCurrent,Node_1,8.80337821E+03
8.85000000E-05,voltage,Node_1,1.26156792E+05
8.85000000E-05,voltage,Node_2,1.27326820E+05
8.85000000E-05,i1,Line_1_e1,8.80349651E+03
8.85000000E-05,i2,Line_1_e1,-7.74257972E+03
8.90000000E-05,injectedCurrent,Node_1,8.73907227E+03
8.90000000E-05,voltage,Node_1,1.25246348E+05
8.90000000E-05,voltage,Node_2,1.26408013E+05
8.90000000E-05,i1,Line_1_e1,8.73918970E+03
8.90000000E-05,i2,Line_1_e1,-7.68601930E+03
8.95000000E-05,injectedCurrent,Node_1,8.67523605E+03
8.95000000E-05,voltage,Node_1,1.24342457E+05
8.95000000E-05,voltage,Node_2,1.25495843E+05
8.95000000E-05,i1,Line_1_e1,8.67535263E+03
8.95000000E-05,i2,Line_1_e1,-7.62987222E+03
9.00000000E-05,injectedCurrent,Node_1,8.61186614E+03
9.00000000E-05,voltage,Node_1,1.23445106E+05
9.00000000E-05,voltage,Node_2,1.24590246E+05
9.00000000E-05,i1,Line_1_e1,8.61198186E+03
9.00000000E-05,i2,Line_1_e1,-7.57413513E+03
9.05000000E-05,injectedCurrent,Node_1,8.54895913E+03
9.05000000E-05,voltage,Node_1,1.22554215E+05
9.05000000E-05,voltage,Node_2,1.23691192E+05
9.05000000E-05,i1,Line_1_e1,8.54907400E+03
9.05000000E-05,i2,Line_1_e1,-7.51880537E+03
9.10000000E-05,injectedCurrent,Node_1,8.48651163E+03
9.10000000E-05,voltage,Node_1,1.21669770E+05
9.10000000E-05,voltage,Node_2,1.22798617E+05
9.10000000E-05,i1,Line_1_e1,8.48662567E+03
9.10000000E-05,i2,Line_1_e1,-7.46387963E+03
9.15000000E-05,injectedCurrent,Node_1,8.42452029E+03
9.15000000E-05,voltage,Node_1,1.20791694E+05
9.15000000E-05,voltage,Node_2,1.21912492E+05
9.15000000E-05,i1,Line_1_e1,8.42463350E+03
9.15000000E-05,i2,Line_1_e1,-7.40935529E+03
9.20000000E-05,injectedCurrent,Node_1,8.36298178E+03
9.20000000E-05,voltage,Node_1,1.19919971E+05
9.20000000E-05,voltage,Node_2,1.21032755E+05
9.20000000E-05,i1,Line_1_e1,8.36309416E+03
9.20000000E-05,i2,Line_1_e1,-7.35522908E+03
9.25000000E-05,injectedCurrent,Node_1,8.30189279E+03
9.25000000E-05,voltage,Node_1,1.19054527E+05
9.25000000E-05,voltage,Node_2,1.20159375E+05
9.25000000E-05,i1,Line_1_e1,8.30200435E+03
9.25000000E-05,i2,Line_1_e1,-7.30149844E+03
9.30000000E-05,injectedCurrent,Node_1,8.24125004E+03
9.30000000E-05,voltage,Node_1,1.18195345E+05
9.30000000E-05,voltage,Node_2,1.19292291E+05
9.30000000E-05,i1,Line_1_e1,8.24136078E+03
9.30000000E-05,i2,Line_1_e1,-7.24816013E+03
9.35000000E-05,injectedCurrent,Node_1,8.18105026E+03
9.35000000E-05,voltage,Node_1,1.17342354E+05
9.35000000E-05,voltage,Node_2,1.18431475E+05
9.35000000E-05,i1,Line_1_e1,8.18116019E+03
9.35000000E-05,i2,Line_1_e1,-7.19521162E+03
9.40000000E-05,injectedCurrent,Node_1,8.12129022E+03
9.40000000E-05,voltage,Node_1,1.16495535E+05
9.40000000E-05,voltage,Node_2,1.17576866E+05
9.40000000E-05,i1,Line_1_e1,8.12139935E+03
9.40000000E-05,i2,Line_1_e1,-7.14264975E+03
9.45000000E-05,injectedCurrent,Node_1,8.06196671E+03
9.45000000E-05,voltage,Node_1,1.15654818E+05
9.45000000E-05,voltage,Node_2,1.16728434E+05
9.45000000E-05,i1,Line_1_e1,8.06207505E+03
9.45000000E-05,i2,Line_1_e1,-7.09047199E+03
9.50000000E-05,injectedCurrent,Node_1,8.00307654E+03
9.50000000E-05,voltage,Node_1,1.14820186E+05
9.50000000E-05,voltage,Node_2,1.15886122E+05
9.50000000E-05,i1,Line_1_e1,8.00318409E+03
9.50000000E-05,i2,Line_1_e1,-7.03867524E+03
9.55000000E-05,injectedCurrent,Node_1,7.94461655E+03
9.55000000E-05,voltage,Node_1,1.13991569E+05
9.55000000E-05,voltage,Node_2,1.15049898E+05
9.55000000E-05,i1,Line_1_e1,7.94472331E+03
9.55000000E-05,i2,Line_1_e1,-6.98725702E+03
9.60000000E-05,injectedCurrent,Node_1,7.88658359E+03
9.60000000E-05,voltage,Node_1,1.13168950E+05
9.60000000E-05,voltage,Node_2,1.14219707E+05
9.60000000E-05,i1,Line_1_e1,7.88668957E+03
9.60000000E-05,i2,Line_1_e1,-6.93621426E+03
9.65000000E-05,injectedCurrent,Node_1,7.82897454E+03
9.65000000E-05,voltage,Node_1,1.12352260E+05
9.65000000E-05,voltage,Node_2,1.13395518E+05
9.65000000E-05,i1,Line_1_e1,7.82907974E+03
9.65000000E-05,i2,Line_1_e1,-6.88554451E+03
9.70000000E-05,injectedCurrent,Node_1,7.77178631E+03
9.70000000E-05,voltage,Node_1,1.11541482E+05
9.70000000E-05,voltage,Node_2,1.12577275E+05
9.70000000E-05,i1,Line_1_e1,7.77189074E+03
9.70000000E-05,i2,Line_1_e1,-6.83524477E+03
9.75000000E-05,injectedCurrent,Node_1,7.71501582E+03
9.75000000E-05,voltage,Node_1,1.10736549E+05
9.75000000E-05,voltage,Node_2,1.11764948E+05
9.75000000E-05,i1,Line_1_e1,7.71511949E+03
9.75000000E-05,i2,Line_1_e1,-6.78531260E+03
9.80000000E-05,injectedCurrent,Node_1,7.65866002E+03
9.80000000E-05,voltage,Node_1,1.09937444E+05
9.80000000E-05,voltage,Node_2,1.10958483E+05
9.80000000E-05,i1,Line_1_e1,7.65876293E+03
9.80000000E-05,i2,Line_1_e1,-6.73574506E+03
9.85000000E-05,injectedCurrent,Node_1,7.60271588E+03
9.85000000E-05,voltage,Node_1,1.09144100E+05
9.85000000E-05,voltage,Node_2,1.10157850E+05
9.85000000E-05,i1,Line_1_e1,7.60281804E+03
9.85000000E-05,i2,Line_1_e1,-6.68653974E+03
9.90000000E-05,injectedCurrent,Node_1,7.54718039E+03
9.90000000E-05,voltage,Node_1,1.08356500E+05
9.90000000E-05,voltage,Node_2,1.09362994E+05
9.90000000E-05,i1,Line_1_e1,7.54728181E+03
9.90000000E-05,i2,Line_1_e1,-6.63769373E+03
9.95000000E-05,injectedCurrent,Node_1,7.49205058E+03
9.95000000E-05,voltage,Node_1,1.07574580E+05
9.95000000E-05,voltage,Node_2,1.08573887E+05
9.95000000E-05,i1,Line_1_e1,7.49215126E+03
9.95000000E-05,i2,Line_1_e1,-6.58920467E+03
1.00000000E-04,injectedCurrent,Node_1,7.43732347E+03
1.00000000E-04,voltage,Node_1,1.06798322E+05
1.00000000E-04,voltage,Node_2,1.07790476E+05
1.00000000E-04,i1,Line_1_e1,7.43742341E+03
1.00000000E-04,i2,Line_1_e1,-6.54106970E+03
1.00500000E-04,injectedCurrent,Node_1,7.38299613E+03
1.00500000E-04,voltage,Node_1,1.06027662E+05
1.00500000E-04,voltage,Node_2,1.07012730E+05
1.00500000E-04,i1,Line_1_e1,7.38309534E+03
1.00500000E-04,i2,Line_1_e1,-6.49328648E+03
1.01000000E-04,injectedCurrent,Node_1,7.32906563E+03
1.01000000E-04,voltage,Node_1,1.05262583E+05
1.01000000E-04,voltage,Node_2,1.06240599E+05
1.01000000E-04,i1,Line_1_e1,7.32916412E+03
1.01000000E-04,i2,Line_1_e1,-6.44585219E+03
1.01500000E-04,injectedCurrent,Node_1,7.27552908E+03
1.01500000E-04,voltage,Node_1,1.04503022E+05
1.01500000E-04,voltage,Node_2,1.05474054E+05
1.01500000E-04,i1,Line_1_e1,7.27562684E+03
1.01500000E-04,i2,Line_1_e1,-6.39876453E+03
1.02000000E-04,injectedCurrent,Node_1,7.22238359E+03
1.02000000E-04,voltage,Node_1,1.03748962E+05
1.02000000E-04,voltage,Node_2,1.04713042E+05
1.02000000E-04,i1,Line_1_e1,7.22248065E+03
1.02000000E-04,i2,Line_1_e1,-6.35202073E+03
1.02500000E-04,injectedCurrent,Node_1,7.16962632E+03
1.02500000E-04,voltage,Node_1,1.03000343E+05
1.02500000E-04,voltage,Node_2,1.03957535E+05
1.02500000E-04,i1,Line_1_e1,7.16972266E+03
1.02500000E-04,i2,Line_1_e1,-6.30561851E+03
1.03000000E-04,injectedCurrent,Node_1,7.11725442E+03
1.03000000E-04,voltage,Node_1,1.02257145E+05
1.03000000E-04,voltage,Node_2,1.03207484E+05
1.03000000E-04,i1,Line_1_e1,7.11735006E+03
1.03000000E-04,i2,Line_1_e1,-6.25955514E+03
1.03500000E-04,injectedCurrent,Node_1,7.06526508E+03
1.03500000E-04,voltage,Node_1,1.01519309E+05
1.03500000E-04,voltage,Node_2,1.02462859E+05
1.03500000E-04,i1,Line_1_e1,7.06536002E+03
1.03500000E-04,i2,Line_1_e1,-6.21382838E+03
1.04000000E-04,injectedCurrent,Node_1,7.01365551E+03
1.04000000E-04,voltage,Node_1,1.00786818E+05
1.04000000E-04,voltage,Node_2,1.01723611E+05
1.04000000E-04,i1,Line_1_e1,7.01374976E+03
1.04000000E-04,i2,Line_1_e1,-6.16843554E+03
1.04500000E-04,injectedCurrent,Node_1,6.96242293E+03
1.04500000E-04,voltage,Node_1,1.00059612E+05
1.04500000E-04,voltage,Node_2,1.00989712E+05
1.04500000E-04,i1,Line_1_e1,6.96251649E+03
1.04500000E-04,i2,Line_1_e1,-6.12337441E+03
1.05000000E-04,injectedCurrent,Node_1,6.91156459E+03
1.05000000E-04,voltage,Node_1,9.93376740E+04
1.05000000E-04,voltage,Node_2,1.00261113E+05
1.05000000E-04,i1,Line_1_e1,6.91165746E+03
1.05000000E-04,i2,Line_1_e1,-6.07864233E+03
1.05500000E-04,injectedCurrent,Node_1,6.86107775E+03
1.05500000E-04,voltage,Node_1,9.86209460E+04
1.05500000E-04,voltage,Node_2,9.95377861E+04
1.05500000E-04,i1,Line_1_e1,6.86116995E+03
1.05500000E-04,i2,Line_1_e1,-6.03423714E+03
1.06000000E-04,injectedCurrent,Node_1,6.81095970E+03
1.06000000E-04,voltage,Node_1,9.79094100E+04
1.06000000E-04,voltage,Node_2,9.88196837E+04
1.06000000E-04,i1,Line_1_e1,6.81105123E+03
1.06000000E-04,i2,Line_1_e1,-5.99015621E+03
1.06500000E-04,injectedCurrent,Node_1,6.76120775E+03
1.06500000E-04,voltage,Node_1,9.72030097E+04
1.06500000E-04,voltage,Node_2,9.81067782E+04
1.06500000E-04,i1,Line_1_e1,6.76129861E+03
1.06500000E-04,i2,Line_1_e1,-5.94639741E+03
1.07000000E-04,injectedCurrent,Node_1,6.71181923E+03
1.07000000E-04,voltage,Node_1,9.65017269E+04
1.07000000E-04,voltage,Node_2,9.73990221E+04
1.07000000E-04,i1,Line_1_e1,6.71190942E+03
1.07000000E-04,i2,Line_1_e1,-5.90295815E+03
1.07500000E-04,injectedCurrent,Node_1,6.66279147E+03
1.07500000E-04,voltage,Node_1,9.58055064E+04
1.07500000E-04,voltage,Node_2,9.66963884E+04
1.07500000E-04,i1,Line_1_e1,6.66288100E+03
1.07500000E-04,i2,Line_1_e1,-5.85983632E+03
1.08000000E-04,injectedCurrent,Node_1,6.61412184E+03
1.08000000E-04,voltage,Node_1,9.51143299E+04
1.08000000E-04,voltage,Node_2,9.59988306E+04
1.08000000E-04,i1,Line_1_e1,6.61421072E+03
1.08000000E-04,i2,Line_1_e1,-5.81702940E+03
1.08500000E-04,injectedCurrent,Node_1,6.56580773E+03
1.08500000E-04,voltage,Node_1,9.44281434E+04
1.08500000E-04,voltage,Node_2,9.53063216E+04
1.08500000E-04,i1,Line_1_e1,6.56589596E+03
1.08500000E-04,i2,Line_1_e1,-5.77453528E+03
1.09000000E-04,injectedCurrent,Node_1,6.51784654E+03
1.09000000E-04,voltage,Node_1,9.37469284E+04
1.09000000E-04,voltage,Node_2,9.46188159E+04
1.09000000E-04,i1,Line_1_e1,6.51793412E+03
1.09000000E-04,i2,Line_1_e1,-5.73235148E+03
1.09500000E-04,injectedCurrent,Node_1,6.47023569E+03
1.09500000E-04,voltage,Node_1,9.30706320E+04
1.09500000E-04,voltage,Node_2,9.39362867E+04
1.09500000E-04,i1,Line_1_e1,6.47032263E+03
1.09500000E-04,i2,Line_1_e1,-5.69047593E+03
1.10000000E-04,injectedCurrent,Node_1,6.42297262E+03
1.10000000E-04,voltage,Node_1,9.23992358E+04
1.10000000E-04,voltage,Node_2,9.32586890E+04
1.10000000E-04,i1,Line_1_e1,6.42305893E+03
1.10000000E-04,i2,Line_1_e1,-5.64890618E+03
1.10500000E-04,injectedCurrent,Node_1,6.37605480E+03
1.10500000E-04,voltage,Node_1,9.17326877E+04
1.10500000E-04,voltage,Node_2,9.25859964E+04
1.10500000E-04,i1,Line_1_e1,6.37614048E+03
1.10500000E-04,i2,Line_1_e1,-5.60764020E+03
1.11000000E-04,injectedCurrent,Node_1,6.32947969E+03
1.11000000E-04,voltage,Node_1,9.10709694E+04
1.11000000E-04,voltage,Node_2,9.19181648E+04
1.11000000E-04,i1,Line_1_e1,6.32956475E+03
1.11000000E-04,i2,Line_1_e1,-5.56667557E+03
1.11500000E-04,injectedCurrent,Node_1,6.28324481E+03
1.11500000E-04,voltage,Node_1,9.04140299E+04
1.11500000E-04,voltage,Node_2,9.12551680E+04
1.11500000E-04,i1,Line_1_e1,6.28332924E+03
1.11500000E-04,i2,Line_1_e1,-5.52601027E+03
1.12000000E-04,injectedCurrent,Node_1,6.23734765E+03
1.12000000E-04,voltage,Node_1,8.97618509E+04
1.12000000E-04,voltage,Node_2,9.05969624E+04
1.12000000E-04,i1,Line_1_e1,6.23743147E+03
1.12000000E-04,i2,Line_1_e1,-5.48564195E+03
1.12500000E-04,injectedCurrent,Node_1,6.19178576E+03
1.12500000E-04,voltage,Node_1,8.91143821E+04
1.12500000E-04,voltage,Node_2,8.99435223E+04
1.12500000E-04,i1,Line_1_e1,6.19186896E+03
1.12500000E-04,i2,Line_1_e1,-5.44556861E+03
1.13000000E-04,injectedCurrent,Node_1,6.14655668E+03
1.13000000E-04,voltage,Node_1,8.84716054E+04
1.13000000E-04,voltage,Node_2,8.92948048E+04
1.13000000E-04,i1,Line_1_e1,6.14663928E+03
1.13000000E-04,i2,Line_1_e1,-5.40578791E+03
1.13500000E-04,injectedCurrent,Node_1,6.10165799E+03
1.13500000E-04,voltage,Node_1,8.78334716E+04
1.13500000E-04,voltage,Node_2,8.86507842E+04
1.13500000E-04,i1,Line_1_e1,6.10173998E+03
1.13500000E-04,i2,Line_1_e1,-5.36629789E+03
1.14000000E-04,injectedCurrent,Node_1,6.05708727E+03
1.14000000E-04,voltage,Node_1,8.71999623E+04
1.14000000E-04,voltage,Node_2,8.80114186E+04
1.14000000E-04,i1,Line_1_e1,6.05716866E+03
1.14000000E-04,i2,Line_1_e1,-5.32709627E+03
1.14500000E-04,injectedCurrent,Node_1,6.01284212E+03
1.14500000E-04,voltage,Node_1,8.65710294E+04
1.14500000E-04,voltage,Node_2,8.73766826E+04
1.14500000E-04,i1,Line_1_e1,6.01292292E+03
1.14500000E-04,i2,Line_1_e1,-5.28818110E+03
1.15000000E-04,injectedCurrent,Node_1,5.96892018E+03
1.15000000E-04,voltage,Node_1,8.59466546E+04
1.15000000E-04,voltage,Node_2,8.67465347E+04
1.15000000E-04,i1,Line_1_e1,5.96900038E+03
1.15000000E-04,i2,Line_1_e1,-5.24955011E+03
1.15500000E-04,injectedCurrent,Node_1,5.92531906E+03
1.15500000E-04,voltage,Node_1,8.53267906E+04
1.15500000E-04,voltage,Node_2,8.61209500E+04
1.15500000E-04,i1,Line_1_e1,5.92539869E+03
1.15500000E-04,i2,Line_1_e1,-5.21120141E+03
1.16000000E-04,injectedCurrent,Node_1,5.88203644E+03
1.16000000E-04,voltage,Node_1,8.47114192E+04
1.16000000E-04,voltage,Node_2,8.54998876E+04
1.16000000E-04,i1,Line_1_e1,5.88211548E+03
1.16000000E-04,i2,Line_1_e1,-5.17313277E+03
1.16500000E-04,injectedCurrent,Node_1,5.83906999E+03
1.16500000E-04,voltage,Node_1,8.41004938E+04
1.16500000E-04,voltage,Node_2,8.48833228E+04
1.16500000E-04,i1,Line_1_e1,5.83914845E+03
1.16500000E-04,i2,Line_1_e1,-5.13534229E+03
1.17000000E-04,injectedCurrent,Node_1,5.79641739E+03
1.17000000E-04,voltage,Node_1,8.34939964E+04
1.17000000E-04,voltage,Node_2,8.42712155E+04
1.17000000E-04,i1,Line_1_e1,5.79649528E+03
1.17000000E-04,i2,Line_1_e1,-5.09782779E+03
1.17500000E-04,injectedCurrent,Node_1,5.75407636E+03
1.17500000E-04,voltage,Node_1,8.28918814E+04
1.17500000E-04,voltage,Node_2,8.36635411E+04
1.17500000E-04,i1,Line_1_e1,5.75415368E+03
1.17500000E-04,i2,Line_1_e1,-5.06058742E+03
1.18000000E-04,injectedCurrent,Node_1,5.71204462E+03
1.18000000E-04,voltage,Node_1,8.22941307E+04
1.18000000E-04,voltage,Node_2,8.30602603E+04
1.18000000E-04,i1,Line_1_e1,5.71212137E+03
1.18000000E-04,i2,Line_1_e1,-5.02361901E+03
1.18500000E-04,injectedCurrent,Node_1,5.67031990E+03
1.18500000E-04,voltage,Node_1,8.17006994E+04
1.18500000E-04,voltage,Node_2,8.24613487E+04
1.18500000E-04,i1,Line_1_e1,5.67039610E+03
1.18500000E-04,i2,Line_1_e1,-4.98692072E+03
1.19000000E-04,injectedCurrent,Node_1,5.62889997E+03
1.19000000E-04,voltage,Node_1,8.11115697E+04
1.19000000E-04,voltage,Node_2,8.18667677E+04
1.19000000E-04,i1,Line_1_e1,5.62897561E+03
1.19000000E-04,i2,Line_1_e1,-4.95049045E+03
1.19500000E-04,injectedCurrent,Node_1,5.58778260E+03
1.19500000E-04,voltage,Node_1,8.05266975E+04
1.19500000E-04,voltage,Node_2,8.12764931E+04
1.19500000E-04,i1,Line_1_e1,5.58785769E+03
1.19500000E-04,i2,Line_1_e1,-4.91432636E+03
1.20000000E-04,injectedCurrent,Node_1,5.54696558E+03
1.20000000E-04,voltage,Node_1,7.99460650E+04
1.20000000E-04,voltage,Node_2,8.06904868E+04
1.20000000E-04,i1,Line_1_e1,5.54704012E+03
1.20000000E-04,i2,Line_1_e1,-4.87842639E+03
1.20500000E-04,injectedCurrent,Node_1,5.50644672E+03
1.20500000E-04,voltage,Node_1,7.93696288E+04
1.20500000E-04,voltage,Node_2,8.01087251E+04
1.20500000E-04,i1,Line_1_e1,5.50652071E+03
1.20500000E-04,i2,Line_1_e1,-4.84278873E+03
1.21000000E-04,injectedCurrent,Node_1,5.46622383E+03
1.21000000E-04,voltage,Node_1,7.87973714E+04
1.21000000E-04,voltage,Node_2,7.95311705E+04
1.21000000E-04,i1,Line_1_e1,5.46629728E+03
1.21000000E-04,i2,Line_1_e1,-4.80741133E+03
1.21500000E-04,injectedCurrent,Node_1,5.42629476E+03
1.21500000E-04,voltage,Node_1,7.82292501E+04
1.21500000E-04,voltage,Node_2,7.89577994E+04
1.21500000E-04,i1,Line_1_e1,5.42636767E+03
1.21500000E-04,i2,Line_1_e1,-4.77229244E+03
1.22000000E-04,injectedCurrent,Node_1,5.38665736E+03
1.22000000E-04,voltage,Node_1,7.76652473E+04
1.22000000E-04,voltage,Node_2,7.83885749E+04
1.22000000E-04,i1,Line_1_e1,5.38672974E+03
1.22000000E-04,i2,Line_1_e1,-4.73743002E+03
1.22500000E-04,injectedCurrent,Node_1,5.34730949E+03
1.22500000E-04,voltage,Node_1,7.71053213E+04
1.22500000E-04,voltage,Node_2,7.78234738E+04
1.22500000E-04,i1,Line_1_e1,5.34738135E+03
1.22500000E-04,i2,Line_1_e1,-4.70282234E+03
1.23000000E-04,injectedCurrent,Node_1,5.30824905E+03
1.23000000E-04,voltage,Node_1,7.65494546E+04
1.23000000E-04,voltage,Node_2,7.72624598E+04
1.23000000E-04,i1,Line_1_e1,5.30832039E+03
1.23000000E-04,i2,Line_1_e1,-4.66846739E+03
1.23500000E-04,injectedCurrent,Node_1,5.26947394E+03
1.23500000E-04,voltage,Node_1,7.59976061E+04
1.23500000E-04,voltage,Node_2,7.67055099E+04
1.23500000E-04,i1,Line_1_e1,5.26954475E+03
1.23500000E-04,i2,Line_1_e1,-4.63436348E+03
1.24000000E-04,injectedCurrent,Node_1,5.23098207E+03
1.24000000E-04,voltage,Node_1,7.54497585E+04
1.24000000E-04,voltage,Node_2,7.61525883E+04
1.24000000E-04,i1,Line_1_e1,5.23105236E+03
1.24000000E-04,i2,Line_1_e1,-4.60050863E+03
1.24500000E-04,injectedCurrent,Node_1,5.19277136E+03
1.24500000E-04,voltage,Node_1,7.49058713E+04
1.24500000E-04,voltage,Node_2,7.56036724E+04
1.24500000E-04,i1,Line_1_e1,5.19284114E+03
1.24500000E-04,i2,Line_1_e1,-4.56690115E+03
1.25000000E-04,injectedCurrent,Node_1,5.15483978E+03
1.25000000E-04,voltage,Node_1,7.43659275E+04
1.25000000E-04,voltage,Node_2,7.50587269E+04
1.25000000E-04,i1,Line_1_e1,5.15490905E+03
1.25000000E-04,i2,Line_1_e1,-4.53353911E+03
1.25500000E-04,injectedCurrent,Node_1,5.11718527E+03
1.25500000E-04,voltage,Node_1,7.38298872E+04
1.25500000E-04,voltage,Node_2,7.45177294E+04
1.25500000E-04,i1,Line_1_e1,5.11725403E+03
1.25500000E-04,i2,Line_1_e1,-4.50042084E+03
1.26000000E-04,injectedCurrent,Node_1,5.07980582E+03
1.26000000E-04,voltage,Node_1,7.32977334E+04
1.26000000E-04,voltage,Node_2,7.39806454E+04
1.26000000E-04,i1,Line_1_e1,5.07987408E+03
1.26000000E-04,i2,Line_1_e1,-4.46754443E+03
1.26500000E-04,injectedCurrent,Node_1,5.04269941E+03
1.26500000E-04,voltage,Node_1,7.27694271E+04
1.26500000E-04,voltage,Node_2,7.34474525E+04
1.26500000E-04,i1,Line_1_e1,5.04276717E+03
1.26500000E-04,i2,Line_1_e1,-4.43490825E+03
1.27000000E-04,injectedCurrent,Node_1,5.00586405E+03
1.27000000E-04,voltage,Node_1,7.22449514E+04
1.27000000E-04,voltage,Node_2,7.29181169E+04
1.27000000E-04,i1,Line_1_e1,5.00593132E+03
1.27000000E-04,i2,Line_1_e1,-4.40251042E+03
1.27500000E-04,injectedCurrent,Node_1,4.96929777E+03
1.27500000E-04,voltage,Node_1,7.17242679E+04
1.27500000E-04,voltage,Node_2,7.23926163E+04
1.27500000E-04,i1,Line_1_e1,4.96936454E+03
1.27500000E-04,i2,Line_1_e1,-4.37034931E+03
1.28000000E-04,injectedCurrent,Node_1,4.93299859E+03
1.28000000E-04,voltage,Node_1,7.12073597E+04
1.28000000E-04,voltage,Node_2,7.18709176E+04
1.28000000E-04,i1,Line_1_e1,4.93306488E+03
1.28000000E-04,i2,Line_1_e1,-4.33842307E+03
1.28500000E-04,injectedCurrent,Node_1,4.89696456E+03
1.28500000E-04,voltage,Node_1,7.06941892E+04
1.28500000E-04,voltage,Node_2,7.13529988E+04
1.28500000E-04,i1,Line_1_e1,4.89703037E+03
1.28500000E-04,i2,Line_1_e1,-4.30673012E+03
1.29000000E-04,injectedCurrent,Node_1,4.86119375E+03
1.29000000E-04,voltage,Node_1,7.01847398E+04
1.29000000E-04,voltage,Node_2,7.08388271E+04
1.29000000E-04,i1,Line_1_e1,4.86125908E+03
1.29000000E-04,i2,Line_1_e1,-4.27526862E+03
1.29500000E-04,injectedCurrent,Node_1,4.82568424E+03
1.29500000E-04,voltage,Node_1,6.96789743E+04
1.29500000E-04,voltage,Node_2,7.03283809E+04
1.29500000E-04,i1,Line_1_e1,4.82574909E+03
1.29500000E-04,i2,Line_1_e1,-4.24403701E+03
1.30000000E-04,injectedCurrent,Node_1,4.79043411E+03
1.30000000E-04,voltage,Node_1,6.91768762E+04
1.30000000E-04,voltage,Node_2,6.98216279E+04
1.30000000E-04,i1,Line_1_e1,4.79049848E+03
1.30000000E-04,i2,Line_1_e1,-4.21303348E+03
1.30500000E-04,injectedCurrent,Node_1,4.75544147E+03
1.30500000E-04,voltage,Node_1,6.86784090E+04
1.30500000E-04,voltage,Node_2,6.93185469E+04
1.30500000E-04,i1,Line_1_e1,4.75550538E+03
1.30500000E-04,i2,Line_1_e1,-4.18225649E+03
1.31000000E-04,injectedCurrent,Node_1,4.72070445E+03
1.31000000E-04,voltage,Node_1,6.81835565E+04
1.31000000E-04,voltage,Node_2,6.88191059E+04
1.31000000E-04,i1,Line_1_e1,4.72076788E+03
1.31000000E-04,i2,Line_1_e1,-4.15170427E+03
1.31500000E-04,injectedCurrent,Node_1,4.68622116E+03
1.31500000E-04,voltage,Node_1,6.76922827E+04
1.31500000E-04,voltage,Node_2,6.83232840E+04
1.31500000E-04,i1,Line_1_e1,4.68628414E+03
1.31500000E-04,i2,Line_1_e1,-4.12137529E+03
1.32000000E-04,injectedCurrent,Node_1,4.65198977E+03
1.32000000E-04,voltage,Node_1,6.72045714E+04
1.32000000E-04,voltage,Node_2,6.78310498E+04
1.32000000E-04,i1,Line_1_e1,4.65205228E+03
1.32000000E-04,i2,Line_1_e1,-4.09126781E+03
1.32500000E-04,injectedCurrent,Node_1,4.61800843E+03
1.32500000E-04,voltage,Node_1,6.67203874E+04
1.32500000E-04,voltage,Node_2,6.73423825E+04
1.32500000E-04,i1,Line_1_e1,4.61807048E+03
1.32500000E-04,i2,Line_1_e1,-4.06138031E+03
1.33000000E-04,injectedCurrent,Node_1,4.58427531E+03
1.33000000E-04,voltage,Node_1,6.62397145E+04
1.33000000E-04,voltage,Node_2,6.68572513E+04
1.33000000E-04,i1,Line_1_e1,4.58433691E+03
1.33000000E-04,i2,Line_1_e1,-4.03171109E+03
1.33500000E-04,injectedCurrent,Node_1,4.55078860E+03
1.33500000E-04,voltage,Node_1,6.57625182E+04
1.33500000E-04,voltage,Node_2,6.63756356E+04
1.33500000E-04,i1,Line_1_e1,4.55084975E+03
1.33500000E-04,i2,Line_1_e1,-4.00225865E+03
1.34000000E-04,injectedCurrent,Node_1,4.51754650E+03
1.34000000E-04,voltage,Node_1,6.52887825E+04
1.34000000E-04,voltage,Node_2,6.58975052E+04
1.34000000E-04,i1,Line_1_e1,4.51760720E+03
1.34000000E-04,i2,Line_1_e1,-3.97302131E+03
1.34500000E-04,injectedCurrent,Node_1,4.48454722E+03
1.34500000E-04,voltage,Node_1,6.48184732E+04
1.34500000E-04,voltage,Node_2,6.54228397E+04
1.34500000E-04,i1,Line_1_e1,4.48460748E+03
1.34500000E-04,i2,Line_1_e1,-3.94399760E+03
1.35000000E-04,injectedCurrent,Node_1,4.45178899E+03
1.35000000E-04,voltage,Node_1,6.43515746E+04
1.35000000E-04,voltage,Node_2,6.49516092E+04
1.35000000E-04,i1,Line_1_e1,4.45184881E+03
1.35000000E-04,i2,Line_1_e1,-3.91518585E+03
1.35500000E-04,injectedCurrent,Node_1,4.41927005E+03
1.35500000E-04,voltage,Node_1,6.38880533E+04
1.35500000E-04,voltage,Node_2,6.44837937E+04
1.35500000E-04,i1,Line_1_e1,4.41932944E+03
1.35500000E-04,i2,Line_1_e1,-3.88658463E+03
1.36000000E-04,injectedCurrent,Node_1,4.38698865E+03
1.36000000E-04,voltage,Node_1,6.34278935E+04
1.36000000E-04,voltage,Node_2,6.40193639E+04
1.36000000E-04,i1,Line_1_e1,4.38704761E+03
1.36000000E-04,i2,Line_1_e1,-3.85819228E+03
1.36500000E-04,injectedCurrent,Node_1,4.35494306E+03
1.36500000E-04,voltage,Node_1,6.29710622E+04
1.36500000E-04,voltage,Node_2,6.35582998E+04
1.36500000E-04,i1,Line_1_e1,4.35500158E+03
1.36500000E-04,i2,Line_1_e1,-3.83000739E+03
1.37000000E-04,injectedCurrent,Node_1,4.32313155E+03
1.37000000E-04,voltage,Node_1,6.25175441E+04
1.37000000E-04,voltage,Node_2,6.31005726E+04
1.37000000E-04,i1,Line_1_e1,4.32318964E+03
1.37000000E-04,i2,Line_1_e1,-3.80202834E+03
1.37500000E-04,injectedCurrent,Node_1,4.29155242E+03
1.37500000E-04,voltage,Node_1,6.20673066E+04
1.37500000E-04,voltage,Node_2,6.26461628E+04
1.37500000E-04,i1,Line_1_e1,4.29161008E+03
1.37500000E-04,i2,Line_1_e1,-3.77425373E+03
1.38000000E-04,injectedCurrent,Node_1,4.26020395E+03
1.38000000E-04,voltage,Node_1,6.16203344E+04
1.38000000E-04,voltage,Node_2,6.21950417E+04
1.38000000E-04,i1,Line_1_e1,4.26026120E+03
1.38000000E-04,i2,Line_1_e1,-3.74668196E+03
1.38500000E-04,injectedCurrent,Node_1,4.22908449E+03
1.38500000E-04,voltage,Node_1,6.11765957E+04
1.38500000E-04,voltage,Node_2,6.17471901E+04
1.38500000E-04,i1,Line_1_e1,4.22914131E+03
1.38500000E-04,i2,Line_1_e1,-3.71931164E+03
1.39000000E-04,injectedCurrent,Node_1,4.19819233E+03
1.39000000E-04,voltage,Node_1,6.07360752E+04
1.39000000E-04,voltage,Node_2,6.13025800E+04
1.39000000E-04,i1,Line_1_e1,4.19824875E+03
1.39000000E-04,i2,Line_1_e1,-3.69214122E+03
1.39500000E-04,injectedCurrent,Node_1,4.16752584E+03
1.39500000E-04,voltage,Node_1,6.02987416E+04
1.39500000E-04,voltage,Node_2,6.08611923E+04
1.39500000E-04,i1,Line_1_e1,4.16758184E+03
1.39500000E-04,i2,Line_1_e1,-3.66516933E+03
1.40000000E-04,injectedCurrent,Node_1,4.13708335E+03
1.40000000E-04,voltage,Node_1,5.98645798E+04
1.40000000E-04,voltage,Node_2,6.04229994E+04
1.40000000E-04,i1,Line_1_e1,4.13713895E+03
1.40000000E-04,i2,Line_1_e1,-3.63839441E+03
1.40500000E-04,injectedCurrent,Node_1,4.10686324E+03
1.40500000E-04,voltage,Node_1,5.94335591E+04
1.40500000E-04,voltage,Node_2,5.99879824E+04
1.40500000E-04,i1,Line_1_e1,4.10691843E+03
1.40500000E-04,i2,Line_1_e1,-3.61181514E+03
1.41000000E-04,injectedCurrent,Node_1,4.07686388E+03
1.41000000E-04,voltage,Node_1,5.90056644E+04
1.41000000E-04,voltage,Node_2,5.95561142E+04
1.41000000E-04,i1,Line_1_e1,4.07691866E+03
1.41000000E-04,i2,Line_1_e1,-3.58542997E+03
1.41500000E-04,injectedCurrent,Node_1,4.04708365E+03
1.41500000E-04,voltage,Node_1,5.85808655E+04
1.41500000E-04,voltage,Node_2,5.91273762E+04
1.41500000E-04,i1,Line_1_e1,4.04713804E+03
1.41500000E-04,i2,Line_1_e1,-3.55923760E+03
1.42000000E-04,injectedCurrent,Node_1,4.01752096E+03
1.42000000E-04,voltage,Node_1,5.81591475E+04
1.42000000E-04,voltage,Node_2,5.87017415E+04
1.42000000E-04,i1,Line_1_e1,4.01757495E+03
1.42000000E-04,i2,Line_1_e1,-3.53323651E+03
1.42500000E-04,injectedCurrent,Node_1,3.98817421E+03
1.42500000E-04,voltage,Node_1,5.77404808E+04
1.42500000E-04,voltage,Node_2,5.82791919E+04
1.42500000E-04,i1,Line_1_e1,3.98822781E+03
1.42500000E-04,i2,Line_1_e1,-3.50742541E+03
1.43000000E-04,injectedCurrent,Node_1,3.95904184E+03
1.43000000E-04,voltage,Node_1,5.73248506E+04
1.43000000E-04,voltage,Node_2,5.78597010E+04
1.43000000E-04,i1,Line_1_e1,3.95909504E+03
1.43000000E-04,i2,Line_1_e1,-3.48180281E+03
1.43500000E-04,injectedCurrent,Node_1,3.93012226E+03
1.43500000E-04,voltage,Node_1,5.69122276E+04
1.43500000E-04,voltage,Node_2,5.74432506E+04
1.43500000E-04,i1,Line_1_e1,3.93017508E+03
1.43500000E-04,i2,Line_1_e1,-3.45636743E+03
1.44000000E-04,injectedCurrent,Node_1,3.90141394E+03
1.44000000E-04,voltage,Node_1,5.65025974E+04
1.44000000E-04,voltage,Node_2,5.70298149E+04
1.44000000E-04,i1,Line_1_e1,3.90146637E+03
1.44000000E-04,i2,Line_1_e1,-3.43111781E+03
1.44500000E-04,injectedCurrent,Node_1,3.87291532E+03
1.44500000E-04,voltage,Node_1,5.60959311E+04
1.44500000E-04,voltage,Node_2,5.66193759E+04
1.44500000E-04,i1,Line_1_e1,3.87296736E+03
1.44500000E-04,i2,Line_1_e1,-3.40605267E+03
1.45000000E-04,injectedCurrent,Node_1,3.84462487E+03
1.45000000E-04,voltage,Node_1,5.56922144E+04
1.45000000E-04,voltage,Node_2,5.62119081E+04
1.45000000E-04,i1,Line_1_e1,3.84467654E+03
1.45000000E-04,i2,Line_1_e1,-3.38117060E+03
1.45500000E-04,injectedCurrent,Node_1,3.81654108E+03
1.45500000E-04,voltage,Node_1,5.52914189E+04
1.45500000E-04,voltage,Node_2,5.58073938E+04
1.45500000E-04,i1,Line_1_e1,3.81659237E+03
1.45500000E-04,i2,Line_1_e1,-3.35647033E+03
1.46000000E-04,injectedCurrent,Node_1,3.78866243E+03
1.46000000E-04,voltage,Node_1,5.48935304E+04
1.46000000E-04,voltage,Node_2,5.54058079E+04
1.46000000E-04,i1,Line_1_e1,3.78871334E+03
1.46000000E-04,i2,Line_1_e1,-3.33195046E+03
1.46500000E-04,injectedCurrent,Node_1,3.76098742E+03
1.46500000E-04,voltage,Node_1,5.44985210E+04
1.46500000E-04,voltage,Node_2,5.50071329E+04
1.46500000E-04,i1,Line_1_e1,3.76103796E+03
1.46500000E-04,i2,Line_1_e1,-3.30760973E+03
1.47000000E-04,injectedCurrent,Node_1,3.73351458E+03
1.47000000E-04,voltage,Node_1,5.41063767E+04
1.47000000E-04,voltage,Node_2,5.46113440E+04
1.47000000E-04,i1,Line_1_e1,3.73356475E+03
1.47000000E-04,i2,Line_1_e1,-3.28344678E+03
1.47500000E-04,injectedCurrent,Node_1,3.70624241E+03
1.47500000E-04,voltage,Node_1,5.37170701E+04
1.47500000E-04,voltage,Node_2,5.42184241E+04
1.47500000E-04,i1,Line_1_e1,3.70629221E+03
1.47500000E-04,i2,Line_1_e1,-3.25946038E+03
1.48000000E-04,injectedCurrent,Node_1,3.67916946E+03
1.48000000E-04,voltage,Node_1,5.33305871E+04
1.48000000E-04,voltage,Node_2,5.38283487E+04
1.48000000E-04,i1,Line_1_e1,3.67921890E+03
1.48000000E-04,i2,Line_1_e1,-3.23564916E+03
1.48500000E-04,injectedCurrent,Node_1,3.65229426E+03
1.48500000E-04,voltage,Node_1,5.29469009E+04
1.48500000E-04,voltage,Node_2,5.34411009E+04
1.48500000E-04,i1,Line_1_e1,3.65234334E+03
1.48500000E-04,i2,Line_1_e1,-3.21201192E+03
1.49000000E-04,injectedCurrent,Node_1,3.62561539E+03
1.49000000E-04,voltage,Node_1,5.25659977E+04
1.49000000E-04,voltage,Node_2,5.30566567E+04
1.49000000E-04,i1,Line_1_e1,3.62566411E+03
1.49000000E-04,i2,Line_1_e1,-3.18854730E+03
1.49500000E-04,injectedCurrent,Node_1,3.59913139E+03
1.49500000E-04,voltage,Node_1,5.21878509E+04
1.49500000E-04,voltage,Node_2,5.26749992E+04
1.49500000E-04,i1,Line_1_e1,3.59917975E+03
1.49500000E-04,i2,Line_1_e1,-3.16525414E+03
1.50000000E-04,injectedCurrent,Node_1,3.57284085E+03
1.50000000E-04,voltage,Node_1,5.18124469E+04
1.50000000E-04,voltage,Node_2,5.22961049E+04
1.50000000E-04,i1,Line_1_e1,3.57288886E+03
1.50000000E-04,i2,Line_1_e1,-3.14213109E+03
1.50500000E-04,injectedCurrent,Node_1,3.54674236E+03
1.50500000E-04,voltage,Node_1,5.14397596E+04
1.50500000E-04,voltage,Node_2,5.19199571E+04
1.50500000E-04,i1,Line_1_e1,3.54679002E+03
1.50500000E-04,i2,Line_1_e1,-3.11917699E+03
1.51000000E-04,injectedCurrent,Node_1,3.52083450E+03
1.51000000E-04,voltage,Node_1,5.10697755E+04
1.51000000E-04,voltage,Node_2,5.15465327E+04
1.51000000E-04,i1,Line_1_e1,3.52088181E+03
1.51000000E-04,i2,Line_1_e1,-3.09639053E+03
1.51500000E-04,injectedCurrent,Node_1,3.49511590E+03
1.51500000E-04,voltage,Node_1,5.07024690E+04
1.51500000E-04,voltage,Node_2,5.11758152E+04
1.51500000E-04,i1,Line_1_e1,3.49516286E+03
1.51500000E-04,i2,Line_1_e1,-3.07377057E+03
1.52000000E-04,injectedCurrent,Node_1,3.46958516E+03
1.52000000E-04,voltage,Node_1,5.03378267E+04
1.52000000E-04,voltage,Node_2,5.08077817E+04
1.52000000E-04,i1,Line_1_e1,3.46963178E+03
1.52000000E-04,i2,Line_1_e1,-3.05131580E+03
1.52500000E-04,injectedCurrent,Node_1,3.44424091E+03
1.52500000E-04,voltage,Node_1,4.99758233E+04
1.52500000E-04,voltage,Node_2,5.04424161E+04
1.52500000E-04,i1,Line_1_e1,3.44428720E+03
1.52500000E-04,i2,Line_1_e1,-3.02902511E+03
1.53000000E-04,injectedCurrent,Node_1,3.41908180E+03
1.53000000E-04,voltage,Node_1,4.96164457E+04
1.53000000E-04,voltage,Node_2,5.00796958E+04
1.53000000E-04,i1,Line_1_e1,3.41912775E+03
1.53000000E-04,i2,Line_1_e1,-3.00689721E+03
1.53500000E-04,injectedCurrent,Node_1,3.39410647E+03
1.53500000E-04,voltage,Node_1,4.92596689E+04
1.53500000E-04,voltage,Node_2,4.97196049E+04
1.53500000E-04,i1,Line_1_e1,3.39415208E+03
1.53500000E-04,i2,Line_1_e1,-2.98493099E+03
1.54000000E-04,injectedCurrent,Node_1,3.36931357E+03
1.54000000E-04,voltage,Node_1,4.89054800E+04
1.54000000E-04,voltage,Node_2,4.93621213E+04
1.54000000E-04,i1,Line_1_e1,3.36935885E+03
1.54000000E-04,i2,Line_1_e1,-2.96312519E+03
1.54500000E-04,injectedCurrent,Node_1,3.34470178E+03
1.54500000E-04,voltage,Node_1,4.85538545E+04
1.54500000E-04,voltage,Node_2,4.90072290E+04
1.54500000E-04,i1,Line_1_e1,3.34474673E+03
1.54500000E-04,i2,Line_1_e1,-2.94147872E+03
1.55000000E-04,injectedCurrent,Node_1,3.32026977E+03
1.55000000E-04,voltage,Node_1,4.82047794E+04
1.55000000E-04,voltage,Node_2,4.86549064E+04
1.55000000E-04,i1,Line_1_e1,3.32031439E+03
1.55000000E-04,i2,Line_1_e1,-2.91999035E+03
1.55500000E-04,injectedCurrent,Node_1,3.29601623E+03
1.55500000E-04,voltage,Node_1,4.78582308E+04
1.55500000E-04,voltage,Node_2,4.83051377E+04
1.55500000E-04,i1,Line_1_e1,3.29606052E+03
1.55500000E-04,i2,Line_1_e1,-2.89865897E+03
1.56000000E-04,injectedCurrent,Node_1,3.27193985E+03
1.56000000E-04,voltage,Node_1,4.75141958E+04
1.56000000E-04,voltage,Node_2,4.79579017E+04
1.56000000E-04,i1,Line_1_e1,3.27198382E+03
1.56000000E-04,i2,Line_1_e1,-2.87748340E+03
1.56500000E-04,injectedCurrent,Node_1,3.24803935E+03
1.56500000E-04,voltage,Node_1,4.71726508E+04
1.56500000E-04,voltage,Node_2,4.76131828E+04
1.56500000E-04,i1,Line_1_e1,3.24808299E+03
1.56500000E-04,i2,Line_1_e1,-2.85646254E+03
1.57000000E-04,injectedCurrent,Node_1,3.22431342E+03
1.57000000E-04,voltage,Node_1,4.68335832E+04
1.57000000E-04,voltage,Node_2,4.72709599E+04
1.57000000E-04,i1,Line_1_e1,3.22435675E+03
1.57000000E-04,i2,Line_1_e1,-2.83559520E+03
1.57500000E-04,injectedCurrent,Node_1,3.20076081E+03
1.57500000E-04,voltage,Node_1,4.64969696E+04
1.57500000E-04,voltage,Node_2,4.69312178E+04
1.57500000E-04,i1,Line_1_e1,3.20080382E+03
1.57500000E-04,i2,Line_1_e1,-2.81488033E+03
1.58000000E-04,injectedCurrent,Node_1,3.17738025E+03
1.58000000E-04,voltage,Node_1,4.61627977E+04
1.58000000E-04,voltage,Node_2,4.65939357E+04
1.58000000E-04,i1,Line_1_e1,3.17742294E+03
1.58000000E-04,i2,Line_1_e1,-2.79431675E+03
1.58500000E-04,injectedCurrent,Node_1,3.15417047E+03
1.58500000E-04,voltage,Node_1,4.58310444E+04
1.58500000E-04,voltage,Node_2,4.62590987E+04
1.58500000E-04,i1,Line_1_e1,3.15421285E+03
1.58500000E-04,i2,Line_1_e1,-2.77390342E+03
1.59000000E-04,injectedCurrent,Node_1,3.13113023E+03
1.59000000E-04,voltage,Node_1,4.55016974E+04
1.59000000E-04,voltage,Node_2,4.59266862E+04
1.59000000E-04,i1,Line_1_e1,3.13117231E+03
1.59000000E-04,i2,Line_1_e1,-2.75363918E+03
1.59500000E-04,injectedCurrent,Node_1,3.10825830E+03
1.59500000E-04,voltage,Node_1,4.51747342E+04
1.59500000E-04,voltage,Node_2,4.55966834E+04
1.59500000E-04,i1,Line_1_e1,3.10830006E+03
1.59500000E-04,i2,Line_1_e1,-2.73352299E+03
1.60000000E-04,injectedCurrent,Node_1,3.08555343E+03
1.60000000E-04,voltage,Node_1,4.48501427E+04
1.60000000E-04,voltage,Node_2,4.52690701E+04
1.60000000E-04,i1,Line_1_e1,3.08559490E+03
1.60000000E-04,i2,Line_1_e1,-2.71355372E+03
1.60500000E-04,injectedCurrent,Node_1,3.06301442E+03
1.60500000E-04,voltage,Node_1,4.45279004E+04
1.60500000E-04,voltage,Node_2,4.49438318E+04
1.60500000E-04,i1,Line_1_e1,3.06305558E+03
1.60500000E-04,i2,Line_1_e1,-2.69373036E+03
1.61000000E-04,injectedCurrent,Node_1,3.04064005E+03
1.61000000E-04,voltage,Node_1,4.42079956E+04
1.61000000E-04,voltage,Node_2,4.46209486E+04
1.61000000E-04,i1,Line_1_e1,3.04068091E+03
1.61000000E-04,i2,Line_1_e1,-2.67405178E+03
1.61500000E-04,injectedCurrent,Node_1,3.01842912E+03
1.61500000E-04,voltage,Node_1,4.38904062E+04
1.61500000E-04,voltage,Node_2,4.43004060E+04
1.61500000E-04,i1,Line_1_e1,3.01846968E+03
1.61500000E-04,i2,Line_1_e1,-2.65451698E+03
1.62000000E-04,injectedCurrent,Node_1,2.99638043E+03
1.62000000E-04,voltage,Node_1,4.35751205E+04
1.62000000E-04,voltage,Node_2,4.39821845E+04
1.62000000E-04,i1,Line_1_e1,2.99642069E+03
1.62000000E-04,i2,Line_1_e1,-2.63512485E+03
1.62500000E-04,injectedCurrent,Node_1,2.97449280E+03
1.62500000E-04,voltage,Node_1,4.32621168E+04
1.62500000E-04,voltage,Node_2,4.36662699E+04
1.62500000E-04,i1,Line_1_e1,2.97453277E+03
1.62500000E-04,i2,Line_1_e1,-2.61587440E+03
1.63000000E-04,injectedCurrent,Node_1,2.95276505E+03
1.63000000E-04,voltage,Node_1,4.29513834E+04
1.63000000E-04,voltage,Node_2,4.33526428E+04
1.63000000E-04,i1,Line_1_e1,2.95280473E+03
1.63000000E-04,i2,Line_1_e1,-2.59676456E+03
1.63500000E-04,injectedCurrent,Node_1,2.93119601E+03
1.63500000E-04,voltage,Node_1,4.26428992E+04
1.63500000E-04,voltage,Node_2,4.30412893E+04
1.63500000E-04,i1,Line_1_e1,2.93123540E+03
1.63500000E-04,i2,Line_1_e1,-2.57779433E+03
1.64000000E-04,injectedCurrent,Node_1,2.90978454E+03
1.64000000E-04,voltage,Node_1,4.23366525E+04
1.64000000E-04,voltage,Node_2,4.27321904E+04
1.64000000E-04,i1,Line_1_e1,2.90982364E+03
1.64000000E-04,i2,Line_1_e1,-2.55896266E+03
1.64500000E-04,injectedCurrent,Node_1,2.88852946E+03
1.64500000E-04,voltage,Node_1,4.20326225E+04
1.64500000E-04,voltage,Node_2,4.24253322E+04
1.64500000E-04,i1,Line_1_e1,2.88856828E+03
1.64500000E-04,i2,Line_1_e1,-2.54026858E+03
1.65000000E-04,injectedCurrent,Node_1,2.86742965E+03
1.65000000E-04,voltage,Node_1,4.17307977E+04
1.65000000E-04,voltage,Node_2,4.21206960E+04
1.65000000E-04,i1,Line_1_e1,2.86746818E+03
1.65000000E-04,i2,Line_1_e1,-2.52171103E+03
1.65500000E-04,injectedCurrent,Node_1,2.84648396E+03
1.65500000E-04,voltage,Node_1,4.14311576E+04
1.65500000E-04,voltage,Node_2,4.18182682E+04
1.65500000E-04,i1,Line_1_e1,2.84652221E+03
1.65500000E-04,i2,Line_1_e1,-2.50328907E+03
1.66000000E-04,injectedCurrent,Node_1,2.82569128E+03
1.66000000E-04,voltage,Node_1,4.11336909E+04
1.66000000E-04,voltage,Node_2,4.15180304E+04
1.66000000E-04,i1,Line_1_e1,2.82572925E+03
1.66000000E-04,i2,Line_1_e1,-2.48500165E+03
1.66500000E-04,injectedCurrent,Node_1,2.80505048E+03
1.66500000E-04,voltage,Node_1,4.08383773E+04
1.66500000E-04,voltage,Node_2,4.12199690E+04
1.66500000E-04,i1,Line_1_e1,2.80508818E+03
1.66500000E-04,i2,Line_1_e1,-2.46684785E+03
1.67000000E-04,injectedCurrent,Node_1,2.78456046E+03
1.67000000E-04,voltage,Node_1,4.05452058E+04
1.67000000E-04,voltage,Node_2,4.09240660E+04
1.67000000E-04,i1,Line_1_e1,2.78459788E+03
1.67000000E-04,i2,Line_1_e1,-2.44882664E+03
1.67500000E-04,injectedCurrent,Node_1,2.76422011E+03
1.67500000E-04,voltage,Node_1,4.02541563E+04
1.67500000E-04,voltage,Node_2,4.06303081E+04
1.67500000E-04,i1,Line_1_e1,2.76425725E+03
1.67500000E-04,i2,Line_1_e1,-2.43093710E+03
1.68000000E-04,injectedCurrent,Node_1,2.74402833E+03
1.68000000E-04,voltage,Node_1,3.99652178E+04
1.68000000E-04,voltage,Node_2,4.03386774E+04
1.68000000E-04,i1,Line_1_e1,2.74406521E+03
1.68000000E-04,i2,Line_1_e1,-2.41317821E+03
1.68500000E-04,injectedCurrent,Node_1,2.72398406E+03
1.68500000E-04,voltage,Node_1,3.96783708E+04
1.68500000E-04,voltage,Node_2,4.00491607E+04
1.68500000E-04,i1,Line_1_e1,2.72402066E+03
1.68500000E-04,i2,Line_1_e1,-2.39554908E+03
1.69000000E-04,injectedCurrent,Node_1,2.70408620E+03
1.69000000E-04,voltage,Node_1,3.93936043E+04
1.69000000E-04,voltage,Node_2,3.97617405E+04
1.69000000E-04,i1,Line_1_e1,2.70412254E+03
1.69000000E-04,i2,Line_1_e1,-2.37804870E+03
1.69500000E-04,injectedCurrent,Node_1,2.68433369E+03
1.69500000E-04,voltage,Node_1,3.91108991E+04
1.69500000E-04,voltage,Node_2,3.94764039E+04
1.69500000E-04,i1,Line_1_e1,2.68436976E+03
1.69500000E-04,i2,Line_1_e1,-2.36067618E+03
1.70000000E-04,injectedCurrent,Node_1,2.66472546E+03
1.70000000E-04,voltage,Node_1,3.88302444E+04
1.70000000E-04,voltage,Node_2,3.91931334E+04
1.70000000E-04,i1,Line_1_e1,2.66476127E+03
1.70000000E-04,i2,Line_1_e1,-2.34343055E+03
1.70500000E-04,injectedCurrent,Node_1,2.64526047E+03
1.70500000E-04,voltage,Node_1,3.85516211E+04
1.70500000E-04,voltage,Node_2,3.89119165E+04
1.70500000E-04,i1,Line_1_e1,2.64529601E+03
1.70500000E-04,i2,Line_1_e1,-2.32631092E+03
1.71000000E-04,injectedCurrent,Node_1,2.62593766E+03
1.71000000E-04,voltage,Node_1,3.82750187E+04
1.71000000E-04,voltage,Node_2,3.86327359E+04
1.71000000E-04,i1,Line_1_e1,2.62597295E+03
1.71000000E-04,i2,Line_1_e1,-2.30931633E+03
1.71500000E-04,injectedCurrent,Node_1,2.60675600E+03
1.71500000E-04,voltage,Node_1,3.80004186E+04
1.71500000E-04,voltage,Node_2,3.83555791E+04
1.71500000E-04,i1,Line_1_e1,2.60679103E+03
1.71500000E-04,i2,Line_1_e1,-2.29244590E+03
1.72000000E-04,injectedCurrent,Node_1,2.58771445E+03
1.72000000E-04,voltage,Node_1,3.77278100E+04
1.72000000E-04,voltage,Node_2,3.80804293E+04
1.72000000E-04,i1,Line_1_e1,2.58774923E+03
1.72000000E-04,i2,Line_1_e1,-2.27569869E+03
1.72500000E-04,injectedCurrent,Node_1,2.56881200E+03
1.72500000E-04,voltage,Node_1,3.74571748E+04
1.72500000E-04,voltage,Node_2,3.78072741E+04
1.72500000E-04,i1,Line_1_e1,2.56884652E+03
1.72500000E-04,i2,Line_1_e1,-2.25907384E+03
1.73000000E-04,injectedCurrent,Node_1,2.55004763E+03
1.73000000E-04,voltage,Node_1,3.71885024E+04
1.73000000E-04,voltage,Node_2,3.75360968E+04
1.73000000E-04,i1,Line_1_e1,2.55008189E+03
1.73000000E-04,i2,Line_1_e1,-2.24257041E+03
1.73500000E-04,injectedCurrent,Node_1,2.53142032E+03
1.73500000E-04,voltage,Node_1,3.69217748E+04
1.73500000E-04,voltage,Node_2,3.72668853E+04
1.73500000E-04,i1,Line_1_e1,2.53145434E+03
1.73500000E-04,i2,Line_1_e1,-2.22618755E+03
1.74000000E-04,injectedCurrent,Node_1,2.51292908E+03
1.74000000E-04,voltage,Node_1,3.66569817E+04
1.74000000E-04,voltage,Node_2,3.69996233E+04
1.74000000E-04,i1,Line_1_e1,2.51296285E+03
1.74000000E-04,i2,Line_1_e1,-2.20992436E+03
1.74500000E-04,injectedCurrent,Node_1,2.49457291E+03
1.74500000E-04,voltage,Node_1,3.63941053E+04
1.74500000E-04,voltage,Node_2,3.67342986E+04
1.74500000E-04,i1,Line_1_e1,2.49460643E+03
1.74500000E-04,i2,Line_1_e1,-2.19377998E+03
1.75000000E-04,injectedCurrent,Node_1,2.47635083E+03
1.75000000E-04,voltage,Node_1,3.61331355E+04
1.75000000E-04,voltage,Node_2,3.64708952E+04
1.75000000E-04,i1,Line_1_e1,2.47638410E+03
1.75000000E-04,i2,Line_1_e1,-2.17775352E+03
1.75500000E-04,injectedCurrent,Node_1,2.45826185E+03
1.75500000E-04,voltage,Node_1,3.58740547E+04
1.75500000E-04,voltage,Node_2,3.62094012E+04
1.75500000E-04,i1,Line_1_e1,2.45829489E+03
1.75500000E-04,i2,Line_1_e1,-2.16184416E+03
1.76000000E-04,injectedCurrent,Node_1,2.44030501E+03
1.76000000E-04,voltage,Node_1,3.56168529E+04
1.76000000E-04,voltage,Node_2,3.59498007E+04
1.76000000E-04,i1,Line_1_e1,2.44033780E+03
1.76000000E-04,i2,Line_1_e1,-2.14605099E+03
1.76500000E-04,injectedCurrent,Node_1,2.42247934E+03
1.76500000E-04,voltage,Node_1,3.53615129E+04
1.76500000E-04,voltage,Node_2,3.56920821E+04
1.76500000E-04,i1,Line_1_e1,2.42251189E+03
1.76500000E-04,i2,Line_1_e1,-2.13037321E+03
1.77000000E-04,injectedCurrent,Node_1,2.40478388E+03
1.77000000E-04,voltage,Node_1,3.51080247E+04
1.77000000E-04,voltage,Node_2,3.54362296E+04
1.77000000E-04,i1,Line_1_e1,2.40481619E+03
1.77000000E-04,i2,Line_1_e1,-2.11480993E+03
1.77500000E-04,injectedCurrent,Node_1,2.38721768E+03
1.77500000E-04,voltage,Node_1,3.48563714E+04
1.77500000E-04,voltage,Node_2,3.51822317E+04
1.77500000E-04,i1,Line_1_e1,2.38724976E+03
1.77500000E-04,i2,Line_1_e1,-2.09936036E+03
1.78000000E-04,injectedCurrent,Node_1,2.36977979E+03
1.78000000E-04,voltage,Node_1,3.46065432E+04
1.78000000E-04,voltage,Node_2,3.49300731E+04
1.78000000E-04,i1,Line_1_e1,2.36981164E+03
1.78000000E-04,i2,Line_1_e1,-2.08402364E+03
1.78500000E-04,injectedCurrent,Node_1,2.35246928E+03
1.78500000E-04,voltage,Node_1,3.43585234E+04
1.78500000E-04,voltage,Node_2,3.46797422E+04
1.78500000E-04,i1,Line_1_e1,2.35250090E+03
1.78500000E-04,i2,Line_1_e1,-2.06879896E+03
1.79000000E-04,injectedCurrent,Node_1,2.33528523E+03
1.79000000E-04,voltage,Node_1,3.41123023E+04
1.79000000E-04,voltage,Node_2,3.44312241E+04
1.79000000E-04,i1,Line_1_e1,2.33531661E+03
1.79000000E-04,i2,Line_1_e1,-2.05368548E+03
1.79500000E-04,injectedCurrent,Node_1,2.31822669E+03
1.79500000E-04,voltage,Node_1,3.38678634E+04
1.79500000E-04,voltage,Node_2,3.41845073E+04
1.79500000E-04,i1,Line_1_e1,2.31825784E+03
1.79500000E-04,i2,Line_1_e1,-2.03868243E+03
1.80000000E-04,injectedCurrent,Node_1,2.30129276E+03
1.80000000E-04,voltage,Node_1,3.36251973E+04
1.80000000E-04,voltage,Node_2,3.39395771E+04
1.80000000E-04,i1,Line_1_e1,2.30132369E+03
1.80000000E-04,i2,Line_1_e1,-2.02378895E+03
1.80500000E-04,injectedCurrent,Node_1,2.28448253E+03
1.80500000E-04,voltage,Node_1,3.33842876E+04
1.80500000E-04,voltage,Node_2,3.36964222E+04
1.80500000E-04,i1,Line_1_e1,2.28451323E+03
1.80500000E-04,i2,Line_1_e1,-2.00900429E+03
1.81000000E-04,injectedCurrent,Node_1,2.26779510E+03
1.81000000E-04,voltage,Node_1,3.31451251E+04
1.81000000E-04,voltage,Node_2,3.34550281E+04
1.81000000E-04,i1,Line_1_e1,2.26782557E+03
1.81000000E-04,i2,Line_1_e1,-1.99432761E+03
1.81500000E-04,injectedCurrent,Node_1,2.25122956E+03
1.81500000E-04,voltage,Node_1,3.29076937E+04
1.81500000E-04,voltage,Node_2,3.32153836E+04
1.81500000E-04,i1,Line_1_e1,2.25125981E+03
1.81500000E-04,i2,Line_1_e1,-1.97975816E+03
1.82000000E-04,injectedCurrent,Node_1,2.23478502E+03
1.82000000E-04,voltage,Node_1,3.26719842E+04
1.82000000E-04,voltage,Node_2,3.29774744E+04
1.82000000E-04,i1,Line_1_e1,2.23481505E+03
1.82000000E-04,i2,Line_1_e1,-1.96529513E+03
1.82500000E-04,injectedCurrent,Node_1,2.21846061E+03
1.82500000E-04,voltage,Node_1,3.24379808E+04
1.82500000E-04,voltage,Node_2,3.27412897E+04
1.82500000E-04,i1,Line_1_e1,2.21849042E+03
1.82500000E-04,i2,Line_1_e1,-1.95093776E+03
1.83000000E-04,injectedCurrent,Node_1,2.20225544E+03
1.83000000E-04,voltage,Node_1,3.22056744E+04
1.83000000E-04,voltage,Node_2,3.25068151E+04
1.83000000E-04,i1,Line_1_e1,2.20228503E+03
1.83000000E-04,i2,Line_1_e1,-1.93668526E+03
1.83500000E-04,injectedCurrent,Node_1,2.18616865E+03
1.83500000E-04,voltage,Node_1,3.19750495E+04
1.83500000E-04,voltage,Node_2,3.22740401E+04
1.83500000E-04,i1,Line_1_e1,2.18619803E+03
1.83500000E-04,i2,Line_1_e1,-1.92253688E+03
1.84000000E-04,injectedCurrent,Node_1,2.17019936E+03
1.84000000E-04,voltage,Node_1,3.17460970E+04
1.84000000E-04,voltage,Node_2,3.20429505E+04
1.84000000E-04,i1,Line_1_e1,2.17022853E+03
1.84000000E-04,i2,Line_1_e1,-1.90849185E+03
1.84500000E-04,injectedCurrent,Node_1,2.15434673E+03
1.84500000E-04,voltage,Node_1,3.15188017E+04
1.84500000E-04,voltage,Node_2,3.18135359E+04
1.84500000E-04,i1,Line_1_e1,2.15437568E+03
1.84500000E-04,i2,Line_1_e1,-1.89454942E+03
1.85000000E-04,injectedCurrent,Node_1,2.13860989E+03
1.85000000E-04,voltage,Node_1,3.12931546E+04
1.85000000E-04,voltage,Node_2,3.15857825E+04
1.85000000E-04,i1,Line_1_e1,2.13863863E+03
1.85000000E-04,i2,Line_1_e1,-1.88070884E+03
1.85500000E-04,injectedCurrent,Node_1,2.12298801E+03
1.85500000E-04,voltage,Node_1,3.10691409E+04
1.85500000E-04,voltage,Node_2,3.13596798E+04
1.85500000E-04,i1,Line_1_e1,2.12301654E+03
1.85500000E-04,i2,Line_1_e1,-1.86696937E+03
1.86000000E-04,injectedCurrent,Node_1,2.10748024E+03
1.86000000E-04,voltage,Node_1,3.08467516E+04
1.86000000E-04,voltage,Node_2,3.11352143E+04
1.86000000E-04,i1,Line_1_e1,2.10750856E+03
1.86000000E-04,i2,Line_1_e1,-1.85333025E+03
1.86500000E-04,injectedCurrent,Node_1,2.09208575E+03
1.86500000E-04,voltage,Node_1,3.06259720E+04
1.86500000E-04,voltage,Node_2,3.09123756E+04
1.86500000E-04,i1,Line_1_e1,2.09211387E+03
1.86500000E-04,i2,Line_1_e1,-1.83979078E+03
1.87000000E-04,injectedCurrent,Node_1,2.07680371E+03
1.87000000E-04,voltage,Node_1,3.04067932E+04
1.87000000E-04,voltage,Node_2,3.06911505E+04
1.87000000E-04,i1,Line_1_e1,2.07683162E+03
1.87000000E-04,i2,Line_1_e1,-1.82635021E+03
1.87500000E-04,injectedCurrent,Node_1,2.06163331E+03
1.87500000E-04,voltage,Node_1,3.01892010E+04
1.87500000E-04,voltage,Node_2,3.04715288E+04
1.87500000E-04,i1,Line_1_e1,2.06166101E+03
1.87500000E-04,i2,Line_1_e1,-1.81300783E+03
1.88000000E-04,injectedCurrent,Node_1,2.04657371E+03
1.88000000E-04,voltage,Node_1,2.99731865E+04
1.88000000E-04,voltage,Node_2,3.02534972E+04
1.88000000E-04,i1,Line_1_e1,2.04660122E+03
1.88000000E-04,i2,Line_1_e1,-1.79976290E+03
1.88500000E-04,injectedCurrent,Node_1,2.03162413E+03
1.88500000E-04,voltage,Node_1,2.97587356E+04
1.88500000E-04,voltage,Node_2,3.00370458E+04
1.88500000E-04,i1,Line_1_e1,2.03165143E+03
1.88500000E-04,i2,Line_1_e1,-1.78661474E+03
1.89000000E-04,injectedCurrent,Node_1,2.01678374E+03
1.89000000E-04,voltage,Node_1,2.95458396E+04
1.89000000E-04,voltage,Node_2,2.98221617E+04
1.89000000E-04,i1,Line_1_e1,2.01681084E+03
1.89000000E-04,i2,Line_1_e1,-1.77356261E+03
1.89500000E-04,injectedCurrent,Node_1,2.00205176E+03
1.89500000E-04,voltage,Node_1,2.93344846E+04
1.89500000E-04,voltage,Node_2,2.96088349E+04
1.89500000E-04,i1,Line_1_e1,2.00207867E+03
1.89500000E-04,i2,Line_1_e1,-1.76060584E+03
1.90000000E-04,injectedCurrent,Node_1,1.98742739E+03
1.90000000E-04,voltage,Node_1,2.91246621E+04
1.90000000E-04,voltage,Node_2,2.93970527E+04
1.90000000E-04,i1,Line_1_e1,1.98745410E+03
1.90000000E-04,i2,Line_1_e1,-1.74774371E+03
1.90500000E-04,injectedCurrent,Node_1,1.97290985E+03
1.90500000E-04,voltage,Node_1,2.89163583E+04
1.90500000E-04,voltage,Node_2,2.91868054E+04
1.90500000E-04,i1,Line_1_e1,1.97293636E+03
1.90500000E-04,i2,Line_1_e1,-1.73497554E+03
1.91000000E-04,injectedCurrent,Node_1,1.95849836E+03
1.91000000E-04,voltage,Node_1,2.87095647E+04
1.91000000E-04,voltage,Node_2,2.89780803E+04
1.91000000E-04,i1,Line_1_e1,1.95852468E+03
1.91000000E-04,i2,Line_1_e1,-1.72230064E+03
1.91500000E-04,injectedCurrent,Node_1,1.94419213E+03
1.91500000E-04,voltage,Node_1,2.85042680E+04
1.91500000E-04,voltage,Node_2,2.87708679E+04
1.91500000E-04,i1,Line_1_e1,1.94421826E+03
1.91500000E-04,i2,Line_1_e1,-1.70971834E+03
1.92000000E-04,injectedCurrent,Node_1,1.92999041E+03
1.92000000E-04,voltage,Node_1,2.83004597E+04
1.92000000E-04,voltage,Node_2,2.85651557E+04
1.92000000E-04,i1,Line_1_e1,1.93001635E+03
1.92000000E-04,i2,Line_1_e1,-1.69722794E+03
1.92500000E-04,injectedCurrent,Node_1,1.91589243E+03
1.92500000E-04,voltage,Node_1,2.80981266E+04
1.92500000E-04,voltage,Node_2,2.83609344E+04
1.92500000E-04,i1,Line_1_e1,1.91591818E+03
1.92500000E-04,i2,Line_1_e1,-1.68482879E+03
1.93000000E-04,injectedCurrent,Node_1,1.90189743E+03
1.93000000E-04,voltage,Node_1,2.78972604E+04
1.93000000E-04,voltage,Node_2,2.81581917E+04
1.93000000E-04,i1,Line_1_e1,1.90192299E+03
1.93000000E-04,i2,Line_1_e1,-1.67252021E+03
1.93500000E-04,injectedCurrent,Node_1,1.88800466E+03
1.93500000E-04,voltage,Node_1,2.76978481E+04
1.93500000E-04,voltage,Node_2,2.79569182E+04
1.93500000E-04,i1,Line_1_e1,1.88803003E+03
1.93500000E-04,i2,Line_1_e1,-1.66030155E+03
1.94000000E-04,injectedCurrent,Node_1,1.87421337E+03
1.94000000E-04,voltage,Node_1,2.74998815E+04
1.94000000E-04,voltage,Node_2,2.77571019E+04
1.94000000E-04,i1,Line_1_e1,1.87423856E+03
1.94000000E-04,i2,Line_1_e1,-1.64817214E+03
1.94500000E-04,injectedCurrent,Node_1,1.86052282E+03
1.94500000E-04,voltage,Node_1,2.73033477E+04
1.94500000E-04,voltage,Node_2,2.75587336E+04
1.94500000E-04,i1,Line_1_e1,1.86054782E+03
1.94500000E-04,i2,Line_1_e1,-1.63613134E+03
1.95000000E-04,injectedCurrent,Node_1,1.84693228E+03
1.95000000E-04,voltage,Node_1,2.71082388E+04
1.95000000E-04,voltage,Node_2,2.73618016E+04
1.95000000E-04,i1,Line_1_e1,1.84695710E+03
1.95000000E-04,i2,Line_1_e1,-1.62417849E+03
1.95500000E-04,injectedCurrent,Node_1,1.83344101E+03
1.95500000E-04,voltage,Node_1,2.69145420E+04
1.95500000E-04,voltage,Node_2,2.71662966E+04
1.95500000E-04,i1,Line_1_e1,1.83346565E+03
1.95500000E-04,i2,Line_1_e1,-1.61231297E+03
1.96000000E-04,injectedCurrent,Node_1,1.82004829E+03
1.96000000E-04,voltage,Node_1,2.67222494E+04
1.96000000E-04,voltage,Node_2,2.69722070E+04
1.96000000E-04,i1,Line_1_e1,1.82007275E+03
1.96000000E-04,i2,Line_1_e1,-1.60053412E+03
1.96500000E-04,injectedCurrent,Node_1,1.80675341E+03
1.96500000E-04,voltage,Node_1,2.65313485E+04
1.96500000E-04,voltage,Node_2,2.67795239E+04
1.96500000E-04,i1,Line_1_e1,1.80677768E+03
1.96500000E-04,i2,Line_1_e1,-1.58884132E+03
1.97000000E-04,injectedCurrent,Node_1,1.79355563E+03
1.97000000E-04,voltage,Node_1,2.63418316E+04
1.97000000E-04,voltage,Node_2,2.65882357E+04
1.97000000E-04,i1,Line_1_e1,1.79357973E+03
1.97000000E-04,i2,Line_1_e1,-1.57723392E+03
1.97500000E-04,injectedCurrent,Node_1,1.78045426E+03
1.97500000E-04,voltage,Node_1,2.61536863E+04
1.97500000E-04,voltage,Node_2,2.63983337E+04
1.97500000E-04,i1,Line_1_e1,1.78047819E+03
1.97500000E-04,i2,Line_1_e1,-1.56571133E+03
1.98000000E-04,injectedCurrent,Node_1,1.76744860E+03
1.98000000E-04,voltage,Node_1,2.59669049E+04
1.98000000E-04,voltage,Node_2,2.62098064E+04
1.98000000E-04,i1,Line_1_e1,1.76747235E+03
1.98000000E-04,i2,Line_1_e1,-1.55427289E+03
1.98500000E-04,injectedCurrent,Node_1,1.75453793E+03
1.98500000E-04,voltage,Node_1,2.57814753E+04
1.98500000E-04,voltage,Node_2,2.60226453E+04
1.98500000E-04,i1,Line_1_e1,1.75456151E+03
1.98500000E-04,i2,Line_1_e1,-1.54291803E+03
1.99000000E-04,injectedCurrent,Node_1,1.74172158E+03
1.99000000E-04,voltage,Node_1,2.55973899E+04
1.99000000E-04,voltage,Node_2,2.58368391E+04
1.99000000E-04,i1,Line_1_e1,1.74174498E+03
1.99000000E-04,i2,Line_1_e1,-1.53164610E+03
1.99500000E-04,injectedCurrent,Node_1,1.72899884E+03
1.99500000E-04,voltage,Node_1,2.54146368E+04
1.99500000E-04,voltage,Node_2,2.56523792E+04
1.99500000E-04,i1,Line_1_e1,1.72902207E+03
1.99500000E-04,i2,Line_1_e1,-1.52045653E+03
2.00000000E-04,injectedCurrent,Node_1,1.71636904E+03
2.00000000E-04,voltage,Node_1,2.52332084E+04
2.00000000E-04,voltage,Node_2,2.54692547E+04
2.00000000E-04,i1,Line_1_e1,1.71639210E+03
2.00000000E-04,i2,Line_1_e1,-1.50934868E+03
2.00500000E-04,injectedCurrent,Node_1,1.70383150E+03
2.00500000E-04,voltage,Node_1,2.50530930E+04
2.00500000E-04,voltage,Node_2,2.52874570E+04
2.00500000E-04,i1,Line_1_e1,1.70385439E+03
2.00500000E-04,i2,Line_1_e1,-1.49832199E+03
2.01000000E-04,injectedCurrent,Node_1,1.69138553E+03
2.01000000E-04,voltage,Node_1,2.48742833E+04
2.01000000E-04,voltage,Node_2,2.51069755E+04
2.01000000E-04,i1,Line_1_e1,1.69140826E+03
2.01000000E-04,i2,Line_1_e1,-1.48737583E+03
2.01500000E-04,injectedCurrent,Node_1,1.67903049E+03
2.01500000E-04,voltage,Node_1,2.46967675E+04
2.01500000E-04,voltage,Node_2,2.49278015E+04
2.01500000E-04,i1,Line_1_e1,1.67905305E+03
2.01500000E-04,i2,Line_1_e1,-1.47650965E+03
2.02000000E-04,injectedCurrent,Node_1,1.66676569E+03
2.02000000E-04,voltage,Node_1,2.45205385E+04
2.02000000E-04,voltage,Node_2,2.47499247E+04
2.02000000E-04,i1,Line_1_e1,1.66678809E+03
2.02000000E-04,i2,Line_1_e1,-1.46572284E+03
2.02500000E-04,injectedCurrent,Node_1,1.65459048E+03
2.02500000E-04,voltage,Node_1,2.43455849E+04
2.02500000E-04,voltage,Node_2,2.45733366E+04
2.02500000E-04,i1,Line_1_e1,1.65461272E+03
2.02500000E-04,i2,Line_1_e1,-1.45501483E+03
2.03000000E-04,injectedCurrent,Node_1,1.64250421E+03
2.03000000E-04,voltage,Node_1,2.41718993E+04
2.03000000E-04,voltage,Node_2,2.43980268E+04
2.03000000E-04,i1,Line_1_e1,1.64252628E+03
2.03000000E-04,i2,Line_1_e1,-1.44438503E+03
2.03500000E-04,injectedCurrent,Node_1,1.63050623E+03
2.03500000E-04,voltage,Node_1,2.39994706E+04
2.03500000E-04,voltage,Node_2,2.42239872E+04
2.03500000E-04,i1,Line_1_e1,1.63052814E+03
2.03500000E-04,i2,Line_1_e1,-1.43383290E+03
2.04000000E-04,injectedCurrent,Node_1,1.61859589E+03
2.04000000E-04,voltage,Node_1,2.38282918E+04
2.04000000E-04,voltage,Node_2,2.40512074E+04
2.04000000E-04,i1,Line_1_e1,1.61861764E+03
2.04000000E-04,i2,Line_1_e1,-1.42335784E+03
2.04500000E-04,injectedCurrent,Node_1,1.60677254E+03
2.04500000E-04,voltage,Node_1,2.36583516E+04
2.04500000E-04,voltage,Node_2,2.38796794E+04
2.04500000E-04,i1,Line_1_e1,1.60679414E+03
2.04500000E-04,i2,Line_1_e1,-1.41295931E+03
2.05000000E-04,injectedCurrent,Node_1,1.59503557E+03
2.05000000E-04,voltage,Node_1,2.34896432E+04
2.05000000E-04,voltage,Node_2,2.37093930E+04
2.05000000E-04,i1,Line_1_e1,1.59505700E+03
2.05000000E-04,i2,Line_1_e1,-1.40263673E+03
2.05500000E-04,injectedCurrent,Node_1,1.58338433E+03
2.05500000E-04,voltage,Node_1,2.33221556E+04
2.05500000E-04,voltage,Node_2,2.35403402E+04
2.05500000E-04,i1,Line_1_e1,1.58340560E+03
2.05500000E-04,i2,Line_1_e1,-1.39238956E+03
2.06000000E-04,injectedCurrent,Node_1,1.57181820E+03
2.06000000E-04,voltage,Node_1,2.31558819E+04
2.06000000E-04,voltage,Node_2,2.33725112E+04
2.06000000E-04,i1,Line_1_e1,1.57183932E+03
2.06000000E-04,i2,Line_1_e1,-1.38221724E+03
2.06500000E-04,injectedCurrent,Node_1,1.56033655E+03
2.06500000E-04,voltage,Node_1,2.29908114E+04
2.06500000E-04,voltage,Node_2,2.32058979E+04
2.06500000E-04,i1,Line_1_e1,1.56035752E+03
2.06500000E-04,i2,Line_1_e1,-1.37211924E+03
2.07000000E-04,injectedCurrent,Node_1,1.54893878E+03
2.07000000E-04,voltage,Node_1,2.28269372E+04
2.07000000E-04,voltage,Node_2,2.30404907E+04
2.07000000E-04,i1,Line_1_e1,1.54895959E+03
2.07000000E-04,i2,Line_1_e1,-1.36209500E+03
2.07500000E-04,injectedCurrent,Node_1,1.53762426E+03
2.07500000E-04,voltage,Node_1,2.26642488E+04
2.07500000E-04,voltage,Node_2,2.28762818E+04
2.07500000E-04,i1,Line_1_e1,1.53764492E+03
2.07500000E-04,i2,Line_1_e1,-1.35214399E+03
2.08000000E-04,injectedCurrent,Node_1,1.52639239E+03
2.08000000E-04,voltage,Node_1,2.25027395E+04
2.08000000E-04,voltage,Node_2,2.27132614E+04
2.08000000E-04,i1,Line_1_e1,1.52641290E+03
2.08000000E-04,i2,Line_1_e1,-1.34226567E+03
2.08500000E-04,injectedCurrent,Node_1,1.51524257E+03
2.08500000E-04,voltage,Node_1,2.23423988E+04
2.08500000E-04,voltage,Node_2,2.25514219E+04
2.08500000E-04,i1,Line_1_e1,1.51526293E+03
2.08500000E-04,i2,Line_1_e1,-1.33245951E+03
2.09000000E-04,injectedCurrent,Node_1,1.50417419E+03
2.09000000E-04,voltage,Node_1,2.21832201E+04
2.09000000E-04,voltage,Node_2,2.23907538E+04
2.09000000E-04,i1,Line_1_e1,1.50419440E+03
2.09000000E-04,i2,Line_1_e1,-1.32272498E+03
2.09500000E-04,injectedCurrent,Node_1,1.49318666E+03
2.09500000E-04,voltage,Node_1,2.20251932E+04
2.09500000E-04,voltage,Node_2,2.22312496E+04
2.09500000E-04,i1,Line_1_e1,1.49320673E+03
2.09500000E-04,i2,Line_1_e1,-1.31306157E+03
2.10000000E-04,injectedCurrent,Node_1,1.48227940E+03
2.10000000E-04,voltage,Node_1,2.18683115E+04
2.10000000E-04,voltage,Node_2,2.20728998E+04
2.10000000E-04,i1,Line_1_e1,1.48229932E+03
2.10000000E-04,i2,Line_1_e1,-1.30346874E+03
2.10500000E-04,injectedCurrent,Node_1,1.47145181E+03
2.10500000E-04,voltage,Node_1,2.17125649E+04
2.10500000E-04,voltage,Node_2,2.19156970E+04
2.10500000E-04,i1,Line_1_e1,1.47147158E+03
2.10500000E-04,i2,Line_1_e1,-1.29394600E+03
2.11000000E-04,injectedCurrent,Node_1,1.46070331E+03
2.11000000E-04,voltage,Node_1,2.15579469E+04
2.11000000E-04,voltage,Node_2,2.17596321E+04
2.11000000E-04,i1,Line_1_e1,1.46072293E+03
2.11000000E-04,i2,Line_1_e1,-1.28449281E+03
2.11500000E-04,injectedCurrent,Node_1,1.45003332E+03
2.11500000E-04,voltage,Node_1,2.14044476E+04
2.11500000E-04,voltage,Node_2,2.16046975E+04
2.11500000E-04,i1,Line_1_e1,1.45005281E+03
2.11500000E-04,i2,Line_1_e1,-1.27510869E+03
2.12000000E-04,injectedCurrent,Node_1,1.43944128E+03
2.12000000E-04,voltage,Node_1,2.12520607E+04
2.12000000E-04,voltage,Node_2,2.14508843E+04
2.12000000E-04,i1,Line_1_e1,1.43946062E+03
2.12000000E-04,i2,Line_1_e1,-1.26579311E+03
2.12500000E-04,injectedCurrent,Node_1,1.42892660E+03
2.12500000E-04,voltage,Node_1,2.11007763E+04
2.12500000E-04,voltage,Node_2,2.12981851E+04
2.12500000E-04,i1,Line_1_e1,1.42894581E+03
2.12500000E-04,i2,Line_1_e1,-1.25654558E+03
2.13000000E-04,injectedCurrent,Node_1,1.41848874E+03
2.13000000E-04,voltage,Node_1,2.09505880E+04
2.13000000E-04,voltage,Node_2,2.11465911E+04
2.13000000E-04,i1,Line_1_e1,1.41850780E+03
2.13000000E-04,i2,Line_1_e1,-1.24736560E+03
2.13500000E-04,injectedCurrent,Node_1,1.40812712E+03
2.13500000E-04,voltage,Node_1,2.08014865E+04
2.13500000E-04,voltage,Node_2,2.09960951E+04
2.13500000E-04,i1,Line_1_e1,1.40814604E+03
2.13500000E-04,i2,Line_1_e1,-1.23825269E+03
2.14000000E-04,injectedCurrent,Node_1,1.39784119E+03
2.14000000E-04,voltage,Node_1,2.06534652E+04
2.14000000E-04,voltage,Node_2,2.08466882E+04
2.14000000E-04,i1,Line_1_e1,1.39785997E+03
2.14000000E-04,i2,Line_1_e1,-1.22920635E+03
2.14500000E-04,injectedCurrent,Node_1,1.38763039E+03
2.14500000E-04,voltage,Node_1,2.05065149E+04
2.14500000E-04,voltage,Node_2,2.06983634E+04
2.14500000E-04,i1,Line_1_e1,1.38764904E+03
2.14500000E-04,i2,Line_1_e1,-1.22022609E+03
2.15000000E-04,injectedCurrent,Node_1,1.37749418E+03
2.15000000E-04,voltage,Node_1,2.03606293E+04
2.15000000E-04,voltage,Node_2,2.05511121E+04
2.15000000E-04,i1,Line_1_e1,1.37751269E+03
2.15000000E-04,i2,Line_1_e1,-1.21131142E+03
2.15500000E-04,injectedCurrent,Node_1,1.36743201E+03
2.15500000E-04,voltage,Node_1,2.02157991E+04
2.15500000E-04,voltage,Node_2,2.04049271E+04
2.15500000E-04,i1,Line_1_e1,1.36745039E+03
2.15500000E-04,i2,Line_1_e1,-1.20246189E+03
2.16000000E-04,injectedCurrent,Node_1,1.35744334E+03
2.16000000E-04,voltage,Node_1,2.00720183E+04
2.16000000E-04,voltage,Node_2,2.02598001E+04
2.16000000E-04,i1,Line_1_e1,1.35746158E+03
2.16000000E-04,i2,Line_1_e1,-1.19367699E+03
2.16500000E-04,injectedCurrent,Node_1,1.34752764E+03
2.16500000E-04,voltage,Node_1,1.99292776E+04
2.16500000E-04,voltage,Node_2,2.01157241E+04
2.16500000E-04,i1,Line_1_e1,1.34754575E+03
2.16500000E-04,i2,Line_1_e1,-1.18495628E+03
2.17000000E-04,injectedCurrent,Node_1,1.33768437E+03
2.17000000E-04,voltage,Node_1,1.97875711E+04
2.17000000E-04,voltage,Node_2,1.99726907E+04
2.17000000E-04,i1,Line_1_e1,1.33770234E+03
2.17000000E-04,i2,Line_1_e1,-1.17629926E+03
2.17500000E-04,injectedCurrent,Node_1,1.32791300E+03
2.17500000E-04,voltage,Node_1,1.96468897E+04
2.17500000E-04,voltage,Node_2,1.98306931E+04
2.17500000E-04,i1,Line_1_e1,1.32793084E+03
2.17500000E-04,i2,Line_1_e1,-1.16770549E+03
2.18000000E-04,injectedCurrent,Node_1,1.31821301E+03
2.18000000E-04,voltage,Node_1,1.95072275E+04
2.18000000E-04,voltage,Node_2,1.96897230E+04
2.18000000E-04,i1,Line_1_e1,1.31823072E+03
2.18000000E-04,i2,Line_1_e1,-1.15917449E+03
2.18500000E-04,injectedCurrent,Node_1,1.30858387E+03
2.18500000E-04,voltage,Node_1,1.93685757E+04
2.18500000E-04,voltage,Node_2,1.95497738E+04
2.18500000E-04,i1,Line_1_e1,1.30860145E+03
2.18500000E-04,i2,Line_1_e1,-1.15070581E+03
2.19000000E-04,injectedCurrent,Node_1,1.29902507E+03
2.19000000E-04,voltage,Node_1,1.92309283E+04
2.19000000E-04,voltage,Node_2,1.94108373E+04
2.19000000E-04,i1,Line_1_e1,1.29904252E+03
2.19000000E-04,i2,Line_1_e1,-1.14229899E+03
2.19500000E-04,injectedCurrent,Node_1,1.28953609E+03
2.19500000E-04,voltage,Node_1,1.90942766E+04
2.19500000E-04,voltage,Node_2,1.92729068E+04
2.19500000E-04,i1,Line_1_e1,1.28955342E+03
2.19500000E-04,i2,Line_1_e1,-1.13395359E+03
2.20000000E-04,injectedCurrent,Node_1,1.28011643E+03
2.20000000E-04,voltage,Node_1,1.89586148E+04
2.20000000E-04,voltage,Node_2,1.91359744E+04
2.20000000E-04,i1,Line_1_e1,1.28013363E+03
2.20000000E-04,i2,Line_1_e1,-1.12566915E+03
2.20500000E-04,injectedCurrent,Node_1,1.27076558E+03
2.20500000E-04,voltage,Node_1,1.88239345E+04
2.20500000E-04,voltage,Node_2,1.90000335E+04
2.20500000E-04,i1,Line_1_e1,1.27078265E+03
2.20500000E-04,i2,Line_1_e1,-1.11744523E+03
2.21000000E-04,injectedCurrent,Node_1,1.26148303E+03
2.21000000E-04,voltage,Node_1,1.86902296E+04
2.21000000E-04,voltage,Node_2,1.88650763E+04
2.21000000E-04,i1,Line_1_e1,1.26149998E+03
2.21000000E-04,i2,Line_1_e1,-1.10928138E+03
2.21500000E-04,injectedCurrent,Node_1,1.25226829E+03
2.21500000E-04,voltage,Node_1,1.85574919E+04
2.21500000E-04,voltage,Node_2,1.87310962E+04
2.21500000E-04,i1,Line_1_e1,1.25228511E+03
2.21500000E-04,i2,Line_1_e1,-1.10117718E+03
2.22000000E-04,injectedCurrent,Node_1,1.24312085E+03
2.22000000E-04,voltage,Node_1,1.84257157E+04
2.22000000E-04,voltage,Node_2,1.85980856E+04
2.22000000E-04,i1,Line_1_e1,1.24313756E+03
2.22000000E-04,i2,Line_1_e1,-1.09313217E+03
2.22500000E-04,injectedCurrent,Node_1,1.23404024E+03
2.22500000E-04,voltage,Node_1,1.82948927E+04
2.22500000E-04,voltage,Node_2,1.84660379E+04
2.22500000E-04,i1,Line_1_e1,1.23405682E+03
2.22500000E-04,i2,Line_1_e1,-1.08514593E+03
2.23000000E-04,injectedCurrent,Node_1,1.22502596E+03
2.23000000E-04,voltage,Node_1,1.81650172E+04
2.23000000E-04,voltage,Node_2,1.83349457E+04
2.23000000E-04,i1,Line_1_e1,1.22504242E+03
2.23000000E-04,i2,Line_1_e1,-1.07721803E+03
2.23500000E-04,injectedCurrent,Node_1,1.21607753E+03
2.23500000E-04,voltage,Node_1,1.80360812E+04
2.23500000E-04,voltage,Node_2,1.82048026E+04
2.23500000E-04,i1,Line_1_e1,1.21609387E+03
2.23500000E-04,i2,Line_1_e1,-1.06934805E+03
2.24000000E-04,injectedCurrent,Node_1,1.20719446E+03
2.24000000E-04,voltage,Node_1,1.79080790E+04
2.24000000E-04,voltage,Node_2,1.80756011E+04
2.24000000E-04,i1,Line_1_e1,1.20721068E+03
2.24000000E-04,i2,Line_1_e1,-1.06153555E+03
2.24500000E-04,injectedCurrent,Node_1,1.19837627E+03
2.24500000E-04,voltage,Node_1,1.77810027E+04
2.24500000E-04,voltage,Node_2,1.79473350E+04
2.24500000E-04,i1,Line_1_e1,1.19839238E+03
2.24500000E-04,i2,Line_1_e1,-1.05378013E+03
2.25000000E-04,injectedCurrent,Node_1,1.18962251E+03
2.25000000E-04,voltage,Node_1,1.76548467E+04
2.25000000E-04,voltage,Node_2,1.78199969E+04
2.25000000E-04,i1,Line_1_e1,1.18963849E+03
2.25000000E-04,i2,Line_1_e1,-1.04608135E+03
2.25500000E-04,injectedCurrent,Node_1,1.18093268E+03
2.25500000E-04,voltage,Node_1,1.75296032E+04
2.25500000E-04,voltage,Node_2,1.76935806E+04
2.25500000E-04,i1,Line_1_e1,1.18094855E+03
2.25500000E-04,i2,Line_1_e1,-1.03843882E+03
2.26000000E-04,injectedCurrent,Node_1,1.17230634E+03
2.26000000E-04,voltage,Node_1,1.74052666E+04
2.26000000E-04,voltage,Node_2,1.75680789E+04
2.26000000E-04,i1,Line_1_e1,1.17232209E+03
2.26000000E-04,i2,Line_1_e1,-1.03085212E+03
2.26500000E-04,injectedCurrent,Node_1,1.16374300E+03
2.26500000E-04,voltage,Node_1,1.72818294E+04
2.26500000E-04,voltage,Node_2,1.74434857E+04
2.26500000E-04,i1,Line_1_e1,1.16375864E+03
2.26500000E-04,i2,Line_1_e1,-1.02332084E+03
2.27000000E-04,injectedCurrent,Node_1,1.15524222E+03
2.27000000E-04,voltage,Node_1,1.71592860E+04
2.27000000E-04,voltage,Node_2,1.73197939E+04
2.27000000E-04,i1,Line_1_e1,1.15525774E+03
2.27000000E-04,i2,Line_1_e1,-1.01584457E+03
2.27500000E-04,injectedCurrent,Node_1,1.14680353E+03
2.27500000E-04,voltage,Node_1,1.70376289E+04
2.27500000E-04,voltage,Node_2,1.71969975E+04
2.27500000E-04,i1,Line_1_e1,1.14681894E+03
2.27500000E-04,i2,Line_1_e1,-1.00842292E+03
2.28000000E-04,injectedCurrent,Node_1,1.13842649E+03
2.28000000E-04,voltage,Node_1,1.69168528E+04
2.28000000E-04,voltage,Node_2,1.70750893E+04
2.28000000E-04,i1,Line_1_e1,1.13844179E+03
2.28000000E-04,i2,Line_1_e1,-1.00105548E+03
2.28500000E-04,injectedCurrent,Node_1,1.13011064E+03
2.28500000E-04,voltage,Node_1,1.67969502E+04
2.28500000E-04,voltage,Node_2,1.69540636E+04
2.28500000E-04,i1,Line_1_e1,1.13012582E+03
2.28500000E-04,i2,Line_1_e1,-9.93741867E+02
2.29000000E-04,injectedCurrent,Node_1,1.12185553E+03
2.29000000E-04,voltage,Node_1,1.66779157E+04
2.29000000E-04,voltage,Node_2,1.68339134E+04
2.29000000E-04,i1,Line_1_e1,1.12187060E+03
2.29000000E-04,i2,Line_1_e1,-9.86481674E+02
2.29500000E-04,injectedCurrent,Node_1,1.11366072E+03
2.29500000E-04,voltage,Node_1,1.65597422E+04
2.29500000E-04,voltage,Node_2,1.67146329E+04
2.29500000E-04,i1,Line_1_e1,1.11367569E+03
2.29500000E-04,i2,Line_1_e1,-9.79274521E+02
2.30000000E-04,injectedCurrent,Node_1,1.10552577E+03
2.30000000E-04,voltage,Node_1,1.64424242E+04
2.30000000E-04,voltage,Node_2,1.65962152E+04
2.30000000E-04,i1,Line_1_e1,1.10554063E+03
2.30000000E-04,i2,Line_1_e1,-9.72120012E+02
2.30500000E-04,injectedCurrent,Node_1,1.09745025E+03
2.30500000E-04,voltage,Node_1,1.63259548E+04
2.30500000E-04,voltage,Node_2,1.64786546E+04
2.30500000E-04,i1,Line_1_e1,1.09746500E+03
2.30500000E-04,i2,Line_1_e1,-9.65017772E+02
2.31000000E-04,injectedCurrent,Node_1,1.08943372E+03
2.31000000E-04,voltage,Node_1,1.62103285E+04
2.31000000E-04,voltage,Node_2,1.63619443E+04
2.31000000E-04,i1,Line_1_e1,1.08944836E+03
2.31000000E-04,i2,Line_1_e1,-9.57967409E+02
2.31500000E-04,injectedCurrent,Node_1,1.08147574E+03
2.31500000E-04,voltage,Node_1,1.60955384E+04
2.31500000E-04,voltage,Node_2,1.62460787E+04
2.31500000E-04,i1,Line_1_e1,1.08149027E+03
2.31500000E-04,i2,Line_1_e1,-9.50968553E+02
2.32000000E-04,injectedCurrent,Node_1,1.07357590E+03
2.32000000E-04,voltage,Node_1,1.59815794E+04
2.32000000E-04,voltage,Node_2,1.61310513E+04
2.32000000E-04,i1,Line_1_e1,1.07359032E+03
2.32000000E-04,i2,Line_1_e1,-9.44020820E+02
2.32500000E-04,injectedCurrent,Node_1,1.06573376E+03
2.32500000E-04,voltage,Node_1,1.58684445E+04
2.32500000E-04,voltage,Node_2,1.60168562E+04
2.32500000E-04,i1,Line_1_e1,1.06574808E+03
2.32500000E-04,i2,Line_1_e1,-9.37123845E+02
2.33000000E-04,injectedCurrent,Node_1,1.05794890E+03
2.33000000E-04,voltage,Node_1,1.57561285E+04
2.33000000E-04,voltage,Node_2,1.59034872E+04
2.33000000E-04,i1,Line_1_e1,1.05796312E+03
2.33000000E-04,i2,Line_1_e1,-9.30277248E+02
2.33500000E-04,injectedCurrent,Node_1,1.05022091E+03
2.33500000E-04,voltage,Node_1,1.56446248E+04
2.33500000E-04,voltage,Node_2,1.57909385E+04
2.33500000E-04,i1,Line_1_e1,1.05023503E+03
2.33500000E-04,i2,Line_1_e1,-9.23480669E+02
2.34000000E-04,injectedCurrent,Node_1,1.04254938E+03
2.34000000E-04,voltage,Node_1,1.55339282E+04
2.34000000E-04,voltage,Node_2,1.56792039E+04
2.34000000E-04,i1,Line_1_e1,1.04256338E+03
2.34000000E-04,i2,Line_1_e1,-9.16733736E+02
2.34500000E-04,injectedCurrent,Node_1,1.03493388E+03
2.34500000E-04,voltage,Node_1,1.54240322E+04
2.34500000E-04,voltage,Node_2,1.55682778E+04
2.34500000E-04,i1,Line_1_e1,1.03494778E+03
2.34500000E-04,i2,Line_1_e1,-9.10036094E+02
2.35000000E-04,injectedCurrent,Node_1,1.02737400E+03
2.35000000E-04,voltage,Node_1,1.53149315E+04
2.35000000E-04,voltage,Node_2,1.54581540E+04
2.35000000E-04,i1,Line_1_e1,1.02738781E+03
2.35000000E-04,i2,Line_1_e1,-9.03387373E+02
2.35500000E-04,injectedCurrent,Node_1,1.01986936E+03
2.35500000E-04,voltage,Node_1,1.52066198E+04
2.35500000E-04,voltage,Node_2,1.53488271E+04
2.35500000E-04,i1,Line_1_e1,1.01988306E+03
2.35500000E-04,i2,Line_1_e1,-8.96787226E+02
2.36000000E-04,injectedCurrent,Node_1,1.01241953E+03
2.36000000E-04,voltage,Node_1,1.50990920E+04
2.36000000E-04,voltage,Node_2,1.52402908E+04
2.36000000E-04,i1,Line_1_e1,1.01243313E+03
2.36000000E-04,i2,Line_1_e1,-8.90235290E+02
2.36500000E-04,injectedCurrent,Node_1,1.00502411E+03
2.36500000E-04,voltage,Node_1,1.49923417E+04
2.36500000E-04,voltage,Node_2,1.51325398E+04
2.36500000E-04,i1,Line_1_e1,1.00503762E+03
2.36500000E-04,i2,Line_1_e1,-8.83731219E+02
2.37000000E-04,injectedCurrent,Node_1,9.97682725E+02
2.37000000E-04,voltage,Node_1,1.48863641E+04
2.37000000E-04,voltage,Node_2,1.50255681E+04
2.37000000E-04,i1,Line_1_e1,9.97696132E+02
2.37000000E-04,i2,Line_1_e1,-8.77274657E+02
2.37500000E-04,injectedCurrent,Node_1,9.90394962E+02
2.37500000E-04,voltage,Node_1,1.47811527E+04
2.37500000E-04,voltage,Node_2,1.49193704E+04
2.37500000E-04,i1,Line_1_e1,9.90408270E+02
2.37500000E-04,i2,Line_1_e1,-8.70865264E+02
2.38000000E-04,injectedCurrent,Node_1,9.83160433E+02
2.38000000E-04,voltage,Node_1,1.46767027E+04
2.38000000E-04,voltage,Node_2,1.48139406E+04
2.38000000E-04,i1,Line_1_e1,9.83173645E+02
2.38000000E-04,i2,Line_1_e1,-8.64502688E+02
2.38500000E-04,injectedCurrent,Node_1,9.75978751E+02
2.38500000E-04,voltage,Node_1,1.45730080E+04
2.38500000E-04,voltage,Node_2,1.47092736E+04
2.38500000E-04,i1,Line_1_e1,9.75991866E+02
2.38500000E-04,i2,Line_1_e1,-8.58186595E+02
2.39000000E-04,injectedCurrent,Node_1,9.68849529E+02
2.39000000E-04,voltage,Node_1,1.44700636E+04
2.39000000E-04,voltage,Node_2,1.46053635E+04
2.39000000E-04,i1,Line_1_e1,9.68862548E+02
2.39000000E-04,i2,Line_1_e1,-8.51916638E+02
2.39500000E-04,injectedCurrent,Node_1,9.61772383E+02
2.39500000E-04,voltage,Node_1,1.43678636E+04
2.39500000E-04,voltage,Node_2,1.45022051E+04
2.39500000E-04,i1,Line_1_e1,9.61785307E+02
2.39500000E-04,i2,Line_1_e1,-8.45692486E+02
2.40000000E-04,injectedCurrent,Node_1,9.54746934E+02
2.40000000E-04,voltage,Node_1,1.42664030E+04
2.40000000E-04,voltage,Node_2,1.43997927E+04
2.40000000E-04,i1,Line_1_e1,9.54759764E+02
2.40000000E-04,i2,Line_1_e1,-8.39513798E+02
2.40500000E-04,injectedCurrent,Node_1,9.47772804E+02
2.40500000E-04,voltage,Node_1,1.41656761E+04
2.40500000E-04,voltage,Node_2,1.42981211E+04
2.40500000E-04,i1,Line_1_e1,9.47785540E+02
2.40500000E-04,i2,Line_1_e1,-8.33380250E+02
2.41000000E-04,injectedCurrent,Node_1,9.40849617E+02
2.41000000E-04,voltage,Node_1,1.40656779E+04
2.41000000E-04,voltage,Node_2,1.41971847E+04
2.41000000E-04,i1,Line_1_e1,9.40862260E+02
2.41000000E-04,i2,Line_1_e1,-8.27291504E+02
2.41500000E-04,injectedCurrent,Node_1,9.33977002E+02
2.41500000E-04,voltage,Node_1,1.39664028E+04
2.41500000E-04,voltage,Node_2,1.40969784E+04
2.41500000E-04,i1,Line_1_e1,9.33989553E+02
2.41500000E-04,i2,Line_1_e1,-8.21247239E+02
2.42000000E-04,injectedCurrent,Node_1,9.27154589E+02
2.42000000E-04,voltage,Node_1,1.38678458E+04
2.42000000E-04,voltage,Node_2,1.39974967E+04
2.42000000E-04,i1,Line_1_e1,9.27167048E+02
2.42000000E-04,i2,Line_1_e1,-8.15247126E+02
2.42500000E-04,injectedCurrent,Node_1,9.20382013E+02
2.42500000E-04,voltage,Node_1,1.37700015E+04
2.42500000E-04,voltage,Node_2,1.38987346E+04
2.42500000E-04,i1,Line_1_e1,9.20394380E+02
2.42500000E-04,i2,Line_1_e1,-8.09290846E+02
2.43000000E-04,injectedCurrent,Node_1,9.13658907E+02
2.43000000E-04,voltage,Node_1,1.36728649E+04
2.43000000E-04,voltage,Node_2,1.38006865E+04
2.43000000E-04,i1,Line_1_e1,9.13671185E+02
2.43000000E-04,i2,Line_1_e1,-8.03378075E+02
2.43500000E-04,injectedCurrent,Node_1,9.06984912E+02
2.43500000E-04,voltage,Node_1,1.35764307E+04
2.43500000E-04,voltage,Node_2,1.37033476E+04
2.43500000E-04,i1,Line_1_e1,9.06997100E+02
2.43500000E-04,i2,Line_1_e1,-7.97508499E+02
2.44000000E-04,injectedCurrent,Node_1,9.00359668E+02
2.44000000E-04,voltage,Node_1,1.34806940E+04
2.44000000E-04,voltage,Node_2,1.36067124E+04
2.44000000E-04,i1,Line_1_e1,9.00371767E+02
2.44000000E-04,i2,Line_1_e1,-7.91681798E+02
2.44500000E-04,injectedCurrent,Node_1,8.93782820E+02
2.44500000E-04,voltage,Node_1,1.33856494E+04
2.44500000E-04,voltage,Node_2,1.35107761E+04
2.44500000E-04,i1,Line_1_e1,8.93794830E+02
2.44500000E-04,i2,Line_1_e1,-7.85897663E+02
2.45000000E-04,injectedCurrent,Node_1,8.87254013E+02
2.45000000E-04,voltage,Node_1,1.32912924E+04
2.45000000E-04,voltage,Node_2,1.34155335E+04
2.45000000E-04,i1,Line_1_e1,8.87265936E+02
2.45000000E-04,i2,Line_1_e1,-7.80155781E+02
2.45500000E-04,injectedCurrent,Node_1,8.80772898E+02
2.45500000E-04,voltage,Node_1,1.31976174E+04
2.45500000E-04,voltage,Node_2,1.33209796E+04
2.45500000E-04,i1,Line_1_e1,8.80784733E+02
2.45500000E-04,i2,Line_1_e1,-7.74455844E+02
2.46000000E-04,injectedCurrent,Node_1,8.74339125E+02
2.46000000E-04,voltage,Node_1,1.31046200E+04
2.46000000E-04,voltage,Node_2,1.32271093E+04
2.46000000E-04,i1,Line_1_e1,8.74350874E+02
2.46000000E-04,i2,Line_1_e1,-7.68797545E+02
2.46500000E-04,injectedCurrent,Node_1,8.67952348E+02
2.46500000E-04,voltage,Node_1,1.30122949E+04
2.46500000E-04,voltage,Node_2,1.31339178E+04
2.46500000E-04,i1,Line_1_e1,8.67964012E+02
2.46500000E-04,i2,Line_1_e1,-7.63180581E+02
2.47000000E-04,injectedCurrent,Node_1,8.61612225E+02
2.47000000E-04,voltage,Node_1,1.29206375E+04
2.47000000E-04,voltage,Node_2,1.30413999E+04
2.47000000E-04,i1,Line_1_e1,8.61623803E+02
2.47000000E-04,i2,Line_1_e1,-7.57604647E+02
2.47500000E-04,injectedCurrent,Node_1,8.55318415E+02
2.47500000E-04,voltage,Node_1,1.28296426E+04
2.47500000E-04,voltage,Node_2,1.29495511E+04
2.47500000E-04,i1,Line_1_e1,8.55329909E+02
2.47500000E-04,i2,Line_1_e1,-7.52069448E+02
2.48000000E-04,injectedCurrent,Node_1,8.49070579E+02
2.48000000E-04,voltage,Node_1,1.27393059E+04
2.48000000E-04,voltage,Node_2,1.28583663E+04
2.48000000E-04,i1,Line_1_e1,8.49081989E+02
2.48000000E-04,i2,Line_1_e1,-7.46574682E+02
2.48500000E-04,injectedCurrent,Node_1,8.42868382E+02
2.48500000E-04,voltage,Node_1,1.26496221E+04
2.48500000E-04,voltage,Node_2,1.27678407E+04
2.48500000E-04,i1,Line_1_e1,8.42879708E+02
2.48500000E-04,i2,Line_1_e1,-7.41120058E+02
2.49000000E-04,injectedCurrent,Node_1,8.36711489E+02
2.49000000E-04,voltage,Node_1,1.25605868E+04
2.49000000E-04,voltage,Node_2,1.26779696E+04
2.49000000E-04,i1,Line_1_e1,8.36722733E+02
2.49000000E-04,i2,Line_1_e1,-7.35705278E+02
2.49500000E-04,injectedCurrent,Node_1,8.30599571E+02
2.49500000E-04,voltage,Node_1,1.24721952E+04
2.49500000E-04,voltage,Node_2,1.25887482E+04
2.49500000E-04,i1,Line_1_e1,8.30610733E+02
2.49500000E-04,i2,Line_1_e1,-7.30330055E+02
2.50000000E-04,injectedCurrent,Node_1,8.24532299E+02
2.50000000E-04,voltage,Node_1,1.23844426E+04
2.50000000E-04,voltage,Node_2,1.25001717E+04
2.50000000E-04,i1,Line_1_e1,8.24543379E+02
2.50000000E-04,i2,Line_1_e1,-7.24994097E+02
2.50500000E-04,injectedCurrent,Node_1,8.18509346E+02
2.50500000E-04,voltage,Node_1,1.22973244E+04
2.50500000E-04,voltage,Node_2,1.24122356E+04
2.50500000E-04,i1,Line_1_e1,8.18520345E+02
2.50500000E-04,i2,Line_1_e1,-7.19697119E+02
2.51000000E-04,injectedCurrent,Node_1,8.12530389E+02
2.51000000E-04,voltage,Node_1,1.22108360E+04
2.51000000E-04,voltage,Node_2,1.23249351E+04
2.51000000E-04,i1,Line_1_e1,8.12541307E+02
2.51000000E-04,i2,Line_1_e1,-7.14438835E+02
2.51500000E-04,injectedCurrent,Node_1,8.06595106E+02
2.51500000E-04,voltage,Node_1,1.21249727E+04
2.51500000E-04,voltage,Node_2,1.22382657E+04
2.51500000E-04,i1,Line_1_e1,8.06605945E+02
2.51500000E-04,i2,Line_1_e1,-7.09218965E+02
2.52000000E-04,injectedCurrent,Node_1,8.00703179E+02
2.52000000E-04,voltage,Node_1,1.20397302E+04
2.52000000E-04,voltage,Node_2,1.21522227E+04
2.52000000E-04,i1,Line_1_e1,8.00713938E+02
2.52000000E-04,i2,Line_1_e1,-7.04037225E+02
2.52500000E-04,injectedCurrent,Node_1,7.94854290E+02
2.52500000E-04,voltage,Node_1,1.19551039E+04
2.52500000E-04,voltage,Node_2,1.20668016E+04
2.52500000E-04,i1,Line_1_e1,7.94864971E+02
2.52500000E-04,i2,Line_1_e1,-6.98893338E+02
2.53000000E-04,injectedCurrent,Node_1,7.89048126E+02
2.53000000E-04,voltage,Node_1,1.18710892E+04
2.53000000E-04,voltage,Node_2,1.19819980E+04
2.53000000E-04,i1,Line_1_e1,7.89058729E+02
2.53000000E-04,i2,Line_1_e1,-6.93787028E+02
2.53500000E-04,injectedCurrent,Node_1,7.83284374E+02
2.53500000E-04,voltage,Node_1,1.17876818E+04
2.53500000E-04,voltage,Node_2,1.18978073E+04
2.53500000E-04,i1,Line_1_e1,7.83294899E+02
2.53500000E-04,i2,Line_1_e1,-6.88718020E+02
2.54000000E-04,injectedCurrent,Node_1,7.77562724E+02
2.54000000E-04,voltage,Node_1,1.17048773E+04
2.54000000E-04,voltage,Node_2,1.18142251E+04
2.54000000E-04,i1,Line_1_e1,7.77573173E+02
2.54000000E-04,i2,Line_1_e1,-6.83686040E+02
2.54500000E-04,injectedCurrent,Node_1,7.71882869E+02
2.54500000E-04,voltage,Node_1,1.16226712E+04
2.54500000E-04,voltage,Node_2,1.17312469E+04
2.54500000E-04,i1,Line_1_e1,7.71893242E+02
2.54500000E-04,i2,Line_1_e1,-6.78690821E+02
2.55000000E-04,injectedCurrent,Node_1,7.66244504E+02
2.55000000E-04,voltage,Node_1,1.15410593E+04
2.55000000E-04,voltage,Node_2,1.16488684E+04
2.55000000E-04,i1,Line_1_e1,7.66254801E+02
2.55000000E-04,i2,Line_1_e1,-6.73732091E+02
2.55500000E-04,injectedCurrent,Node_1,7.60647326E+02
2.55500000E-04,voltage,Node_1,1.14600372E+04
2.55500000E-04,voltage,Node_2,1.15670853E+04
2.55500000E-04,i1,Line_1_e1,7.60657547E+02
2.55500000E-04,i2,Line_1_e1,-6.68809586E+02
2.56000000E-04,injectedCurrent,Node_1,7.55091033E+02
2.56000000E-04,voltage,Node_1,1.13796007E+04
2.56000000E-04,voltage,Node_2,1.14858932E+04
2.56000000E-04,i1,Line_1_e1,7.55101179E+02
2.56000000E-04,i2,Line_1_e1,-6.63923039E+02
2.56500000E-04,injectedCurrent,Node_1,7.49575327E+02
2.56500000E-04,voltage,Node_1,1.12997454E+04
2.56500000E-04,voltage,Node_2,1.14052878E+04
2.56500000E-04,i1,Line_1_e1,7.49585399E+02
2.56500000E-04,i2,Line_1_e1,-6.59072189E+02
2.57000000E-04,injectedCurrent,Node_1,7.44099911E+02
2.57000000E-04,voltage,Node_1,1.12204673E+04
2.57000000E-04,voltage,Node_2,1.13252649E+04
2.57000000E-04,i1,Line_1_e1,7.44109910E+02
2.57000000E-04,i2,Line_1_e1,-6.54256775E+02
2.57500000E-04,injectedCurrent,Node_1,7.38664492E+02
2.57500000E-04,voltage,Node_1,1.11417620E+04
2.57500000E-04,voltage,Node_2,1.12458202E+04
2.57500000E-04,i1,Line_1_e1,7.38674418E+02
2.57500000E-04,i2,Line_1_e1,-6.49476538E+02
2.58000000E-04,injectedCurrent,Node_1,7.33268777E+02
2.58000000E-04,voltage,Node_1,1.10636255E+04
2.58000000E-04,voltage,Node_2,1.11669496E+04
2.58000000E-04,i1,Line_1_e1,7.33278630E+02
2.58000000E-04,i2,Line_1_e1,-6.44731221E+02
2.58500000E-04,injectedCurrent,Node_1,7.27912475E+02
2.58500000E-04,voltage,Node_1,1.09860536E+04
2.58500000E-04,voltage,Node_2,1.10886488E+04
2.58500000E-04,i1,Line_1_e1,7.27922257E+02
2.58500000E-04,i2,Line_1_e1,-6.40020569E+02
2.59000000E-04,injectedCurrent,Node_1,7.22595300E+02
2.59000000E-04,voltage,Node_1,1.09090422E+04
2.59000000E-04,voltage,Node_2,1.10109138E+04
2.59000000E-04,i1,Line_1_e1,7.22605010E+02
2.59000000E-04,i2,Line_1_e1,-6.35344329E+02
2.59500000E-04,injectedCurrent,Node_1,7.17316966E+02
2.59500000E-04,voltage,Node_1,1.08325873E+04
2.59500000E-04,voltage,Node_2,1.09337404E+04
2.59500000E-04,i1,Line_1_e1,7.17326605E+02
2.59500000E-04,i2,Line_1_e1,-6.30702249E+02
2.60000000E-04,injectedCurrent,Node_1,7.12077187E+02
2.60000000E-04,voltage,Node_1,1.07566847E+04
2.60000000E-04,voltage,Node_2,1.08571247E+04
2.60000000E-04,i1,Line_1_e1,7.12086756E+02
2.60000000E-04,i2,Line_1_e1,-6.26094080E+02
2.60500000E-04,injectedCurrent,Node_1,7.06875684E+02
2.60500000E-04,voltage,Node_1,1.06813306E+04
2.60500000E-04,voltage,Node_2,1.07810624E+04
2.60500000E-04,i1,Line_1_e1,7.06885183E+02
2.60500000E-04,i2,Line_1_e1,-6.21519573E+02
2.61000000E-04,injectedCurrent,Node_1,7.01712176E+02
2.61000000E-04,voltage,Node_1,1.06065209E+04
2.61000000E-04,voltage,Node_2,1.07055496E+04
2.61000000E-04,i1,Line_1_e1,7.01721606E+02
2.61000000E-04,i2,Line_1_e1,-6.16978484E+02
2.61500000E-04,injectedCurrent,Node_1,6.96586386E+02
2.61500000E-04,voltage,Node_1,1.05322517E+04
2.61500000E-04,voltage,Node_2,1.06305824E+04
2.61500000E-04,i1,Line_1_e1,6.96595747E+02
2.61500000E-04,i2,Line_1_e1,-6.12470568E+02
2.62000000E-04,injectedCurrent,Node_1,6.91498039E+02
2.62000000E-04,voltage,Node_1,1.04585190E+04
2.62000000E-04,voltage,Node_2,1.05561567E+04
2.62000000E-04,i1,Line_1_e1,6.91507331E+02
2.62000000E-04,i2,Line_1_e1,-6.07995583E+02
2.62500000E-04,injectedCurrent,Node_1,6.86446860E+02
2.62500000E-04,voltage,Node_1,1.03853190E+04
2.62500000E-04,voltage,Node_2,1.04822687E+04
2.62500000E-04,i1,Line_1_e1,6.86456084E+02
2.62500000E-04,i2,Line_1_e1,-6.03553287E+02
2.63000000E-04,injectedCurrent,Node_1,6.81432578E+02
2.63000000E-04,voltage,Node_1,1.03126477E+04
2.63000000E-04,voltage,Node_2,1.04089144E+04
2.63000000E-04,i1,Line_1_e1,6.81441735E+02
2.63000000E-04,i2,Line_1_e1,-5.99143444E+02
2.63500000E-04,injectedCurrent,Node_1,6.76454924E+02
2.63500000E-04,voltage,Node_1,1.02405015E+04
2.63500000E-04,voltage,Node_2,1.03360899E+04
2.63500000E-04,i1,Line_1_e1,6.76464014E+02
2.63500000E-04,i2,Line_1_e1,-5.94765814E+02
2.64000000E-04,injectedCurrent,Node_1,6.71513631E+02
2.64000000E-04,voltage,Node_1,1.01688763E+04
2.64000000E-04,voltage,Node_2,1.02637915E+04
2.64000000E-04,i1,Line_1_e1,6.71522654E+02
2.64000000E-04,i2,Line_1_e1,-5.90420164E+02
2.64500000E-04,injectedCurrent,Node_1,6.66608432E+02
2.64500000E-04,voltage,Node_1,1.00977686E+04
2.64500000E-04,voltage,Node_2,1.01920153E+04
2.64500000E-04,i1,Line_1_e1,6.66617390E+02
2.64500000E-04,i2,Line_1_e1,-5.86106258E+02
2.65000000E-04,injectedCurrent,Node_1,6.61739064E+02
2.65000000E-04,voltage,Node_1,1.00271744E+04
2.65000000E-04,voltage,Node_2,1.01207575E+04
2.65000000E-04,i1,Line_1_e1,6.61747956E+02
2.65000000E-04,i2,Line_1_e1,-5.81823868E+02
2.65500000E-04,injectedCurrent,Node_1,6.56905265E+02
2.65500000E-04,voltage,Node_1,9.95709025E+03
2.65500000E-04,voltage,Node_2,1.00500143E+04
2.65500000E-04,i1,Line_1_e1,6.56914092E+02
2.65500000E-04,i2,Line_1_e1,-5.77572758E+02
2.66000000E-04,injectedCurrent,Node_1,6.52106776E+02
2.66000000E-04,voltage,Node_1,9.88751211E+03
2.66000000E-04,voltage,Node_2,9.97978208E+03
2.66000000E-04,i1,Line_1_e1,6.52115539E+02
2.66000000E-04,i2,Line_1_e1,-5.73352706E+02
2.66500000E-04,injectedCurrent,Node_1,6.47343338E+02
2.66500000E-04,voltage,Node_1,9.81843665E+03
2.66500000E-04,voltage,Node_2,9.91005700E+03
2.66500000E-04,i1,Line_1_e1,6.47352037E+02
2.66500000E-04,i2,Line_1_e1,-5.69163479E+02
2.67000000E-04,injectedCurrent,Node_1,6.42614695E+02
2.67000000E-04,voltage,Node_1,9.74985989E+03
2.67000000E-04,voltage,Node_2,9.84083554E+03
2.67000000E-04,i1,Line_1_e1,6.42623331E+02
2.67000000E-04,i2,Line_1_e1,-5.65004857E+02
2.67500000E-04,injectedCurrent,Node_1,6.37920594E+02
2.67500000E-04,voltage,Node_1,9.68177855E+03
2.67500000E-04,voltage,Node_2,9.77211387E+03
2.67500000E-04,i1,Line_1_e1,6.37929166E+02
2.67500000E-04,i2,Line_1_e1,-5.60876612E+02
2.68000000E-04,injectedCurrent,Node_1,6.33260782E+02
2.68000000E-04,voltage,Node_1,9.61418869E+03
2.68000000E-04,voltage,Node_2,9.70388855E+03
2.68000000E-04,i1,Line_1_e1,6.33269291E+02
2.68000000E-04,i2,Line_1_e1,-5.56778527E+02
2.68500000E-04,injectedCurrent,Node_1,6.28635008E+02
2.68500000E-04,voltage,Node_1,9.54708711E+03
2.68500000E-04,voltage,Node_2,9.63615577E+03
2.68500000E-04,i1,Line_1_e1,6.28643455E+02
2.68500000E-04,i2,Line_1_e1,-5.52710376E+02
2.69000000E-04,injectedCurrent,Node_1,6.24043024E+02
2.69000000E-04,voltage,Node_1,9.48046989E+03
2.69000000E-04,voltage,Node_2,9.56891218E+03
2.69000000E-04,i1,Line_1_e1,6.24051410E+02
2.69000000E-04,i2,Line_1_e1,-5.48671946E+02
2.69500000E-04,injectedCurrent,Node_1,6.19484583E+02
2.69500000E-04,voltage,Node_1,9.41433390E+03
2.69500000E-04,voltage,Node_2,9.50215401E+03
2.69500000E-04,i1,Line_1_e1,6.19492908E+02
2.69500000E-04,i2,Line_1_e1,-5.44663015E+02
2.70000000E-04,injectedCurrent,Node_1,6.14959440E+02
2.70000000E-04,voltage,Node_1,9.34867524E+03
2.70000000E-04,voltage,Node_2,9.43587796E+03
2.70000000E-04,i1,Line_1_e1,6.14967704E+02
2.70000000E-04,i2,Line_1_e1,-5.40683371E+02
2.70500000E-04,injectedCurrent,Node_1,6.10467352E+02
2.70500000E-04,voltage,Node_1,9.28349089E+03
2.70500000E-04,voltage,Node_2,9.37008030E+03
2.70500000E-04,i1,Line_1_e1,6.10475555E+02
2.70500000E-04,i2,Line_1_e1,-5.36732797E+02
2.71000000E-04,injectedCurrent,Node_1,6.06008077E+02
2.71000000E-04,voltage,Node_1,9.21877694E+03
2.71000000E-04,voltage,Node_2,9.30475781E+03
2.71000000E-04,i1,Line_1_e1,6.06016221E+02
2.71000000E-04,i2,Line_1_e1,-5.32811085E+02
2.71500000E-04,injectedCurrent,Node_1,6.01581376E+02
2.71500000E-04,voltage,Node_1,9.15453046E+03
2.71500000E-04,voltage,Node_2,9.23990678E+03
2.71500000E-04,i1,Line_1_e1,6.01589460E+02
2.71500000E-04,i2,Line_1_e1,-5.28918019E+02
2.72000000E-04,injectedCurrent,Node_1,5.97187011E+02
2.72000000E-04,voltage,Node_1,9.09074757E+03
2.72000000E-04,voltage,Node_2,9.17552405E+03
2.72000000E-04,i1,Line_1_e1,5.97195035E+02
2.72000000E-04,i2,Line_1_e1,-5.25053395E+02
2.72500000E-04,injectedCurrent,Node_1,5.92824745E+02
2.72500000E-04,voltage,Node_1,9.02742541E+03
2.72500000E-04,voltage,Node_2,9.11160597E+03
2.72500000E-04,i1,Line_1_e1,5.92832711E+02
2.72500000E-04,i2,Line_1_e1,-5.21216999E+02
2.73000000E-04,injectedCurrent,Node_1,5.88494343E+02
2.73000000E-04,voltage,Node_1,8.96456011E+03
2.73000000E-04,voltage,Node_2,9.04814942E+03
2.73000000E-04,i1,Line_1_e1,5.88502252E+02
2.73000000E-04,i2,Line_1_e1,-5.17408632E+02
2.73500000E-04,injectedCurrent,Node_1,5.84195575E+02
2.73500000E-04,voltage,Node_1,8.90214890E+03
2.73500000E-04,voltage,Node_2,8.98515079E+03
2.73500000E-04,i1,Line_1_e1,5.84203425E+02
2.73500000E-04,i2,Line_1_e1,-5.13628082E+02
2.74000000E-04,injectedCurrent,Node_1,5.79928207E+02
2.74000000E-04,voltage,Node_1,8.84018793E+03
2.74000000E-04,voltage,Node_2,8.92260705E+03
2.74000000E-04,i1,Line_1_e1,5.79936000E+02
2.74000000E-04,i2,Line_1_e1,-5.09875153E+02
2.74500000E-04,injectedCurrent,Node_1,5.75692011E+02
2.74500000E-04,voltage,Node_1,8.77867451E+03
2.74500000E-04,voltage,Node_2,8.86051458E+03
2.74500000E-04,i1,Line_1_e1,5.75699747E+02
2.74500000E-04,i2,Line_1_e1,-5.06149636E+02
2.75000000E-04,injectedCurrent,Node_1,5.71486759E+02
2.75000000E-04,voltage,Node_1,8.71760480E+03
2.75000000E-04,voltage,Node_2,8.79887044E+03
2.75000000E-04,i1,Line_1_e1,5.71494439E+02
2.75000000E-04,i2,Line_1_e1,-5.02451338E+02
2.75500000E-04,injectedCurrent,Node_1,5.67312226E+02
2.75500000E-04,voltage,Node_1,8.65697617E+03
2.75500000E-04,voltage,Node_2,8.73767104E+03
2.75500000E-04,i1,Line_1_e1,5.67319849E+02
2.75500000E-04,i2,Line_1_e1,-4.98780053E+02
2.76000000E-04,injectedCurrent,Node_1,5.63168186E+02
2.76000000E-04,voltage,Node_1,8.59678483E+03
2.76000000E-04,voltage,Node_2,8.67691349E+03
2.76000000E-04,i1,Line_1_e1,5.63175753E+02
2.76000000E-04,i2,Line_1_e1,-4.95135591E+02
2.76500000E-04,injectedCurrent,Node_1,5.59054417E+02
2.76500000E-04,voltage,Node_1,8.53702823E+03
2.76500000E-04,voltage,Node_2,8.61659425E+03
2.76500000E-04,i1,Line_1_e1,5.59061929E+02
2.76500000E-04,i2,Line_1_e1,-4.91517748E+02
2.77000000E-04,injectedCurrent,Node_1,5.54970697E+02
2.77000000E-04,voltage,Node_1,8.47770256E+03
2.77000000E-04,voltage,Node_2,8.55671048E+03
2.77000000E-04,i1,Line_1_e1,5.54978155E+02
2.77000000E-04,i2,Line_1_e1,-4.87926338E+02
2.77500000E-04,injectedCurrent,Node_1,5.50916808E+02
2.77500000E-04,voltage,Node_1,8.41880536E+03
2.77500000E-04,voltage,Node_2,8.49725867E+03
2.77500000E-04,i1,Line_1_e1,5.50924212E+02
2.77500000E-04,i2,Line_1_e1,-4.84361160E+02
2.78000000E-04,injectedCurrent,Node_1,5.46892532E+02
2.78000000E-04,voltage,Node_1,8.36033285E+03
2.78000000E-04,voltage,Node_2,8.43823606E+03
2.78000000E-04,i1,Line_1_e1,5.46899881E+02
2.78000000E-04,i2,Line_1_e1,-4.80822029E+02
2.78500000E-04,injectedCurrent,Node_1,5.42897651E+02
2.78500000E-04,voltage,Node_1,8.30228265E+03
2.78500000E-04,voltage,Node_2,8.37963914E+03
2.78500000E-04,i1,Line_1_e1,5.42904947E+02
2.78500000E-04,i2,Line_1_e1,-4.77308749E+02
2.79000000E-04,injectedCurrent,Node_1,5.38931952E+02
2.79000000E-04,voltage,Node_1,8.24465096E+03
2.79000000E-04,voltage,Node_2,8.32146523E+03
2.79000000E-04,i1,Line_1_e1,5.38939194E+02
2.79000000E-04,i2,Line_1_e1,-4.73821138E+02
2.79500000E-04,injectedCurrent,Node_1,5.34995221E+02
2.79500000E-04,voltage,Node_1,8.18743550E+03
2.79500000E-04,voltage,Node_2,8.26371085E+03
2.79500000E-04,i1,Line_1_e1,5.35002411E+02
2.79500000E-04,i2,Line_1_e1,-4.70359000E+02
2.80000000E-04,injectedCurrent,Node_1,5.31087247E+02
2.80000000E-04,voltage,Node_1,8.13063248E+03
2.80000000E-04,voltage,Node_2,8.20637337E+03
2.80000000E-04,i1,Line_1_e1,5.31094384E+02
2.80000000E-04,i2,Line_1_e1,-4.66922157E+02
2.80500000E-04,injectedCurrent,Node_1,5.27207819E+02
2.80500000E-04,voltage,Node_1,8.07423970E+03
2.80500000E-04,voltage,Node_2,8.14944936E+03
2.80500000E-04,i1,Line_1_e1,5.27214904E+02
2.80500000E-04,i2,Line_1_e1,-4.63510417E+02
2.81000000E-04,injectedCurrent,Node_1,5.23356730E+02
2.81000000E-04,voltage,Node_1,8.01825338E+03
2.81000000E-04,voltage,Node_2,8.09293622E+03
2.81000000E-04,i1,Line_1_e1,5.23363762E+02
2.81000000E-04,i2,Line_1_e1,-4.60123604E+02
2.81500000E-04,injectedCurrent,Node_1,5.19533771E+02
2.81500000E-04,voltage,Node_1,7.96267138E+03
2.81500000E-04,voltage,Node_2,8.03683056E+03
2.81500000E-04,i1,Line_1_e1,5.19540752E+02
2.81500000E-04,i2,Line_1_e1,-4.56761529E+02
2.82000000E-04,injectedCurrent,Node_1,5.15738738E+02
2.82000000E-04,voltage,Node_1,7.90748994E+03
2.82000000E-04,voltage,Node_2,7.98112986E+03
2.82000000E-04,i1,Line_1_e1,5.15745668E+02
2.82000000E-04,i2,Line_1_e1,-4.53424018E+02
2.82500000E-04,injectedCurrent,Node_1,5.11971426E+02
2.82500000E-04,voltage,Node_1,7.85270701E+03
2.82500000E-04,voltage,Node_2,7.92583073E+03
2.82500000E-04,i1,Line_1_e1,5.11978306E+02
2.82500000E-04,i2,Line_1_e1,-4.50110883E+02
2.83000000E-04,injectedCurrent,Node_1,5.08231633E+02
2.83000000E-04,voltage,Node_1,7.79831883E+03
2.83000000E-04,voltage,Node_2,7.87093072E+03
2.83000000E-04,i1,Line_1_e1,5.08238463E+02
2.83000000E-04,i2,Line_1_e1,-4.46821956E+02
2.83500000E-04,injectedCurrent,Node_1,5.04519159E+02
2.83500000E-04,voltage,Node_1,7.74432341E+03
2.83500000E-04,voltage,Node_2,7.81642645E+03
2.83500000E-04,i1,Line_1_e1,5.04525938E+02
2.83500000E-04,i2,Line_1_e1,-4.43557051E+02
2.84000000E-04,injectedCurrent,Node_1,5.00833803E+02
2.84000000E-04,voltage,Node_1,7.69071701E+03
2.84000000E-04,voltage,Node_2,7.76231556E+03
2.84000000E-04,i1,Line_1_e1,5.00840533E+02
2.84000000E-04,i2,Line_1_e1,-4.40316001E+02
2.84500000E-04,injectedCurrent,Node_1,4.97175367E+02
2.84500000E-04,voltage,Node_1,7.63749773E+03
2.84500000E-04,voltage,Node_2,7.70859468E+03
2.84500000E-04,i1,Line_1_e1,4.97182048E+02
2.84500000E-04,i2,Line_1_e1,-4.37098622E+02
2.85000000E-04,injectedCurrent,Node_1,4.93543655E+02
2.85000000E-04,voltage,Node_1,7.58466182E+03
2.85000000E-04,voltage,Node_2,7.65526149E+03
2.85000000E-04,i1,Line_1_e1,4.93550287E+02
2.85000000E-04,i2,Line_1_e1,-4.33904752E+02
2.85500000E-04,injectedCurrent,Node_1,4.89938471E+02
2.85500000E-04,voltage,Node_1,7.53220745E+03
2.85500000E-04,voltage,Node_2,7.60231267E+03
2.85500000E-04,i1,Line_1_e1,4.89945055E+02
2.85500000E-04,i2,Line_1_e1,-4.30734208E+02
2.86000000E-04,injectedCurrent,Node_1,4.86359623E+02
2.86000000E-04,voltage,Node_1,7.48013090E+03
2.86000000E-04,voltage,Node_2,7.54974595E+03
2.86000000E-04,i1,Line_1_e1,4.86366158E+02
2.86000000E-04,i2,Line_1_e1,-4.27586831E+02
2.86500000E-04,injectedCurrent,Node_1,4.82806916E+02
2.86500000E-04,voltage,Node_1,7.42843039E+03
2.86500000E-04,voltage,Node_2,7.49755803E+03
2.86500000E-04,i1,Line_1_e1,4.82813404E+02
2.86500000E-04,i2,Line_1_e1,-4.24462441E+02
2.87000000E-04,injectedCurrent,Node_1,4.79280162E+02
2.87000000E-04,voltage,Node_1,7.37710220E+03
2.87000000E-04,voltage,Node_2,7.44574671E+03
2.87000000E-04,i1,Line_1_e1,4.79286602E+02
2.87000000E-04,i2,Line_1_e1,-4.21360880E+02
2.87500000E-04,injectedCurrent,Node_1,4.75779168E+02
2.87500000E-04,voltage,Node_1,7.32614466E+03
2.87500000E-04,voltage,Node_2,7.39430869E+03
2.87500000E-04,i1,Line_1_e1,4.75785562E+02
2.87500000E-04,i2,Line_1_e1,-4.18281971E+02
2.88000000E-04,injectedCurrent,Node_1,4.72303749E+02
2.88000000E-04,voltage,Node_1,7.27555403E+03
2.88000000E-04,voltage,Node_2,7.34324184E+03
2.88000000E-04,i1,Line_1_e1,4.72310096E+02
2.88000000E-04,i2,Line_1_e1,-4.15225560E+02
2.88500000E-04,injectedCurrent,Node_1,4.68853717E+02
2.88500000E-04,voltage,Node_1,7.22532871E+03
2.88500000E-04,voltage,Node_2,7.29254289E+03
2.88500000E-04,i1,Line_1_e1,4.68860017E+02
2.88500000E-04,i2,Line_1_e1,-4.12191471E+02
2.89000000E-04,injectedCurrent,Node_1,4.65428885E+02
2.89000000E-04,voltage,Node_1,7.17546499E+03
2.89000000E-04,voltage,Node_2,7.24220976E+03
2.89000000E-04,i1,Line_1_e1,4.65435140E+02
2.89000000E-04,i2,Line_1_e1,-4.09179552E+02
2.89500000E-04,injectedCurrent,Node_1,4.62029072E+02
2.89500000E-04,voltage,Node_1,7.12596131E+03
2.89500000E-04,voltage,Node_2,7.19223919E+03
2.89500000E-04,i1,Line_1_e1,4.62035280E+02
2.89500000E-04,i2,Line_1_e1,-4.06189629E+02
2.90000000E-04,injectedCurrent,Node_1,4.58654092E+02
2.90000000E-04,voltage,Node_1,7.07681397E+03
2.90000000E-04,voltage,Node_2,7.14262917E+03
2.90000000E-04,i1,Line_1_e1,4.58660256E+02
2.90000000E-04,i2,Line_1_e1,-4.03221555E+02
2.90500000E-04,injectedCurrent,Node_1,4.55303766E+02
2.90500000E-04,voltage,Node_1,7.02802151E+03
2.90500000E-04,voltage,Node_2,7.09337647E+03
2.90500000E-04,i1,Line_1_e1,4.55309885E+02
2.90500000E-04,i2,Line_1_e1,-4.00275156E+02
2.91000000E-04,injectedCurrent,Node_1,4.51977914E+02
2.91000000E-04,voltage,Node_1,6.97958021E+03
2.91000000E-04,voltage,Node_2,7.04447911E+03
2.91000000E-04,i1,Line_1_e1,4.51983987E+02
2.91000000E-04,i2,Line_1_e1,-3.97350288E+02
2.91500000E-04,injectedCurrent,Node_1,4.48676355E+02
2.91500000E-04,voltage,Node_1,6.93148869E+03
2.91500000E-04,voltage,Node_2,6.99593389E+03
2.91500000E-04,i1,Line_1_e1,4.48682384E+02
2.91500000E-04,i2,Line_1_e1,-3.94446780E+02
2.92000000E-04,injectedCurrent,Node_1,4.45398913E+02
2.92000000E-04,voltage,Node_1,6.88374323E+03
2.92000000E-04,voltage,Node_2,6.94773889E+03
2.92000000E-04,i1,Line_1_e1,4.45404898E+02
2.92000000E-04,i2,Line_1_e1,-3.91564490E+02
2.92500000E-04,injectedCurrent,Node_1,4.42145412E+02
2.92500000E-04,voltage,Node_1,6.83634251E+03
2.92500000E-04,voltage,Node_2,6.89989093E+03
2.92500000E-04,i1,Line_1_e1,4.42151354E+02
2.92500000E-04,i2,Line_1_e1,-3.88703248E+02
2.93000000E-04,injectedCurrent,Node_1,4.38915677E+02
2.93000000E-04,voltage,Node_1,6.78928282E+03
2.93000000E-04,voltage,Node_2,6.85238814E+03
2.93000000E-04,i1,Line_1_e1,4.38921575E+02
2.93000000E-04,i2,Line_1_e1,-3.85862915E+02
2.93500000E-04,injectedCurrent,Node_1,4.35709534E+02
2.93500000E-04,voltage,Node_1,6.74256293E+03
2.93500000E-04,voltage,Node_2,6.80522737E+03
2.93500000E-04,i1,Line_1_e1,4.35715389E+02
2.93500000E-04,i2,Line_1_e1,-3.83043324E+02
2.94000000E-04,injectedCurrent,Node_1,4.32526811E+02
2.94000000E-04,voltage,Node_1,6.69617910E+03
2.94000000E-04,voltage,Node_2,6.75840679E+03
2.94000000E-04,i1,Line_1_e1,4.32532623E+02
2.94000000E-04,i2,Line_1_e1,-3.80244338E+02
2.94500000E-04,injectedCurrent,Node_1,4.29367336E+02
2.94500000E-04,voltage,Node_1,6.65013019E+03
2.94500000E-04,voltage,Node_2,6.71192327E+03
2.94500000E-04,i1,Line_1_e1,4.29373106E+02
2.94500000E-04,i2,Line_1_e1,-3.77465792E+02
2.95000000E-04,injectedCurrent,Node_1,4.26230941E+02
2.95000000E-04,voltage,Node_1,6.60441247E+03
2.95000000E-04,voltage,Node_2,6.66577505E+03
2.95000000E-04,i1,Line_1_e1,4.26236669E+02
2.95000000E-04,i2,Line_1_e1,-3.74707551E+02
2.95500000E-04,injectedCurrent,Node_1,4.23117456E+02
2.95500000E-04,voltage,Node_1,6.55902485E+03
2.95500000E-04,voltage,Node_2,6.61995899E+03
2.95500000E-04,i1,Line_1_e1,4.23123142E+02
2.95500000E-04,i2,Line_1_e1,-3.71969452E+02
2.96000000E-04,injectedCurrent,Node_1,4.20026714E+02
2.96000000E-04,voltage,Node_1,6.51396360E+03
2.96000000E-04,voltage,Node_2,6.57447341E+03
2.96000000E-04,i1,Line_1_e1,4.20032358E+02
2.96000000E-04,i2,Line_1_e1,-3.69251362E+02
2.96500000E-04,injectedCurrent,Node_1,4.16958549E+02
2.96500000E-04,voltage,Node_1,6.46922771E+03
2.96500000E-04,voltage,Node_2,6.52931517E+03
2.96500000E-04,i1,Line_1_e1,4.16964152E+02
2.96500000E-04,i2,Line_1_e1,-3.66553122E+02
2.97000000E-04,injectedCurrent,Node_1,4.13912796E+02
2.97000000E-04,voltage,Node_1,6.42481345E+03
2.97000000E-04,voltage,Node_2,6.48448265E+03
2.97000000E-04,i1,Line_1_e1,4.13918358E+02
2.97000000E-04,i2,Line_1_e1,-3.63874600E+02
2.97500000E-04,injectedCurrent,Node_1,4.10889292E+02
2.97500000E-04,voltage,Node_1,6.38071988E+03
2.97500000E-04,voltage,Node_2,6.43997273E+03
2.97500000E-04,i1,Line_1_e1,4.10894813E+02
2.97500000E-04,i2,Line_1_e1,-3.61215637E+02
2.98000000E-04,injectedCurrent,Node_1,4.07887873E+02
2.98000000E-04,voltage,Node_1,6.33694325E+03
2.98000000E-04,voltage,Node_2,6.39578384E+03
2.98000000E-04,i1,Line_1_e1,4.07893354E+02
2.98000000E-04,i2,Line_1_e1,-3.58576107E+02
2.98500000E-04,injectedCurrent,Node_1,4.04908378E+02
2.98500000E-04,voltage,Node_1,6.29348271E+03
2.98500000E-04,voltage,Node_2,6.35191287E+03
2.98500000E-04,i1,Line_1_e1,4.04913819E+02
2.98500000E-04,i2,Line_1_e1,-3.55955851E+02
2.99000000E-04,injectedCurrent,Node_1,4.01950648E+02
2.99000000E-04,voltage,Node_1,6.25033451E+03
2.99000000E-04,voltage,Node_2,6.30835830E+03
2.99000000E-04,i1,Line_1_e1,4.01956049E+02
2.99000000E-04,i2,Line_1_e1,-3.53354745E+02
2.99500000E-04,injectedCurrent,Node_1,3.99014523E+02
2.99500000E-04,voltage,Node_1,6.20749785E+03
2.99500000E-04,voltage,Node_2,6.26511704E+03
2.99500000E-04,i1,Line_1_e1,3.99019885E+02
2.99500000E-04,i2,Line_1_e1,-3.50772631E+02
3.00000000E-04,injectedCurrent,Node_1,3.96099845E+02
3.00000000E-04,voltage,Node_1,6.16496899E+03
3.00000000E-04,voltage,Node_2,6.22218763E+03
3.00000000E-04,i1,Line_1_e1,3.96105168E+02
3.00000000E-04,i2,Line_1_e1,-3.48209390E+02
3.00500000E-04,injectedCurrent,Node_1,3.93206459E+02
3.00500000E-04,voltage,Node_1,6.12274721E+03
3.00500000E-04,voltage,Node_2,6.17956699E+03
3.00500000E-04,i1,Line_1_e1,3.93211742E+02
3.00500000E-04,i2,Line_1_e1,-3.45664864E+02
3.01000000E-04,injectedCurrent,Node_1,3.90334207E+02
3.01000000E-04,voltage,Node_1,6.08082874E+03
3.01000000E-04,voltage,Node_2,6.13725371E+03
3.01000000E-04,i1,Line_1_e1,3.90339452E+02
3.01000000E-04,i2,Line_1_e1,-3.43138936E+02
3.01500000E-04,injectedCurrent,Node_1,3.87482937E+02
3.01500000E-04,voltage,Node_1,6.03921295E+03
3.01500000E-04,voltage,Node_2,6.09524472E+03
3.01500000E-04,i1,Line_1_e1,3.87488144E+02
3.01500000E-04,i2,Line_1_e1,-3.40631451E+02
3.02000000E-04,injectedCurrent,Node_1,3.84652494E+02
3.02000000E-04,voltage,Node_1,5.99789605E+03
3.02000000E-04,voltage,Node_2,6.05353867E+03
3.02000000E-04,i1,Line_1_e1,3.84657663E+02
3.02000000E-04,i2,Line_1_e1,-3.38142293E+02
3.02500000E-04,injectedCurrent,Node_1,3.81842726E+02
3.02500000E-04,voltage,Node_1,5.95687749E+03
3.02500000E-04,voltage,Node_2,6.01213249E+03
3.02500000E-04,i1,Line_1_e1,3.81847858E+02
3.02500000E-04,i2,Line_1_e1,-3.35671309E+02
3.03000000E-04,injectedCurrent,Node_1,3.79053484E+02
3.03000000E-04,voltage,Node_1,5.91615347E+03
3.03000000E-04,voltage,Node_2,5.97102489E+03
3.03000000E-04,i1,Line_1_e1,3.79058577E+02
3.03000000E-04,i2,Line_1_e1,-3.33218386E+02
3.03500000E-04,injectedCurrent,Node_1,3.76284615E+02
3.03500000E-04,voltage,Node_1,5.87572351E+03
3.03500000E-04,voltage,Node_2,5.93021282E+03
3.03500000E-04,i1,Line_1_e1,3.76289672E+02
3.03500000E-04,i2,Line_1_e1,-3.30783373E+02
3.04000000E-04,injectedCurrent,Node_1,3.73535972E+02
3.04000000E-04,voltage,Node_1,5.83558381E+03
3.04000000E-04,voltage,Node_2,5.88969502E+03
3.04000000E-04,i1,Line_1_e1,3.73540992E+02
3.04000000E-04,i2,Line_1_e1,-3.28366157E+02
3.04500000E-04,injectedCurrent,Node_1,3.70807408E+02
3.04500000E-04,voltage,Node_1,5.79573395E+03
3.04500000E-04,voltage,Node_2,5.84946847E+03
3.04500000E-04,i1,Line_1_e1,3.70812391E+02
3.04500000E-04,i2,Line_1_e1,-3.25966590E+02
3.05000000E-04,injectedCurrent,Node_1,3.68098774E+02
3.05000000E-04,voltage,Node_1,5.75617012E+03
3.05000000E-04,voltage,Node_2,5.80953196E+03
3.05000000E-04,i1,Line_1_e1,3.68103721E+02
3.05000000E-04,i2,Line_1_e1,-3.23584562E+02
3.05500000E-04,injectedCurrent,Node_1,3.65409926E+02
3.05500000E-04,voltage,Node_1,5.71689197E+03
3.05500000E-04,voltage,Node_2,5.76988246E+03
3.05500000E-04,i1,Line_1_e1,3.65414837E+02
3.05500000E-04,i2,Line_1_e1,-3.21219926E+02
3.06000000E-04,injectedCurrent,Node_1,3.62740720E+02
3.06000000E-04,voltage,Node_1,5.67789569E+03
3.06000000E-04,voltage,Node_2,5.73051885E+03
3.06000000E-04,i1,Line_1_e1,3.62745594E+02
3.06000000E-04,i2,Line_1_e1,-3.18872574E+02
3.06500000E-04,injectedCurrent,Node_1,3.60091011E+02
3.06500000E-04,voltage,Node_1,5.63918101E+03
3.06500000E-04,voltage,Node_2,5.69143807E+03
3.06500000E-04,i1,Line_1_e1,3.60095850E+02
3.06500000E-04,i2,Line_1_e1,-3.16542359E+02
3.07000000E-04,injectedCurrent,Node_1,3.57460657E+02
3.07000000E-04,voltage,Node_1,5.60074408E+03
3.07000000E-04,voltage,Node_2,5.65263907E+03
3.07000000E-04,i1,Line_1_e1,3.57465461E+02
3.07000000E-04,i2,Line_1_e1,-3.14229177E+02
3.07500000E-04,injectedCurrent,Node_1,3.54849517E+02
3.07500000E-04,voltage,Node_1,5.56258471E+03
3.07500000E-04,voltage,Node_2,5.61411880E+03
3.07500000E-04,i1,Line_1_e1,3.54854286E+02
3.07500000E-04,i2,Line_1_e1,-3.11932884E+02
3.08000000E-04,injectedCurrent,Node_1,3.52257451E+02
3.08000000E-04,voltage,Node_1,5.52469905E+03
3.08000000E-04,voltage,Node_2,5.57587625E+03
3.08000000E-04,i1,Line_1_e1,3.52262185E+02
3.08000000E-04,i2,Line_1_e1,-3.09653375E+02
3.08500000E-04,injectedCurrent,Node_1,3.49684319E+02
3.08500000E-04,voltage,Node_1,5.48708698E+03
3.08500000E-04,voltage,Node_2,5.53790839E+03
3.08500000E-04,i1,Line_1_e1,3.49689018E+02
3.08500000E-04,i2,Line_1_e1,-3.07390509E+02
3.09000000E-04,injectedCurrent,Node_1,3.47129982E+02
3.09000000E-04,voltage,Node_1,5.44974462E+03
3.09000000E-04,voltage,Node_2,5.50021425E+03
3.09000000E-04,i1,Line_1_e1,3.47134647E+02
3.09000000E-04,i2,Line_1_e1,-3.05144183E+02
3.09500000E-04,injectedCurrent,Node_1,3.44594304E+02
3.09500000E-04,voltage,Node_1,5.41267193E+03
3.09500000E-04,voltage,Node_2,5.46279082E+03
3.09500000E-04,i1,Line_1_e1,3.44598935E+02
3.09500000E-04,i2,Line_1_e1,-3.02914257E+02
3.10000000E-04,injectedCurrent,Node_1,3.42077149E+02
3.10000000E-04,voltage,Node_1,5.37586503E+03
3.10000000E-04,voltage,Node_2,5.42563718E+03
3.10000000E-04,i1,Line_1_e1,3.42081746E+02
3.10000000E-04,i2,Line_1_e1,-3.00700632E+02
3.10500000E-04,injectedCurrent,Node_1,3.39578380E+02
3.10500000E-04,voltage,Node_1,5.33932394E+03
3.10500000E-04,voltage,Node_2,5.38875031E+03
3.10500000E-04,i1,Line_1_e1,3.39582943E+02
3.10500000E-04,i2,Line_1_e1,-2.98503166E+02
3.11000000E-04,injectedCurrent,Node_1,3.37097864E+02
3.11000000E-04,voltage,Node_1,5.30304475E+03
3.11000000E-04,voltage,Node_2,5.35212935E+03
3.11000000E-04,i1,Line_1_e1,3.37102393E+02
3.11000000E-04,i2,Line_1_e1,-2.96321765E+02
3.11500000E-04,injectedCurrent,Node_1,3.34635467E+02
3.11500000E-04,voltage,Node_1,5.26702757E+03
3.11500000E-04,voltage,Node_2,5.31577129E+03
3.11500000E-04,i1,Line_1_e1,3.34639963E+02
3.11500000E-04,i2,Line_1_e1,-2.94156288E+02
3.12000000E-04,injectedCurrent,Node_1,3.32191056E+02
3.12000000E-04,voltage,Node_1,5.23126848E+03
3.12000000E-04,voltage,Node_2,5.27967533E+03
3.12000000E-04,i1,Line_1_e1,3.32195520E+02
3.12000000E-04,i2,Line_1_e1,-2.92006641E+02
3.12500000E-04,injectedCurrent,Node_1,3.29764501E+02
3.12500000E-04,voltage,Node_1,5.19576765E+03
3.12500000E-04,voltage,Node_2,5.24383844E+03
3.12500000E-04,i1,Line_1_e1,3.29768933E+02
3.12500000E-04,i2,Line_1_e1,-2.89872686E+02
3.13000000E-04,injectedCurrent,Node_1,3.27355671E+02
3.13000000E-04,voltage,Node_1,5.16052113E+03
3.13000000E-04,voltage,Node_2,5.20825988E+03
3.13000000E-04,i1,Line_1_e1,3.27360070E+02
3.13000000E-04,i2,Line_1_e1,-2.87754332E+02
3.13500000E-04,injectedCurrent,Node_1,3.24964437E+02
3.13500000E-04,voltage,Node_1,5.12552918E+03
3.13500000E-04,voltage,Node_2,5.17293663E+03
3.13500000E-04,i1,Line_1_e1,3.24968803E+02
3.13500000E-04,i2,Line_1_e1,-2.85651441E+02
3.14000000E-04,injectedCurrent,Node_1,3.22590669E+02
3.14000000E-04,voltage,Node_1,5.09078783E+03
3.14000000E-04,voltage,Node_2,5.13786799E+03
3.14000000E-04,i1,Line_1_e1,3.22595004E+02
3.14000000E-04,i2,Line_1_e1,-2.83563924E+02
3.14500000E-04,injectedCurrent,Node_1,3.20234240E+02
3.14500000E-04,voltage,Node_1,5.05629742E+03
3.14500000E-04,voltage,Node_2,5.10305097E+03
3.14500000E-04,i1,Line_1_e1,3.20238543E+02
3.14500000E-04,i2,Line_1_e1,-2.81491643E+02
3.15000000E-04,injectedCurrent,Node_1,3.17895024E+02
3.15000000E-04,voltage,Node_1,5.02205394E+03
3.15000000E-04,voltage,Node_2,5.06848489E+03
3.15000000E-04,i1,Line_1_e1,3.17899295E+02
3.15000000E-04,i2,Line_1_e1,-2.79434513E+02
3.15500000E-04,injectedCurrent,Node_1,3.15572894E+02
3.15500000E-04,voltage,Node_1,4.98805781E+03
3.15500000E-04,voltage,Node_2,5.03416677E+03
3.15500000E-04,i1,Line_1_e1,3.15577134E+02
3.15500000E-04,i2,Line_1_e1,-2.77392398E+02
3.16000000E-04,injectedCurrent,Node_1,3.13267726E+02
3.16000000E-04,voltage,Node_1,4.95430500E+03
3.16000000E-04,voltage,Node_2,5.00009599E+03
3.16000000E-04,i1,Line_1_e1,3.13271935E+02
3.16000000E-04,i2,Line_1_e1,-2.75365214E+02
3.16500000E-04,injectedCurrent,Node_1,3.10979396E+02
3.16500000E-04,voltage,Node_1,4.92079601E+03
3.16500000E-04,voltage,Node_2,4.96626956E+03
3.16500000E-04,i1,Line_1_e1,3.10983574E+02
3.16500000E-04,i2,Line_1_e1,-2.73352825E+02
3.17000000E-04,injectedCurrent,Node_1,3.08707780E+02
3.17000000E-04,voltage,Node_1,4.88752678E+03
3.17000000E-04,voltage,Node_2,4.93268693E+03
3.17000000E-04,i1,Line_1_e1,3.08711928E+02
3.17000000E-04,i2,Line_1_e1,-2.71355149E+02
3.17500000E-04,injectedCurrent,Node_1,3.06452757E+02
3.17500000E-04,voltage,Node_1,4.85449788E+03
3.17500000E-04,voltage,Node_2,4.89934508E+03
3.17500000E-04,i1,Line_1_e1,3.06456874E+02
3.17500000E-04,i2,Line_1_e1,-2.69372052E+02
3.18000000E-04,injectedCurrent,Node_1,3.04214204E+02
3.18000000E-04,voltage,Node_1,4.82170524E+03
3.18000000E-04,voltage,Node_2,4.86624353E+03
3.18000000E-04,i1,Line_1_e1,3.04218292E+02
3.18000000E-04,i2,Line_1_e1,-2.67403455E+02
3.18500000E-04,injectedCurrent,Node_1,3.01992003E+02
3.18500000E-04,voltage,Node_1,4.78914950E+03
3.18500000E-04,voltage,Node_2,4.83337927E+03
3.18500000E-04,i1,Line_1_e1,3.01996060E+02
3.18500000E-04,i2,Line_1_e1,-2.65449224E+02
3.19000000E-04,injectedCurrent,Node_1,2.99786032E+02
3.19000000E-04,voltage,Node_1,4.75682656E+03
3.19000000E-04,voltage,Node_2,4.80075185E+03
3.19000000E-04,i1,Line_1_e1,2.99790060E+02
3.19000000E-04,i2,Line_1_e1,-2.63509282E+02
3.19500000E-04,injectedCurrent,Node_1,2.97596173E+02
3.19500000E-04,voltage,Node_1,4.72473713E+03
3.19500000E-04,voltage,Node_2,4.76835825E+03
3.19500000E-04,i1,Line_1_e1,2.97600172E+02
3.19500000E-04,i2,Line_1_e1,-2.61583496E+02
3.20000000E-04,injectedCurrent,Node_1,2.95422308E+02
3.20000000E-04,voltage,Node_1,4.69287708E+03
3.20000000E-04,voltage,Node_2,4.73619810E+03
3.20000000E-04,i1,Line_1_e1,2.95426278E+02
3.20000000E-04,i2,Line_1_e1,-2.59671791E+02
3.20500000E-04,injectedCurrent,Node_1,2.93264321E+02
3.20500000E-04,voltage,Node_1,4.66124721E+03
3.20500000E-04,voltage,Node_2,4.70426837E+03
3.20500000E-04,i1,Line_1_e1,2.93268261E+02
3.20500000E-04,i2,Line_1_e1,-2.57774036E+02
3.21000000E-04,injectedCurrent,Node_1,2.91122095E+02
3.21000000E-04,voltage,Node_1,4.62984336E+03
3.21000000E-04,voltage,Node_2,4.67256874E+03
3.21000000E-04,i1,Line_1_e1,2.91126006E+02
3.21000000E-04,i2,Line_1_e1,-2.55890156E+02
3.21500000E-04,injectedCurrent,Node_1,2.88995513E+02
3.21500000E-04,voltage,Node_1,4.59866640E+03
3.21500000E-04,voltage,Node_2,4.64109615E+03
3.21500000E-04,i1,Line_1_e1,2.88999396E+02
3.21500000E-04,i2,Line_1_e1,-2.54020021E+02
3.22000000E-04,injectedCurrent,Node_1,2.86884463E+02
3.22000000E-04,voltage,Node_1,4.56771214E+03
3.22000000E-04,voltage,Node_2,4.60985036E+03
3.22000000E-04,i1,Line_1_e1,2.86888317E+02
3.22000000E-04,i2,Line_1_e1,-2.52163560E+02
3.22500000E-04,injectedCurrent,Node_1,2.84788829E+02
3.22500000E-04,voltage,Node_1,4.53698153E+03
3.22500000E-04,voltage,Node_2,4.57882831E+03
3.22500000E-04,i1,Line_1_e1,2.84792655E+02
3.22500000E-04,i2,Line_1_e1,-2.50320643E+02
3.23000000E-04,injectedCurrent,Node_1,2.82708499E+02
3.23000000E-04,voltage,Node_1,4.50647034E+03
3.23000000E-04,voltage,Node_2,4.54802978E+03
3.23000000E-04,i1,Line_1_e1,2.82712297E+02
3.23000000E-04,i2,Line_1_e1,-2.48491200E+02
3.23500000E-04,injectedCurrent,Node_1,2.80643361E+02
3.23500000E-04,voltage,Node_1,4.47617961E+03
3.23500000E-04,voltage,Node_2,4.51745173E+03
3.23500000E-04,i1,Line_1_e1,2.80647131E+02
3.23500000E-04,i2,Line_1_e1,-2.46675103E+02
3.24000000E-04,injectedCurrent,Node_1,2.78593303E+02
3.24000000E-04,voltage,Node_1,4.44610505E+03
3.24000000E-04,voltage,Node_2,4.48709399E+03
3.24000000E-04,i1,Line_1_e1,2.78597045E+02
3.24000000E-04,i2,Line_1_e1,-2.44872284E+02
3.24500000E-04,injectedCurrent,Node_1,2.76558213E+02
3.24500000E-04,voltage,Node_1,4.41624781E+03
3.24500000E-04,voltage,Node_2,4.45695350E+03
3.24500000E-04,i1,Line_1_e1,2.76561928E+02
3.24500000E-04,i2,Line_1_e1,-2.43082614E+02
3.25000000E-04,injectedCurrent,Node_1,2.74537983E+02
3.25000000E-04,voltage,Node_1,4.38660356E+03
3.25000000E-04,voltage,Node_2,4.42703014E+03
3.25000000E-04,i1,Line_1_e1,2.74541670E+02
3.25000000E-04,i2,Line_1_e1,-2.41306028E+02
3.25500000E-04,injectedCurrent,Node_1,2.72532502E+02
3.25500000E-04,voltage,Node_1,4.35717350E+03
3.25500000E-04,voltage,Node_2,4.39732085E+03
3.25500000E-04,i1,Line_1_e1,2.72536162E+02
3.25500000E-04,i2,Line_1_e1,-2.39542398E+02
3.26000000E-04,injectedCurrent,Node_1,2.70541662E+02
3.26000000E-04,voltage,Node_1,4.32795328E+03
3.26000000E-04,voltage,Node_2,4.36782557E+03
3.26000000E-04,i1,Line_1_e1,2.70545295E+02
3.26000000E-04,i2,Line_1_e1,-2.37791661E+02
3.26500000E-04,injectedCurrent,Node_1,2.68565356E+02
3.26500000E-04,voltage,Node_1,4.29894419E+03
3.26500000E-04,voltage,Node_2,4.33854120E+03
3.26500000E-04,i1,Line_1_e1,2.68568962E+02
3.26500000E-04,i2,Line_1_e1,-2.36053689E+02
3.27000000E-04,injectedCurrent,Node_1,2.66603475E+02
3.27000000E-04,voltage,Node_1,4.27014183E+03
3.27000000E-04,voltage,Node_2,4.30946776E+03
3.27000000E-04,i1,Line_1_e1,2.66607054E+02
3.27000000E-04,i2,Line_1_e1,-2.34328420E+02
3.27500000E-04,injectedCurrent,Node_1,2.64655913E+02
3.27500000E-04,voltage,Node_1,4.24154756E+03
3.27500000E-04,voltage,Node_2,4.28060213E+03
3.27500000E-04,i1,Line_1_e1,2.64659466E+02
3.27500000E-04,i2,Line_1_e1,-2.32615729E+02
3.28000000E-04,injectedCurrent,Node_1,2.62722564E+02
3.28000000E-04,voltage,Node_1,4.21315695E+03
3.28000000E-04,voltage,Node_2,4.25194438E+03
3.28000000E-04,i1,Line_1_e1,2.62726091E+02
3.28000000E-04,i2,Line_1_e1,-2.30915554E+02
3.28500000E-04,injectedCurrent,Node_1,2.60803323E+02
3.28500000E-04,voltage,Node_1,4.18497143E+03
3.28500000E-04,voltage,Node_2,4.22349137E+03
3.28500000E-04,i1,Line_1_e1,2.60806824E+02
3.28500000E-04,i2,Line_1_e1,-2.29227771E+02
3.29000000E-04,injectedCurrent,Node_1,2.58898085E+02
3.29000000E-04,voltage,Node_1,4.15698653E+03
3.29000000E-04,voltage,Node_2,4.19524322E+03
3.29000000E-04,i1,Line_1_e1,2.58901560E+02
3.29000000E-04,i2,Line_1_e1,-2.27552319E+02
3.29500000E-04,injectedCurrent,Node_1,2.57006746E+02
3.29500000E-04,voltage,Node_1,4.12920377E+03
3.29500000E-04,voltage,Node_2,4.16719678E+03
3.29500000E-04,i1,Line_1_e1,2.57010195E+02
3.29500000E-04,i2,Line_1_e1,-2.25889075E+02
3.30000000E-04,injectedCurrent,Node_1,2.55129203E+02
3.30000000E-04,voltage,Node_1,4.10161861E+03
3.30000000E-04,voltage,Node_2,4.13935223E+03
3.30000000E-04,i1,Line_1_e1,2.55132626E+02
3.30000000E-04,i2,Line_1_e1,-2.24237980E+02
3.30500000E-04,injectedCurrent,Node_1,2.53265351E+02
3.30500000E-04,voltage,Node_1,4.07423267E+03
3.30500000E-04,voltage,Node_2,4.11170639E+03
3.30500000E-04,i1,Line_1_e1,2.53268749E+02
3.30500000E-04,i2,Line_1_e1,-2.22598910E+02
3.31000000E-04,injectedCurrent,Node_1,2.51415089E+02
3.31000000E-04,voltage,Node_1,4.04704134E+03
3.31000000E-04,voltage,Node_2,4.08425949E+03
3.31000000E-04,i1,Line_1_e1,2.51418461E+02
3.31000000E-04,i2,Line_1_e1,-2.20971810E+02
3.31500000E-04,injectedCurrent,Node_1,2.49578315E+02
3.31500000E-04,voltage,Node_1,4.02004634E+03
3.31500000E-04,voltage,Node_2,4.05700833E+03
3.31500000E-04,i1,Line_1_e1,2.49581661E+02
3.31500000E-04,i2,Line_1_e1,-2.19356554E+02
3.32000000E-04,injectedCurrent,Node_1,2.47754926E+02
3.32000000E-04,voltage,Node_1,3.99324300E+03
3.32000000E-04,voltage,Node_2,4.02995319E+03
3.32000000E-04,i1,Line_1_e1,2.47758248E+02
3.32000000E-04,i2,Line_1_e1,-2.17753089E+02
3.32500000E-04,injectedCurrent,Node_1,2.45944823E+02
3.32500000E-04,voltage,Node_1,3.96663312E+03
3.32500000E-04,voltage,Node_2,4.00309086E+03
3.32500000E-04,i1,Line_1_e1,2.45948119E+02
3.32500000E-04,i2,Line_1_e1,-2.16161289E+02
3.33000000E-04,injectedCurrent,Node_1,2.44147903E+02
3.33000000E-04,voltage,Node_1,3.94021197E+03
3.33000000E-04,voltage,Node_2,3.97642165E+03
3.33000000E-04,i1,Line_1_e1,2.44151174E+02
3.33000000E-04,i2,Line_1_e1,-2.14581103E+02
3.33500000E-04,injectedCurrent,Node_1,2.42364067E+02
3.33500000E-04,voltage,Node_1,3.91398143E+03
3.33500000E-04,voltage,Node_2,3.94994234E+03
3.33500000E-04,i1,Line_1_e1,2.42367313E+02
3.33500000E-04,i2,Line_1_e1,-2.13012405E+02
3.34000000E-04,injectedCurrent,Node_1,2.40593214E+02
3.34000000E-04,voltage,Node_1,3.88793671E+03
3.34000000E-04,voltage,Node_2,3.92365328E+03
3.34000000E-04,i1,Line_1_e1,2.40596435E+02
3.34000000E-04,i2,Line_1_e1,-2.11455146E+02
3.34500000E-04,injectedCurrent,Node_1,2.38835245E+02
3.34500000E-04,voltage,Node_1,3.86207977E+03
3.34500000E-04,voltage,Node_2,3.89755122E+03
3.34500000E-04,i1,Line_1_e1,2.38838441E+02
3.34500000E-04,i2,Line_1_e1,-2.09909198E+02
3.35000000E-04,injectedCurrent,Node_1,2.37090060E+02
3.35000000E-04,voltage,Node_1,3.83640576E+03
3.35000000E-04,voltage,Node_2,3.87163657E+03
3.35000000E-04,i1,Line_1_e1,2.37093231E+02
3.35000000E-04,i2,Line_1_e1,-2.08374513E+02
3.35500000E-04,injectedCurrent,Node_1,2.35357559E+02
3.35500000E-04,voltage,Node_1,3.81091671E+03
3.35500000E-04,voltage,Node_2,3.84590604E+03
3.35500000E-04,i1,Line_1_e1,2.35360706E+02
3.35500000E-04,i2,Line_1_e1,-2.06850966E+02
3.36000000E-04,injectedCurrent,Node_1,2.33637645E+02
3.36000000E-04,voltage,Node_1,3.78560771E+03
3.36000000E-04,voltage,Node_2,3.82036007E+03
3.36000000E-04,i1,Line_1_e1,2.33640766E+02
3.36000000E-04,i2,Line_1_e1,-2.05338507E+02
3.36500000E-04,injectedCurrent,Node_1,2.31930216E+02
3.36500000E-04,voltage,Node_1,3.76048086E+03
3.36500000E-04,voltage,Node_2,3.79499536E+03
3.36500000E-04,i1,Line_1_e1,2.31933313E+02
3.36500000E-04,i2,Line_1_e1,-2.03837010E+02
3.37000000E-04,injectedCurrent,Node_1,2.30235176E+02
3.37000000E-04,voltage,Node_1,3.73553119E+03
3.37000000E-04,voltage,Node_2,3.76981240E+03
3.37000000E-04,i1,Line_1_e1,2.30238248E+02
3.37000000E-04,i2,Line_1_e1,-2.02346429E+02
3.37500000E-04,injectedCurrent,Node_1,2.28552423E+02
3.37500000E-04,voltage,Node_1,3.71076087E+03
3.37500000E-04,voltage,Node_2,3.74480783E+03
3.37500000E-04,i1,Line_1_e1,2.28555471E+02
3.37500000E-04,i2,Line_1_e1,-2.00866635E+02
3.38000000E-04,injectedCurrent,Node_1,2.26881860E+02
3.38000000E-04,voltage,Node_1,3.68616484E+03
3.38000000E-04,voltage,Node_2,3.71998218E+03
3.38000000E-04,i1,Line_1_e1,2.26884883E+02
3.38000000E-04,i2,Line_1_e1,-1.99397583E+02
3.38500000E-04,injectedCurrent,Node_1,2.25223388E+02
3.38500000E-04,voltage,Node_1,3.66174536E+03
3.38500000E-04,voltage,Node_2,3.69533207E+03
3.38500000E-04,i1,Line_1_e1,2.25226386E+02
3.38500000E-04,i2,Line_1_e1,-1.97939143E+02
3.39000000E-04,injectedCurrent,Node_1,2.23576906E+02
3.39000000E-04,voltage,Node_1,3.63749729E+03
3.39000000E-04,voltage,Node_2,3.67085806E+03
3.39000000E-04,i1,Line_1_e1,2.23579879E+02
3.39000000E-04,i2,Line_1_e1,-1.96491272E+02
3.39500000E-04,injectedCurrent,Node_1,2.21942316E+02
3.39500000E-04,voltage,Node_1,3.61342295E+03
3.39500000E-04,voltage,Node_2,3.64655670E+03
3.39500000E-04,i1,Line_1_e1,2.21945264E+02
3.39500000E-04,i2,Line_1_e1,-1.95053839E+02
3.40000000E-04,injectedCurrent,Node_1,2.20319517E+02
3.40000000E-04,voltage,Node_1,3.58951712E+03
3.40000000E-04,voltage,Node_2,3.62242863E+03
3.40000000E-04,i1,Line_1_e1,2.20322440E+02
3.40000000E-04,i2,Line_1_e1,-1.93626798E+02
3.40500000E-04,injectedCurrent,Node_1,2.18708410E+02
3.40500000E-04,voltage,Node_1,3.56578219E+03
3.40500000E-04,voltage,Node_2,3.59847033E+03
3.40500000E-04,i1,Line_1_e1,2.18711308E+02
3.40500000E-04,i2,Line_1_e1,-1.92210019E+02
3.41000000E-04,injectedCurrent,Node_1,2.17108894E+02
3.41000000E-04,voltage,Node_1,3.54221284E+03
3.41000000E-04,voltage,Node_2,3.57468246E+03
3.41000000E-04,i1,Line_1_e1,2.17111766E+02
3.41000000E-04,i2,Line_1_e1,-1.90803457E+02
3.41500000E-04,injectedCurrent,Node_1,2.15520866E+02
3.41500000E-04,voltage,Node_1,3.51881154E+03
3.41500000E-04,voltage,Node_2,3.55106146E+03
3.41500000E-04,i1,Line_1_e1,2.15523713E+02
3.41500000E-04,i2,Line_1_e1,-1.89406978E+02
3.42000000E-04,injectedCurrent,Node_1,2.13944226E+02
3.42000000E-04,voltage,Node_1,3.49557286E+03
3.42000000E-04,voltage,Node_2,3.52760802E+03
3.42000000E-04,i1,Line_1_e1,2.13947048E+02
3.42000000E-04,i2,Line_1_e1,-1.88020539E+02
3.42500000E-04,injectedCurrent,Node_1,2.12378871E+02
3.42500000E-04,voltage,Node_1,3.47249934E+03
3.42500000E-04,voltage,Node_2,3.50431851E+03
3.42500000E-04,i1,Line_1_e1,2.12381667E+02
3.42500000E-04,i2,Line_1_e1,-1.86644003E+02
3.43000000E-04,injectedCurrent,Node_1,2.10824698E+02
3.43000000E-04,voltage,Node_1,3.44958543E+03
3.43000000E-04,voltage,Node_2,3.48119365E+03
3.43000000E-04,i1,Line_1_e1,2.10827467E+02
3.43000000E-04,i2,Line_1_e1,-1.85277325E+02
3.43500000E-04,injectedCurrent,Node_1,2.09281601E+02
3.43500000E-04,voltage,Node_1,3.42683374E+03
3.43500000E-04,voltage,Node_2,3.45822976E+03
3.43500000E-04,i1,Line_1_e1,2.09284344E+02
3.43500000E-04,i2,Line_1_e1,-1.83920368E+02
3.44000000E-04,injectedCurrent,Node_1,2.07749477E+02
3.44000000E-04,voltage,Node_1,3.40423862E+03
3.44000000E-04,voltage,Node_2,3.43542755E+03
3.44000000E-04,i1,Line_1_e1,2.07752193E+02
3.44000000E-04,i2,Line_1_e1,-1.82573086E+02
3.44500000E-04,injectedCurrent,Node_1,2.06228217E+02
3.44500000E-04,voltage,Node_1,3.38180271E+03
3.44500000E-04,voltage,Node_2,3.41278328E+03
3.44500000E-04,i1,Line_1_e1,2.06230907E+02
3.44500000E-04,i2,Line_1_e1,-1.81235339E+02
3.45000000E-04,injectedCurrent,Node_1,2.04717715E+02
3.45000000E-04,voltage,Node_1,3.35952025E+03
3.45000000E-04,voltage,Node_2,3.39029769E+03
3.45000000E-04,i1,Line_1_e1,2.04720378E+02
3.45000000E-04,i2,Line_1_e1,-1.79907078E+02
3.45500000E-04,injectedCurrent,Node_1,2.03217862E+02
3.45500000E-04,voltage,Node_1,3.33739394E+03
3.45500000E-04,voltage,Node_2,3.36796694E+03
3.45500000E-04,i1,Line_1_e1,2.03220497E+02
3.45500000E-04,i2,Line_1_e1,-1.78588161E+02
3.46000000E-04,injectedCurrent,Node_1,2.01728547E+02
3.46000000E-04,voltage,Node_1,3.31541787E+03
3.46000000E-04,voltage,Node_2,3.34579179E+03
3.46000000E-04,i1,Line_1_e1,2.01731153E+02
3.46000000E-04,i2,Line_1_e1,-1.77278539E+02
3.46500000E-04,injectedCurrent,Node_1,2.00249657E+02
3.46500000E-04,voltage,Node_1,3.29359480E+03
3.46500000E-04,voltage,Node_2,3.32376832E+03
3.46500000E-04,i1,Line_1_e1,2.00252235E+02
3.46500000E-04,i2,Line_1_e1,-1.75978064E+02
3.47000000E-04,injectedCurrent,Node_1,1.98781079E+02
3.47000000E-04,voltage,Node_1,3.27191868E+03
3.47000000E-04,voltage,Node_2,3.30189728E+03
3.47000000E-04,i1,Line_1_e1,1.98783628E+02
3.47000000E-04,i2,Line_1_e1,-1.74686687E+02
3.47500000E-04,injectedCurrent,Node_1,1.97322698E+02
3.47500000E-04,voltage,Node_1,3.25039231E+03
3.47500000E-04,voltage,Node_2,3.28017466E+03
3.47500000E-04,i1,Line_1_e1,1.97325217E+02
3.47500000E-04,i2,Line_1_e1,-1.73404255E+02
3.48000000E-04,injectedCurrent,Node_1,1.95874395E+02
3.48000000E-04,voltage,Node_1,3.22900950E+03
3.48000000E-04,voltage,Node_2,3.25860122E+03
3.48000000E-04,i1,Line_1_e1,1.95876884E+02
3.48000000E-04,i2,Line_1_e1,-1.72130716E+02
3.48500000E-04,injectedCurrent,Node_1,1.94436050E+02
3.48500000E-04,voltage,Node_1,3.20777307E+03
3.48500000E-04,voltage,Node_2,3.23717282E+03
3.48500000E-04,i1,Line_1_e1,1.94438509E+02
3.48500000E-04,i2,Line_1_e1,-1.70865914E+02
3.49000000E-04,injectedCurrent,Node_1,1.93007542E+02
3.49000000E-04,voltage,Node_1,3.18667666E+03
3.49000000E-04,voltage,Node_2,3.21589024E+03
3.49000000E-04,i1,Line_1_e1,1.93009970E+02
3.49000000E-04,i2,Line_1_e1,-1.69609792E+02
3.49500000E-04,injectedCurrent,Node_1,1.91588746E+02
3.49500000E-04,voltage,Node_1,3.16572315E+03
3.49500000E-04,voltage,Node_2,3.19474921E+03
3.49500000E-04,i1,Line_1_e1,1.91591142E+02
3.49500000E-04,i2,Line_1_e1,-1.68362190E+02
3.50000000E-04,injectedCurrent,Node_1,1.90179534E+02
3.50000000E-04,voltage,Node_1,3.14490600E+03
3.50000000E-04,voltage,Node_2,3.17375050E+03
3.50000000E-04,i1,Line_1_e1,1.90181898E+02
3.50000000E-04,i2,Line_1_e1,-1.67123049E+02
3.50500000E-04,injectedCurrent,Node_1,1.88779778E+02
3.50500000E-04,voltage,Node_1,3.12422810E+03
3.50500000E-04,voltage,Node_2,3.15288972E+03
3.50500000E-04,i1,Line_1_e1,1.88782108E+02
3.50500000E-04,i2,Line_1_e1,-1.65892202E+02
3.51000000E-04,injectedCurrent,Node_1,1.87389343E+02
3.51000000E-04,voltage,Node_1,3.10368275E+03
3.51000000E-04,voltage,Node_2,3.13216760E+03
3.51000000E-04,i1,Line_1_e1,1.87391639E+02
3.51000000E-04,i2,Line_1_e1,-1.64669586E+02
3.51500000E-04,injectedCurrent,Node_1,1.86008094E+02
3.51500000E-04,voltage,Node_1,3.08327284E+03
3.51500000E-04,voltage,Node_2,3.11157965E+03
3.51500000E-04,i1,Line_1_e1,1.86010356E+02
3.51500000E-04,i2,Line_1_e1,-1.63455026E+02
3.52000000E-04,injectedCurrent,Node_1,1.84635892E+02
3.52000000E-04,voltage,Node_1,3.06299148E+03
3.52000000E-04,voltage,Node_2,3.09112656E+03
3.52000000E-04,i1,Line_1_e1,1.84638119E+02
3.52000000E-04,i2,Line_1_e1,-1.62248458E+02
3.52500000E-04,injectedCurrent,Node_1,1.83272595E+02
3.52500000E-04,voltage,Node_1,3.04284159E+03
3.52500000E-04,voltage,Node_2,3.07080367E+03
3.52500000E-04,i1,Line_1_e1,1.83274785E+02
3.52500000E-04,i2,Line_1_e1,-1.61049700E+02
3.53000000E-04,injectedCurrent,Node_1,1.81918057E+02
3.53000000E-04,voltage,Node_1,3.02281605E+03
3.53000000E-04,voltage,Node_2,3.05061166E+03
3.53000000E-04,i1,Line_1_e1,1.81920209E+02
3.53000000E-04,i2,Line_1_e1,-1.59858680E+02
3.53500000E-04,injectedCurrent,Node_1,1.80572128E+02
3.53500000E-04,voltage,Node_1,3.00291779E+03
3.53500000E-04,voltage,Node_2,3.03054572E+03
3.53500000E-04,i1,Line_1_e1,1.80574242E+02
3.53500000E-04,i2,Line_1_e1,-1.58675211E+02
3.54000000E-04,injectedCurrent,Node_1,1.79234655E+02
3.54000000E-04,voltage,Node_1,2.98313950E+03
3.54000000E-04,voltage,Node_2,3.01060648E+03
3.54000000E-04,i1,Line_1_e1,1.79236729E+02
3.54000000E-04,i2,Line_1_e1,-1.57499215E+02
3.54500000E-04,injectedCurrent,Node_1,1.77905479E+02
3.54500000E-04,voltage,Node_1,2.96348408E+03
3.54500000E-04,voltage,Node_2,2.99078895E+03
3.54500000E-04,i1,Line_1_e1,1.77907514E+02
3.54500000E-04,i2,Line_1_e1,-1.56330496E+02
3.55000000E-04,injectedCurrent,Node_1,1.76584441E+02
3.55000000E-04,voltage,Node_1,2.94394399E+03
3.55000000E-04,voltage,Node_2,2.97109373E+03
3.55000000E-04,i1,Line_1_e1,1.76586434E+02
3.55000000E-04,i2,Line_1_e1,-1.55168972E+02
3.55500000E-04,injectedCurrent,Node_1,1.75271373E+02
3.55500000E-04,voltage,Node_1,2.92452215E+03
3.55500000E-04,voltage,Node_2,2.95151565E+03
3.55500000E-04,i1,Line_1_e1,1.75273323E+02
3.55500000E-04,i2,Line_1_e1,-1.54014438E+02
3.56000000E-04,injectedCurrent,Node_1,1.73966106E+02
3.56000000E-04,voltage,Node_1,2.90521078E+03
3.56000000E-04,voltage,Node_2,2.93205524E+03
3.56000000E-04,i1,Line_1_e1,1.73968012E+02
3.56000000E-04,i2,Line_1_e1,-1.52866804E+02
3.56500000E-04,injectedCurrent,Node_1,1.72668464E+02
3.56500000E-04,voltage,Node_1,2.88601276E+03
3.56500000E-04,voltage,Node_2,2.91270717E+03
3.56500000E-04,i1,Line_1_e1,1.72670326E+02
3.56500000E-04,i2,Line_1_e1,-1.51725856E+02
3.57000000E-04,injectedCurrent,Node_1,1.71378268E+02
3.57000000E-04,voltage,Node_1,2.86692007E+03
3.57000000E-04,voltage,Node_2,2.89347189E+03
3.57000000E-04,i1,Line_1_e1,1.71380084E+02
3.57000000E-04,i2,Line_1_e1,-1.50591499E+02
3.57500000E-04,injectedCurrent,Node_1,1.70095334E+02
3.57500000E-04,voltage,Node_1,2.84793560E+03
3.57500000E-04,voltage,Node_2,2.87434387E+03
3.57500000E-04,i1,Line_1_e1,1.70097102E+02
3.57500000E-04,i2,Line_1_e1,-1.49463509E+02
3.58000000E-04,injectedCurrent,Node_1,1.68819472E+02
3.58000000E-04,voltage,Node_1,2.82905105E+03
3.58000000E-04,voltage,Node_2,2.85532351E+03
3.58000000E-04,i1,Line_1_e1,1.68821191E+02
3.58000000E-04,i2,Line_1_e1,-1.48341783E+02
3.58500000E-04,injectedCurrent,Node_1,1.67550487E+02
3.58500000E-04,voltage,Node_1,2.81026929E+03
3.58500000E-04,voltage,Node_2,2.83640507E+03
3.58500000E-04,i1,Line_1_e1,1.67552156E+02
3.58500000E-04,i2,Line_1_e1,-1.47226085E+02
3.59000000E-04,injectedCurrent,Node_1,1.66288180E+02
3.59000000E-04,voltage,Node_1,2.79158175E+03
3.59000000E-04,voltage,Node_2,2.81758886E+03
3.59000000E-04,i1,Line_1_e1,1.66289798E+02
3.59000000E-04,i2,Line_1_e1,-1.46116307E+02
3.59500000E-04,injectedCurrent,Node_1,1.65032346E+02
3.59500000E-04,voltage,Node_1,2.77299128E+03
3.59500000E-04,voltage,Node_2,2.79886895E+03
3.59500000E-04,i1,Line_1_e1,1.65033912E+02
3.59500000E-04,i2,Line_1_e1,-1.45012203E+02
3.60000000E-04,injectedCurrent,Node_1,1.63782775E+02
3.60000000E-04,voltage,Node_1,2.75448905E+03
3.60000000E-04,voltage,Node_2,2.78024557E+03
3.60000000E-04,i1,Line_1_e1,1.63784286E+02
3.60000000E-04,i2,Line_1_e1,-1.43913655E+02
3.60500000E-04,injectedCurrent,Node_1,1.62539250E+02
3.60500000E-04,voltage,Node_1,2.73607788E+03
3.60500000E-04,voltage,Node_2,2.76171255E+03
3.60500000E-04,i1,Line_1_e1,1.62540707E+02
3.60500000E-04,i2,Line_1_e1,-1.42820407E+02
3.61000000E-04,injectedCurrent,Node_1,1.61301551E+02
3.61000000E-04,voltage,Node_1,2.71774864E+03
3.61000000E-04,voltage,Node_2,2.74327006E+03
3.61000000E-04,i1,Line_1_e1,1.61302951E+02
3.61000000E-04,i2,Line_1_e1,-1.41732333E+02
3.61500000E-04,injectedCurrent,Node_1,1.60069452E+02
3.61500000E-04,voltage,Node_1,2.69950414E+03
3.61500000E-04,voltage,Node_2,2.72491172E+03
3.61500000E-04,i1,Line_1_e1,1.60070794E+02
3.61500000E-04,i2,Line_1_e1,-1.40649166E+02
3.62000000E-04,injectedCurrent,Node_1,1.58842720E+02
3.62000000E-04,voltage,Node_1,2.68133498E+03
3.62000000E-04,voltage,Node_2,2.70663759E+03
3.62000000E-04,i1,Line_1_e1,1.58844002E+02
3.62000000E-04,i2,Line_1_e1,-1.39570771E+02
3.62500000E-04,injectedCurrent,Node_1,1.57621117E+02
3.62500000E-04,voltage,Node_1,2.66324393E+03
3.62500000E-04,voltage,Node_2,2.68844108E+03
3.62500000E-04,i1,Line_1_e1,1.57622339E+02
3.62500000E-04,i2,Line_1_e1,-1.38496871E+02
3.63000000E-04,injectedCurrent,Node_1,1.56404401E+02
3.63000000E-04,voltage,Node_1,2.64522131E+03
3.63000000E-04,voltage,Node_2,2.67032218E+03
3.63000000E-04,i1,Line_1_e1,1.56405560E+02
3.63000000E-04,i2,Line_1_e1,-1.37427324E+02
3.63500000E-04,injectedCurrent,Node_1,1.55192323E+02
3.63500000E-04,voltage,Node_1,2.62726987E+03
3.63500000E-04,voltage,Node_2,2.65227405E+03
3.63500000E-04,i1,Line_1_e1,1.55193419E+02
3.63500000E-04,i2,Line_1_e1,-1.36361839E+02
3.64000000E-04,injectedCurrent,Node_1,1.53984630E+02
3.64000000E-04,voltage,Node_1,2.60937965E+03
3.64000000E-04,voltage,Node_2,2.63429662E+03
3.64000000E-04,i1,Line_1_e1,1.53985661E+02
3.64000000E-04,i2,Line_1_e1,-1.35300267E+02
3.64500000E-04,injectedCurrent,Node_1,1.52781062E+02
3.64500000E-04,voltage,Node_1,2.59155340E+03
3.64500000E-04,voltage,Node_2,2.61638282E+03
3.64500000E-04,i1,Line_1_e1,1.52782027E+02
3.64500000E-04,i2,Line_1_e1,-1.34242308E+02
3.65000000E-04,injectedCurrent,Node_1,1.51581356E+02
3.65000000E-04,voltage,Node_1,2.57378085E+03
3.65000000E-04,voltage,Node_2,2.59853250E+03
3.65000000E-04,i1,Line_1_e1,1.51582254E+02
3.65000000E-04,i2,Line_1_e1,-1.33187805E+02
3.65500000E-04,injectedCurrent,Node_1,1.50385242E+02
3.65500000E-04,voltage,Node_1,2.55606478E+03
3.65500000E-04,voltage,Node_2,2.58073840E+03
3.65500000E-04,i1,Line_1_e1,1.50386071E+02
3.65500000E-04,i2,Line_1_e1,-1.32136446E+02
3.66000000E-04,injectedCurrent,Node_1,1.49192447E+02
3.66000000E-04,voltage,Node_1,2.53839463E+03
3.66000000E-04,voltage,Node_2,2.56300028E+03
3.66000000E-04,i1,Line_1_e1,1.49193207E+02
3.66000000E-04,i2,Line_1_e1,-1.31088067E+02
3.66500000E-04,injectedCurrent,Node_1,1.48002692E+02
3.66500000E-04,voltage,Node_1,2.52077320E+03
3.66500000E-04,voltage,Node_2,2.54531066E+03
3.66500000E-04,i1,Line_1_e1,1.48003381E+02
3.66500000E-04,i2,Line_1_e1,-1.30042347E+02
3.67000000E-04,injectedCurrent,Node_1,1.46815694E+02
3.67000000E-04,voltage,Node_1,2.50318966E+03
3.67000000E-04,voltage,Node_2,2.52766928E+03
3.67000000E-04,i1,Line_1_e1,1.46816312E+02
3.67000000E-04,i2,Line_1_e1,-1.28999116E+02
3.67500000E-04,injectedCurrent,Node_1,1.45631168E+02
3.67500000E-04,voltage,Node_1,2.48564683E+03
3.67500000E-04,voltage,Node_2,2.51006843E+03
3.67500000E-04,i1,Line_1_e1,1.45631713E+02
3.67500000E-04,i2,Line_1_e1,-1.27958045E+02
3.68000000E-04,injectedCurrent,Node_1,1.44448821E+02
3.68000000E-04,voltage,Node_1,2.46813364E+03
3.68000000E-04,voltage,Node_2,2.49250782E+03
3.68000000E-04,i1,Line_1_e1,1.44449293E+02
3.68000000E-04,i2,Line_1_e1,-1.26918956E+02
3.68500000E-04,injectedCurrent,Node_1,1.43268361E+02
3.68500000E-04,voltage,Node_1,2.45065296E+03
3.68500000E-04,voltage,Node_2,2.47497957E+03
3.68500000E-04,i1,Line_1_e1,1.43268758E+02
3.68500000E-04,i2,Line_1_e1,-1.25881513E+02
3.69000000E-04,injectedCurrent,Node_1,1.42089489E+02
3.69000000E-04,voltage,Node_1,2.43319348E+03
3.69000000E-04,voltage,Node_2,2.45748335E+03
3.69000000E-04,i1,Line_1_e1,1.42089811E+02
3.69000000E-04,i2,Line_1_e1,-1.24845535E+02
3.69500000E-04,injectedCurrent,Node_1,1.40911907E+02
3.69500000E-04,voltage,Node_1,2.41575815E+03
3.69500000E-04,voltage,Node_2,2.44001109E+03
3.69500000E-04,i1,Line_1_e1,1.40912153E+02
3.69500000E-04,i2,Line_1_e1,-1.23810678E+02
3.70000000E-04,injectedCurrent,Node_1,1.39735311E+02
3.70000000E-04,voltage,Node_1,2.39833542E+03
3.70000000E-04,voltage,Node_2,2.42256251E+03
3.70000000E-04,i1,Line_1_e1,1.39735482E+02
3.70000000E-04,i2,Line_1_e1,-1.22776759E+02
3.70500000E-04,injectedCurrent,Node_1,1.38559399E+02
3.70500000E-04,voltage,Node_1,2.38092837E+03
3.70500000E-04,voltage,Node_2,2.40512936E+03
3.70500000E-04,i1,Line_1_e1,1.38559493E+02
3.70500000E-04,i2,Line_1_e1,-1.21743426E+02
3.71000000E-04,injectedCurrent,Node_1,1.37383864E+02
3.71000000E-04,voltage,Node_1,2.36352523E+03
3.71000000E-04,voltage,Node_2,2.38771138E+03
3.71000000E-04,i1,Line_1_e1,1.37383881E+02
3.71000000E-04,i2,Line_1_e1,-1.20710498E+02
3.71500000E-04,injectedCurrent,Node_1,1.36208400E+02
3.71500000E-04,voltage,Node_1,2.34612924E+03
3.71500000E-04,voltage,Node_2,2.37030022E+03
3.71500000E-04,i1,Line_1_e1,1.36208341E+02
3.71500000E-04,i2,Line_1_e1,-1.19677620E+02
3.72000000E-04,injectedCurrent,Node_1,1.35032702E+02
3.72000000E-04,voltage,Node_1,2.32872844E+03
3.72000000E-04,voltage,Node_2,2.35289566E+03
3.72000000E-04,i1,Line_1_e1,1.35032567E+02
3.72000000E-04,i2,Line_1_e1,-1.18644608E+02
3.72500000E-04,injectedCurrent,Node_1,1.33856463E+02
3.72500000E-04,voltage,Node_1,2.31132624E+03
3.72500000E-04,voltage,Node_2,2.33548925E+03
3.72500000E-04,i1,Line_1_e1,1.33856251E+02
3.72500000E-04,i2,Line_1_e1,-1.17611108E+02
3.73000000E-04,injectedCurrent,Node_1,1.32679378E+02
3.73000000E-04,voltage,Node_1,2.29391055E+03
3.73000000E-04,voltage,Node_2,2.31808087E+03
3.73000000E-04,i1,Line_1_e1,1.32679090E+02
3.73000000E-04,i2,Line_1_e1,-1.16576938E+02
3.73500000E-04,injectedCurrent,Node_1,1.31501143E+02
3.73500000E-04,voltage,Node_1,2.27648499E+03
3.73500000E-04,voltage,Node_2,2.30066199E+03
3.73500000E-04,i1,Line_1_e1,1.31500781E+02
3.73500000E-04,i2,Line_1_e1,-1.15541744E+02
3.74000000E-04,injectedCurrent,Node_1,1.30321459E+02
3.74000000E-04,voltage,Node_1,2.25903736E+03
3.74000000E-04,voltage,Node_2,2.28323263E+03
3.74000000E-04,i1,Line_1_e1,1.30321022E+02
3.74000000E-04,i2,Line_1_e1,-1.14505350E+02
3.74500000E-04,injectedCurrent,Node_1,1.29140026E+02
3.74500000E-04,voltage,Node_1,2.24157153E+03
3.74500000E-04,voltage,Node_2,2.26578422E+03
3.74500000E-04,i1,Line_1_e1,1.29139515E+02
3.74500000E-04,i2,Line_1_e1,-1.13467404E+02
3.75000000E-04,injectedCurrent,Node_1,1.27956550E+02
3.75000000E-04,voltage,Node_1,2.22407522E+03
3.75000000E-04,voltage,Node_2,2.24831696E+03
3.75000000E-04,i1,Line_1_e1,1.27955966E+02
3.75000000E-04,i2,Line_1_e1,-1.12427738E+02
3.75500000E-04,injectedCurrent,Node_1,1.26770741E+02
3.75500000E-04,voltage,Node_1,2.20655263E+03
3.75500000E-04,voltage,Node_2,2.23082225E+03
3.75500000E-04,i1,Line_1_e1,1.26770087E+02
3.75500000E-04,i2,Line_1_e1,-1.11386005E+02
3.76000000E-04,injectedCurrent,Node_1,1.25582315E+02
3.76000000E-04,voltage,Node_1,2.18899141E+03
3.76000000E-04,voltage,Node_2,2.21330054E+03
3.76000000E-04,i1,Line_1_e1,1.25581591E+02
3.76000000E-04,i2,Line_1_e1,-1.10342049E+02
3.76500000E-04,injectedCurrent,Node_1,1.24390994E+02
3.76500000E-04,voltage,Node_1,2.17139614E+03
3.76500000E-04,voltage,Node_2,2.19574327E+03
3.76500000E-04,i1,Line_1_e1,1.24390202E+02
3.76500000E-04,i2,Line_1_e1,-1.09295528E+02
3.77000000E-04,injectedCurrent,Node_1,1.23196506E+02
3.77000000E-04,voltage,Node_1,2.15375445E+03
3.77000000E-04,voltage,Node_2,2.17815113E+03
3.77000000E-04,i1,Line_1_e1,1.23195648E+02
3.77000000E-04,i2,Line_1_e1,-1.08246300E+02
3.77500000E-04,injectedCurrent,Node_1,1.21998587E+02
3.77500000E-04,voltage,Node_1,2.13607133E+03
3.77500000E-04,voltage,Node_2,2.16051564E+03
3.77500000E-04,i1,Line_1_e1,1.21997665E+02
3.77500000E-04,i2,Line_1_e1,-1.07194036E+02
3.78000000E-04,injectedCurrent,Node_1,1.20796982E+02
3.78000000E-04,voltage,Node_1,2.11833447E+03
3.78000000E-04,voltage,Node_2,2.14283783E+03
3.78000000E-04,i1,Line_1_e1,1.20796000E+02
3.78000000E-04,i2,Line_1_e1,-1.06138610E+02
3.78500000E-04,injectedCurrent,Node_1,1.19591447E+02
3.78500000E-04,voltage,Node_1,2.10054932E+03
3.78500000E-04,voltage,Node_2,2.12510934E+03
3.78500000E-04,i1,Line_1_e1,1.19590406E+02
3.78500000E-04,i2,Line_1_e1,-1.05079705E+02
3.79000000E-04,injectedCurrent,Node_1,1.18381746E+02
3.79000000E-04,voltage,Node_1,2.08270364E+03
3.79000000E-04,voltage,Node_2,2.10733155E+03
3.79000000E-04,i1,Line_1_e1,1.18380649E+02
3.79000000E-04,i2,Line_1_e1,-1.04017215E+02
3.79500000E-04,injectedCurrent,Node_1,1.17167655E+02
3.79500000E-04,voltage,Node_1,2.06480341E+03
3.79500000E-04,voltage,Node_2,2.08949628E+03
3.79500000E-04,i1,Line_1_e1,1.17166505E+02
3.79500000E-04,i2,Line_1_e1,-1.02950840E+02
3.80000000E-04,injectedCurrent,Node_1,1.15948963E+02
3.80000000E-04,voltage,Node_1,2.04683651E+03
3.80000000E-04,voltage,Node_2,2.07160532E+03
3.80000000E-04,i1,Line_1_e1,1.15947764E+02
3.80000000E-04,i2,Line_1_e1,-1.01880497E+02
3.80500000E-04,injectedCurrent,Node_1,1.14725472E+02
3.80500000E-04,voltage,Node_1,2.02880951E+03
3.80500000E-04,voltage,Node_2,2.05365072E+03
3.80500000E-04,i1,Line_1_e1,1.14724226E+02
3.80500000E-04,i2,Line_1_e1,-1.00805905E+02
3.81000000E-04,injectedCurrent,Node_1,1.13496997E+02
3.81000000E-04,voltage,Node_1,2.01071044E+03
3.81000000E-04,voltage,Node_2,2.03563474E+03
3.81000000E-04,i1,Line_1_e1,1.13495709E+02
3.81000000E-04,i2,Line_1_e1,-9.97270073E+01
3.81500000E-04,injectedCurrent,Node_1,1.12263369E+02
3.81500000E-04,voltage,Node_1,1.99254651E+03
3.81500000E-04,voltage,Node_2,2.01754967E+03
3.81500000E-04,i1,Line_1_e1,1.12262042E+02
3.81500000E-04,i2,Line_1_e1,-9.86435463E+01
3.82000000E-04,injectedCurrent,Node_1,1.11024433E+02
3.82000000E-04,voltage,Node_1,1.97430597E+03
3.82000000E-04,voltage,Node_2,1.99939833E+03
3.82000000E-04,i1,Line_1_e1,1.11023072E+02
3.82000000E-04,i2,Line_1_e1,-9.75554944E+01
3.82500000E-04,injectedCurrent,Node_1,1.09780053E+02
3.82500000E-04,voltage,Node_1,1.95599670E+03
3.82500000E-04,voltage,Node_2,1.98117329E+03
3.82500000E-04,i1,Line_1_e1,1.09778662E+02
3.82500000E-04,i2,Line_1_e1,-9.64626189E+01
3.83000000E-04,injectedCurrent,Node_1,1.08530108E+02
3.83000000E-04,voltage,Node_1,1.93760722E+03
3.83000000E-04,voltage,Node_2,1.96287795E+03
3.83000000E-04,i1,Line_1_e1,1.08528692E+02
3.83000000E-04,i2,Line_1_e1,-9.53649248E+01
3.83500000E-04,injectedCurrent,Node_1,1.07274498E+02
3.83500000E-04,voltage,Node_1,1.91914615E+03
3.83500000E-04,voltage,Node_2,1.94450524E+03
3.83500000E-04,i1,Line_1_e1,1.07273061E+02
3.83500000E-04,i2,Line_1_e1,-9.42622079E+01
3.84000000E-04,injectedCurrent,Node_1,1.06013139E+02
3.84000000E-04,voltage,Node_1,1.90060229E+03
3.84000000E-04,voltage,Node_2,1.92605919E+03
3.84000000E-04,i1,Line_1_e1,1.06011686E+02
3.84000000E-04,i2,Line_1_e1,-9.31545085E+01
3.84500000E-04,injectedCurrent,Node_1,1.04745969E+02
3.84500000E-04,voltage,Node_1,1.88198505E+03
3.84500000E-04,voltage,Node_2,1.90753311E+03
3.84500000E-04,i1,Line_1_e1,1.04744505E+02
3.84500000E-04,i2,Line_1_e1,-9.20416534E+01
3.85000000E-04,injectedCurrent,Node_1,1.03472945E+02
3.85000000E-04,voltage,Node_1,1.86328354E+03
3.85000000E-04,voltage,Node_2,1.88893170E+03
3.85000000E-04,i1,Line_1_e1,1.03471476E+02
3.85000000E-04,i2,Line_1_e1,-9.09237208E+01
3.85500000E-04,injectedCurrent,Node_1,1.02194045E+02
3.85500000E-04,voltage,Node_1,1.84450803E+03
3.85500000E-04,voltage,Node_2,1.87024871E+03
3.85500000E-04,i1,Line_1_e1,1.02192576E+02
3.85500000E-04,i2,Line_1_e1,-8.98005711E+01
3.86000000E-04,injectedCurrent,Node_1,1.00909270E+02
3.86000000E-04,voltage,Node_1,1.82564797E+03
3.86000000E-04,voltage,Node_2,1.85148955E+03
3.86000000E-04,i1,Line_1_e1,1.00907807E+02
3.86000000E-04,i2,Line_1_e1,-8.86723228E+01
3.86500000E-04,injectedCurrent,Node_1,9.96186432E+01
3.86500000E-04,voltage,Node_1,1.80671451E+03
3.86500000E-04,voltage,Node_2,1.83264843E+03
3.86500000E-04,i1,Line_1_e1,9.96171915E+01
3.86500000E-04,i2,Line_1_e1,-8.75388720E+01
3.87000000E-04,injectedCurrent,Node_1,9.83222093E+01
3.87000000E-04,voltage,Node_1,1.78769747E+03
3.87000000E-04,voltage,Node_2,1.81373153E+03
3.87000000E-04,i1,Line_1_e1,9.83207748E+01
3.87000000E-04,i2,Line_1_e1,-8.64003798E+01
3.87500000E-04,injectedCurrent,Node_1,9.70200374E+01
3.87500000E-04,voltage,Node_1,1.76860893E+03
3.87500000E-04,voltage,Node_2,1.79473354E+03
3.87500000E-04,i1,Line_1_e1,9.70186260E+01
3.87500000E-04,i2,Line_1_e1,-8.52567795E+01
3.88000000E-04,injectedCurrent,Node_1,9.57122199E+01
3.88000000E-04,voltage,Node_1,1.74943907E+03
3.88000000E-04,voltage,Node_2,1.77566142E+03
3.88000000E-04,i1,Line_1_e1,9.57108376E+01
3.88000000E-04,i2,Line_1_e1,-8.41082765E+01
3.88500000E-04,injectedCurrent,Node_1,9.43988733E+01
3.88500000E-04,voltage,Node_1,1.73020094E+03
3.88500000E-04,voltage,Node_2,1.75651036E+03
3.88500000E-04,i1,Line_1_e1,9.43975262E+01
3.88500000E-04,i2,Line_1_e1,-8.29548429E+01
3.89000000E-04,injectedCurrent,Node_1,9.30801386E+01
3.89000000E-04,voltage,Node_1,1.71088512E+03
3.89000000E-04,voltage,Node_2,1.73728817E+03
3.89000000E-04,i1,Line_1_e1,9.30788329E+01
3.89000000E-04,i2,Line_1_e1,-8.17967298E+01
3.89500000E-04,injectedCurrent,Node_1,9.17561811E+01
3.89500000E-04,voltage,Node_1,1.69150561E+03
3.89500000E-04,voltage,Node_2,1.71799055E+03
3.89500000E-04,i1,Line_1_e1,9.17549230E+01
3.89500000E-04,i2,Line_1_e1,-8.06339487E+01
3.90000000E-04,injectedCurrent,Node_1,9.04271911E+01
3.90000000E-04,voltage,Node_1,1.67205341E+03
3.90000000E-04,voltage,Node_2,1.69862613E+03
3.90000000E-04,i1,Line_1_e1,9.04259867E+01
3.90000000E-04,i2,Line_1_e1,-7.94667975E+01
3.90500000E-04,injectedCurrent,Node_1,8.90933833E+01
3.90500000E-04,voltage,Node_1,1.65254349E+03
3.90500000E-04,voltage,Node_2,1.67919116E+03
3.90500000E-04,i1,Line_1_e1,8.90922388E+01
3.90500000E-04,i2,Line_1_e1,-7.82953277E+01
3.91000000E-04,injectedCurrent,Node_1,8.77549976E+01
3.91000000E-04,voltage,Node_1,1.63296726E+03
3.91000000E-04,voltage,Node_2,1.65969511E+03
3.91000000E-04,i1,Line_1_e1,8.77539191E+01
3.91000000E-04,i2,Line_1_e1,-7.71198838E+01
3.91500000E-04,injectedCurrent,Node_1,8.64122981E+01
3.91500000E-04,voltage,Node_1,1.61334067E+03
3.91500000E-04,voltage,Node_2,1.64013475E+03
3.91500000E-04,i1,Line_1_e1,8.64112918E+01
3.91500000E-04,i2,Line_1_e1,-7.59405576E+01
3.92000000E-04,injectedCurrent,Node_1,8.50655737E+01
3.92000000E-04,voltage,Node_1,1.59365550E+03
3.92000000E-04,voltage,Node_2,1.62052043E+03
3.92000000E-04,i1,Line_1_e1,8.50646457E+01
3.92000000E-04,i2,Line_1_e1,-7.47577403E+01
3.92500000E-04,injectedCurrent,Node_1,8.37151375E+01
3.92500000E-04,voltage,Node_1,1.57392872E+03
3.92500000E-04,voltage,Node_2,1.60084943E+03
3.92500000E-04,i1,Line_1_e1,8.37142938E+01
3.92500000E-04,i2,Line_1_e1,-7.35715627E+01
3.93000000E-04,injectedCurrent,Node_1,8.23613266E+01
3.93000000E-04,voltage,Node_1,1.55415243E+03
3.93000000E-04,voltage,Node_2,1.58113293E+03
3.93000000E-04,i1,Line_1_e1,8.23605730E+01
3.93000000E-04,i2,Line_1_e1,-7.23824623E+01
3.93500000E-04,injectedCurrent,Node_1,8.10045015E+01
3.93500000E-04,voltage,Node_1,1.53434461E+03
3.93500000E-04,voltage,Node_2,1.56136871E+03
3.93500000E-04,i1,Line_1_e1,8.10038438E+01
3.93500000E-04,i2,Line_1_e1,-7.11906079E+01
3.94000000E-04,injectedCurrent,Node_1,7.96450459E+01
3.94000000E-04,voltage,Node_1,1.51449767E+03
3.94000000E-04,voltage,Node_2,1.54156882E+03
3.94000000E-04,i1,Line_1_e1,7.96444898E+01
3.94000000E-04,i2,Line_1_e1,-6.99964818E+01
3.94500000E-04,injectedCurrent,Node_1,7.82833659E+01
3.94500000E-04,voltage,Node_1,1.49463054E+03
3.94500000E-04,voltage,Node_2,1.52173148E+03
3.94500000E-04,i1,Line_1_e1,7.82829168E+01
3.94500000E-04,i2,Line_1_e1,-6.88002891E+01
3.95000000E-04,injectedCurrent,Node_1,7.69198896E+01
3.95000000E-04,voltage,Node_1,1.47473592E+03
3.95000000E-04,voltage,Node_2,1.50186956E+03
3.95000000E-04,i1,Line_1_e1,7.69195528E+01
3.95000000E-04,i2,Line_1_e1,-6.76025549E+01
3.95500000E-04,injectedCurrent,Node_1,7.55550660E+01
3.95500000E-04,voltage,Node_1,1.45483369E+03
3.95500000E-04,voltage,Node_2,1.48198173E+03
3.95500000E-04,i1,Line_1_e1,7.55548465E+01
3.95500000E-04,i2,Line_1_e1,-6.64035182E+01
3.96000000E-04,injectedCurrent,Node_1,7.41893645E+01
3.96000000E-04,voltage,Node_1,1.43491674E+03
3.96000000E-04,voltage,Node_2,1.46208164E+03
3.96000000E-04,i1,Line_1_e1,7.41892672E+01
3.96000000E-04,i2,Line_1_e1,-6.52037449E+01
3.96500000E-04,injectedCurrent,Node_1,7.28232740E+01
3.96500000E-04,voltage,Node_1,1.41500587E+03
3.96500000E-04,voltage,Node_2,1.44216832E+03
3.96500000E-04,i1,Line_1_e1,7.28233036E+01
3.96500000E-04,i2,Line_1_e1,-6.40035049E+01
3.97000000E-04,injectedCurrent,Node_1,7.14573018E+01
3.97000000E-04,voltage,Node_1,1.39509414E+03
3.97000000E-04,voltage,Node_2,1.42225619E+03
3.97000000E-04,i1,Line_1_e1,7.14574626E+01
3.97000000E-04,i2,Line_1_e1,-6.28034015E+01
3.97500000E-04,injectedCurrent,Node_1,7.00919727E+01
3.97500000E-04,voltage,Node_1,1.37520319E+03
3.97500000E-04,voltage,Node_2,1.40234462E+03
3.97500000E-04,i1,Line_1_e1,7.00922688E+01
3.97500000E-04,i2,Line_1_e1,-6.16037323E+01
3.98000000E-04,injectedCurrent,Node_1,6.87278280E+01
3.98000000E-04,voltage,Node_1,1.35532619E+03
3.98000000E-04,voltage,Node_2,1.38244871E+03
3.98000000E-04,i1,Line_1_e1,6.87282631E+01
3.98000000E-04,i2,Line_1_e1,-6.04051348E+01
3.98500000E-04,injectedCurrent,Node_1,6.73654238E+01
3.98500000E-04,voltage,Node_1,1.33548559E+03
3.98500000E-04,voltage,Node_2,1.36256810E+03
3.98500000E-04,i1,Line_1_e1,6.73660016E+01
3.98500000E-04,i2,Line_1_e1,-5.92079302E+01
3.99000000E-04,injectedCurrent,Node_1,6.60053307E+01
3.99000000E-04,voltage,Node_1,1.31567454E+03
3.99000000E-04,voltage,Node_2,1.34271855E+03
3.99000000E-04,i1,Line_1_e1,6.60060542E+01
3.99000000E-04,i2,Line_1_e1,-5.80127864E+01
3.99500000E-04,injectedCurrent,Node_1,6.46481316E+01
3.99500000E-04,voltage,Node_1,1.29591629E+03
3.99500000E-04,voltage,Node_2,1.32289989E+03
3.99500000E-04,i1,Line_1_e1,6.46490038E+01
3.99500000E-04,i2,Line_1_e1,-5.68200435E+01
4.00000000E-04,injectedCurrent,Node_1,6.32944212E+01
4.00000000E-04,voltage,Node_1,1.27620389E+03
4.00000000E-04,voltage,Node_2,1.30312845E+03
4.00000000E-04,i1,Line_1_e1,6.32954444E+01
4.00000000E-04,i2,Line_1_e1,-5.56303957E+01
4.00500000E-04,injectedCurrent,Node_1,6.19448038E+01
4.00500000E-04,voltage,Node_1,1.25656128E+03
4.00500000E-04,voltage,Node_2,1.28340419E+03
4.00500000E-04,i1,Line_1_e1,6.19459803E+01
4.00500000E-04,i2,Line_1_e1,-5.44441974E+01
4.01000000E-04,injectedCurrent,Node_1,6.05998925E+01
4.01000000E-04,voltage,Node_1,1.23698137E+03
4.01000000E-04,voltage,Node_2,1.26374396E+03
4.01000000E-04,i1,Line_1_e1,6.06012241E+01
4.01000000E-04,i2,Line_1_e1,-5.32621641E+01
4.01500000E-04,injectedCurrent,Node_1,5.92603076E+01
4.01500000E-04,voltage,Node_1,1.21748872E+03
4.01500000E-04,voltage,Node_2,1.24414775E+03
4.01500000E-04,i1,Line_1_e1,5.92617956E+01
4.01500000E-04,i2,Line_1_e1,-5.20846596E+01
4.02000000E-04,injectedCurrent,Node_1,5.79266748E+01
4.02000000E-04,voltage,Node_1,1.19807595E+03
4.02000000E-04,voltage,Node_2,1.22463288E+03
4.02000000E-04,i1,Line_1_e1,5.79283204E+01
4.02000000E-04,i2,Line_1_e1,-5.09124157E+01
4.02500000E-04,injectedCurrent,Node_1,5.65996243E+01
4.02500000E-04,voltage,Node_1,1.17876822E+03
4.02500000E-04,voltage,Node_2,1.20519924E+03
4.02500000E-04,i1,Line_1_e1,5.66014280E+01
4.02500000E-04,i2,Line_1_e1,-4.97458000E+01
4.03000000E-04,injectedCurrent,Node_1,5.52797886E+01
4.03000000E-04,voltage,Node_1,1.15955776E+03
4.03000000E-04,voltage,Node_2,1.18586455E+03
4.03000000E-04,i1,Line_1_e1,5.52817507E+01
4.03000000E-04,i2,Line_1_e1,-4.85855559E+01
4.03500000E-04,injectedCurrent,Node_1,5.39678013E+01
4.03500000E-04,voltage,Node_1,1.14047025E+03
4.03500000E-04,voltage,Node_2,1.16662856E+03
4.03500000E-04,i1,Line_1_e1,5.39699217E+01
4.03500000E-04,i2,Line_1_e1,-4.74320491E+01
4.04000000E-04,injectedCurrent,Node_1,5.26642954E+01
4.04000000E-04,voltage,Node_1,1.12149743E+03
4.04000000E-04,voltage,Node_2,1.14750927E+03
4.04000000E-04,i1,Line_1_e1,5.26665736E+01
4.04000000E-04,i2,Line_1_e1,-4.62860289E+01
4.04500000E-04,injectedCurrent,Node_1,5.13699020E+01
4.04500000E-04,voltage,Node_1,1.10266540E+03
4.04500000E-04,voltage,Node_2,1.12850618E+03
4.04500000E-04,i1,Line_1_e1,5.13723370E+01
4.04500000E-04,i2,Line_1_e1,-4.51478538E+01
4.05000000E-04,injectedCurrent,Node_1,5.00852484E+01
4.05000000E-04,voltage,Node_1,1.08396535E+03
4.05000000E-04,voltage,Node_2,1.10963754E+03
4.05000000E-04,i1,Line_1_e1,5.00878388E+01
4.05000000E-04,i2,Line_1_e1,-4.40182739E+01
4.05500000E-04,injectedCurrent,Node_1,4.88109565E+01
4.05500000E-04,voltage,Node_1,1.06542373E+03
4.05500000E-04,voltage,Node_2,1.09090248E+03
4.05500000E-04,i1,Line_1_e1,4.88137008E+01
4.05500000E-04,i2,Line_1_e1,-4.28976344E+01
4.06000000E-04,injectedCurrent,Node_1,4.75476418E+01
4.06000000E-04,voltage,Node_1,1.04703102E+03
4.06000000E-04,voltage,Node_2,1.07231940E+03
4.06000000E-04,i1,Line_1_e1,4.75505378E+01
4.06000000E-04,i2,Line_1_e1,-4.17866810E+01
4.06500000E-04,injectedCurrent,Node_1,4.62959111E+01
4.06500000E-04,voltage,Node_1,1.02881399E+03
4.06500000E-04,voltage,Node_2,1.05388700E+03
4.06500000E-04,i1,Line_1_e1,4.62989564E+01
4.06500000E-04,i2,Line_1_e1,-4.06857400E+01
4.07000000E-04,injectedCurrent,Node_1,4.50563617E+01
4.07000000E-04,voltage,Node_1,1.01076234E+03
4.07000000E-04,voltage,Node_2,1.03562373E+03
4.07000000E-04,i1,Line_1_e1,4.50595535E+01
4.07000000E-04,i2,Line_1_e1,-3.95955475E+01
4.07500000E-04,injectedCurrent,Node_1,4.38295794E+01
4.07500000E-04,voltage,Node_1,9.92903051E+02
4.07500000E-04,voltage,Node_2,1.01752777E+03
4.07500000E-04,i1,Line_1_e1,4.38329145E+01
4.07500000E-04,i2,Line_1_e1,-3.85164056E+01
4.08000000E-04,injectedCurrent,Node_1,4.26161375E+01
4.08000000E-04,voltage,Node_1,9.75224937E+02
4.08000000E-04,voltage,Node_2,9.99617580E+02
4.08000000E-04,i1,Line_1_e1,4.26196123E+01
4.08000000E-04,i2,Line_1_e1,-3.74490357E+01
4.08500000E-04,injectedCurrent,Node_1,4.14165949E+01
4.08500000E-04,voltage,Node_1,9.57755154E+02
4.08500000E-04,voltage,Node_2,9.81890686E+02
4.08500000E-04,i1,Line_1_e1,4.14202057E+01
4.08500000E-04,i2,Line_1_e1,-3.63937104E+01
4.09000000E-04,injectedCurrent,Node_1,4.02314954E+01
4.09000000E-04,voltage,Node_1,9.40481532E+02
4.09000000E-04,voltage,Node_2,9.64365482E+02
4.09000000E-04,i1,Line_1_e1,4.02352379E+01
4.09000000E-04,i2,Line_1_e1,-3.53511319E+01
4.09500000E-04,injectedCurrent,Node_1,3.90613659E+01
4.09500000E-04,voltage,Node_1,9.23431344E+02
4.09500000E-04,voltage,Node_2,9.47038783E+02
4.09500000E-04,i1,Line_1_e1,3.90652356E+01
4.09500000E-04,i2,Line_1_e1,-3.43215381E+01
4.10000000E-04,injectedCurrent,Node_1,3.79067153E+01
4.10000000E-04,voltage,Node_1,9.06591342E+02
4.10000000E-04,voltage,Node_2,9.29928851E+02
4.10000000E-04,i1,Line_1_e1,3.79107074E+01
4.10000000E-04,i2,Line_1_e1,-3.33056077E+01
4.10500000E-04,injectedCurrent,Node_1,3.67680333E+01
4.10500000E-04,voltage,Node_1,8.89988874E+02
4.10500000E-04,voltage,Node_2,9.13031697E+02
4.10500000E-04,i1,Line_1_e1,3.67721429E+01
4.10500000E-04,i2,Line_1_e1,-3.23035396E+01
4.11000000E-04,injectedCurrent,Node_1,3.56457896E+01
4.11000000E-04,voltage,Node_1,8.73609522E+02
4.11000000E-04,voltage,Node_2,8.96365396E+02
4.11000000E-04,i1,Line_1_e1,3.56500112E+01
4.11000000E-04,i2,Line_1_e1,-3.13159850E+01
4.11500000E-04,injectedCurrent,Node_1,3.45404324E+01
4.11500000E-04,voltage,Node_1,8.57480676E+02
4.11500000E-04,voltage,Node_2,8.79925076E+02
4.11500000E-04,i1,Line_1_e1,3.45447606E+01
4.11500000E-04,i2,Line_1_e1,-3.03430995E+01
4.12000000E-04,injectedCurrent,Node_1,3.34523878E+01
4.12000000E-04,voltage,Node_1,8.41586668E+02
4.12000000E-04,voltage,Node_2,8.63728581E+02
4.12000000E-04,i1,Line_1_e1,3.34568167E+01
4.12000000E-04,i2,Line_1_e1,-2.93855034E+01
4.12500000E-04,injectedCurrent,Node_1,3.23820586E+01
4.12500000E-04,voltage,Node_1,8.25954900E+02
4.12500000E-04,voltage,Node_2,8.47770085E+02
4.12500000E-04,i1,Line_1_e1,3.23865822E+01
4.12500000E-04,i2,Line_1_e1,-2.84433052E+01
4.13000000E-04,injectedCurrent,Node_1,3.13298239E+01
4.13000000E-04,voltage,Node_1,8.10568382E+02
4.13000000E-04,voltage,Node_2,8.32067159E+02
4.13000000E-04,i1,Line_1_e1,3.13344361E+01
4.13000000E-04,i2,Line_1_e1,-2.75170919E+01
4.13500000E-04,injectedCurrent,Node_1,3.02960378E+01
4.13500000E-04,voltage,Node_1,7.95454511E+02
4.13500000E-04,voltage,Node_2,8.16612959E+02
4.13500000E-04,i1,Line_1_e1,3.03007323E+01
4.13500000E-04,i2,Line_1_e1,-2.66069215E+01
4.14000000E-04,injectedCurrent,Node_1,2.92810295E+01
4.14000000E-04,voltage,Node_1,7.80594906E+02
4.14000000E-04,voltage,Node_2,8.01424754E+02
4.14000000E-04,i1,Line_1_e1,2.92857997E+01
4.14000000E-04,i2,Line_1_e1,-2.57133451E+01
4.14500000E-04,injectedCurrent,Node_1,2.82851019E+01
4.14500000E-04,voltage,Node_1,7.66016953E+02
4.14500000E-04,voltage,Node_2,7.86494628E+02
4.14500000E-04,i1,Line_1_e1,2.82899413E+01
4.14500000E-04,i2,Line_1_e1,-2.48363681E+01
4.15000000E-04,injectedCurrent,Node_1,2.73085318E+01
4.15000000E-04,voltage,Node_1,7.51700825E+02
4.15000000E-04,voltage,Node_2,7.71839526E+02
4.15000000E-04,i1,Line_1_e1,2.73134337E+01
4.15000000E-04,i2,Line_1_e1,-2.39765037E+01
4.15500000E-04,injectedCurrent,Node_1,2.63515693E+01
4.15500000E-04,voltage,Node_1,7.37673898E+02
4.15500000E-04,voltage,Node_2,7.57450414E+02
4.15500000E-04,i1,Line_1_e1,2.63565270E+01
4.15500000E-04,i2,Line_1_e1,-2.31337027E+01
4.16000000E-04,injectedCurrent,Node_1,2.54144374E+01
4.16000000E-04,voltage,Node_1,7.23914849E+02
4.16000000E-04,voltage,Node_2,7.43343903E+02
4.16000000E-04,i1,Line_1_e1,2.54194440E+01
4.16000000E-04,i2,Line_1_e1,-2.23084395E+01
4.16500000E-04,injectedCurrent,Node_1,2.44973317E+01
4.16500000E-04,voltage,Node_1,7.10451061E+02
4.16500000E-04,voltage,Node_2,7.29509801E+02
4.16500000E-04,i1,Line_1_e1,2.45023803E+01
4.16500000E-04,i2,Line_1_e1,-2.15006086E+01
4.17000000E-04,injectedCurrent,Node_1,2.36004206E+01
4.17000000E-04,voltage,Node_1,6.97259669E+02
4.17000000E-04,voltage,Node_2,7.15964386E+02
4.17000000E-04,i1,Line_1_e1,2.36055045E+01
4.17000000E-04,i2,Line_1_e1,-2.07106454E+01
4.17500000E-04,injectedCurrent,Node_1,2.27238450E+01
4.17500000E-04,voltage,Node_1,6.84368092E+02
4.17500000E-04,voltage,Node_2,7.02696280E+02
4.17500000E-04,i1,Line_1_e1,2.27289573E+01
4.17500000E-04,i2,Line_1_e1,-1.99383871E+01
4.18000000E-04,injectedCurrent,Node_1,2.18677185E+01
4.18000000E-04,voltage,Node_1,6.71751891E+02
4.18000000E-04,voltage,Node_2,6.89721436E+02
4.18000000E-04,i1,Line_1_e1,2.18728523E+01
4.18000000E-04,i2,Line_1_e1,-1.91842303E+01
4.18500000E-04,injectedCurrent,Node_1,2.10321273E+01
4.18500000E-04,voltage,Node_1,6.59438553E+02
4.18500000E-04,voltage,Node_2,6.77027272E+02
4.18500000E-04,i1,Line_1_e1,2.10372759E+01
4.18500000E-04,i2,Line_1_e1,-1.84479549E+01
4.19000000E-04,injectedCurrent,Node_1,2.02171305E+01
4.19000000E-04,voltage,Node_1,6.47402039E+02
4.19000000E-04,voltage,Node_2,6.64629436E+02
4.19000000E-04,i1,Line_1_e1,2.02222873E+01
4.19000000E-04,i2,Line_1_e1,-1.77299192E+01
4.19500000E-04,injectedCurrent,Node_1,1.94227607E+01
4.19500000E-04,voltage,Node_1,6.35669957E+02
4.19500000E-04,voltage,Node_2,6.52514127E+02
4.19500000E-04,i1,Line_1_e1,1.94279189E+01
4.19500000E-04,i2,Line_1_e1,-1.70298458E+01
4.20000000E-04,injectedCurrent,Node_1,1.86490238E+01
4.20000000E-04,voltage,Node_1,6.24214645E+02
4.20000000E-04,voltage,Node_2,6.40696722E+02
4.20000000E-04,i1,Line_1_e1,1.86541770E+01
4.20000000E-04,i2,Line_1_e1,-1.63480564E+01
4.20500000E-04,injectedCurrent,Node_1,1.78958998E+01
4.20500000E-04,voltage,Node_1,6.13063887E+02
4.20500000E-04,voltage,Node_2,6.29162194E+02
4.20500000E-04,i1,Line_1_e1,1.79010416E+01
4.20500000E-04,i2,Line_1_e1,-1.56842174E+01
4.21000000E-04,injectedCurrent,Node_1,1.71633431E+01
4.21000000E-04,voltage,Node_1,6.02188388E+02
4.21000000E-04,voltage,Node_2,6.17925689E+02
4.21000000E-04,i1,Line_1_e1,1.71684674E+01
4.21000000E-04,i2,Line_1_e1,-1.50386155E+01
4.21500000E-04,injectedCurrent,Node_1,1.64512834E+01
4.21500000E-04,voltage,Node_1,5.91616177E+02
4.21500000E-04,voltage,Node_2,6.06970958E+02
4.21500000E-04,i1,Line_1_e1,1.64563840E+01
4.21500000E-04,i2,Line_1_e1,-1.44108619E+01
4.22000000E-04,injectedCurrent,Node_1,1.57596260E+01
4.22000000E-04,voltage,Node_1,5.81316314E+02
4.22000000E-04,voltage,Node_2,5.96312966E+02
4.22000000E-04,i1,Line_1_e1,1.57646969E+01
4.22000000E-04,i2,Line_1_e1,-1.38012109E+01
4.22500000E-04,injectedCurrent,Node_1,1.50882523E+01
4.22500000E-04,voltage,Node_1,5.71317151E+02
4.22500000E-04,voltage,Node_2,5.85934249E+02
4.22500000E-04,i1,Line_1_e1,1.50932880E+01
4.22500000E-04,i2,Line_1_e1,-1.32092205E+01
4.23000000E-04,injectedCurrent,Node_1,1.44370213E+01
4.23000000E-04,voltage,Node_1,5.61586103E+02
4.23000000E-04,voltage,Node_2,5.75849647E+02
4.23000000E-04,i1,Line_1_e1,1.44420162E+01
4.23000000E-04,i2,Line_1_e1,-1.26351153E+01
4.23500000E-04,injectedCurrent,Node_1,1.38057697E+01
4.23500000E-04,voltage,Node_1,5.52151927E+02
4.23500000E-04,voltage,Node_2,5.66040498E+02
4.23500000E-04,i1,Line_1_e1,1.38107183E+01
4.23500000E-04,i2,Line_1_e1,-1.20784019E+01
4.24000000E-04,injectedCurrent,Node_1,1.31943127E+01
4.24000000E-04,voltage,Node_1,5.42980390E+02
4.24000000E-04,voltage,Node_2,5.56521582E+02
4.24000000E-04,i1,Line_1_e1,1.31992102E+01
4.24000000E-04,i2,Line_1_e1,-1.15392788E+01
4.24500000E-04,injectedCurrent,Node_1,1.26024456E+01
4.24500000E-04,voltage,Node_1,5.34100753E+02
4.24500000E-04,voltage,Node_2,5.47273057E+02
4.24500000E-04,i1,Line_1_e1,1.26072870E+01
4.24500000E-04,i2,Line_1_e1,-1.10172036E+01
4.25000000E-04,injectedCurrent,Node_1,1.20299440E+01
4.25000000E-04,voltage,Node_1,5.25477135E+02
4.25000000E-04,voltage,Node_2,5.38309714E+02
4.25000000E-04,i1,Line_1_e1,1.20347247E+01
4.25000000E-04,i2,Line_1_e1,-1.05123521E+01
4.25500000E-04,injectedCurrent,Node_1,1.14765651E+01
4.25500000E-04,voltage,Node_1,5.17139400E+02
4.25500000E-04,voltage,Node_2,5.29610552E+02
4.25500000E-04,i1,Line_1_e1,1.14812807E+01
4.25500000E-04,i2,Line_1_e1,-1.00241358E+01
4.26000000E-04,injectedCurrent,Node_1,1.09420484E+01
4.26000000E-04,voltage,Node_1,5.09050021E+02
4.26000000E-04,voltage,Node_2,5.21190455E+02
4.26000000E-04,i1,Line_1_e1,1.09466948E+01
4.26000000E-04,i2,Line_1_e1,-9.55271146E+00
4.26500000E-04,injectedCurrent,Node_1,1.04261172E+01
4.26500000E-04,voltage,Node_1,5.01239574E+02
4.26500000E-04,voltage,Node_2,5.13027286E+02
4.26500000E-04,i1,Line_1_e1,1.04306904E+01
4.26500000E-04,i2,Line_1_e1,-9.09744726E+00
4.27000000E-04,injectedCurrent,Node_1,9.92847904E+00
4.27000000E-04,voltage,Node_1,4.93668887E+02
4.27000000E-04,voltage,Node_2,5.05136103E+02
4.27000000E-04,i1,Line_1_e1,9.93297563E+00
4.27000000E-04,i2,Line_1_e1,-8.65848546E+00
4.27500000E-04,injectedCurrent,Node_1,9.44882726E+00
4.27500000E-04,voltage,Node_1,4.86369360E+02
4.27500000E-04,voltage,Node_2,4.97493660E+02
4.27500000E-04,i1,Line_1_e1,9.45324382E+00
4.27500000E-04,i2,Line_1_e1,-8.23515364E+00
4.28000000E-04,injectedCurrent,Node_1,8.98684170E+00
4.28000000E-04,voltage,Node_1,4.79300177E+02
4.28000000E-04,voltage,Node_2,4.90115276E+02
4.28000000E-04,i1,Line_1_e1,8.99117514E+00
4.28000000E-04,i2,Line_1_e1,-7.82758378E+00
4.28500000E-04,injectedCurrent,Node_1,8.54218990E+00
4.28500000E-04,voltage,Node_1,4.72493680E+02
4.28500000E-04,voltage,Node_2,4.82976623E+02
4.28500000E-04,i1,Line_1_e1,8.54643741E+00
4.28500000E-04,i2,Line_1_e1,-7.43506598E+00
4.29000000E-04,injectedCurrent,Node_1,8.11452813E+00
4.29000000E-04,voltage,Node_1,4.65907408E+02
4.29000000E-04,voltage,Node_2,4.76093372E+02
4.29000000E-04,i1,Line_1_e1,8.11868716E+00
4.29000000E-04,i2,Line_1_e1,-7.05772630E+00
4.29500000E-04,injectedCurrent,Node_1,7.70350248E+00
4.29500000E-04,voltage,Node_1,4.59574763E+02
4.29500000E-04,voltage,Node_2,4.69440135E+02
4.29500000E-04,i1,Line_1_e1,7.70757075E+00
4.29500000E-04,i2,Line_1_e1,-6.69482042E+00
4.30000000E-04,injectedCurrent,Node_1,7.30874991E+00
4.30000000E-04,voltage,Node_1,4.53451635E+02
4.30000000E-04,voltage,Node_2,4.63033028E+02
4.30000000E-04,i1,Line_1_e1,7.31272539E+00
4.30000000E-04,i2,Line_1_e1,-6.34647291E+00
4.30500000E-04,injectedCurrent,Node_1,6.92989925E+00
4.30500000E-04,voltage,Node_1,4.47572611E+02
4.30500000E-04,voltage,Node_2,4.56845630E+02
4.30500000E-04,i1,Line_1_e1,6.93378018E+00
4.30500000E-04,i2,Line_1_e1,-6.01190799E+00
4.31000000E-04,injectedCurrent,Node_1,6.56657230E+00
4.31000000E-04,voltage,Node_1,4.41891920E+02
4.31000000E-04,voltage,Node_2,4.50894596E+02
4.31000000E-04,i1,Line_1_e1,6.57035717E+00
4.31000000E-04,i2,Line_1_e1,-5.69125318E+00
4.31500000E-04,injectedCurrent,Node_1,6.21838482E+00
4.31500000E-04,voltage,Node_1,4.36445464E+02
4.31500000E-04,voltage,Node_2,4.45152489E+02
4.31500000E-04,i1,Line_1_e1,6.22207236E+00
4.31500000E-04,i2,Line_1_e1,-5.38370409E+00
4.32000000E-04,injectedCurrent,Node_1,5.88494750E+00
4.32000000E-04,voltage,Node_1,4.31185794E+02
4.32000000E-04,voltage,Node_2,4.39636602E+02
4.32000000E-04,i1,Line_1_e1,5.88853671E+00
4.32000000E-04,i2,Line_1_e1,-5.08939561E+00
4.32500000E-04,injectedCurrent,Node_1,5.56586700E+00
4.32500000E-04,voltage,Node_1,4.26150255E+02
4.32500000E-04,voltage,Node_2,4.34318497E+02
4.32500000E-04,i1,Line_1_e1,5.56935709E+00
4.32500000E-04,i2,Line_1_e1,-4.80749737E+00
4.33000000E-04,injectedCurrent,Node_1,5.26074685E+00
4.33000000E-04,voltage,Node_1,4.21289696E+02
4.33000000E-04,voltage,Node_2,4.29216200E+02
4.33000000E-04,i1,Line_1_e1,5.26413727E+00
4.33000000E-04,i2,Line_1_e1,-4.53815596E+00
4.33500000E-04,injectedCurrent,Node_1,4.96918839E+00
4.33500000E-04,voltage,Node_1,4.16643040E+02
4.33500000E-04,voltage,Node_2,4.24300286E+02
4.33500000E-04,i1,Line_1_e1,4.97247883E+00
4.33500000E-04,i2,Line_1_e1,-4.28051750E+00
4.34000000E-04,injectedCurrent,Node_1,4.69079169E+00
4.34000000E-04,voltage,Node_1,4.12159402E+02
4.34000000E-04,voltage,Node_2,4.19589612E+02
4.34000000E-04,i1,Line_1_e1,4.69398204E+00
4.34000000E-04,i2,Line_1_e1,-4.03474447E+00
4.34500000E-04,injectedCurrent,Node_1,4.42515638E+00
4.34500000E-04,voltage,Node_1,4.07879416E+02
4.34500000E-04,voltage,Node_2,4.15053768E+02
4.34500000E-04,i1,Line_1_e1,4.42824674E+00
4.34500000E-04,i2,Line_1_e1,-3.79996166E+00
4.35000000E-04,injectedCurrent,Node_1,4.17188250E+00
4.35000000E-04,voltage,Node_1,4.03750424E+02
4.35000000E-04,voltage,Node_2,4.10712539E+02
4.35000000E-04,i1,Line_1_e1,4.17487317E+00
4.35000000E-04,i2,Line_1_e1,-3.57635148E+00
4.35500000E-04,injectedCurrent,Node_1,3.93057130E+00
4.35500000E-04,voltage,Node_1,3.99814905E+02
4.35500000E-04,voltage,Node_2,4.06534532E+02
4.35500000E-04,i1,Line_1_e1,3.93346277E+00
4.35500000E-04,i2,Line_1_e1,-3.36301931E+00
4.36000000E-04,injectedCurrent,Node_1,3.70082596E+00
4.36000000E-04,voltage,Node_1,3.96018379E+02
4.36000000E-04,voltage,Node_2,4.02540554E+02
4.36000000E-04,i1,Line_1_e1,3.70361890E+00
4.36000000E-04,i2,Line_1_e1,-3.16017133E+00
4.36500000E-04,injectedCurrent,Node_1,3.48225239E+00
4.36500000E-04,voltage,Node_1,3.92405310E+02
4.36500000E-04,voltage,Node_2,3.98698222E+02
4.36500000E-04,i1,Line_1_e1,3.48494764E+00
4.36500000E-04,i2,Line_1_e1,-2.96689513E+00
4.37000000E-04,injectedCurrent,Node_1,3.27445981E+00
4.37000000E-04,voltage,Node_1,3.88919336E+02
4.37000000E-04,voltage,Node_2,3.95029461E+02
4.37000000E-04,i1,Line_1_e1,3.27705837E+00
4.37000000E-04,i2,Line_1_e1,-2.78342434E+00
4.37500000E-04,injectedCurrent,Node_1,3.07706148E+00
4.37500000E-04,voltage,Node_1,3.85607042E+02
4.37500000E-04,voltage,Node_2,3.91500881E+02
4.37500000E-04,i1,Line_1_e1,3.07956451E+00
4.37500000E-04,i2,Line_1_e1,-2.60882996E+00
4.38000000E-04,injectedCurrent,Node_1,2.88967527E+00
4.38000000E-04,voltage,Node_1,3.82410114E+02
4.38000000E-04,voltage,Node_2,3.88135622E+02
4.38000000E-04,i1,Line_1_e1,2.89208406E+00
4.38000000E-04,i2,Line_1_e1,-2.44337659E+00
4.38500000E-04,injectedCurrent,Node_1,2.71192420E+00
4.38500000E-04,voltage,Node_1,3.79377406E+02
4.38500000E-04,voltage,Node_2,3.84899265E+02
4.38500000E-04,i1,Line_1_e1,2.71424016E+00
4.38500000E-04,i2,Line_1_e1,-2.28611953E+00
4.39000000E-04,injectedCurrent,Node_1,2.54343699E+00
4.39000000E-04,voltage,Node_1,3.76448564E+02
4.39000000E-04,voltage,Node_2,3.81816255E+02
4.39000000E-04,i1,Line_1_e1,2.54566168E+00
4.39000000E-04,i2,Line_1_e1,-2.13735759E+00
4.39500000E-04,injectedCurrent,Node_1,2.38384854E+00
4.39500000E-04,voltage,Node_1,3.73674857E+02
4.39500000E-04,voltage,Node_2,3.78851113E+02
4.39500000E-04,i1,Line_1_e1,2.38598361E+00
4.39500000E-04,i2,Line_1_e1,-1.99613092E+00
4.40000000E-04,injectedCurrent,Node_1,2.23280037E+00
4.40000000E-04,voltage,Node_1,3.70993799E+02
4.40000000E-04,voltage,Node_2,3.76029688E+02
4.40000000E-04,i1,Line_1_e1,2.23484756E+00
4.40000000E-04,i2,Line_1_e1,-1.86277562E+00
4.40500000E-04,injectedCurrent,Node_1,2.08994098E+00
4.40500000E-04,voltage,Node_1,3.68459221E+02
4.40500000E-04,voltage,Node_2,3.73315397E+02
4.40500000E-04,i1,Line_1_e1,2.09190215E+00
4.40500000E-04,i2,Line_1_e1,-1.73631683E+00
4.41000000E-04,injectedCurrent,Node_1,1.95492628E+00
4.41000000E-04,voltage,Node_1,3.66006398E+02
4.41000000E-04,voltage,Node_2,3.70735586E+02
4.41000000E-04,i1,Line_1_e1,1.95680335E+00
4.41000000E-04,i2,Line_1_e1,-1.61713085E+00
4.41500000E-04,injectedCurrent,Node_1,1.82741986E+00
4.41500000E-04,voltage,Node_1,3.63691875E+02
4.41500000E-04,voltage,Node_2,3.68252522E+02
4.41500000E-04,i1,Line_1_e1,1.82921483E+00
4.41500000E-04,i2,Line_1_e1,-1.50422755E+00
4.42000000E-04,injectedCurrent,Node_1,1.70709331E+00
4.42000000E-04,voltage,Node_1,3.61448568E+02
4.42000000E-04,voltage,Node_2,3.65895141E+02
4.42000000E-04,i1,Line_1_e1,1.70880823E+00
4.42000000E-04,i2,Line_1_e1,-1.39802616E+00
4.42500000E-04,injectedCurrent,Node_1,1.59362643E+00
4.42500000E-04,voltage,Node_1,3.59335898E+02
4.42500000E-04,voltage,Node_2,3.63624498E+02
4.42500000E-04,i1,Line_1_e1,1.59526341E+00
4.42500000E-04,i2,Line_1_e1,-1.29752067E+00
4.43000000E-04,injectedCurrent,Node_1,1.48670746E+00
4.43000000E-04,voltage,Node_1,3.57284283E+02
4.43000000E-04,voltage,Node_2,3.61471218E+02
4.43000000E-04,i1,Line_1_e1,1.48826865E+00
4.43000000E-04,i2,Line_1_e1,-1.20317582E+00
4.43500000E-04,injectedCurrent,Node_1,1.38603327E+00
4.43500000E-04,voltage,Node_1,3.55356186E+02
4.43500000E-04,voltage,Node_2,3.59395077E+02
4.43500000E-04,i1,Line_1_e1,1.38752087E+00
4.43500000E-04,i2,Line_1_e1,-1.11396873E+00
4.44000000E-04,injectedCurrent,Node_1,1.29130949E+00
4.44000000E-04,voltage,Node_1,3.53479377E+02
4.44000000E-04,voltage,Node_2,3.57428484E+02
4.44000000E-04,i1,Line_1_e1,1.29272572E+00
4.44000000E-04,i2,Line_1_e1,-1.03041209E+00
4.44500000E-04,injectedCurrent,Node_1,1.20225061E+00
4.44500000E-04,voltage,Node_1,3.51719535E+02
4.44500000E-04,voltage,Node_2,3.55529857E+02
4.44500000E-04,i1,Line_1_e1,1.20359770E+00
4.44500000E-04,i2,Line_1_e1,-9.51464797E-01
4.45000000E-04,injectedCurrent,Node_1,1.11858008E+00
4.45000000E-04,voltage,Node_1,3.50001616E+02
4.45000000E-04,voltage,Node_2,3.53733490E+02
4.45000000E-04,i1,Line_1_e1,1.11986029E+00
4.45000000E-04,i2,Line_1_e1,-8.77689854E-01
4.45500000E-04,injectedCurrent,Node_1,1.04003036E+00
4.45500000E-04,voltage,Node_1,3.48394697E+02
4.45500000E-04,voltage,Node_2,3.51996355E+02
4.45500000E-04,i1,Line_1_e1,1.04124593E+00
4.45500000E-04,i2,Line_1_e1,-8.08026184E-01
4.46000000E-04,injectedCurrent,Node_1,9.66342909E-01
4.46000000E-04,voltage,Node_1,3.46820737E+02
4.46000000E-04,voltage,Node_2,3.50354734E+02
4.46000000E-04,i1,Line_1_e1,9.67496102E-01
4.46000000E-04,i2,Line_1_e1,-7.43089412E-01
4.46500000E-04,injectedCurrent,Node_1,8.97268230E-01
4.46500000E-04,voltage,Node_1,3.45352406E+02
4.46500000E-04,voltage,Node_2,3.48764051E+02
4.46500000E-04,i1,Line_1_e1,8.98361294E-01
4.46500000E-04,i2,Line_1_e1,-6.81796404E-01
4.47000000E-04,injectedCurrent,Node_1,8.32565808E-01
4.47000000E-04,voltage,Node_1,3.43908467E+02
4.47000000E-04,voltage,Node_2,3.47262689E+02
4.47000000E-04,i1,Line_1_e1,8.33600979E-01
4.47000000E-04,i2,Line_1_e1,-6.24817659E-01
4.47500000E-04,injectedCurrent,Node_1,7.72004071E-01
4.47500000E-04,voltage,Node_1,3.42565386E+02
4.47500000E-04,voltage,Node_2,3.45804410E+02
4.47500000E-04,i1,Line_1_e1,7.72983566E-01
4.47500000E-04,i2,Line_1_e1,-5.71045553E-01
4.48000000E-04,injectedCurrent,Node_1,7.15360314E-01
4.48000000E-04,voltage,Node_1,3.41238512E+02
4.48000000E-04,voltage,Node_2,3.44429812E+02
4.48000000E-04,i1,Line_1_e1,7.16286325E-01
4.48000000E-04,i2,Line_1_e1,-5.21207729E-01
4.48500000E-04,injectedCurrent,Node_1,6.62420603E-01
4.48500000E-04,voltage,Node_1,3.40008327E+02
4.48500000E-04,voltage,Node_2,3.43090875E+02
4.48500000E-04,i1,Line_1_e1,6.63295296E-01
4.48500000E-04,i2,Line_1_e1,-4.74169292E-01
4.49000000E-04,injectedCurrent,Node_1,6.12979666E-01
4.49000000E-04,voltage,Node_1,3.38786528E+02
4.49000000E-04,voltage,Node_2,3.41830530E+02
4.49000000E-04,i1,Line_1_e1,6.13805175E-01
4.49000000E-04,i2,Line_1_e1,-4.30717340E-01
4.49500000E-04,injectedCurrent,Node_1,5.66840763E-01
4.49500000E-04,voltage,Node_1,3.37657850E+02
4.49500000E-04,voltage,Node_2,3.40598842E+02
4.49500000E-04,i1,Line_1_e1,5.67619183E-01
4.49500000E-04,i2,Line_1_e1,-3.89686590E-01
4.50000000E-04,injectedCurrent,Node_1,5.23815540E-01
4.50000000E-04,voltage,Node_1,3.36530080E+02
4.50000000E-04,voltage,Node_2,3.39441203E+02
4.50000000E-04,i1,Line_1_e1,5.24548928E-01
4.50000000E-04,i2,Line_1_e1,-3.51925995E-01
4.50500000E-04,injectedCurrent,Node_1,4.83723870E-01
4.50500000E-04,voltage,Node_1,3.35492457E+02
4.50500000E-04,voltage,Node_2,3.38305617E+02
4.50500000E-04,i1,Line_1_e1,4.84414241E-01
4.50500000E-04,i2,Line_1_e1,-3.16236422E-01
4.51000000E-04,injectedCurrent,Node_1,4.46393684E-01
4.51000000E-04,voltage,Node_1,3.34448577E+02
4.51000000E-04,voltage,Node_2,3.37240076E+02
4.51000000E-04,i1,Line_1_e1,4.47043006E-01
4.51000000E-04,i2,Line_1_e1,-2.83531208E-01
4.51500000E-04,injectedCurrent,Node_1,4.11660787E-01
4.51500000E-04,voltage,Node_1,3.33492458E+02
4.51500000E-04,voltage,Node_2,3.36190360E+02
4.51500000E-04,i1,Line_1_e1,4.12270980E-01
4.51500000E-04,i2,Line_1_e1,-2.52573573E-01
4.52000000E-04,injectedCurrent,Node_1,3.79368665E-01
4.52000000E-04,voltage,Node_1,3.32523202E+02
4.52000000E-04,voltage,Node_2,3.35207211E+02
4.52000000E-04,i1,Line_1_e1,3.79941601E-01
4.52000000E-04,i2,Line_1_e1,-2.24343938E-01
4.52500000E-04,injectedCurrent,Node_1,3.49368288E-01
4.52500000E-04,voltage,Node_1,3.31639900E+02
4.52500000E-04,voltage,Node_2,3.34234012E+02
4.52500000E-04,i1,Line_1_e1,3.49905784E-01
4.52500000E-04,i2,Line_1_e1,-1.97563735E-01
4.53000000E-04,injectedCurrent,Node_1,3.21517896E-01
4.53000000E-04,voltage,Node_1,3.30736830E+02
4.53000000E-04,voltage,Node_2,3.33324415E+02
4.53000000E-04,i1,Line_1_e1,3.22021718E-01
4.53000000E-04,i2,Line_1_e1,-1.73283388E-01
4.53500000E-04,injectedCurrent,Node_1,2.95682793E-01
4.53500000E-04,voltage,Node_1,3.29918476E+02
4.53500000E-04,voltage,Node_2,3.32419216E+02
4.53500000E-04,i1,Line_1_e1,2.96154651E-01
4.53500000E-04,i2,Line_1_e1,-1.50178042E-01
4.54000000E-04,injectedCurrent,Node_1,2.71735121E-01
4.54000000E-04,voltage,Node_1,3.29073936E+02
4.54000000E-04,voltage,Node_2,3.31575151E+02
4.54000000E-04,i1,Line_1_e1,2.72176670E-01
4.54000000E-04,i2,Line_1_e1,-1.29371307E-01
4.54500000E-04,injectedCurrent,Node_1,2.49553644E-01
4.54500000E-04,voltage,Node_1,3.28313436E+02
4.54500000E-04,voltage,Node_2,3.30730226E+02
4.54500000E-04,i1,Line_1_e1,2.49966483E-01
4.54500000E-04,i2,Line_1_e1,-1.09487185E-01
4.55000000E-04,injectedCurrent,Node_1,2.29023521E-01
4.55000000E-04,voltage,Node_1,3.27520503E+02
4.55000000E-04,voltage,Node_2,3.29944452E+02
4.55000000E-04,i1,Line_1_e1,2.29409190E-01
4.55000000E-04,i2,Line_1_e1,-9.17259636E-02
4.55500000E-04,injectedCurrent,Node_1,2.10036076E-01
4.55500000E-04,voltage,Node_1,3.26811489E+02
4.55500000E-04,voltage,Node_2,3.29152818E+02
4.55500000E-04,i1,Line_1_e1,2.10396063E-01
4.55500000E-04,i2,Line_1_e1,-7.46552552E-02
4.56000000E-04,injectedCurrent,Node_1,1.92488579E-01
4.56000000E-04,voltage,Node_1,3.26063924E+02
4.56000000E-04,voltage,Node_2,3.28418819E+02
4.56000000E-04,i1,Line_1_e1,1.92824311E-01
4.56000000E-04,i2,Line_1_e1,-5.95558896E-02
4.56500000E-04,injectedCurrent,Node_1,1.76284011E-01
4.56500000E-04,voltage,Node_1,3.25400703E+02
4.56500000E-04,voltage,Node_2,3.27674188E+02
4.56500000E-04,i1,Line_1_e1,1.76596860E-01
4.56500000E-04,i2,Line_1_e1,-4.49334289E-02
4.57000000E-04,injectedCurrent,Node_1,1.61330841E-01
4.57000000E-04,voltage,Node_1,3.24692902E+02
4.57000000E-04,voltage,Node_2,3.26986130E+02
4.57000000E-04,i1,Line_1_e1,1.61622124E-01
4.57000000E-04,i2,Line_1_e1,-3.21535272E-02
4.57500000E-04,injectedCurrent,Node_1,1.47542803E-01
4.57500000E-04,voltage,Node_1,3.24070410E+02
4.57500000E-04,voltage,Node_2,3.26282856E+02
4.57500000E-04,i1,Line_1_e1,1.47813780E-01
4.57500000E-04,i2,Line_1_e1,-1.96535953E-02
4.58000000E-04,injectedCurrent,Node_1,1.34838671E-01
4.58000000E-04,voltage,Node_1,3.23397348E+02
4.58000000E-04,voltage,Node_2,3.25635533E+02
4.58000000E-04,i1,Line_1_e1,1.35090547E-01
4.58000000E-04,i2,Line_1_e1,-8.88887144E-03
4.58500000E-04,injectedCurrent,Node_1,1.23142043E-01
4.58500000E-04,voltage,Node_1,3.22811102E+02
4.58500000E-04,voltage,Node_2,3.24968566E+02
4.58500000E-04,i1,Line_1_e1,1.23375969E-01
4.58500000E-04,i2,Line_1_e1,1.77796934E-03
4.59000000E-04,injectedCurrent,Node_1,1.12381120E-01
4.59000000E-04,voltage,Node_1,3.22168289E+02
4.59000000E-04,voltage,Node_2,3.24357356E+02
4.59000000E-04,i1,Line_1_e1,1.12598195E-01
4.59000000E-04,i2,Line_1_e1,1.07968036E-02
4.59500000E-04,injectedCurrent,Node_1,1.02488498E-01
4.59500000E-04,voltage,Node_1,3.21614340E+02
4.59500000E-04,voltage,Node_2,3.23722189E+02
4.59500000E-04,i1,Line_1_e1,1.02689769E-01
4.59500000E-04,i2,Line_1_e1,1.98868080E-02
4.60000000E-04,injectedCurrent,Node_1,9.34009615E-02
4.60000000E-04,voltage,Node_1,3.20997770E+02
4.60000000E-04,voltage,Node_2,3.23143003E+02
4.60000000E-04,i1,Line_1_e1,9.35874243E-02
4.60000000E-04,i2,Line_1_e1,2.73970634E-02
4.60500000E-04,injectedCurrent,Node_1,8.50592760E-02
4.60500000E-04,voltage,Node_1,3.20472657E+02
4.60500000E-04,voltage,Node_2,3.22535626E+02
4.60500000E-04,i1,Line_1_e1,8.52318769E-02
4.60500000E-04,i2,Line_1_e1,3.51363025E-02
4.61000000E-04,injectedCurrent,Node_1,7.74079941E-02
4.61000000E-04,voltage,Node_1,3.19878760E+02
4.61000000E-04,voltage,Node_2,3.21984866E+02
4.61000000E-04,i1,Line_1_e1,7.75676315E-02
4.61000000E-04,i2,Line_1_e1,4.13462158E-02
4.61500000E-04,injectedCurrent,Node_1,7.03952617E-02
4.61500000E-04,voltage,Node_1,3.19379470E+02
4.61500000E-04,voltage,Node_2,3.21401716E+02
4.61500000E-04,i1,Line_1_e1,7.05427873E-02
4.61500000E-04,i2,Line_1_e1,4.79334527E-02
4.62000000E-04,injectedCurrent,Node_1,6.39726314E-02
4.62000000E-04,voltage,Node_1,3.18805067E+02
4.62000000E-04,voltage,Node_2,3.20876228E+02
4.62000000E-04,i1,Line_1_e1,6.41088515E-02
4.62000000E-04,i2,Line_1_e1,5.30249516E-02
4.62500000E-04,injectedCurrent,Node_1,5.80948815E-02
4.62500000E-04,voltage,Node_1,3.18328992E+02
4.62500000E-04,voltage,Node_2,3.20314152E+02
4.62500000E-04,i1,Line_1_e1,5.82205589E-02
4.62500000E-04,i2,Line_1_e1,5.86343748E-02
4.63000000E-04,injectedCurrent,Node_1,5.27198413E-02
4.63000000E-04,voltage,Node_1,3.17771255E+02
4.63000000E-04,voltage,Node_2,3.19811187E+02
4.63000000E-04,i1,Line_1_e1,5.28356965E-02
4.63000000E-04,i2,Line_1_e1,6.27656864E-02
4.63500000E-04,injectedCurrent,Node_1,4.78082220E-02
4.63500000E-04,voltage,Node_1,3.17316156E+02
4.63500000E-04,voltage,Node_2,3.19267391E+02
4.63500000E-04,i1,Line_1_e1,4.79149348E-02
4.63500000E-04,i2,Line_1_e1,6.75494872E-02
4.64000000E-04,injectedCurrent,Node_1,4.33234542E-02
4.64000000E-04,voltage,Node_1,3.16772565E+02
4.64000000E-04,voltage,Node_2,3.18784565E+02
4.64000000E-04,i1,Line_1_e1,4.34216654E-02
4.64000000E-04,i2,Line_1_e1,7.08575793E-02
4.64500000E-04,injectedCurrent,Node_1,3.92315312E-02
4.64500000E-04,voltage,Node_1,3.16336537E+02
4.64500000E-04,voltage,Node_2,3.18256579E+02
4.64500000E-04,i1,Line_1_e1,3.93218439E-02
4.64500000E-04,i2,Line_1_e1,7.49483642E-02
4.65000000E-04,injectedCurrent,Node_1,3.55008591E-02
4.65000000E-04,voltage,Node_1,3.15804842E+02
4.65000000E-04,voltage,Node_2,3.17791838E+02
4.65000000E-04,i1,Line_1_e1,3.55838404E-02
4.65000000E-04,i2,Line_1_e1,7.75512106E-02
4.65500000E-04,injectedCurrent,Node_1,3.21021124E-02
4.65500000E-04,voltage,Node_1,3.15386284E+02
4.65500000E-04,voltage,Node_2,3.17277478E+02
4.65500000E-04,i1,Line_1_e1,3.21782951E-02
4.65500000E-04,i2,Line_1_e1,8.10642455E-02
4.66000000E-04,injectedCurrent,Node_1,2.90080966E-02
4.66000000E-04,voltage,Node_1,3.14864466E+02
4.66000000E-04,voltage,Node_2,3.16829066E+02
4.66000000E-04,i1,Line_1_e1,2.90779804E-02
4.66000000E-04,i2,Line_1_e1,8.30629117E-02
4.66500000E-04,injectedCurrent,Node_1,2.61936163E-02
4.66500000E-04,voltage,Node_1,3.14462054E+02
4.66500000E-04,voltage,Node_2,3.16326397E+02
4.66500000E-04,i1,Line_1_e1,2.62576697E-02
4.66500000E-04,i2,Line_1_e1,8.60981955E-02
4.67000000E-04,injectedCurrent,Node_1,2.36353498E-02
4.67000000E-04,voltage,Node_1,3.13948296E+02
4.67000000E-04,voltage,Node_2,3.15892823E+02
4.67000000E-04,i1,Line_1_e1,2.36940113E-02
4.67000000E-04,i2,Line_1_e1,8.75787449E-02
4.67500000E-04,injectedCurrent,Node_1,2.13117295E-02
4.67500000E-04,voltage,Node_1,3.13560953E+02
4.67500000E-04,voltage,Node_2,3.15400129E+02
4.67500000E-04,i1,Line_1_e1,2.13654091E-02
4.67500000E-04,i2,Line_1_e1,9.02229167E-02
4.68000000E-04,injectedCurrent,Node_1,1.92028278E-02
4.68000000E-04,voltage,Node_1,3.13053607E+02
4.68000000E-04,voltage,Node_2,3.14980143E+02
4.68000000E-04,i1,Line_1_e1,1.92519087E-02
4.68000000E-04,i2,Line_1_e1,9.12581377E-02
4.68500000E-04,injectedCurrent,Node_1,1.72902496E-02
4.68500000E-04,voltage,Node_1,3.12680485E+02
4.68500000E-04,voltage,Node_2,3.14495893E+02
4.68500000E-04,i1,Line_1_e1,1.73350891E-02
4.68500000E-04,i2,Line_1_e1,9.35862224E-02
4.69000000E-04,injectedCurrent,Node_1,1.55570295E-02
4.69000000E-04,voltage,Node_1,3.12178039E+02
4.69000000E-04,voltage,Node_2,3.14088462E+02
4.69000000E-04,i1,Line_1_e1,1.55979609E-02
4.69000000E-04,i2,Line_1_e1,9.42371819E-02
4.69500000E-04,injectedCurrent,Node_1,1.39875349E-02
4.69500000E-04,voltage,Node_1,3.11818503E+02
4.69500000E-04,voltage,Node_2,3.13611287E+02
4.69500000E-04,i1,Line_1_e1,1.40248684E-02
4.69500000E-04,i2,Line_1_e1,9.63141810E-02
4.70000000E-04,injectedCurrent,Node_1,1.25673743E-02
4.70000000E-04,voltage,Node_1,3.11319555E+02
4.70000000E-04,voltage,Node_2,3.13215572E+02
4.70000000E-04,i1,Line_1_e1,1.26013985E-02
4.70000000E-04,i2,Line_1_e1,9.66316086E-02
4.70500000E-04,injectedCurrent,Node_1,1.12833104E-02
4.70500000E-04,voltage,Node_1,3.10973164E+02
4.70500000E-04,voltage,Node_2,3.12744231E+02
4.70500000E-04,i1,Line_1_e1,1.13142935E-02
4.70500000E-04,i2,Line_1_e1,9.85139469E-02
4.71000000E-04,injectedCurrent,Node_1,1.01231790E-02
4.71000000E-04,voltage,Node_1,3.10476393E+02
4.71000000E-04,voltage,Node_2,3.12359571E+02
4.71000000E-04,i1,Line_1_e1,1.01513700E-02
4.71000000E-04,i2,Line_1_e1,9.85394573E-02
4.71500000E-04,injectedCurrent,Node_1,9.07581140E-03
4.71500000E-04,voltage,Node_1,3.10142889E+02
4.71500000E-04,voltage,Node_2,3.11892935E+02
4.71500000E-04,i1,Line_1_e1,9.10144105E-03
4.71500000E-04,i2,Line_1_e1,1.00276296E-01
4.72000000E-04,injectedCurrent,Node_1,8.13096235E-03
4.72000000E-04,voltage,Node_1,3.09647033E+02
4.72000000E-04,voltage,Node_2,3.11518830E+02
4.72000000E-04,i1,Line_1_e1,8.15424453E-03
4.72000000E-04,i2,Line_1_e1,1.00043455E-01
4.72500000E-04,injectedCurrent,Node_1,7.27924203E-03
4.72500000E-04,voltage,Node_1,3.09326335E+02
4.72500000E-04,voltage,Node_2,3.11055855E+02
4.72500000E-04,i1,Line_1_e1,7.30037466E-03
4.72500000E-04,i2,Line_1_e1,1.01677882E-01
4.73000000E-04,injectedCurrent,Node_1,6.51205222E-03
4.73000000E-04,voltage,Node_1,3.08830162E+02
4.73000000E-04,voltage,Node_2,3.10691955E+02
4.73000000E-04,i1,Line_1_e1,6.53121825E-03
4.73000000E-04,i2,Line_1_e1,1.01213126E-01
4.73500000E-04,injectedCurrent,Node_1,5.82152654E-03
4.73500000E-04,voltage,Node_1,3.08522357E+02
4.73500000E-04,voltage,Node_2,3.10231658E+02
4.73500000E-04,i1,Line_1_e1,5.83889495E-03
4.73500000E-04,i2,Line_1_e1,1.02783240E-01
4.74000000E-04,injectedCurrent,Node_1,5.20047451E-03
4.74000000E-04,voltage,Node_1,3.08024639E+02
4.74000000E-04,voltage,Node_2,3.09877755E+02
4.74000000E-04,i1,Line_1_e1,5.21620120E-03
4.74000000E-04,i2,Line_1_e1,1.02106651E-01
4.74500000E-04,injectedCurrent,Node_1,4.64232924E-03
4.74500000E-04,voltage,Node_1,3.07729988E+02
4.74500000E-04,voltage,Node_2,3.09419197E+02
4.74500000E-04,i1,Line_1_e1,4.65655791E-03
4.74500000E-04,i2,Line_1_e1,1.03646552E-01
4.75000000E-04,injectedCurrent,Node_1,4.14109865E-03
4.75000000E-04,voltage,Node_1,3.07229478E+02
4.75000000E-04,voltage,Node_2,3.09075215E+02
4.75000000E-04,i1,Line_1_e1,4.15396161E-03
4.75000000E-04,i2,Line_1_e1,1.02772502E-01
4.75500000E-04,injectedCurrent,Node_1,3.69131992E-03
4.75500000E-04,voltage,Node_1,3.06948412E+02
4.75500000E-04,voltage,Node_2,3.08617478E+02
4.75500000E-04,i1,Line_1_e1,3.70293891E-03
4.75500000E-04,i2,Line_1_e1,1.04313200E-01
4.76000000E-04,injectedCurrent,Node_1,3.28801714E-03
4.76000000E-04,voltage,Node_1,3.06443814E+02
4.76000000E-04,voltage,Node_2,3.08283476E+02
4.76000000E-04,i1,Line_1_e1,3.29850400E-03
4.76000000E-04,i2,Line_1_e1,1.03250855E-01
4.76500000E-04,injectedCurrent,Node_1,2.92666180E-03
4.76500000E-04,voltage,Node_1,3.06176947E+02
4.76500000E-04,voltage,Node_2,3.07825644E+02
4.76500000E-04,i1,Line_1_e1,2.93611924E-03
4.76500000E-04,i2,Line_1_e1,1.04821121E-01
4.77000000E-04,injectedCurrent,Node_1,2.60313622E-03
4.77000000E-04,voltage,Node_1,3.05666889E+02
4.77000000E-04,voltage,Node_2,3.07501808E+02
4.77000000E-04,i1,Line_1_e1,2.61165843E-03
4.77000000E-04,i2,Line_1_e1,1.03574830E-01
4.77500000E-04,injectedCurrent,Node_1,2.31369949E-03
4.77500000E-04,voltage,Node_1,3.05415028E+02
4.77500000E-04,voltage,Node_2,3.07042944E+02
4.77500000E-04,i1,Line_1_e1,2.32137280E-03
4.77500000E-04,i2,Line_1_e1,1.05201997E-01
4.78000000E-04,injectedCurrent,Node_1,2.05495598E-03
4.78000000E-04,voltage,Node_1,3.04898029E+02
4.78000000E-04,voltage,Node_2,3.06729597E+02
4.78000000E-04,i1,Line_1_e1,2.06185939E-03
4.78000000E-04,i2,Line_1_e1,1.03771541E-01
4.78500000E-04,injectedCurrent,Node_1,1.82382611E-03
4.78500000E-04,voltage,Node_1,3.04662191E+02
4.78500000E-04,voltage,Node_2,3.06268723E+02
4.78500000E-04,i1,Line_1_e1,1.83003189E-03
4.78500000E-04,i2,Line_1_e1,1.05482286E-01
4.79000000E-04,injectedCurrent,Node_1,1.61751935E-03
4.79000000E-04,voltage,Node_1,3.04136627E+02
4.79000000E-04,voltage,Node_2,3.05966329E+02
4.79000000E-04,i1,Line_1_e1,1.62309354E-03
4.79000000E-04,i2,Line_1_e1,1.03863003E-01
4.79500000E-04,injectedCurrent,Node_1,1.43350931E-03
4.79500000E-04,voltage,Node_1,3.03918069E+02
4.79500000E-04,voltage,Node_2,3.05502401E+02
4.79500000E-04,i1,Line_1_e1,1.43851216E-03
4.79500000E-04,i2,Line_1_e1,1.05684119E-01
4.80000000E-04,injectedCurrent,Node_1,1.26951066E-03
4.80000000E-04,voltage,Node_1,3.03382131E+02
4.80000000E-04,voltage,Node_2,3.05211580E+02
4.80000000E-04,i1,Line_1_e1,1.27399714E-03
4.80000000E-04,i2,Line_1_e1,1.03866895E-01
4.80500000E-04,injectedCurrent,Node_1,1.12345793E-03
4.80500000E-04,voltage,Node_1,3.03182376E+02
4.80500000E-04,voltage,Node_2,3.04743461E+02
4.80500000E-04,i1,Line_1_e1,1.12747812E-03
4.80500000E-04,i2,Line_1_e1,1.05826085E-01
4.81000000E-04,injectedCurrent,Node_1,9.93485960E-04
4.81000000E-04,voltage,Node_1,3.02634021E+02
4.81000000E-04,voltage,Node_2,3.04465002E+02
4.81000000E-04,i1,Line_1_e1,9.97085443E-04
4.81000000E-04,i2,Line_1_e1,1.03797190E-01
4.81500000E-04,injectedCurrent,Node_1,8.77911920E-04
4.81500000E-04,voltage,Node_1,3.02454907E+02
4.81500000E-04,voltage,Node_2,3.03991431E+02
4.81500000E-04,i1,Line_1_e1,8.81132147E-04
4.81500000E-04,i2,Line_1_e1,1.05923918E-01
4.82000000E-04,injectedCurrent,Node_1,7.75218779E-04
4.82000000E-04,voltage,Node_1,3.01891802E+02
4.82000000E-04,voltage,Node_2,3.03726317E+02
4.82000000E-04,i1,Line_1_e1,7.78097409E-04
4.82000000E-04,i2,Line_1_e1,1.03664683E-01
4.82500000E-04,injectedCurrent,Node_1,6.84040142E-04
4.82500000E-04,voltage,Node_1,3.01735536E+02
4.82500000E-04,voltage,Node_2,3.03245875E+02
4.82500000E-04,i1,Line_1_e1,6.86611355E-04
4.82500000E-04,i2,Line_1_e1,1.05991095E-01
4.83000000E-04,injectedCurrent,Node_1,6.03146340E-04
4.83000000E-04,voltage,Node_1,3.01154987E+02
4.83000000E-04,voltage,Node_2,3.02995316E+02
4.83000000E-04,i1,Line_1_e1,6.05441131E-04
4.83000000E-04,i2,Line_1_e1,1.03477397E-01
4.83500000E-04,injectedCurrent,Node_1,5.31431694E-04
4.83500000E-04,voltage,Node_1,3.01024211E+02
4.83500000E-04,voltage,Node_2,3.02506380E+02
4.83500000E-04,i1,Line_1_e1,5.33478149E-04
4.83500000E-04,i2,Line_1_e1,1.06039384E-01
4.84000000E-04,injectedCurrent,Node_1,4.67902859E-04
4.84000000E-04,voltage,Node_1,3.00423077E+02
4.84000000E-04,voltage,Node_2,3.02271851E+02
4.84000000E-04,i1,Line_1_e1,4.69726397E-04
4.84000000E-04,i2,Line_1_e1,1.03240902E-01
4.84500000E-04,injectedCurrent,Node_1,4.11668167E-04
4.84500000E-04,voltage,Node_1,3.00320965E+02
4.84500000E-04,voltage,Node_2,3.01772543E+02
4.84500000E-04,i1,Line_1_e1,4.13291776E-04
4.84500000E-04,i2,Line_1_e1,1.06079340E-01
4.85000000E-04,injectedCurrent,Node_1,3.61927897E-04
4.85000000E-04,voltage,Node_1,2.99695552E+02
4.85000000E-04,voltage,Node_2,3.01555837E+02
4.85000000E-04,i1,Line_1_e1,3.63372348E-04
4.85000000E-04,i2,Line_1_e1,1.02958528E-01
4.85500000E-04,injectedCurrent,Node_1,3.17965406E-04
4.85500000E-04,voltage,Node_1,2.99625919E+02
4.85500000E-04,voltage,Node_2,3.01043957E+02
4.85500000E-04,i1,Line_1_e1,3.19249443E-04
4.85500000E-04,i2,Line_1_e1,1.06120771E-01
4.86000000E-04,injectedCurrent,Node_1,2.79139038E-04
4.86000000E-04,voltage,Node_1,2.98971841E+02
4.86000000E-04,voltage,Node_2,3.00847254E+02
4.86000000E-04,i1,Line_1_e1,2.80279568E-04
4.86000000E-04,i2,Line_1_e1,1.02631481E-01
4.86500000E-04,injectedCurrent,Node_1,2.44874765E-04
4.86500000E-04,voltage,Node_1,2.98939299E+02
4.86500000E-04,voltage,Node_2,3.00320201E+02
4.86500000E-04,i1,Line_1_e1,2.45887018E-04
4.86500000E-04,i2,Line_1_e1,1.06173210E-01
4.87000000E-04,injectedCurrent,Node_1,2.14659489E-04
4.87000000E-04,voltage,Node_1,2.98251307E+02
4.87000000E-04,voltage,Node_2,3.00146156E+02
4.87000000E-04,i1,Line_1_e1,2.15557182E-04
4.87000000E-04,i2,Line_1_e1,1.02258856E-01
4.87500000E-04,injectedCurrent,Node_1,1.88034966E-04
4.87500000E-04,voltage,Node_1,2.98261452E+02
4.87500000E-04,voltage,Node_2,2.99600819E+02
4.87500000E-04,i1,Line_1_e1,1.88830433E-04
4.87500000E-04,i2,Line_1_e1,1.06246402E-01
4.88000000E-04,injectedCurrent,Node_1,1.64592282E-04
4.88000000E-04,voltage,Node_1,2.97533210E+02
4.88000000E-04,voltage,Node_2,2.99452679E+02
4.88000000E-04,i1,Line_1_e1,1.65296602E-04
4.88000000E-04,i2,Line_1_e1,1.01837526E-01
4.88500000E-04,injectedCurrent,Node_1,1.43966852E-04
4.88500000E-04,voltage,Node_1,2.97592880E+02
4.88500000E-04,voltage,Node_2,2.98885302E+02
4.88500000E-04,i1,Line_1_e1,1.44589972E-04
4.88500000E-04,i2,Line_1_e1,1.06350847E-01
4.89000000E-04,injectedCurrent,Node_1,1.25833885E-04
4.89000000E-04,voltage,Node_1,2.96816670E+02
4.89000000E-04,voltage,Node_2,2.98767056E+02
4.89000000E-04,i1,Line_1_e1,1.26384731E-04
4.89000000E-04,i2,Line_1_e1,1.01361881E-01
4.89500000E-04,injectedCurrent,Node_1,1.09904285E-04
4.89500000E-04,voltage,Node_1,2.96934275E+02
4.89500000E-04,voltage,Node_2,2.98173060E+02
4.89500000E-04,i1,Line_1_e1,1.10390854E-04
4.89500000E-04,i2,Line_1_e1,1.06498453E-01
4.90000000E-04,injectedCurrent,Node_1,9.59209419E-05
4.90000000E-04,voltage,Node_1,2.96100613E+02
4.90000000E-04,voltage,Node_2,2.98089648E+02
4.90000000E-04,i1,Line_1_e1,9.63503948E-05
4.90000000E-04,i2,Line_1_e1,1.00823387E-01
4.90500000E-04,injectedCurrent,Node_1,8.36553862E-05
4.90500000E-04,voltage,Node_1,2.96286583E+02
4.90500000E-04,voltage,Node_2,2.97463391E+02
4.90500000E-04,i1,Line_1_e1,8.40341252E-05
4.90500000E-04,i2,Line_1_e1,1.06703340E-01
4.91000000E-04,injectedCurrent,Node_1,7.29047655E-05
4.91000000E-04,voltage,Node_1,2.95383695E+02
4.91000000E-04,voltage,Node_2,2.97420970E+02
4.91000000E-04,i1,Line_1_e1,7.32385171E-05
4.91000000E-04,i2,Line_1_e1,1.00209888E-01
4.91500000E-04,injectedCurrent,Node_1,6.34891241E-05
4.91500000E-04,voltage,Node_1,2.95651082E+02
4.91500000E-04,voltage,Node_2,2.96755433E+02
4.91500000E-04,i1,Line_1_e1,6.37829991E-05
4.91500000E-04,i2,Line_1_e1,1.06982904E-01
4.92000000E-04,injectedCurrent,Node_1,5.52489514E-05
4.92000000E-04,voltage,Node_1,2.94664204E+02
4.92000000E-04,voltage,Node_2,2.96761750E+02
4.92000000E-04,i1,Line_1_e1,5.55075043E-05
4.92000000E-04,i2,Line_1_e1,9.95045430E-02
4.92500000E-04,injectedCurrent,Node_1,4.80429767E-05
4.92500000E-04,voltage,Node_1,2.95029504E+02
4.92500000E-04,voltage,Node_2,2.96048098E+02
4.92500000E-04,i1,Line_1_e1,4.82702769E-05
4.92500000E-04,i2,Line_1_e1,1.07359274E-01
4.93000000E-04,injectedCurrent,Node_1,4.17461875E-05
4.93000000E-04,voltage,Node_1,2.93939912E+02
4.93000000E-04,voltage,Node_2,2.96113001E+02
4.93000000E-04,i1,Line_1_e1,4.19458527E-05
4.93000000E-04,i2,Line_1_e1,9.86842605E-02
4.93500000E-04,injectedCurrent,Node_1,3.62480505E-05
4.93500000E-04,voltage,Node_1,2.94424208E+02
4.93500000E-04,voltage,Node_2,2.95339981E+02
4.93500000E-04,i1,Line_1_e1,3.64233087E-05
4.93500000E-04,i2,Line_1_e1,1.07861363E-01
4.94000000E-04,injectedCurrent,Node_1,3.14509158E-05
4.94000000E-04,voltage,Node_1,2.93207863E+02
4.94000000E-04,voltage,Node_2,2.95476128E+02
4.94000000E-04,i1,Line_1_e1,3.16046215E-05
4.94000000E-04,i2,Line_1_e1,9.77173474E-02
4.94500000E-04,injectedCurrent,Node_1,2.72685867E-05
4.94500000E-04,voltage,Node_1,2.93838433E+02
4.94500000E-04,voltage,Node_2,2.94629220E+02
4.94500000E-04,i1,Line_1_e1,2.74032872E-05
4.94500000E-04,i2,Line_1_e1,1.08527854E-01
4.95000000E-04,injectedCurrent,Node_1,2.36250393E-05
4.95000000E-04,voltage,Node_1,2.92464056E+02
4.95000000E-04,voltage,Node_2,2.94853097E+02
4.95000000E-04,i1,Line_1_e1,2.37429917E-05
4.95000000E-04,i2,Line_1_e1,9.65599731E-02
4.95500000E-04,injectedCurrent,Node_1,2.04532777E-05
4.95500000E-04,voltage,Node_1,2.93276690E+02
4.95500000E-04,voltage,Node_2,2.93913300E+02
4.95500000E-04,i1,Line_1_e1,2.05564863E-05
4.95500000E-04,i2,Line_1_e1,1.09411653E-01
4.96000000E-04,injectedCurrent,Node_1,1.76943104E-05
4.96000000E-04,voltage,Node_1,2.91702967E+02
4.96000000E-04,voltage,Node_2,2.94246678E+02
4.96000000E-04,i1,Line_1_e1,1.77845386E-05
4.96000000E-04,i2,Line_1_e1,9.51507531E-02
4.96500000E-04,injectedCurrent,Node_1,1.52962373E-05
4.96500000E-04,voltage,Node_1,2.92745351E+02
4.96500000E-04,voltage,Node_2,2.93188733E+02
4.96500000E-04,i1,Line_1_e1,1.53750626E-05
4.96500000E-04,i2,Line_1_e1,1.10586712E-01
4.97000000E-04,injectedCurrent,Node_1,1.32134346E-05
4.97000000E-04,voltage,Node_1,2.90916804E+02
4.97000000E-04,voltage,Node_2,2.93660839E+02
4.97000000E-04,i1,Line_1_e1,1.32822383E-05
4.97000000E-04,i2,Line_1_e1,9.34022855E-02
4.97500000E-04,injectedCurrent,Node_1,1.14058290E-05
4.97500000E-04,voltage,Node_1,2.92253590E+02
4.97500000E-04,voltage,Node_2,2.92450571E+02
4.97500000E-04,i1,Line_1_e1,1.14658400E-05
4.97500000E-04,i2,Line_1_e1,1.12158757E-01
4.98000000E-04,injectedCurrent,Node_1,9.83825134E-06
4.98000000E-04,voltage,Node_1,2.90094312E+02
4.98000000E-04,voltage,Node_2,2.93101366E+02
4.98000000E-04,i1,Line_1_e1,9.89055275E-06
4.98000000E-04,i2,Line_1_e1,9.11875946E-02
4.98500000E-04,injectedCurrent,Node_1,8.47986212E-06
4.98500000E-04,voltage,Node_1,2.91814905E+02
4.98500000E-04,voltage,Node_2,2.91691614E+02
4.98500000E-04,i1,Line_1_e1,8.52540995E-06
4.98500000E-04,i2,Line_1_e1,1.14282673E-01
4.99000000E-04,injectedCurrent,Node_1,7.30364044E-06
4.99000000E-04,voltage,Node_1,2.89218819E+02
4.99000000E-04,voltage,Node_2,2.92576876E+02
4.99000000E-04,i1,Line_1_e1,7.34327494E-06
4.99000000E-04,i2,Line_1_e1,8.83177837E-02
4.99500000E-04,injectedCurrent,Node_1,6.28593077E-06
4.99500000E-04,voltage,Node_1,2.91449661E+02
4.99500000E-04,voltage,Node_2,2.90901090E+02
4.99500000E-04,i1,Line_1_e1,6.32039320E-06
4.99500000E-04,i2,Line_1_e1,1.17191583E-01
5.00000000E-04,injectedCurrent,Node_1,5.40604078E-06
5.00000000E-04,voltage,Node_1,2.88264892E+02
5.00000000E-04,voltage,Node_2,2.92100551E+02
5.00000000E-04,i1,Line_1_e1,5.43597781E-06
5.00000000E-04,i2,Line_1_e1,8.45039548E-02
5.00500000E-04,injectedCurrent,Node_1,4.64588503E-06
5.00500000E-04,voltage,Node_1,2.91189505E+02
5.00500000E-04,voltage,Node_2,2.90062360E+02
5.00500000E-04,i1,Line_1_e1,4.67187812E-06
5.00500000E-04,i2,Line_1_e1,1.21247283E-01
5.01000000E-04,injectedCurrent,Node_1,3.98966947E-06
5.01000000E-04,voltage,Node_1,2.87192439E+02
5.01000000E-04,voltage,Node_2,2.91693190E+02
5.01000000E-04,i1,Line_1_e1,4.01221428E-06
5.01000000E-04,i2,Line_1_e1,7.92897782E-02
5.01500000E-04,injectedCurrent,Node_1,3.42361247E-06
5.01500000E-04,voltage,Node_1,2.91085351E+02
5.01500000E-04,voltage,Node_2,2.89148810E+02
5.01500000E-04,i1,Line_1_e1,3.44315976E-06
5.01500000E-04,i2,Line_1_e1,1.27031474E-01
5.02000000E-04,injectedCurrent,Node_1,2.93569822E-06
5.02000000E-04,voltage,Node_1,2.85935782E+02
5.02000000E-04,voltage,Node_2,2.91388830E+02
5.02000000E-04,i1,Line_1_e1,2.95262578E-06
5.02000000E-04,i2,Line_1_e1,7.19266362E-02
5.02500000E-04,injectedCurrent,Node_1,2.51545906E-06
5.02500000E-04,voltage,Node_1,2.91222518E+02
5.02500000E-04,voltage,Node_2,2.88116060E+02
5.02500000E-04,i1,Line_1_e1,2.53010535E-06
5.02500000E-04,i2,Line_1_e1,1.35518952E-01
5.03000000E-04,injectedCurrent,Node_1,2.15378347E-06
5.03000000E-04,voltage,Node_1,2.84382365E+02
5.03000000E-04,voltage,Node_2,2.91245670E+02
5.03000000E-04,i1,Line_1_e1,2.16644906E-06
5.03000000E-04,i2,Line_1_e1,6.11299636E-02
5.03500000E-04,injectedCurrent,Node_1,1.84274684E-06
5.03500000E-04,voltage,Node_1,2.91751151E+02
5.03500000E-04,voltage,Node_2,2.86886409E+02
5.03500000E-04,i1,Line_1_e1,1.85369322E-06
5.03500000E-04,i2,Line_1_e1,1.48425847E-01
5.04000000E-04,injectedCurrent,Node_1,1.57546250E-06
5.04000000E-04,voltage,Node_1,2.82328551E+02
5.04000000E-04,voltage,Node_2,2.91368617E+02
5.04000000E-04,i1,Line_1_e1,1.58491264E-06
5.04000000E-04,i2,Line_1_e1,4.45729898E-02
5.04500000E-04,injectedCurrent,Node_1,1.34595065E-06
5.04500000E-04,voltage,Node_1,2.92951674E+02
5.04500000E-04,voltage,Node_2,2.85315541E+02
5.04500000E-04,i1,Line_1_e1,1.35410431E-06
5.04500000E-04,i2,Line_1_e1,1.68959731E-01
5.05000000E-04,injectedCurrent,Node_1,1.14902317E-06
5.05000000E-04,voltage,Node_1,2.79380644E+02
5.05000000E-04,voltage,Node_2,2.91959449E+02
5.05000000E-04,i1,Line_1_e1,1.15604996E-06
5.05000000E-04,i2,Line_1_e1,1.77516976E-02
5.05500000E-04,injectedCurrent,Node_1,9.80182466E-07
5.05500000E-04,voltage,Node_1,2.95388008E+02
5.05500000E-04,voltage,Node_2,2.83115175E+02
5.05500000E-04,i1,Line_1_e1,9.86238263E-07
5.05500000E-04,i2,Line_1_e1,2.03578025E-01
5.06000000E-04,injectedCurrent,Node_1,8.35532762E-07
5.06000000E-04,voltage,Node_1,2.74711362E+02
5.06000000E-04,voltage,Node_2,2.93439235E+02
5.06000000E-04,i1,Line_1_e1,8.40740256E-07
5.06000000E-04,i2,Line_1_e1,-2.88123394E-02
5.06500000E-04,injectedCurrent,Node_1,7.11702290E-07
5.06500000E-04,voltage,Node_1,3.00306405E+02
5.06500000E-04,voltage,Node_2,2.79653578E+02
5.06500000E-04,i1,Line_1_e1,7.16181660E-07
5.06500000E-04,i2,Line_1_e1,2.66573340E-01
5.07000000E-04,injectedCurrent,Node_1,6.05775192E-07
5.07000000E-04,voltage,Node_1,2.66383858E+02
5.07000000E-04,voltage,Node_2,2.96784468E+02
5.07000000E-04,i1,Line_1_e1,6.09628444E-07
5.07000000E-04,i2,Line_1_e1,-1.17352092E-01
5.07500000E-04,injectedCurrent,Node_1,5.15231924E-07
5.07500000E-04,voltage,Node_1,3.10827631E+02
5.07500000E-04,voltage,Node_2,2.73366791E+02
5.07500000E-04,i1,Line_1_e1,5.18540674E-07
5.07500000E-04,i2,Line_1_e1,3.93812414E-01
5.08000000E-04,injectedCurrent,Node_1,4.37897153E-07
5.08000000E-04,voltage,Node_1,2.49148546E+02
5.08000000E-04,voltage,Node_2,3.04606272E+02
5.08000000E-04,i1,Line_1_e1,4.40733402E-07
5.08000000E-04,i2,Line_1_e1,-3.08283603E-01
5.08500000E-04,injectedCurrent,Node_1,3.71894260E-07
5.08500000E-04,voltage,Node_1,3.36252468E+02
5.08500000E-04,voltage,Node_2,2.59670519E+02
5.08500000E-04,i1,Line_1_e1,3.74330796E-07
5.08500000E-04,i2,Line_1_e1,6.92521042E-01
5.09000000E-04,injectedCurrent,Node_1,3.15605632E-07
5.09000000E-04,voltage,Node_1,2.05434594E+02
5.09000000E-04,voltage,Node_2,3.25465283E+02
5.09000000E-04,i1,Line_1_e1,3.17689398E-07
5.09000000E-04,i2,Line_1_e1,-8.04610605E-01
5.09500000E-04,injectedCurrent,Node_1,2.67638048E-07
5.09500000E-04,voltage,Node_1,4.12599689E+02
5.09500000E-04,voltage,Node_2,2.21280341E+02
5.09500000E-04,i1,Line_1_e1,2.69431837E-07
5.09500000E-04,i2,Line_1_e1,1.58000966E+00
5.10000000E-04,injectedCurrent,Node_1,2.26792518E-07
5.10000000E-04,voltage,Node_1,5.29653684E+01
5.10000000E-04,voltage,Node_2,3.98025902E+02
5.10000000E-04,i1,Line_1_e1,2.28322790E-07
5.10000000E-04,i2,Line_1_e1,-2.56323228E+00
5.10500000E-04,injectedCurrent,Node_1,1.92038044E-07
5.10500000E-04,voltage,Node_1,7.58710686E+02
5.10500000E-04,voltage,Node_2,5.85015092E+01
5.10500000E-04,i1,Line_1_e1,1.93345329E-07
5.10500000E-04,i2,Line_1_e1,5.61579889E+00
5.11000000E-04,injectedCurrent,Node_1,1.62488801E-07
5.11000000E-04,voltage,Node_1,-9.45215377E+02
5.11000000E-04,voltage,Node_2,8.40898415E+02
5.11000000E-04,i1,Line_1_e1,1.63608661E-07
5.11000000E-04,i2,Line_1_e1,-1.42846497E+01
5.11500000E-04,injectedCurrent,Node_1,1.37384307E-07
5.11500000E-04,voltage,Node_1,5.24851108E+03
5.11500000E-04,voltage,Node_2,-1.72077374E+03
5.11500000E-04,i1,Line_1_e1,1.09328482E-07
5.11500000E-04,i2,Line_1_e1,5.95019337E+01
