time_s,quantity,id,value
0.00000000E+00,injectedCurrent,m-0000,0.00000000E+00
0.00000000E+00,voltage,m-0000,1.20091779E+05
0.00000000E+00,voltage,m-0202,-3.83007433E+04
0.00000000E+00,voltage,m-0404,-2.38409854E+04
0.00000000E+00,i1,m-0000-0001_e1,-2.05773176E-11
0.00000000E+00,i2,m-0000-0001_e1,2.19463571E+02
1.00000000E-06,injectedCurrent,m-0000,2.90297189E+04
1.00000000E-06,voltage,m-0000,7.03738910E+05
1.00000000E-06,voltage,m-0202,2.37126575E+05
1.00000000E-06,voltage,m-0404,8.66180190E+04
1.00000000E-06,i1,m-0000-0001_e1,1.45148595E+04
1.00000000E-06,i2,m-0000-0001_e1,-1.39104741E+04
2.00000000E-06,injectedCurrent,m-0000,3.10648473E+04
2.00000000E-06,voltage,m-0000,3.42203907E+05
2.00000000E-06,voltage,m-0202,4.02039855E+05
2.00000000E-06,voltage,m-0404,3.69133963E+05
2.00000000E-06,i1,m-0000-0001_e1,1.55324237E+04
2.00000000E-06,i2,m-0000-0001_e1,-1.53574084E+04
3.00000000E-06,injectedCurrent,m-0000,3.08207369E+04
3.00000000E-06,voltage,m-0000,4.49458759E+05
3.00000000E-06,voltage,m-0202,3.82556013E+05
3.00000000E-06,voltage,m-0404,3.71832002E+05
3.00000000E-06,i1,m-0000-0001_e1,1.54103684E+04
3.00000000E-06,i2,m-0000-0001_e1,-1.50956632E+04
4.00000000E-06,injectedCurrent,m-0000,3.03897250E+04
4.00000000E-06,voltage,m-0000,3.67957748E+05
4.00000000E-06,voltage,m-0202,4.12563415E+05
4.00000000E-06,voltage,m-0404,4.08538048E+05
4.00000000E-06,i1,m-0000-0001_e1,1.51948625E+04
4.00000000E-06,i2,m-0000-0001_e1,-1.49982814E+04
5.00000000E-06,injectedCurrent,m-0000,2.99488629E+04
5.00000000E-06,voltage,m-0000,4.25407418E+05
5.00000000E-06,voltage,m-0202,3.94672605E+05
5.00000000E-06,voltage,m-0404,3.94360847E+05
5.00000000E-06,i1,m-0000-0001_e1,1.49744314E+04
5.00000000E-06,i2,m-0000-0001_e1,-1.47005246E+04
6.00000000E-06,injectedCurrent,m-0000,2.95130528E+04
6.00000000E-06,voltage,m-0000,3.75508118E+05
6.00000000E-06,voltage,m-0202,4.08297009E+05
6.00000000E-06,voltage,m-0404,4.06869078E+05
6.00000000E-06,i1,m-0000-0001_e1,1.47565264E+04
6.00000000E-06,i2,m-0000-0001_e1,-1.45532247E+04
7.00000000E-06,injectedCurrent,m-0000,2.90834709E+04
7.00000000E-06,voltage,m-0000,4.11739251E+05
7.00000000E-06,voltage,m-0202,3.93632057E+05
7.00000000E-06,voltage,m-0404,3.94706265E+05
7.00000000E-06,i1,m-0000-0001_e1,1.45417354E+04
7.00000000E-06,i2,m-0000-0001_e1,-1.42871718E+04
8.00000000E-06,injectedCurrent,m-0000,2.86601321E+04
8.00000000E-06,voltage,m-0000,3.75367003E+05
8.00000000E-06,voltage,m-0202,4.01101602E+05
8.00000000E-06,voltage,m-0404,4.01159375E+05
8.00000000E-06,i1,m-0000-0001_e1,1.43300661E+04
8.00000000E-06,i2,m-0000-0001_e1,-1.41264646E+04
9.00000000E-06,injectedCurrent,m-0000,2.82429547E+04
9.00000000E-06,voltage,m-0000,4.00078744E+05
9.00000000E-06,voltage,m-0202,3.88461164E+05
9.00000000E-06,voltage,m-0404,3.90360139E+05
9.00000000E-06,i1,m-0000-0001_e1,1.41214774E+04
9.00000000E-06,i2,m-0000-0001_e1,-1.38800882E+04
1.00000000E-05,injectedCurrent,m-0000,2.78318497E+04
1.00000000E-05,voltage,m-0000,3.70462278E+05
1.00000000E-05,voltage,m-0202,3.92744757E+05
1.00000000E-05,voltage,m-0404,3.93863456E+05
1.00000000E-05,i1,m-0000-0001_e1,1.39159248E+04
1.00000000E-05,i2,m-0000-0001_e1,-1.37147447E+04
1.10000000E-05,injectedCurrent,m-0000,2.74267286E+04
1.10000000E-05,voltage,m-0000,3.89308272E+05
1.10000000E-05,voltage,m-0202,3.81403388E+05
1.10000000E-05,voltage,m-0404,3.83651889E+05
1.10000000E-05,i1,m-0000-0001_e1,1.37133643E+04
1.10000000E-05,i2,m-0000-0001_e1,-1.34824087E+04
1.20000000E-05,injectedCurrent,m-0000,2.70275046E+04
1.20000000E-05,voltage,m-0000,3.64303889E+05
1.20000000E-05,voltage,m-0202,3.83819556E+05
1.20000000E-05,voltage,m-0404,3.84996717E+05
1.20000000E-05,i1,m-0000-0001_e1,1.35137523E+04
1.20000000E-05,i2,m-0000-0001_e1,-1.33160916E+04
1.30000000E-05,injectedCurrent,m-0000,2.66340916E+04
1.30000000E-05,voltage,m-0000,3.79030124E+05
1.30000000E-05,voltage,m-0202,3.73451873E+05
1.30000000E-05,voltage,m-0404,3.75615069E+05
1.30000000E-05,i1,m-0000-0001_e1,1.33170458E+04
1.30000000E-05,i2,m-0000-0001_e1,-1.30949981E+04
1.40000000E-05,injectedCurrent,m-0000,2.62464052E+04
1.40000000E-05,voltage,m-0000,3.57135898E+05
1.40000000E-05,voltage,m-0202,3.74646213E+05
1.40000000E-05,voltage,m-0404,3.76035223E+05
1.40000000E-05,i1,m-0000-0001_e1,1.31232026E+04
1.40000000E-05,i2,m-0000-0001_e1,-1.29296912E+04
1.50000000E-05,injectedCurrent,m-0000,2.58643620E+04
1.50000000E-05,voltage,m-0000,3.68840188E+05
1.50000000E-05,voltage,m-0202,3.65036544E+05
1.50000000E-05,voltage,m-0404,3.67342819E+05
1.50000000E-05,i1,m-0000-0001_e1,1.29321810E+04
1.50000000E-05,i2,m-0000-0001_e1,-1.27181395E+04
1.60000000E-05,injectedCurrent,m-0000,2.54878798E+04
1.60000000E-05,voltage,m-0000,3.49156056E+05
1.60000000E-05,voltage,m-0202,3.65389108E+05
1.60000000E-05,voltage,m-0404,3.67051890E+05
1.60000000E-05,i1,m-0000-0001_e1,1.27439399E+04
1.60000000E-05,i2,m-0000-0001_e1,-1.25549330E+04
1.70000000E-05,injectedCurrent,m-0000,2.51168776E+04
1.70000000E-05,voltage,m-0000,3.58849016E+05
1.70000000E-05,voltage,m-0202,3.56381273E+05
1.70000000E-05,voltage,m-0404,3.58788110E+05
1.70000000E-05,i1,m-0000-0001_e1,1.25584388E+04
1.70000000E-05,i2,m-0000-0001_e1,-1.23517504E+04
1.80000000E-05,injectedCurrent,m-0000,2.47512758E+04
1.80000000E-05,voltage,m-0000,3.41072779E+05
1.80000000E-05,voltage,m-0202,3.56138904E+05
1.80000000E-05,voltage,m-0404,3.57844672E+05
1.80000000E-05,i1,m-0000-0001_e1,1.23756379E+04
1.80000000E-05,i2,m-0000-0001_e1,-1.21912575E+04
1.90000000E-05,injectedCurrent,m-0000,2.43909957E+04
1.90000000E-05,voltage,m-0000,3.49219568E+05
1.90000000E-05,voltage,m-0202,3.47646024E+05
1.90000000E-05,voltage,m-0404,3.49983139E+05
1.90000000E-05,i1,m-0000-0001_e1,1.21954979E+04
1.90000000E-05,i2,m-0000-0001_e1,-1.19956426E+04
2.00000000E-05,injectedCurrent,m-0000,2.40359598E+04
2.00000000E-05,voltage,m-0000,3.32958122E+05
2.00000000E-05,voltage,m-0202,3.46966771E+05
2.00000000E-05,voltage,m-0404,3.48697886E+05
2.00000000E-05,i1,m-0000-0001_e1,1.20179799E+04
2.00000000E-05,i2,m-0000-0001_e1,-1.18382786E+04
2.10000000E-05,injectedCurrent,m-0000,2.36860919E+04
2.10000000E-05,voltage,m-0000,3.39891595E+05
2.10000000E-05,voltage,m-0202,3.38915230E+05
2.10000000E-05,voltage,m-0404,3.41212637E+05
2.10000000E-05,i1,m-0000-0001_e1,1.18430459E+04
2.10000000E-05,i2,m-0000-0001_e1,-1.16496295E+04
2.20000000E-05,injectedCurrent,m-0000,2.33413166E+04
2.20000000E-05,voltage,m-0000,3.24830478E+05
2.20000000E-05,voltage,m-0202,3.37912772E+05
2.20000000E-05,voltage,m-0404,3.39653194E+05
2.20000000E-05,i1,m-0000-0001_e1,1.16706583E+04
2.20000000E-05,i2,m-0000-0001_e1,-1.14956433E+04
2.30000000E-05,injectedCurrent,m-0000,2.30015599E+04
2.30000000E-05,voltage,m-0000,3.30794791E+05
2.30000000E-05,voltage,m-0202,3.30246244E+05
2.30000000E-05,voltage,m-0404,3.32501366E+05
2.30000000E-05,i1,m-0000-0001_e1,1.15007800E+04
2.30000000E-05,i2,m-0000-0001_e1,-1.13134796E+04
2.40000000E-05,injectedCurrent,m-0000,2.26667487E+04
2.40000000E-05,voltage,m-0000,3.16757436E+05
2.40000000E-05,voltage,m-0202,3.29002469E+05
2.40000000E-05,voltage,m-0404,3.30734408E+05
2.40000000E-05,i1,m-0000-0001_e1,1.13333744E+04
2.40000000E-05,i2,m-0000-0001_e1,-1.11630123E+04
2.50000000E-05,injectedCurrent,m-0000,2.23368110E+04
2.50000000E-05,voltage,m-0000,3.21877638E+05
2.50000000E-05,voltage,m-0202,3.21683426E+05
2.50000000E-05,voltage,m-0404,3.23900783E+05
2.50000000E-05,i1,m-0000-0001_e1,1.11684055E+04
2.50000000E-05,i2,m-0000-0001_e1,-1.09869456E+04
2.60000000E-05,injectedCurrent,m-0000,2.20116759E+04
2.60000000E-05,voltage,m-0000,3.08673281E+05
2.60000000E-05,voltage,m-0202,3.20256779E+05
2.60000000E-05,voltage,m-0404,3.22021789E+05
2.60000000E-05,i1,m-0000-0001_e1,1.10058380E+04
2.60000000E-05,i2,m-0000-0001_e1,-1.08400822E+04
2.70000000E-05,injectedCurrent,m-0000,2.16912735E+04
2.70000000E-05,voltage,m-0000,3.13108738E+05
2.70000000E-05,voltage,m-0202,3.13248652E+05
2.70000000E-05,voltage,m-0404,3.15461202E+05
2.70000000E-05,i1,m-0000-0001_e1,1.08456367E+04
2.70000000E-05,i2,m-0000-0001_e1,-1.06697767E+04
2.80000000E-05,injectedCurrent,m-0000,2.13755348E+04
2.80000000E-05,voltage,m-0000,3.00645878E+05
2.80000000E-05,voltage,m-0202,3.11684950E+05
2.80000000E-05,voltage,m-0404,3.13454352E+05
2.80000000E-05,i1,m-0000-0001_e1,1.06877674E+04
2.80000000E-05,i2,m-0000-0001_e1,-1.05265441E+04
2.90000000E-05,injectedCurrent,m-0000,2.10643921E+04
2.90000000E-05,voltage,m-0000,3.04533334E+05
2.90000000E-05,voltage,m-0202,3.04960489E+05
2.90000000E-05,voltage,m-0404,3.07127241E+05
2.90000000E-05,i1,m-0000-0001_e1,1.05321960E+04
2.90000000E-05,i2,m-0000-0001_e1,-1.03617085E+04
3.00000000E-05,injectedCurrent,m-0000,2.07577783E+04
3.00000000E-05,voltage,m-0000,2.92756918E+05
3.00000000E-05,voltage,m-0202,3.03294738E+05
3.00000000E-05,voltage,m-0404,3.05031180E+05
3.00000000E-05,i1,m-0000-0001_e1,1.03788892E+04
3.00000000E-05,i2,m-0000-0001_e1,-1.02221059E+04
3.10000000E-05,injectedCurrent,m-0000,2.04556277E+04
3.10000000E-05,voltage,m-0000,2.96180379E+05
3.10000000E-05,voltage,m-0202,2.96833154E+05
3.10000000E-05,voltage,m-0404,2.98934401E+05
3.10000000E-05,i1,m-0000-0001_e1,1.02278138E+04
3.10000000E-05,i2,m-0000-0001_e1,-1.00624895E+04
3.20000000E-05,injectedCurrent,m-0000,2.01578751E+04
3.20000000E-05,voltage,m-0000,2.84997465E+05
3.20000000E-05,voltage,m-0202,2.95092531E+05
3.20000000E-05,voltage,m-0404,2.96800263E+05
3.20000000E-05,i1,m-0000-0001_e1,1.00789376E+04
3.20000000E-05,i2,m-0000-0001_e1,-9.92650189E+03
3.30000000E-05,injectedCurrent,m-0000,1.98644566E+04
3.30000000E-05,voltage,m-0000,2.88033500E+05
3.30000000E-05,voltage,m-0202,2.88872761E+05
3.30000000E-05,voltage,m-0404,2.90924605E+05
3.30000000E-05,i1,m-0000-0001_e1,9.93222832E+03
3.30000000E-05,i2,m-0000-0001_e1,-9.77187985E+03
3.40000000E-05,injectedCurrent,m-0000,1.95753092E+04
3.40000000E-05,voltage,m-0000,2.77390934E+05
3.40000000E-05,voltage,m-0202,2.87079072E+05
3.40000000E-05,voltage,m-0404,2.88752885E+05
3.40000000E-05,i1,m-0000-0001_e1,9.78765458E+03
3.40000000E-05,i2,m-0000-0001_e1,-9.63946949E+03
3.50000000E-05,injectedCurrent,m-0000,1.92903705E+04
3.50000000E-05,voltage,m-0000,2.80092550E+05
3.50000000E-05,voltage,m-0202,2.81085424E+05
3.50000000E-05,voltage,m-0404,2.83082242E+05
3.50000000E-05,i1,m-0000-0001_e1,9.64518527E+03
3.50000000E-05,i2,m-0000-0001_e1,-9.48963706E+03
3.60000000E-05,injectedCurrent,m-0000,1.90095795E+04
3.60000000E-05,voltage,m-0000,2.69942739E+05
3.60000000E-05,voltage,m-0202,2.79255773E+05
3.60000000E-05,voltage,m-0404,2.80899508E+05
3.60000000E-05,i1,m-0000-0001_e1,9.50478975E+03
3.60000000E-05,i2,m-0000-0001_e1,-9.36075654E+03
3.70000000E-05,injectedCurrent,m-0000,1.87328756E+04
3.70000000E-05,voltage,m-0000,2.72355113E+05
3.70000000E-05,voltage,m-0202,2.73474471E+05
3.70000000E-05,voltage,m-0404,2.75424732E+05
3.70000000E-05,i1,m-0000-0001_e1,9.36643782E+03
3.70000000E-05,i2,m-0000-0001_e1,-9.21552632E+03
3.80000000E-05,injectedCurrent,m-0000,1.84601995E+04
3.80000000E-05,voltage,m-0000,2.62647900E+05
3.80000000E-05,voltage,m-0202,2.71622981E+05
3.80000000E-05,voltage,m-0404,2.73242479E+05
3.80000000E-05,i1,m-0000-0001_e1,9.23009975E+03
3.80000000E-05,i2,m-0000-0001_e1,-9.09012011E+03
3.90000000E-05,injectedCurrent,m-0000,1.81914924E+04
3.90000000E-05,voltage,m-0000,2.64819925E+05
3.90000000E-05,voltage,m-0202,2.66040704E+05
3.90000000E-05,voltage,m-0404,2.67948421E+05
3.90000000E-05,i1,m-0000-0001_e1,9.09574621E+03
3.90000000E-05,i2,m-0000-0001_e1,-8.94931730E+03
4.00000000E-05,injectedCurrent,m-0000,1.79266967E+04
4.00000000E-05,voltage,m-0000,2.55533422E+05
4.00000000E-05,voltage,m-0202,2.64178951E+05
4.00000000E-05,voltage,m-0404,2.65763550E+05
4.00000000E-05,i1,m-0000-0001_e1,8.96334834E+03
4.00000000E-05,i2,m-0000-0001_e1,-8.82732046E+03
4.10000000E-05,injectedCurrent,m-0000,1.76657553E+04
4.10000000E-05,voltage,m-0000,2.57497563E+05
4.10000000E-05,voltage,m-0202,2.58785751E+05
4.10000000E-05,voltage,m-0404,2.60640045E+05
4.10000000E-05,i1,m-0000-0001_e1,8.83287764E+03
4.10000000E-05,i2,m-0000-0001_e1,-8.69078307E+03
4.20000000E-05,injectedCurrent,m-0000,1.74086122E+04
4.20000000E-05,voltage,m-0000,2.48596127E+05
4.20000000E-05,voltage,m-0202,2.56923127E+05
4.20000000E-05,voltage,m-0404,2.58473948E+05
4.20000000E-05,i1,m-0000-0001_e1,8.70430608E+03
4.20000000E-05,i2,m-0000-0001_e1,-8.57212992E+03
4.30000000E-05,injectedCurrent,m-0000,1.71552120E+04
4.30000000E-05,voltage,m-0000,2.50375888E+05
4.30000000E-05,voltage,m-0202,2.51709074E+05
4.30000000E-05,voltage,m-0404,2.53519403E+05
4.30000000E-05,i1,m-0000-0001_e1,8.57760601E+03
4.30000000E-05,i2,m-0000-0001_e1,-8.43970717E+03
4.40000000E-05,injectedCurrent,m-0000,1.69055004E+04
4.40000000E-05,voltage,m-0000,2.41823065E+05
4.40000000E-05,voltage,m-0202,2.49853192E+05
4.40000000E-05,voltage,m-0404,2.51376671E+05
4.40000000E-05,i1,m-0000-0001_e1,8.45275020E+03
4.40000000E-05,i2,m-0000-0001_e1,-8.32432828E+03
4.50000000E-05,injectedCurrent,m-0000,1.66594236E+04
4.50000000E-05,voltage,m-0000,2.43440458E+05
4.50000000E-05,voltage,m-0202,2.44808858E+05
4.50000000E-05,voltage,m-0404,2.46580395E+05
4.50000000E-05,i1,m-0000-0001_e1,8.32971178E+03
4.50000000E-05,i2,m-0000-0001_e1,-8.19587689E+03
4.60000000E-05,injectedCurrent,m-0000,1.64169286E+04
4.60000000E-05,voltage,m-0000,2.35218005E+05
4.60000000E-05,voltage,m-0202,2.42965660E+05
4.60000000E-05,voltage,m-0404,2.44459291E+05
4.60000000E-05,i1,m-0000-0001_e1,8.20846431E+03
4.60000000E-05,i2,m-0000-0001_e1,-8.08369852E+03
4.70000000E-05,injectedCurrent,m-0000,1.61779635E+04
4.70000000E-05,voltage,m-0000,2.36692322E+05
4.70000000E-05,voltage,m-0202,2.38083452E+05
4.70000000E-05,voltage,m-0404,2.39810820E+05
4.70000000E-05,i1,m-0000-0001_e1,8.08898173E+03
4.70000000E-05,i2,m-0000-0001_e1,-7.95908255E+03
4.80000000E-05,injectedCurrent,m-0000,1.59424767E+04
4.80000000E-05,voltage,m-0000,2.28775991E+05
4.80000000E-05,voltage,m-0202,2.36257948E+05
4.80000000E-05,voltage,m-0404,2.37720388E+05
4.80000000E-05,i1,m-0000-0001_e1,7.97123834E+03
4.80000000E-05,i2,m-0000-0001_e1,-7.85003153E+03
4.90000000E-05,injectedCurrent,m-0000,1.57104176E+04
4.90000000E-05,voltage,m-0000,2.30127185E+05
4.90000000E-05,voltage,m-0202,2.31530064E+05
4.90000000E-05,voltage,m-0404,2.33214844E+05
4.90000000E-05,i1,m-0000-0001_e1,7.85520882E+03
4.90000000E-05,i2,m-0000-0001_e1,-7.72912232E+03
5.00000000E-05,injectedCurrent,m-0000,1.54817365E+04
5.00000000E-05,voltage,m-0000,2.22499696E+05
5.00000000E-05,voltage,m-0202,2.29726357E+05
5.00000000E-05,voltage,m-0404,2.31153536E+05
5.00000000E-05,i1,m-0000-0001_e1,7.74086823E+03
5.00000000E-05,i2,m-0000-0001_e1,-7.62312401E+03
5.10000000E-05,injectedCurrent,m-0000,1.52563840E+04
5.10000000E-05,voltage,m-0000,2.23744269E+05
5.10000000E-05,voltage,m-0202,2.25145932E+05
5.10000000E-05,voltage,m-0404,2.26783237E+05
5.10000000E-05,i1,m-0000-0001_e1,7.62819198E+03
5.10000000E-05,i2,m-0000-0001_e1,-7.50579908E+03
5.20000000E-05,injectedCurrent,m-0000,1.50343117E+04
5.20000000E-05,voltage,m-0000,2.16392333E+05
5.20000000E-05,voltage,m-0202,2.23367274E+05
5.20000000E-05,voltage,m-0404,2.24754885E+05
5.20000000E-05,i1,m-0000-0001_e1,7.51715585E+03
5.20000000E-05,i2,m-0000-0001_e1,-7.40277894E+03
5.30000000E-05,injectedCurrent,m-0000,1.48154719E+04
5.30000000E-05,voltage,m-0000,2.17541004E+05
5.30000000E-05,voltage,m-0202,2.18928363E+05
5.30000000E-05,voltage,m-0404,2.20516789E+05
5.30000000E-05,i1,m-0000-0001_e1,7.40773597E+03
5.30000000E-05,i2,m-0000-0001_e1,-7.28892208E+03
5.40000000E-05,injectedCurrent,m-0000,1.45998176E+04
5.40000000E-05,voltage,m-0000,2.10442199E+05
5.40000000E-05,voltage,m-0202,2.17177532E+05
5.40000000E-05,voltage,m-0404,2.18529167E+05
5.40000000E-05,i1,m-0000-0001_e1,7.29990880E+03
5.40000000E-05,i2,m-0000-0001_e1,-7.18880728E+03
5.50000000E-05,injectedCurrent,m-0000,1.43873023E+04
5.50000000E-05,voltage,m-0000,2.11503673E+05
5.50000000E-05,voltage,m-0202,2.12873910E+05
5.50000000E-05,voltage,m-0404,2.14420778E+05
5.50000000E-05,i1,m-0000-0001_e1,7.19365117E+03
5.50000000E-05,i2,m-0000-0001_e1,-7.07830753E+03
5.60000000E-05,injectedCurrent,m-0000,1.41778805E+04
5.60000000E-05,voltage,m-0000,2.04643952E+05
5.60000000E-05,voltage,m-0202,2.11152966E+05
5.60000000E-05,voltage,m-0404,2.12471150E+05
5.60000000E-05,i1,m-0000-0001_e1,7.08894023E+03
5.60000000E-05,i2,m-0000-0001_e1,-6.98102431E+03
5.70000000E-05,injectedCurrent,m-0000,1.39715069E+04
5.70000000E-05,voltage,m-0000,2.05627293E+05
5.70000000E-05,voltage,m-0202,2.06979300E+05
5.70000000E-05,voltage,m-0404,2.08484237E+05
5.70000000E-05,i1,m-0000-0001_e1,6.98575346E+03
5.70000000E-05,i2,m-0000-0001_e1,-6.87377463E+03
5.80000000E-05,injectedCurrent,m-0000,1.37681374E+04
5.80000000E-05,voltage,m-0000,1.98995523E+05
5.80000000E-05,voltage,m-0202,2.05289941E+05
5.80000000E-05,voltage,m-0404,2.06574162E+05
5.80000000E-05,i1,m-0000-0001_e1,6.88406868E+03
5.80000000E-05,i2,m-0000-0001_e1,-6.77925005E+03
5.90000000E-05,injectedCurrent,m-0000,1.35677281E+04
5.90000000E-05,voltage,m-0000,1.99909866E+05
5.90000000E-05,voltage,m-0202,2.01241332E+05
5.90000000E-05,voltage,m-0404,2.02704747E+05
5.90000000E-05,i1,m-0000-0001_e1,6.78386403E+03
5.90000000E-05,i2,m-0000-0001_e1,-6.67514795E+03
6.00000000E-05,injectedCurrent,m-0000,1.33702359E+04
6.00000000E-05,voltage,m-0000,1.93491903E+05
6.00000000E-05,voltage,m-0202,1.99585073E+05
6.00000000E-05,voltage,m-0404,2.00836528E+05
6.00000000E-05,i1,m-0000-0001_e1,6.68511796E+03
6.00000000E-05,i2,m-0000-0001_e1,-6.58331067E+03
6.10000000E-05,injectedCurrent,m-0000,1.31756185E+04
6.10000000E-05,voltage,m-0000,1.94344828E+05
6.10000000E-05,voltage,m-0202,1.95656598E+05
6.10000000E-05,voltage,m-0404,1.97081468E+05
6.10000000E-05,i1,m-0000-0001_e1,6.58780923E+03
6.10000000E-05,i2,m-0000-0001_e1,-6.48225793E+03
6.20000000E-05,injectedCurrent,m-0000,1.29838339E+04
6.20000000E-05,voltage,m-0000,1.88132321E+05
6.20000000E-05,voltage,m-0202,1.94034440E+05
6.20000000E-05,voltage,m-0404,1.95253482E+05
6.20000000E-05,i1,m-0000-0001_e1,6.49191694E+03
6.20000000E-05,i2,m-0000-0001_e1,-6.39303694E+03
6.30000000E-05,injectedCurrent,m-0000,1.27948409E+04
6.30000000E-05,voltage,m-0000,1.88930123E+05
6.30000000E-05,voltage,m-0202,1.90221860E+05
6.30000000E-05,voltage,m-0404,1.91607428E+05
6.30000000E-05,i1,m-0000-0001_e1,6.39742046E+03
6.30000000E-05,i2,m-0000-0001_e1,-6.29493888E+03
6.40000000E-05,injectedCurrent,m-0000,1.26085989E+04
6.40000000E-05,voltage,m-0000,1.82912343E+05
6.40000000E-05,voltage,m-0202,1.88634623E+05
6.40000000E-05,voltage,m-0404,1.89822453E+05
6.40000000E-05,i1,m-0000-0001_e1,6.30429946E+03
6.40000000E-05,i2,m-0000-0001_e1,-6.20826496E+03
6.50000000E-05,injectedCurrent,m-0000,1.24250679E+04
6.50000000E-05,voltage,m-0000,1.83660415E+05
6.50000000E-05,voltage,m-0202,1.84933723E+05
6.50000000E-05,voltage,m-0404,1.86283309E+05
6.50000000E-05,i1,m-0000-0001_e1,6.21253394E+03
6.50000000E-05,i2,m-0000-0001_e1,-6.11303065E+03
6.60000000E-05,injectedCurrent,m-0000,1.22442083E+04
6.60000000E-05,voltage,m-0000,1.77826724E+05
6.60000000E-05,voltage,m-0202,1.83381994E+05
6.60000000E-05,voltage,m-0404,1.84541159E+05
6.60000000E-05,i1,m-0000-0001_e1,6.12210417E+03
6.60000000E-05,i2,m-0000-0001_e1,-6.02883573E+03
6.70000000E-05,injectedCurrent,m-0000,1.20659814E+04
6.70000000E-05,voltage,m-0000,1.78530586E+05
6.70000000E-05,voltage,m-0202,1.79788669E+05
6.70000000E-05,voltage,m-0404,1.81104390E+05
6.70000000E-05,i1,m-0000-0001_e1,6.03299068E+03
6.70000000E-05,i2,m-0000-0001_e1,-5.93637734E+03
6.80000000E-05,injectedCurrent,m-0000,1.18903487E+04
6.80000000E-05,voltage,m-0000,1.72876119E+05
6.80000000E-05,voltage,m-0202,1.78272705E+05
6.80000000E-05,voltage,m-0404,1.79402702E+05
6.80000000E-05,i1,m-0000-0001_e1,5.94517434E+03
6.80000000E-05,i2,m-0000-0001_e1,-5.85459401E+03
6.90000000E-05,injectedCurrent,m-0000,1.17172725E+04
6.90000000E-05,voltage,m-0000,1.73542364E+05
6.90000000E-05,voltage,m-0202,1.74783382E+05
6.90000000E-05,voltage,m-0404,1.76063106E+05
6.90000000E-05,i1,m-0000-0001_e1,5.85863625E+03
6.90000000E-05,i2,m-0000-0001_e1,-5.76482657E+03
7.00000000E-05,injectedCurrent,m-0000,1.15467156E+04
7.00000000E-05,voltage,m-0000,1.68059695E+05
7.00000000E-05,voltage,m-0202,1.73303483E+05
7.00000000E-05,voltage,m-0404,1.74403453E+05
7.00000000E-05,i1,m-0000-0001_e1,5.77335782E+03
7.00000000E-05,i2,m-0000-0001_e1,-5.68538943E+03
7.10000000E-05,injectedCurrent,m-0000,1.13786414E+04
7.10000000E-05,voltage,m-0000,1.68693229E+05
7.10000000E-05,voltage,m-0202,1.69914566E+05
7.10000000E-05,voltage,m-0404,1.71159832E+05
7.10000000E-05,i1,m-0000-0001_e1,5.68932070E+03
7.10000000E-05,i2,m-0000-0001_e1,-5.59823146E+03
7.20000000E-05,injectedCurrent,m-0000,1.12130136E+04
7.20000000E-05,voltage,m-0000,1.63375155E+05
7.20000000E-05,voltage,m-0202,1.68470814E+05
7.20000000E-05,voltage,m-0404,1.69541944E+05
7.20000000E-05,i1,m-0000-0001_e1,5.60650682E+03
7.20000000E-05,i2,m-0000-0001_e1,-5.52107652E+03
7.30000000E-05,injectedCurrent,m-0000,1.10497968E+04
7.30000000E-05,voltage,m-0000,1.63979198E+05
7.30000000E-05,voltage,m-0202,1.65178913E+05
7.30000000E-05,voltage,m-0404,1.66390998E+05
7.30000000E-05,i1,m-0000-0001_e1,5.52489838E+03
7.30000000E-05,i2,m-0000-0001_e1,-5.43644930E+03
7.40000000E-05,injectedCurrent,m-0000,1.08889557E+04
7.40000000E-05,voltage,m-0000,1.58820023E+05
7.40000000E-05,voltage,m-0202,1.63771174E+05
7.40000000E-05,voltage,m-0404,1.64814383E+05
7.40000000E-05,i1,m-0000-0001_e1,5.44447784E+03
7.40000000E-05,i2,m-0000-0001_e1,-5.36151381E+03
7.50000000E-05,injectedCurrent,m-0000,1.07304558E+04
7.50000000E-05,voltage,m-0000,1.59397794E+05
7.50000000E-05,voltage,m-0202,1.60573162E+05
7.50000000E-05,voltage,m-0404,1.61752788E+05
7.50000000E-05,i1,m-0000-0001_e1,5.36522791E+03
7.50000000E-05,i2,m-0000-0001_e1,-5.27934116E+03
7.60000000E-05,injectedCurrent,m-0000,1.05742631E+04
7.60000000E-05,voltage,m-0000,1.54389544E+05
7.60000000E-05,voltage,m-0202,1.59201329E+05
7.60000000E-05,voltage,m-0404,1.60218035E+05
7.60000000E-05,i1,m-0000-0001_e1,5.28713153E+03
7.60000000E-05,i2,m-0000-0001_e1,-5.20656406E+03
7.70000000E-05,injectedCurrent,m-0000,1.04203439E+04
7.70000000E-05,voltage,m-0000,1.54943420E+05
7.70000000E-05,voltage,m-0202,1.56094027E+05
7.70000000E-05,voltage,m-0404,1.57243819E+05
7.70000000E-05,i1,m-0000-0001_e1,5.21017193E+03
7.70000000E-05,i2,m-0000-0001_e1,-5.12677249E+03
7.80000000E-05,injectedCurrent,m-0000,1.02686651E+04
7.80000000E-05,voltage,m-0000,1.50080825E+05
7.80000000E-05,voltage,m-0202,1.54757771E+05
7.80000000E-05,voltage,m-0404,1.55748995E+05
7.80000000E-05,i1,m-0000-0001_e1,5.13433255E+03
7.80000000E-05,i2,m-0000-0001_e1,-5.05609377E+03
7.90000000E-05,injectedCurrent,m-0000,1.01191942E+04
7.90000000E-05,voltage,m-0000,1.50613744E+05
7.90000000E-05,voltage,m-0202,1.51738263E+05
7.90000000E-05,voltage,m-0404,1.52857786E+05
7.90000000E-05,i1,m-0000-0001_e1,5.05959710E+03
7.90000000E-05,i2,m-0000-0001_e1,-4.97861191E+03
8.00000000E-05,injectedCurrent,m-0000,9.97189899E+03
8.00000000E-05,voltage,m-0000,1.45892403E+05
8.00000000E-05,voltage,m-0202,1.50437214E+05
8.00000000E-05,voltage,m-0404,1.51402091E+05
8.00000000E-05,i1,m-0000-0001_e1,4.98594949E+03
8.00000000E-05,i2,m-0000-0001_e1,-4.90997297E+03
8.10000000E-05,injectedCurrent,m-0000,9.82674781E+03
8.10000000E-05,voltage,m-0000,1.46407314E+05
8.10000000E-05,voltage,m-0202,1.47502737E+05
8.10000000E-05,voltage,m-0404,1.48591505E+05
8.10000000E-05,i1,m-0000-0001_e1,4.91337390E+03
8.10000000E-05,i2,m-0000-0001_e1,-4.83473190E+03
8.20000000E-05,injectedCurrent,m-0000,9.68370945E+03
8.20000000E-05,voltage,m-0000,1.41820887E+05
8.20000000E-05,voltage,m-0202,1.46236551E+05
8.20000000E-05,voltage,m-0404,1.47175258E+05
8.20000000E-05,i1,m-0000-0001_e1,4.84185473E+03
8.20000000E-05,i2,m-0000-0001_e1,-4.76807592E+03
8.30000000E-05,injectedCurrent,m-0000,9.54275317E+03
8.30000000E-05,voltage,m-0000,1.42318919E+05
8.30000000E-05,voltage,m-0202,1.43384331E+05
8.30000000E-05,voltage,m-0404,1.44443899E+05
8.30000000E-05,i1,m-0000-0001_e1,4.77137658E+03
8.30000000E-05,i2,m-0000-0001_e1,-4.69500920E+03
8.40000000E-05,injectedCurrent,m-0000,9.40384865E+03
8.40000000E-05,voltage,m-0000,1.37862738E+05
8.40000000E-05,voltage,m-0202,1.42152446E+05
8.40000000E-05,voltage,m-0404,1.43065917E+05
8.40000000E-05,i1,m-0000-0001_e1,4.70192432E+03
8.40000000E-05,i2,m-0000-0001_e1,-4.63028051E+03
8.50000000E-05,injectedCurrent,m-0000,9.26696602E+03
8.50000000E-05,voltage,m-0000,1.38345430E+05
8.50000000E-05,voltage,m-0202,1.39379916E+05
8.50000000E-05,voltage,m-0404,1.40410269E+05
8.50000000E-05,i1,m-0000-0001_e1,4.63348301E+03
8.50000000E-05,i2,m-0000-0001_e1,-4.55932359E+03
8.60000000E-05,injectedCurrent,m-0000,9.13207586E+03
8.60000000E-05,voltage,m-0000,1.34014603E+05
8.60000000E-05,voltage,m-0202,1.38181798E+05
8.60000000E-05,voltage,m-0404,1.39070030E+05
8.60000000E-05,i1,m-0000-0001_e1,4.56603793E+03
8.60000000E-05,i2,m-0000-0001_e1,-4.49646798E+03
8.70000000E-05,injectedCurrent,m-0000,8.99914917E+03
8.70000000E-05,voltage,m-0000,1.34483643E+05
8.70000000E-05,voltage,m-0202,1.35486453E+05
8.70000000E-05,voltage,m-0404,1.36488193E+05
8.70000000E-05,i1,m-0000-0001_e1,4.49957458E+03
8.70000000E-05,i2,m-0000-0001_e1,-4.42755843E+03
8.80000000E-05,injectedCurrent,m-0000,8.86815736E+03
8.80000000E-05,voltage,m-0000,1.30273201E+05
8.80000000E-05,voltage,m-0202,1.34321567E+05
8.80000000E-05,voltage,m-0404,1.35185033E+05
8.80000000E-05,i1,m-0000-0001_e1,4.43407868E+03
8.80000000E-05,i2,m-0000-0001_e1,-4.36652311E+03
8.90000000E-05,injectedCurrent,m-0000,8.73907227E+03
8.90000000E-05,voltage,m-0000,1.30729639E+05
8.90000000E-05,voltage,m-0202,1.31700979E+05
8.90000000E-05,voltage,m-0404,1.32674890E+05
8.90000000E-05,i1,m-0000-0001_e1,4.36953613E+03
8.90000000E-05,i2,m-0000-0001_e1,-4.29960055E+03
9.00000000E-05,injectedCurrent,m-0000,8.61186614E+03
9.00000000E-05,voltage,m-0000,1.26636300E+05
9.00000000E-05,voltage,m-0202,1.30568670E+05
9.00000000E-05,voltage,m-0404,1.31407583E+05
9.00000000E-05,i1,m-0000-0001_e1,4.30593307E+03
9.00000000E-05,i2,m-0000-0001_e1,-4.24033396E+03
9.10000000E-05,injectedCurrent,m-0000,8.48651163E+03
9.10000000E-05,voltage,m-0000,1.27081792E+05
9.10000000E-05,voltage,m-0202,1.28020604E+05
9.10000000E-05,voltage,m-0404,1.28966312E+05
9.10000000E-05,i1,m-0000-0001_e1,4.24325581E+03
9.10000000E-05,i2,m-0000-0001_e1,-4.17533979E+03
9.20000000E-05,injectedCurrent,m-0000,8.36298178E+03
9.20000000E-05,voltage,m-0000,1.23101079E+05
9.20000000E-05,voltage,m-0202,1.26920314E+05
9.20000000E-05,voltage,m-0404,1.27734795E+05
9.20000000E-05,i1,m-0000-0001_e1,4.18149089E+03
9.20000000E-05,i2,m-0000-0001_e1,-4.11779192E+03
9.30000000E-05,injectedCurrent,m-0000,8.24125004E+03
9.30000000E-05,voltage,m-0000,1.23536221E+05
9.30000000E-05,voltage,m-0202,1.24442558E+05
9.30000000E-05,voltage,m-0404,1.25361517E+05
9.30000000E-05,i1,m-0000-0001_e1,4.12062502E+03
9.30000000E-05,i2,m-0000-0001_e1,-4.05466961E+03
9.40000000E-05,injectedCurrent,m-0000,8.12129022E+03
9.40000000E-05,voltage,m-0000,1.19663587E+05
9.40000000E-05,voltage,m-0202,1.23373657E+05
9.40000000E-05,voltage,m-0404,1.24165321E+05
9.40000000E-05,i1,m-0000-0001_e1,4.06064511E+03
9.40000000E-05,i2,m-0000-0001_e1,-3.99879179E+03
9.50000000E-05,injectedCurrent,m-0000,8.00307654E+03
9.50000000E-05,voltage,m-0000,1.20088461E+05
9.50000000E-05,voltage,m-0202,1.20964081E+05
9.50000000E-05,voltage,m-0404,1.21857899E+05
9.50000000E-05,i1,m-0000-0001_e1,4.00153827E+03
9.50000000E-05,i2,m-0000-0001_e1,-3.93748652E+03
9.60000000E-05,injectedCurrent,m-0000,7.88658359E+03
9.60000000E-05,voltage,m-0000,1.16320527E+05
9.60000000E-05,voltage,m-0202,1.19925865E+05
9.60000000E-05,voltage,m-0404,1.20695825E+05
9.60000000E-05,i1,m-0000-0001_e1,3.94329179E+03
9.60000000E-05,i2,m-0000-0001_e1,-3.88323118E+03
9.70000000E-05,injectedCurrent,m-0000,7.77178631E+03
9.70000000E-05,voltage,m-0000,1.16736354E+05
9.70000000E-05,voltage,m-0202,1.17582456E+05
9.70000000E-05,voltage,m-0404,1.18451598E+05
9.70000000E-05,i1,m-0000-0001_e1,3.88589315E+03
9.70000000E-05,i2,m-0000-0001_e1,-3.82368964E+03
9.80000000E-05,injectedCurrent,m-0000,7.65866002E+03
9.80000000E-05,voltage,m-0000,1.13069418E+05
9.80000000E-05,voltage,m-0202,1.16574317E+05
9.80000000E-05,voltage,m-0404,1.17322900E+05
9.80000000E-05,i1,m-0000-0001_e1,3.82933001E+03
9.80000000E-05,i2,m-0000-0001_e1,-3.77101053E+03
9.90000000E-05,injectedCurrent,m-0000,7.54718039E+03
9.90000000E-05,voltage,m-0000,1.13476921E+05
9.90000000E-05,voltage,m-0202,1.14295099E+05
9.90000000E-05,voltage,m-0404,1.15140582E+05
9.90000000E-05,i1,m-0000-0001_e1,3.77359020E+03
9.90000000E-05,i2,m-0000-0001_e1,-3.71318119E+03
1.00000000E-04,injectedCurrent,m-0000,7.43732347E+03
1.00000000E-04,voltage,m-0000,1.09908113E+05
1.00000000E-04,voltage,m-0202,1.13316354E+05
1.00000000E-04,voltage,m-0404,1.14044314E+05
1.00000000E-04,i1,m-0000-0001_e1,3.71866174E+03
1.00000000E-04,i2,m-0000-0001_e1,-3.66203328E+03
1.01000000E-04,injectedCurrent,m-0000,7.32906563E+03
1.01000000E-04,voltage,m-0000,1.10308086E+05
1.01000000E-04,voltage,m-0202,1.11099458E+05
1.01000000E-04,voltage,m-0404,1.11921638E+05
1.01000000E-04,i1,m-0000-0001_e1,3.66453282E+03
1.01000000E-04,i2,m-0000-0001_e1,-3.60586613E+03
1.02000000E-04,injectedCurrent,m-0000,7.22238359E+03
1.02000000E-04,voltage,m-0000,1.06834762E+05
1.02000000E-04,voltage,m-0202,1.10149424E+05
1.02000000E-04,voltage,m-0404,1.10856989E+05
1.02000000E-04,i1,m-0000-0001_e1,3.61119180E+03
1.02000000E-04,i2,m-0000-0001_e1,-3.55620558E+03
1.03000000E-04,injectedCurrent,m-0000,7.11725442E+03
1.03000000E-04,voltage,m-0000,1.07228212E+05
1.03000000E-04,voltage,m-0202,1.07993050E+05
1.03000000E-04,voltage,m-0404,1.08792306E+05
1.03000000E-04,i1,m-0000-0001_e1,3.55862721E+03
1.03000000E-04,i2,m-0000-0001_e1,-3.50165215E+03
1.04000000E-04,injectedCurrent,m-0000,7.01365551E+03
1.04000000E-04,voltage,m-0000,1.03846998E+05
1.04000000E-04,voltage,m-0202,1.07071100E+05
1.04000000E-04,voltage,m-0404,1.07758878E+05
1.04000000E-04,i1,m-0000-0001_e1,3.50682775E+03
1.04000000E-04,i2,m-0000-0001_e1,-3.45343643E+03
1.05000000E-04,injectedCurrent,m-0000,6.91156459E+03
1.05000000E-04,voltage,m-0000,1.04233932E+05
1.05000000E-04,voltage,m-0202,1.04973479E+05
1.05000000E-04,voltage,m-0404,1.05751146E+05
1.05000000E-04,i1,m-0000-0001_e1,3.45578229E+03
1.05000000E-04,i2,m-0000-0001_e1,-3.40044985E+03
1.06000000E-04,injectedCurrent,m-0000,6.81095970E+03
1.06000000E-04,voltage,m-0000,1.00942195E+05
1.06000000E-04,voltage,m-0202,1.04078891E+05
1.06000000E-04,voltage,m-0404,1.04748024E+05
1.06000000E-04,i1,m-0000-0001_e1,3.40547985E+03
1.06000000E-04,i2,m-0000-0001_e1,-3.35363749E+03
1.07000000E-04,injectedCurrent,m-0000,6.71181923E+03
1.07000000E-04,voltage,m-0000,1.01323237E+05
1.07000000E-04,voltage,m-0202,1.02038340E+05
1.07000000E-04,voltage,m-0404,1.02794902E+05
1.07000000E-04,i1,m-0000-0001_e1,3.35590961E+03
1.07000000E-04,i2,m-0000-0001_e1,-3.30217216E+03
1.08000000E-04,injectedCurrent,m-0000,6.61412184E+03
1.08000000E-04,voltage,m-0000,9.81185402E+04
1.08000000E-04,voltage,m-0202,1.01170446E+05
1.08000000E-04,voltage,m-0404,1.01821087E+05
1.08000000E-04,i1,m-0000-0001_e1,3.30706092E+03
1.08000000E-04,i2,m-0000-0001_e1,-3.25672279E+03
1.09000000E-04,injectedCurrent,m-0000,6.51784654E+03
1.09000000E-04,voltage,m-0000,9.84945098E+04
1.09000000E-04,voltage,m-0202,9.91853405E+04
1.09000000E-04,voltage,m-0404,9.99211326E+04
1.09000000E-04,i1,m-0000-0001_e1,3.25892327E+03
1.09000000E-04,i2,m-0000-0001_e1,-3.20673452E+03
1.10000000E-04,injectedCurrent,m-0000,6.42297262E+03
1.10000000E-04,voltage,m-0000,9.53742256E+04
1.10000000E-04,voltage,m-0202,9.83435042E+04
1.10000000E-04,voltage,m-0404,9.89760294E+04
1.10000000E-04,i1,m-0000-0001_e1,3.21148631E+03
1.10000000E-04,i2,m-0000-0001_e1,-3.16260893E+03
1.11000000E-04,injectedCurrent,m-0000,6.32947969E+03
1.11000000E-04,voltage,m-0000,9.57451125E+04
1.11000000E-04,voltage,m-0202,9.64122730E+04
1.11000000E-04,voltage,m-0404,9.71280932E+04
1.11000000E-04,i1,m-0000-0001_e1,3.16473985E+03
1.11000000E-04,i2,m-0000-0001_e1,-3.11405496E+03
1.12000000E-04,injectedCurrent,m-0000,6.23734765E+03
1.12000000E-04,voltage,m-0000,9.27069482E+04
1.12000000E-04,voltage,m-0202,9.55957932E+04
1.12000000E-04,voltage,m-0404,9.62109867E+04
1.12000000E-04,i1,m-0000-0001_e1,3.11867382E+03
1.12000000E-04,i2,m-0000-0001_e1,-3.07121503E+03
1.13000000E-04,injectedCurrent,m-0000,6.14655668E+03
1.13000000E-04,voltage,m-0000,9.30731312E+04
1.13000000E-04,voltage,m-0202,9.37169291E+04
1.13000000E-04,voltage,m-0404,9.44132163E+04
1.13000000E-04,i1,m-0000-0001_e1,3.07327834E+03
1.13000000E-04,i2,m-0000-0001_e1,-3.02405380E+03
1.14000000E-04,injectedCurrent,m-0000,6.05708727E+03
1.14000000E-04,voltage,m-0000,9.01144422E+04
1.14000000E-04,voltage,m-0202,9.29251657E+04
1.14000000E-04,voltage,m-0404,9.35233988E+04
1.14000000E-04,i1,m-0000-0001_e1,3.02854363E+03
1.14000000E-04,i2,m-0000-0001_e1,-2.98246245E+03
1.15000000E-04,injectedCurrent,m-0000,5.96892018E+03
1.15000000E-04,voltage,m-0000,9.04759415E+04
1.15000000E-04,voltage,m-0202,9.10971918E+04
1.15000000E-04,voltage,m-0404,9.17747737E+04
1.15000000E-04,i1,m-0000-0001_e1,2.98446009E+03
1.15000000E-04,i2,m-0000-0001_e1,-2.93665369E+03
1.16000000E-04,injectedCurrent,m-0000,5.88203644E+03
1.16000000E-04,voltage,m-0000,8.75942069E+04
1.16000000E-04,voltage,m-0202,9.03294856E+04
1.16000000E-04,voltage,m-0404,9.09115721E+04
1.16000000E-04,i1,m-0000-0001_e1,2.94101822E+03
1.16000000E-04,i2,m-0000-0001_e1,-2.89627487E+03
1.17000000E-04,injectedCurrent,m-0000,5.79641739E+03
1.17000000E-04,voltage,m-0000,8.79508606E+04
1.17000000E-04,voltage,m-0202,8.85509753E+04
1.17000000E-04,voltage,m-0404,8.92105865E+04
1.17000000E-04,i1,m-0000-0001_e1,2.89820870E+03
1.17000000E-04,i2,m-0000-0001_e1,-2.85177954E+03
1.18000000E-04,injectedCurrent,m-0000,5.71204462E+03
1.18000000E-04,voltage,m-0000,8.51441428E+04
1.18000000E-04,voltage,m-0202,8.78066391E+04
1.18000000E-04,voltage,m-0404,8.83730111E+04
1.18000000E-04,i1,m-0000-0001_e1,2.85602231E+03
1.18000000E-04,i2,m-0000-0001_e1,-2.81257812E+03
1.19000000E-04,injectedCurrent,m-0000,5.62889997E+03
1.19000000E-04,voltage,m-0000,8.54965817E+04
1.19000000E-04,voltage,m-0202,8.60762207E+04
1.19000000E-04,voltage,m-0404,8.67178667E+04
1.19000000E-04,i1,m-0000-0001_e1,2.81444999E+03
1.19000000E-04,i2,m-0000-0001_e1,-2.76935820E+03
1.20000000E-04,injectedCurrent,m-0000,5.54696558E+03
1.20000000E-04,voltage,m-0000,8.27628595E+04
1.20000000E-04,voltage,m-0202,8.53546433E+04
1.20000000E-04,voltage,m-0404,8.59051408E+04
1.20000000E-04,i1,m-0000-0001_e1,2.77348279E+03
1.20000000E-04,i2,m-0000-0001_e1,-2.73130006E+03
1.21000000E-04,injectedCurrent,m-0000,5.46622383E+03
1.21000000E-04,voltage,m-0000,8.31111569E+04
1.21000000E-04,voltage,m-0202,8.36709913E+04
1.21000000E-04,voltage,m-0404,8.42950285E+04
1.21000000E-04,i1,m-0000-0001_e1,2.73311191E+03
1.21000000E-04,i2,m-0000-0001_e1,-2.68931881E+03
1.22000000E-04,injectedCurrent,m-0000,5.38665736E+03
1.22000000E-04,voltage,m-0000,8.04484470E+04
1.22000000E-04,voltage,m-0202,8.29715291E+04
1.22000000E-04,voltage,m-0404,8.35066988E+04
1.22000000E-04,i1,m-0000-0001_e1,2.69332868E+03
1.22000000E-04,i2,m-0000-0001_e1,-2.65237083E+03
1.23000000E-04,injectedCurrent,m-0000,5.30824905E+03
1.23000000E-04,voltage,m-0000,8.07924937E+04
1.23000000E-04,voltage,m-0202,8.13333641E+04
1.23000000E-04,voltage,m-0404,8.19403310E+04
1.23000000E-04,i1,m-0000-0001_e1,2.65412453E+03
1.23000000E-04,i2,m-0000-0001_e1,-2.61159260E+03
1.24000000E-04,injectedCurrent,m-0000,5.23098207E+03
1.24000000E-04,voltage,m-0000,7.81988476E+04
1.24000000E-04,voltage,m-0202,8.06553749E+04
1.24000000E-04,voltage,m-0404,8.11757002E+04
1.24000000E-04,i1,m-0000-0001_e1,2.61549103E+03
1.24000000E-04,i2,m-0000-0001_e1,-2.57572256E+03
1.25000000E-04,injectedCurrent,m-0000,5.15483978E+03
1.25000000E-04,voltage,m-0000,7.85388819E+04
1.25000000E-04,voltage,m-0202,7.90614507E+04
1.25000000E-04,voltage,m-0404,7.96517884E+04
1.25000000E-04,i1,m-0000-0001_e1,2.57741989E+03
1.25000000E-04,i2,m-0000-0001_e1,-2.53611272E+03
1.26000000E-04,injectedCurrent,m-0000,5.07980582E+03
1.26000000E-04,voltage,m-0000,7.60122915E+04
1.26000000E-04,voltage,m-0202,7.84043415E+04
1.26000000E-04,voltage,m-0404,7.89101864E+04
1.26000000E-04,i1,m-0000-0001_e1,2.53990291E+03
1.26000000E-04,i2,m-0000-0001_e1,-2.50128932E+03
1.27000000E-04,injectedCurrent,m-0000,5.00586405E+03
1.27000000E-04,voltage,m-0000,7.63480822E+04
1.27000000E-04,voltage,m-0202,7.68534565E+04
1.27000000E-04,voltage,m-0404,7.74278584E+04
1.27000000E-04,i1,m-0000-0001_e1,2.50293203E+03
1.27000000E-04,i2,m-0000-0001_e1,-2.46281434E+03
1.28000000E-04,injectedCurrent,m-0000,4.93299859E+03
1.28000000E-04,voltage,m-0000,7.38868577E+04
1.28000000E-04,voltage,m-0202,7.62165984E+04
1.28000000E-04,voltage,m-0404,7.67086568E+04
1.28000000E-04,i1,m-0000-0001_e1,2.46649929E+03
1.28000000E-04,i2,m-0000-0001_e1,-2.42900713E+03
1.29000000E-04,injectedCurrent,m-0000,4.86119375E+03
1.29000000E-04,voltage,m-0000,7.42185544E+04
1.29000000E-04,voltage,m-0202,7.47075933E+04
1.29000000E-04,voltage,m-0404,7.52664468E+04
1.29000000E-04,i1,m-0000-0001_e1,2.43059688E+03
1.29000000E-04,i2,m-0000-0001_e1,-2.39163438E+03
1.30000000E-04,injectedCurrent,m-0000,4.79043411E+03
1.30000000E-04,voltage,m-0000,7.18211277E+04
1.30000000E-04,voltage,m-0202,7.40903946E+04
1.30000000E-04,voltage,m-0404,7.45688340E+04
1.30000000E-04,i1,m-0000-0001_e1,2.39521706E+03
1.30000000E-04,i2,m-0000-0001_e1,-2.35881376E+03
1.31000000E-04,injectedCurrent,m-0000,4.72070445E+03
1.31000000E-04,voltage,m-0000,7.21489935E+04
1.31000000E-04,voltage,m-0202,7.26221469E+04
1.31000000E-04,voltage,m-0404,7.31657178E+04
1.31000000E-04,i1,m-0000-0001_e1,2.36035222E+03
1.31000000E-04,i2,m-0000-0001_e1,-2.32251162E+03
1.32000000E-04,injectedCurrent,m-0000,4.65198977E+03
1.32000000E-04,voltage,m-0000,6.98137009E+04
1.32000000E-04,voltage,m-0202,7.20240431E+04
1.32000000E-04,voltage,m-0404,7.24891832E+04
1.32000000E-04,i1,m-0000-0001_e1,2.32599489E+03
1.32000000E-04,i2,m-0000-0001_e1,-2.29064885E+03
1.33000000E-04,injectedCurrent,m-0000,4.58427531E+03
1.33000000E-04,voltage,m-0000,7.01374154E+04
1.33000000E-04,voltage,m-0202,7.05954707E+04
1.33000000E-04,voltage,m-0404,7.11243865E+04
1.33000000E-04,i1,m-0000-0001_e1,2.29213765E+03
1.33000000E-04,i2,m-0000-0001_e1,-2.25538669E+03
1.34000000E-04,injectedCurrent,m-0000,4.51754650E+03
1.34000000E-04,voltage,m-0000,6.78626416E+04
1.34000000E-04,voltage,m-0202,7.00158611E+04
1.34000000E-04,voltage,m-0404,7.04684155E+04
1.34000000E-04,i1,m-0000-0001_e1,2.25877325E+03
1.34000000E-04,i2,m-0000-0001_e1,-2.22445384E+03
1.35000000E-04,injectedCurrent,m-0000,4.45178899E+03
1.35000000E-04,voltage,m-0000,6.81822770E+04
1.35000000E-04,voltage,m-0202,6.86259014E+04
1.35000000E-04,voltage,m-0404,6.91406227E+04
1.35000000E-04,i1,m-0000-0001_e1,2.22589450E+03
1.35000000E-04,i2,m-0000-0001_e1,-2.19020186E+03
1.36000000E-04,injectedCurrent,m-0000,4.38698865E+03
1.36000000E-04,voltage,m-0000,6.59665099E+04
1.36000000E-04,voltage,m-0202,6.80642259E+04
1.36000000E-04,voltage,m-0404,6.85043895E+04
1.36000000E-04,i1,m-0000-0001_e1,2.19349433E+03
1.36000000E-04,i2,m-0000-0001_e1,-2.16017175E+03
1.37000000E-04,injectedCurrent,m-0000,4.32313155E+03
1.37000000E-04,voltage,m-0000,6.62821419E+04
1.37000000E-04,voltage,m-0202,6.67118506E+04
1.37000000E-04,voltage,m-0404,6.72126623E+04
1.37000000E-04,i1,m-0000-0001_e1,2.16156578E+03
1.37000000E-04,i2,m-0000-0001_e1,-2.12690103E+03
1.38000000E-04,injectedCurrent,m-0000,4.26020395E+03
1.38000000E-04,voltage,m-0000,6.41240341E+04
1.38000000E-04,voltage,m-0202,6.61675546E+04
1.38000000E-04,voltage,m-0404,6.65955785E+04
1.38000000E-04,i1,m-0000-0001_e1,2.13010198E+03
1.38000000E-04,i2,m-0000-0001_e1,-2.09774726E+03
1.39000000E-04,injectedCurrent,m-0000,4.19819233E+03
1.39000000E-04,voltage,m-0000,6.44355547E+04
1.39000000E-04,voltage,m-0202,6.48517764E+04
1.39000000E-04,voltage,m-0404,6.53389555E+04
1.39000000E-04,i1,m-0000-0001_e1,2.09909617E+03
1.39000000E-04,i2,m-0000-0001_e1,-2.06542977E+03
1.40000000E-04,injectedCurrent,m-0000,4.13708335E+03
1.40000000E-04,voltage,m-0000,6.23338481E+04
1.40000000E-04,voltage,m-0202,6.43242964E+04
1.40000000E-04,voltage,m-0404,6.47404265E+04
1.40000000E-04,i1,m-0000-0001_e1,2.06854168E+03
1.40000000E-04,i2,m-0000-0001_e1,-2.03712666E+03
1.41000000E-04,injectedCurrent,m-0000,4.07686388E+03
1.41000000E-04,voltage,m-0000,6.26414962E+04
1.41000000E-04,voltage,m-0202,6.30441493E+04
1.41000000E-04,voltage,m-0404,6.35177963E+04
1.41000000E-04,i1,m-0000-0001_e1,2.03843194E+03
1.41000000E-04,i2,m-0000-0001_e1,-2.00573515E+03
1.42000000E-04,injectedCurrent,m-0000,4.01752096E+03
1.42000000E-04,voltage,m-0000,6.05948744E+04
1.42000000E-04,voltage,m-0202,6.25329669E+04
1.42000000E-04,voltage,m-0404,6.29371937E+04
1.42000000E-04,i1,m-0000-0001_e1,2.00876048E+03
1.42000000E-04,i2,m-0000-0001_e1,-1.97825777E+03
1.43000000E-04,injectedCurrent,m-0000,3.95904184E+03
1.43000000E-04,voltage,m-0000,6.08984638E+04
1.43000000E-04,voltage,m-0202,6.12875228E+04
1.43000000E-04,voltage,m-0404,6.17479339E+04
1.43000000E-04,i1,m-0000-0001_e1,1.97952092E+03
1.43000000E-04,i2,m-0000-0001_e1,-1.94776586E+03
1.44000000E-04,injectedCurrent,m-0000,3.90141394E+03
1.44000000E-04,voltage,m-0000,5.89055159E+04
1.44000000E-04,voltage,m-0202,6.07921059E+04
1.44000000E-04,voltage,m-0404,6.11849096E+04
1.44000000E-04,i1,m-0000-0001_e1,1.95070697E+03
1.44000000E-04,i2,m-0000-0001_e1,-1.92109002E+03
1.45000000E-04,injectedCurrent,m-0000,3.84462487E+03
1.45000000E-04,voltage,m-0000,5.92047342E+04
1.45000000E-04,voltage,m-0202,5.95804607E+04
1.45000000E-04,voltage,m-0404,6.00281333E+04
1.45000000E-04,i1,m-0000-0001_e1,1.92231244E+03
1.45000000E-04,i2,m-0000-0001_e1,-1.89147208E+03
1.46000000E-04,injectedCurrent,m-0000,3.78866243E+03
1.46000000E-04,voltage,m-0000,5.72640800E+04
1.46000000E-04,voltage,m-0202,5.91002805E+04
1.46000000E-04,voltage,m-0404,5.94820698E+04
1.46000000E-04,i1,m-0000-0001_e1,1.89433121E+03
1.46000000E-04,i2,m-0000-0001_e1,-1.86557426E+03
1.47000000E-04,injectedCurrent,m-0000,3.73351458E+03
1.47000000E-04,voltage,m-0000,5.75589561E+04
1.47000000E-04,voltage,m-0202,5.79215473E+04
1.47000000E-04,voltage,m-0404,5.83567610E+04
1.47000000E-04,i1,m-0000-0001_e1,1.86675729E+03
1.47000000E-04,i2,m-0000-0001_e1,-1.83680539E+03
1.48000000E-04,injectedCurrent,m-0000,3.67916946E+03
1.48000000E-04,voltage,m-0000,5.56693780E+04
1.48000000E-04,voltage,m-0202,5.74561114E+04
1.48000000E-04,voltage,m-0404,5.78269839E+04
1.48000000E-04,i1,m-0000-0001_e1,1.83958473E+03
1.48000000E-04,i2,m-0000-0001_e1,-1.81166268E+03
1.49000000E-04,injectedCurrent,m-0000,3.62561539E+03
1.49000000E-04,voltage,m-0000,5.59596686E+04
1.49000000E-04,voltage,m-0202,5.63094473E+04
1.49000000E-04,voltage,m-0404,5.67324507E+04
1.49000000E-04,i1,m-0000-0001_e1,1.81280769E+03
1.49000000E-04,i2,m-0000-0001_e1,-1.78371874E+03
1.50000000E-04,injectedCurrent,m-0000,3.57284085E+03
1.50000000E-04,voltage,m-0000,5.41199682E+04
1.50000000E-04,voltage,m-0202,5.58582518E+04
1.50000000E-04,voltage,m-0404,5.62185679E+04
1.50000000E-04,i1,m-0000-0001_e1,1.78642043E+03
1.50000000E-04,i2,m-0000-0001_e1,-1.75930894E+03
1.51000000E-04,injectedCurrent,m-0000,3.52083450E+03
1.51000000E-04,voltage,m-0000,5.44055337E+04
1.51000000E-04,voltage,m-0202,5.47428332E+04
1.51000000E-04,voltage,m-0404,5.51539255E+04
1.51000000E-04,i1,m-0000-0001_e1,1.76041725E+03
1.51000000E-04,i2,m-0000-0001_e1,-1.73216649E+03
1.52000000E-04,injectedCurrent,m-0000,3.46958516E+03
1.52000000E-04,voltage,m-0000,5.26145027E+04
1.52000000E-04,voltage,m-0202,5.43053948E+04
1.52000000E-04,voltage,m-0404,5.46553585E+04
1.52000000E-04,i1,m-0000-0001_e1,1.73479258E+03
1.52000000E-04,i2,m-0000-0001_e1,-1.70846800E+03
1.53000000E-04,injectedCurrent,m-0000,3.41908180E+03
1.53000000E-04,voltage,m-0000,5.28952649E+04
1.53000000E-04,voltage,m-0202,5.32204184E+04
1.53000000E-04,voltage,m-0404,5.36198541E+04
1.53000000E-04,i1,m-0000-0001_e1,1.70954090E+03
1.53000000E-04,i2,m-0000-0001_e1,-1.68210428E+03
1.54000000E-04,injectedCurrent,m-0000,3.36931357E+03
1.54000000E-04,voltage,m-0000,5.11517392E+04
1.54000000E-04,voltage,m-0202,5.27962723E+04
1.54000000E-04,voltage,m-0404,5.31361271E+04
1.54000000E-04,i1,m-0000-0001_e1,1.68465679E+03
1.54000000E-04,i2,m-0000-0001_e1,-1.65909613E+03
1.55000000E-04,injectedCurrent,m-0000,3.32026977E+03
1.55000000E-04,voltage,m-0000,5.14273262E+04
1.55000000E-04,voltage,m-0202,5.17409700E+04
1.55000000E-04,voltage,m-0404,5.21291420E+04
1.55000000E-04,i1,m-0000-0001_e1,1.66013489E+03
1.55000000E-04,i2,m-0000-0001_e1,-1.63348908E+03
1.56000000E-04,injectedCurrent,m-0000,3.27193985E+03
1.56000000E-04,voltage,m-0000,4.97301407E+04
1.56000000E-04,voltage,m-0202,5.13296393E+04
1.56000000E-04,voltage,m-0404,5.16598609E+04
1.56000000E-04,i1,m-0000-0001_e1,1.63596993E+03
1.56000000E-04,i2,m-0000-0001_e1,-1.61115090E+03
1.57000000E-04,injectedCurrent,m-0000,3.22431342E+03
1.57000000E-04,voltage,m-0000,5.00004835E+04
1.57000000E-04,voltage,m-0202,5.03032528E+04
1.57000000E-04,voltage,m-0404,5.06805027E+04
1.57000000E-04,i1,m-0000-0001_e1,1.61215671E+03
1.57000000E-04,i2,m-0000-0001_e1,-1.58627907E+03
1.58000000E-04,injectedCurrent,m-0000,3.17738025E+03
1.58000000E-04,voltage,m-0000,4.83486500E+04
1.58000000E-04,voltage,m-0202,4.99042903E+04
1.58000000E-04,voltage,m-0404,5.02250071E+04
1.58000000E-04,i1,m-0000-0001_e1,1.58869012E+03
1.58000000E-04,i2,m-0000-0001_e1,-1.56459103E+03
1.59000000E-04,injectedCurrent,m-0000,3.13113023E+03
1.59000000E-04,voltage,m-0000,4.86137216E+04
1.59000000E-04,voltage,m-0202,4.89060934E+04
1.59000000E-04,voltage,m-0404,4.92725789E+04
1.59000000E-04,i1,m-0000-0001_e1,1.56556512E+03
1.59000000E-04,i2,m-0000-0001_e1,-1.54043360E+03
1.60000000E-04,injectedCurrent,m-0000,3.08555343E+03
1.60000000E-04,voltage,m-0000,4.70063373E+04
1.60000000E-04,voltage,m-0202,4.85190646E+04
1.60000000E-04,voltage,m-0404,4.88304663E+04
1.60000000E-04,i1,m-0000-0001_e1,1.54277672E+03
1.60000000E-04,i2,m-0000-0001_e1,-1.51937647E+03
1.61000000E-04,injectedCurrent,m-0000,3.04064005E+03
1.61000000E-04,voltage,m-0000,4.72659080E+04
1.61000000E-04,voltage,m-0202,4.75483640E+04
1.61000000E-04,voltage,m-0404,4.79043865E+04
1.61000000E-04,i1,m-0000-0001_e1,1.52032002E+03
1.61000000E-04,i2,m-0000-0001_e1,-1.49591326E+03
1.62000000E-04,injectedCurrent,m-0000,2.99638043E+03
1.62000000E-04,voltage,m-0000,4.57019488E+04
1.62000000E-04,voltage,m-0202,4.71728337E+04
1.62000000E-04,voltage,m-0404,4.74753246E+04
1.62000000E-04,i1,m-0000-0001_e1,1.49819021E+03
1.62000000E-04,i2,m-0000-0001_e1,-1.47546837E+03
1.63000000E-04,injectedCurrent,m-0000,2.95276505E+03
1.63000000E-04,voltage,m-0000,4.59559453E+04
1.63000000E-04,voltage,m-0202,4.62289418E+04
1.63000000E-04,voltage,m-0404,4.65748885E+04
1.63000000E-04,i1,m-0000-0001_e1,1.47638252E+03
1.63000000E-04,i2,m-0000-0001_e1,-1.45267978E+03
1.64000000E-04,injectedCurrent,m-0000,2.90978454E+03
1.64000000E-04,voltage,m-0000,4.44344569E+04
1.64000000E-04,voltage,m-0202,4.58644993E+04
1.64000000E-04,voltage,m-0404,4.61583447E+04
1.64000000E-04,i1,m-0000-0001_e1,1.45489227E+03
1.64000000E-04,i2,m-0000-0001_e1,-1.43282898E+03
1.65000000E-04,injectedCurrent,m-0000,2.86742965E+03
1.65000000E-04,voltage,m-0000,4.46826547E+04
1.65000000E-04,voltage,m-0202,4.49467593E+04
1.65000000E-04,voltage,m-0404,4.52829862E+04
1.65000000E-04,i1,m-0000-0001_e1,1.43371482E+03
1.65000000E-04,i2,m-0000-0001_e1,-1.41069599E+03
1.66000000E-04,injectedCurrent,m-0000,2.82569128E+03
1.66000000E-04,voltage,m-0000,4.32027112E+04
1.66000000E-04,voltage,m-0202,4.45929933E+04
1.66000000E-04,voltage,m-0404,4.48786134E+04
1.66000000E-04,i1,m-0000-0001_e1,1.41284564E+03
1.66000000E-04,i2,m-0000-0001_e1,-1.39142164E+03
1.67000000E-04,injectedCurrent,m-0000,2.78456046E+03
1.67000000E-04,voltage,m-0000,4.34448936E+04
1.67000000E-04,voltage,m-0202,4.37007675E+04
1.67000000E-04,voltage,m-0404,4.40276765E+04
1.67000000E-04,i1,m-0000-0001_e1,1.39228023E+03
1.67000000E-04,i2,m-0000-0001_e1,-1.36992579E+03
1.68000000E-04,injectedCurrent,m-0000,2.74402833E+03
1.68000000E-04,voltage,m-0000,4.20056062E+04
1.68000000E-04,voltage,m-0202,4.33572744E+04
1.68000000E-04,voltage,m-0404,4.36349960E+04
1.68000000E-04,i1,m-0000-0001_e1,1.37201417E+03
1.68000000E-04,i2,m-0000-0001_e1,-1.35121076E+03
1.69000000E-04,injectedCurrent,m-0000,2.70408620E+03
1.69000000E-04,voltage,m-0000,4.22417900E+04
1.69000000E-04,voltage,m-0202,4.24899354E+04
1.69000000E-04,voltage,m-0404,4.28077634E+04
1.69000000E-04,i1,m-0000-0001_e1,1.35204310E+03
1.69000000E-04,i2,m-0000-0001_e1,-1.33033409E+03
1.70000000E-04,injectedCurrent,m-0000,2.66472546E+03
1.70000000E-04,voltage,m-0000,4.08424425E+04
1.70000000E-04,voltage,m-0202,4.21563342E+04
1.70000000E-04,voltage,m-0404,4.24262460E+04
1.70000000E-04,i1,m-0000-0001_e1,1.33236273E+03
1.70000000E-04,i2,m-0000-0001_e1,-1.31216171E+03
1.71000000E-04,injectedCurrent,m-0000,2.62593766E+03
1.71000000E-04,voltage,m-0000,4.10724658E+04
1.71000000E-04,voltage,m-0202,4.13132895E+04
1.71000000E-04,voltage,m-0404,4.16222014E+04
1.71000000E-04,i1,m-0000-0001_e1,1.31296883E+03
1.71000000E-04,i2,m-0000-0001_e1,-1.29188682E+03
1.72000000E-04,injectedCurrent,m-0000,2.58771445E+03
1.72000000E-04,voltage,m-0000,3.97122464E+04
1.72000000E-04,voltage,m-0202,4.09891975E+04
1.72000000E-04,voltage,m-0404,4.12515921E+04
1.72000000E-04,i1,m-0000-0001_e1,1.29385723E+03
1.72000000E-04,i2,m-0000-0001_e1,-1.27424094E+03
1.73000000E-04,injectedCurrent,m-0000,2.55004763E+03
1.73000000E-04,voltage,m-0000,3.99359438E+04
1.73000000E-04,voltage,m-0202,4.01698630E+04
1.73000000E-04,voltage,m-0404,4.04701762E+04
1.73000000E-04,i1,m-0000-0001_e1,1.27502381E+03
1.73000000E-04,i2,m-0000-0001_e1,-1.25455094E+03
1.74000000E-04,injectedCurrent,m-0000,2.51292908E+03
1.74000000E-04,voltage,m-0000,3.86140143E+04
1.74000000E-04,voltage,m-0202,3.98549079E+04
1.74000000E-04,voltage,m-0404,4.01100408E+04
1.74000000E-04,i1,m-0000-0001_e1,1.25646454E+03
1.74000000E-04,i2,m-0000-0001_e1,-1.23741584E+03
1.75000000E-04,injectedCurrent,m-0000,2.47635083E+03
1.75000000E-04,voltage,m-0000,3.88312889E+04
1.75000000E-04,voltage,m-0202,3.90587111E+04
1.75000000E-04,voltage,m-0404,3.93506664E+04
1.75000000E-04,i1,m-0000-0001_e1,1.23817541E+03
1.75000000E-04,i2,m-0000-0001_e1,-1.21829432E+03
1.76000000E-04,injectedCurrent,m-0000,2.44030501E+03
1.76000000E-04,voltage,m-0000,3.75469498E+04
1.76000000E-04,voltage,m-0202,3.87525331E+04
1.76000000E-04,voltage,m-0404,3.90005643E+04
1.76000000E-04,i1,m-0000-0001_e1,1.22015251E+03
1.76000000E-04,i2,m-0000-0001_e1,-1.20165471E+03
1.77000000E-04,injectedCurrent,m-0000,2.40478388E+03
1.77000000E-04,voltage,m-0000,3.77575934E+04
1.77000000E-04,voltage,m-0202,3.79789321E+04
1.77000000E-04,voltage,m-0404,3.82627183E+04
1.77000000E-04,i1,m-0000-0001_e1,1.20239194E+03
1.77000000E-04,i2,m-0000-0001_e1,-1.18308575E+03
1.78000000E-04,injectedCurrent,m-0000,2.36977979E+03
1.78000000E-04,voltage,m-0000,3.65100934E+04
1.78000000E-04,voltage,m-0202,3.76811729E+04
1.78000000E-04,voltage,m-0404,3.79223561E+04
1.78000000E-04,i1,m-0000-0001_e1,1.18488990E+03
1.78000000E-04,i2,m-0000-0001_e1,-1.16692683E+03
1.79000000E-04,injectedCurrent,m-0000,2.33528523E+03
1.79000000E-04,voltage,m-0000,3.67140263E+04
1.79000000E-04,voltage,m-0202,3.69296312E+04
1.79000000E-04,voltage,m-0404,3.72054730E+04
1.79000000E-04,i1,m-0000-0001_e1,1.16764261E+03
1.79000000E-04,i2,m-0000-0001_e1,-1.14889497E+03
1.80000000E-04,injectedCurrent,m-0000,2.30129276E+03
1.80000000E-04,voltage,m-0000,3.55026889E+04
1.80000000E-04,voltage,m-0202,3.66399500E+04
1.80000000E-04,voltage,m-0404,3.68743969E+04
1.80000000E-04,i1,m-0000-0001_e1,1.15064638E+03
1.80000000E-04,i2,m-0000-0001_e1,-1.13320230E+03
1.81000000E-04,injectedCurrent,m-0000,2.26779510E+03
1.81000000E-04,voltage,m-0000,3.56998011E+04
1.81000000E-04,voltage,m-0202,3.59099531E+04
1.81000000E-04,voltage,m-0404,3.61779875E+04
1.81000000E-04,i1,m-0000-0001_e1,1.13389755E+03
1.81000000E-04,i2,m-0000-0001_e1,-1.11569253E+03
1.82000000E-04,injectedCurrent,m-0000,2.23478502E+03
1.82000000E-04,voltage,m-0000,3.45239681E+04
1.82000000E-04,voltage,m-0202,3.56280167E+04
1.82000000E-04,voltage,m-0404,3.58559016E+04
1.82000000E-04,i1,m-0000-0001_e1,1.11739251E+03
1.82000000E-04,i2,m-0000-0001_e1,-1.10045214E+03
1.83000000E-04,injectedCurrent,m-0000,2.20225544E+03
1.83000000E-04,voltage,m-0000,3.47140004E+04
1.83000000E-04,voltage,m-0202,3.49190723E+04
1.83000000E-04,voltage,m-0404,3.51795530E+04
1.83000000E-04,i1,m-0000-0001_e1,1.10112772E+03
1.83000000E-04,i2,m-0000-0001_e1,-1.08344990E+03
1.84000000E-04,injectedCurrent,m-0000,2.17019936E+03
1.84000000E-04,voltage,m-0000,3.35728790E+04
1.84000000E-04,voltage,m-0202,3.46445500E+04
1.84000000E-04,voltage,m-0404,3.48662071E+04
1.84000000E-04,i1,m-0000-0001_e1,1.08509968E+03
1.84000000E-04,i2,m-0000-0001_e1,-1.06864820E+03
1.85000000E-04,injectedCurrent,m-0000,2.13860989E+03
1.85000000E-04,voltage,m-0000,3.37556698E+04
1.85000000E-04,voltage,m-0202,3.39561654E+04
1.85000000E-04,voltage,m-0404,3.42094197E+04
1.85000000E-04,i1,m-0000-0001_e1,1.06930495E+03
1.85000000E-04,i2,m-0000-0001_e1,-1.05213936E+03
1.86000000E-04,injectedCurrent,m-0000,2.10748024E+03
1.86000000E-04,voltage,m-0000,3.26486145E+04
1.86000000E-04,voltage,m-0202,3.36887388E+04
1.86000000E-04,voltage,m-0404,3.39043577E+04
1.86000000E-04,i1,m-0000-0001_e1,1.05374012E+03
1.86000000E-04,i2,m-0000-0001_e1,-1.03776315E+03
1.87000000E-04,injectedCurrent,m-0000,2.07680371E+03
1.87000000E-04,voltage,m-0000,3.28240021E+04
1.87000000E-04,voltage,m-0202,3.30204463E+04
1.87000000E-04,voltage,m-0404,3.32666380E+04
1.87000000E-04,i1,m-0000-0001_e1,1.03840186E+03
1.87000000E-04,i2,m-0000-0001_e1,-1.02173397E+03
1.88000000E-04,injectedCurrent,m-0000,2.04657371E+03
1.88000000E-04,voltage,m-0000,3.17504325E+04
1.88000000E-04,voltage,m-0202,3.27598024E+04
1.88000000E-04,voltage,m-0404,3.29695578E+04
1.88000000E-04,i1,m-0000-0001_e1,1.02328686E+03
1.88000000E-04,i2,m-0000-0001_e1,-1.00777040E+03
1.89000000E-04,injectedCurrent,m-0000,2.01678374E+03
1.89000000E-04,voltage,m-0000,3.19182737E+04
1.89000000E-04,voltage,m-0202,3.21111499E+04
1.89000000E-04,voltage,m-0404,3.23504573E+04
1.89000000E-04,i1,m-0000-0001_e1,1.00839187E+03
1.89000000E-04,i2,m-0000-0001_e1,-9.92207560E+02
1.90000000E-04,injectedCurrent,m-0000,1.98742739E+03
1.90000000E-04,voltage,m-0000,3.08775743E+04
1.90000000E-04,voltage,m-0202,3.18569848E+04
1.90000000E-04,voltage,m-0404,3.20610500E+04
1.90000000E-04,i1,m-0000-0001_e1,9.93713697E+02
1.90000000E-04,i2,m-0000-0001_e1,-9.78644166E+02
1.91000000E-04,injectedCurrent,m-0000,1.95849836E+03
1.91000000E-04,voltage,m-0000,3.10378002E+04
1.91000000E-04,voltage,m-0202,3.12275258E+04
1.91000000E-04,voltage,m-0404,3.14601222E+04
1.91000000E-04,i1,m-0000-0001_e1,9.79249179E+02
1.91000000E-04,i2,m-0000-0001_e1,-9.63534728E+02
1.92000000E-04,injectedCurrent,m-0000,1.92999041E+03
1.92000000E-04,voltage,m-0000,3.00294668E+04
1.92000000E-04,voltage,m-0202,3.09795458E+04
1.92000000E-04,voltage,m-0404,3.11780215E+04
1.92000000E-04,i1,m-0000-0001_e1,9.64995207E+02
1.92000000E-04,i2,m-0000-0001_e1,-9.50359396E+02
1.93000000E-04,injectedCurrent,m-0000,1.90189743E+03
1.93000000E-04,voltage,m-0000,3.01819094E+04
1.93000000E-04,voltage,m-0202,3.03688583E+04
1.93000000E-04,voltage,m-0404,3.05948785E+04
1.93000000E-04,i1,m-0000-0001_e1,9.50948716E+02
1.93000000E-04,i2,m-0000-0001_e1,-9.35690805E+02
1.94000000E-04,injectedCurrent,m-0000,1.87421337E+03
1.94000000E-04,voltage,m-0000,2.92053602E+04
1.94000000E-04,voltage,m-0202,3.01267727E+04
1.94000000E-04,voltage,m-0404,3.03198818E+04
1.94000000E-04,i1,m-0000-0001_e1,9.37106685E+02
1.94000000E-04,i2,m-0000-0001_e1,-9.22891782E+02
1.95000000E-04,injectedCurrent,m-0000,1.84693228E+03
1.95000000E-04,voltage,m-0000,2.93498610E+04
1.95000000E-04,voltage,m-0202,2.95344403E+04
1.95000000E-04,voltage,m-0404,2.97541382E+04
1.95000000E-04,i1,m-0000-0001_e1,9.23466140E+02
1.95000000E-04,i2,m-0000-0001_e1,-9.08651856E+02
1.96000000E-04,injectedCurrent,m-0000,1.82004829E+03
1.96000000E-04,voltage,m-0000,2.84045274E+04
1.96000000E-04,voltage,m-0202,2.92979664E+04
1.96000000E-04,voltage,m-0404,2.94859122E+04
1.96000000E-04,i1,m-0000-0001_e1,9.10024147E+02
1.96000000E-04,i2,m-0000-0001_e1,-8.96217715E+02
1.97000000E-04,injectedCurrent,m-0000,1.79355563E+03
1.97000000E-04,voltage,m-0000,2.85409955E+04
1.97000000E-04,voltage,m-0202,2.87235825E+04
1.97000000E-04,voltage,m-0404,2.89371309E+04
1.97000000E-04,i1,m-0000-0001_e1,8.96777816E+02
1.97000000E-04,i2,m-0000-0001_e1,-8.82394614E+02
1.98000000E-04,injectedCurrent,m-0000,1.76744860E+03
1.98000000E-04,voltage,m-0000,2.76264559E+04
1.98000000E-04,voltage,m-0202,2.84924458E+04
1.98000000E-04,voltage,m-0404,2.86753258E+04
1.98000000E-04,i1,m-0000-0001_e1,8.83724298E+02
1.98000000E-04,i2,m-0000-0001_e1,-8.70314239E+02
1.99000000E-04,injectedCurrent,m-0000,1.74172158E+03
1.99000000E-04,voltage,m-0000,2.77547670E+04
1.99000000E-04,voltage,m-0202,2.79356273E+04
1.99000000E-04,voltage,m-0404,2.81431198E+04
1.99000000E-04,i1,m-0000-0001_e1,8.70860788E+02
1.99000000E-04,i2,m-0000-0001_e1,-8.56896477E+02
2.00000000E-04,injectedCurrent,m-0000,1.71636904E+03
2.00000000E-04,voltage,m-0000,2.68705135E+04
2.00000000E-04,voltage,m-0202,2.77095601E+04
2.00000000E-04,voltage,m-0404,2.78875332E+04
2.00000000E-04,i1,m-0000-0001_e1,8.58184520E+02
2.00000000E-04,i2,m-0000-0001_e1,-8.45159091E+02
2.01000000E-04,injectedCurrent,m-0000,1.69138553E+03
2.01000000E-04,voltage,m-0000,2.69905533E+04
2.01000000E-04,voltage,m-0202,2.71699272E+04
2.01000000E-04,voltage,m-0404,2.73715611E+04
2.01000000E-04,i1,m-0000-0001_e1,8.45692767E+02
2.01000000E-04,i2,m-0000-0001_e1,-8.32135521E+02
2.02000000E-04,injectedCurrent,m-0000,1.66676569E+03
2.02000000E-04,voltage,m-0000,2.61360936E+04
2.02000000E-04,voltage,m-0202,2.69486692E+04
2.02000000E-04,voltage,m-0404,2.71218873E+04
2.02000000E-04,i1,m-0000-0001_e1,8.33382845E+02
2.02000000E-04,i2,m-0000-0001_e1,-8.20730647E+02
2.03000000E-04,injectedCurrent,m-0000,1.64250421E+03
2.03000000E-04,voltage,m-0000,2.62477112E+04
2.03000000E-04,voltage,m-0202,2.64258552E+04
2.03000000E-04,voltage,m-0404,2.66217878E+04
2.03000000E-04,i1,m-0000-0001_e1,8.21252106E+02
2.03000000E-04,i2,m-0000-0001_e1,-8.08090450E+02
2.04000000E-04,injectedCurrent,m-0000,1.61859589E+03
2.04000000E-04,voltage,m-0000,2.54225911E+04
2.04000000E-04,voltage,m-0202,2.62091498E+04
2.04000000E-04,voltage,m-0404,2.63777688E+04
2.04000000E-04,i1,m-0000-0001_e1,8.09297943E+02
2.04000000E-04,i2,m-0000-0001_e1,-7.97007906E+02
2.05000000E-04,injectedCurrent,m-0000,1.59503557E+03
2.05000000E-04,voltage,m-0000,2.55256019E+04
2.05000000E-04,voltage,m-0202,2.57028028E+04
2.05000000E-04,voltage,m-0404,2.58931980E+04
2.05000000E-04,i1,m-0000-0001_e1,7.97517784E+02
2.05000000E-04,i2,m-0000-0001_e1,-7.84740579E+02
2.06000000E-04,injectedCurrent,m-0000,1.57181820E+03
2.06000000E-04,voltage,m-0000,2.47293033E+04
2.06000000E-04,voltage,m-0202,2.54903990E+04
2.06000000E-04,voltage,m-0404,2.56546033E+04
2.06000000E-04,i1,m-0000-0001_e1,7.85909098E+02
2.06000000E-04,i2,m-0000-0001_e1,-7.73970480E+02
2.07000000E-04,injectedCurrent,m-0000,1.54893878E+03
2.07000000E-04,voltage,m-0000,2.48235862E+04
2.07000000E-04,voltage,m-0202,2.50001685E+04
2.07000000E-04,voltage,m-0404,2.51852030E+04
2.07000000E-04,i1,m-0000-0001_e1,7.74469388E+02
2.07000000E-04,i2,m-0000-0001_e1,-7.62065820E+02
2.08000000E-04,injectedCurrent,m-0000,1.52639239E+03
2.08000000E-04,voltage,m-0000,2.40557191E+04
2.08000000E-04,voltage,m-0202,2.47918220E+04
2.08000000E-04,voltage,m-0404,2.49516894E+04
2.08000000E-04,i1,m-0000-0001_e1,7.63196195E+02
2.08000000E-04,i2,m-0000-0001_e1,-7.51598543E+02
2.09000000E-04,injectedCurrent,m-0000,1.50417419E+03
2.09000000E-04,voltage,m-0000,2.41411649E+04
2.09000000E-04,voltage,m-0202,2.43173762E+04
2.09000000E-04,voltage,m-0404,2.44970915E+04
2.09000000E-04,i1,m-0000-0001_e1,7.52087094E+02
2.09000000E-04,i2,m-0000-0001_e1,-7.40046642E+02
2.10000000E-04,injectedCurrent,m-0000,1.48227940E+03
2.10000000E-04,voltage,m-0000,2.34013520E+04
2.10000000E-04,voltage,m-0202,2.41128489E+04
2.10000000E-04,voltage,m-0404,2.42684404E+04
2.10000000E-04,i1,m-0000-0001_e1,7.41139698E+02
2.10000000E-04,i2,m-0000-0001_e1,-7.29872846E+02
2.11000000E-04,injectedCurrent,m-0000,1.46070331E+03
2.11000000E-04,voltage,m-0000,2.34778278E+04
2.11000000E-04,voltage,m-0202,2.36538670E+04
2.11000000E-04,voltage,m-0404,2.38283592E+04
2.11000000E-04,i1,m-0000-0001_e1,7.30351653E+02
2.11000000E-04,i2,m-0000-0001_e1,-7.18664097E+02
2.12000000E-04,injectedCurrent,m-0000,1.43944128E+03
2.12000000E-04,voltage,m-0000,2.27656103E+04
2.12000000E-04,voltage,m-0202,2.34529278E+04
2.12000000E-04,voltage,m-0404,2.36043718E+04
2.12000000E-04,i1,m-0000-0001_e1,7.19720638E+02
2.12000000E-04,i2,m-0000-0001_e1,-7.08774720E+02
2.13000000E-04,injectedCurrent,m-0000,1.41848874E+03
2.13000000E-04,voltage,m-0000,2.28329647E+04
2.13000000E-04,voltage,m-0202,2.30090925E+04
2.13000000E-04,voltage,m-0404,2.31785257E+04
2.13000000E-04,i1,m-0000-0001_e1,7.09244369E+02
2.13000000E-04,i2,m-0000-0001_e1,-6.97899800E+02
2.14000000E-04,injectedCurrent,m-0000,1.39784119E+03
2.14000000E-04,voltage,m-0000,2.21479612E+04
2.14000000E-04,voltage,m-0202,2.28115136E+04
2.14000000E-04,voltage,m-0404,2.29589350E+04
2.14000000E-04,i1,m-0000-0001_e1,6.98920593E+02
2.14000000E-04,i2,m-0000-0001_e1,-6.88286025E+02
2.15000000E-04,injectedCurrent,m-0000,1.37749418E+03
2.15000000E-04,voltage,m-0000,2.22060252E+04
2.15000000E-04,voltage,m-0202,2.23825242E+04
2.15000000E-04,voltage,m-0404,2.25470103E+04
2.15000000E-04,i1,m-0000-0001_e1,6.88747089E+02
2.15000000E-04,i2,m-0000-0001_e1,-6.77735884E+02
2.16000000E-04,injectedCurrent,m-0000,1.35744334E+03
2.16000000E-04,voltage,m-0000,2.15478297E+04
2.16000000E-04,voltage,m-0202,2.21880837E+04
2.16000000E-04,voltage,m-0404,2.23316246E+04
2.16000000E-04,i1,m-0000-0001_e1,6.78721672E+02
2.16000000E-04,i2,m-0000-0001_e1,-6.68389151E+02
2.17000000E-04,injectedCurrent,m-0000,1.33768437E+03
2.17000000E-04,voltage,m-0000,2.15964630E+04
2.17000000E-04,voltage,m-0202,2.17736457E+04
2.17000000E-04,voltage,m-0404,2.19333435E+04
2.17000000E-04,i1,m-0000-0001_e1,6.68842184E+02
2.17000000E-04,i2,m-0000-0001_e1,-6.58155003E+02
2.18000000E-04,injectedCurrent,m-0000,1.31821301E+03
2.18000000E-04,voltage,m-0000,2.09646933E+04
2.18000000E-04,voltage,m-0202,2.15821288E+04
2.18000000E-04,voltage,m-0404,2.17219174E+04
2.18000000E-04,i1,m-0000-0001_e1,6.59106503E+02
2.18000000E-04,i2,m-0000-0001_e1,-6.49066992E+02
2.19000000E-04,injectedCurrent,m-0000,1.29902507E+03
2.19000000E-04,voltage,m-0000,2.10037754E+04
2.19000000E-04,voltage,m-0202,2.11819566E+04
2.19000000E-04,voltage,m-0404,2.13369865E+04
2.19000000E-04,i1,m-0000-0001_e1,6.49512534E+02
2.19000000E-04,i2,m-0000-0001_e1,-6.39140309E+02
2.20000000E-04,injectedCurrent,m-0000,1.28011643E+03
2.20000000E-04,voltage,m-0000,2.03981327E+04
2.20000000E-04,voltage,m-0202,2.09931527E+04
2.20000000E-04,voltage,m-0404,2.11292816E+04
2.20000000E-04,i1,m-0000-0001_e1,6.40058216E+02
2.20000000E-04,i2,m-0000-0001_e1,-6.30302931E+02
2.21000000E-04,injectedCurrent,m-0000,1.26148303E+03
2.21000000E-04,voltage,m-0000,2.04275295E+04
2.21000000E-04,voltage,m-0202,2.06069761E+04
2.21000000E-04,voltage,m-0404,2.07574312E+04
2.21000000E-04,i1,m-0000-0001_e1,6.30741514E+02
2.21000000E-04,i2,m-0000-0001_e1,-6.20675437E+02
2.22000000E-04,injectedCurrent,m-0000,1.24312085E+03
2.22000000E-04,voltage,m-0000,1.98476372E+04
2.22000000E-04,voltage,m-0202,2.04206815E+04
2.22000000E-04,voltage,m-0404,2.05532937E+04
2.22000000E-04,i1,m-0000-0001_e1,6.21560427E+02
2.22000000E-04,i2,m-0000-0001_e1,-6.12080846E+02
2.23000000E-04,injectedCurrent,m-0000,1.22502596E+03
2.23000000E-04,voltage,m-0000,1.98671969E+04
2.23000000E-04,voltage,m-0202,2.00482324E+04
2.23000000E-04,voltage,m-0404,2.01943009E+04
2.23000000E-04,i1,m-0000-0001_e1,6.12512980E+02
2.23000000E-04,i2,m-0000-0001_e1,-6.02744517E+02
2.24000000E-04,injectedCurrent,m-0000,1.20719446E+03
2.24000000E-04,voltage,m-0000,1.93127113E+04
2.24000000E-04,voltage,m-0202,1.98642460E+04
2.24000000E-04,voltage,m-0404,1.99935006E+04
2.24000000E-04,i1,m-0000-0001_e1,6.03597228E+02
2.24000000E-04,i2,m-0000-0001_e1,-5.94385083E+02
2.25000000E-04,injectedCurrent,m-0000,1.18962251E+03
2.25000000E-04,voltage,m-0000,1.93222907E+04
2.25000000E-04,voltage,m-0202,1.95052661E+04
2.25000000E-04,voltage,m-0404,1.96470833E+04
2.25000000E-04,i1,m-0000-0001_e1,5.94811254E+02
2.25000000E-04,i2,m-0000-0001_e1,-5.85332122E+02
2.26000000E-04,injectedCurrent,m-0000,1.17230634E+03
2.26000000E-04,voltage,m-0000,1.87929368E+04
2.26000000E-04,voltage,m-0202,1.93233897E+04
2.26000000E-04,voltage,m-0404,1.94493958E+04
2.26000000E-04,i1,m-0000-0001_e1,5.86153168E+02
2.26000000E-04,i2,m-0000-0001_e1,-5.77200422E+02
2.27000000E-04,injectedCurrent,m-0000,1.15524222E+03
2.27000000E-04,voltage,m-0000,1.87924342E+04
2.27000000E-04,voltage,m-0202,1.89776315E+04
2.27000000E-04,voltage,m-0404,1.91152827E+04
2.27000000E-04,i1,m-0000-0001_e1,5.77621110E+02
2.27000000E-04,i2,m-0000-0001_e1,-5.68423260E+02
2.28000000E-04,injectedCurrent,m-0000,1.13842649E+03
2.28000000E-04,voltage,m-0000,1.82879196E+04
2.28000000E-04,voltage,m-0202,1.87976748E+04
2.28000000E-04,voltage,m-0404,1.89205155E+04
2.28000000E-04,i1,m-0000-0001_e1,5.69213244E+02
2.28000000E-04,i2,m-0000-0001_e1,-5.60512085E+02
2.29000000E-04,injectedCurrent,m-0000,1.12185553E+03
2.29000000E-04,voltage,m-0000,1.82772449E+04
2.29000000E-04,voltage,m-0202,1.84648950E+04
2.29000000E-04,voltage,m-0404,1.85984778E+04
2.29000000E-04,i1,m-0000-0001_e1,5.60927764E+02
2.29000000E-04,i2,m-0000-0001_e1,-5.52003379E+02
2.30000000E-04,injectedCurrent,m-0000,1.10552577E+03
2.30000000E-04,voltage,m-0000,1.77973406E+04
2.30000000E-04,voltage,m-0202,1.82866703E+04
2.30000000E-04,voltage,m-0404,1.84064106E+04
2.30000000E-04,i1,m-0000-0001_e1,5.52762887E+02
2.30000000E-04,i2,m-0000-0001_e1,-5.44305720E+02
2.31000000E-04,injectedCurrent,m-0000,1.08943372E+03
2.31000000E-04,voltage,m-0000,1.77763891E+04
2.31000000E-04,voltage,m-0202,1.79666381E+04
2.31000000E-04,voltage,m-0404,1.80962055E+04
2.31000000E-04,i1,m-0000-0001_e1,5.44716859E+02
2.31000000E-04,i2,m-0000-0001_e1,-5.36058344E+02
2.32000000E-04,injectedCurrent,m-0000,1.07357590E+03
2.32000000E-04,voltage,m-0000,1.73208393E+04
2.32000000E-04,voltage,m-0202,1.77899625E+04
2.32000000E-04,voltage,m-0404,1.79066815E+04
2.32000000E-04,i1,m-0000-0001_e1,5.36787948E+02
2.32000000E-04,i2,m-0000-0001_e1,-5.28567396E+02
2.33000000E-04,injectedCurrent,m-0000,1.05794890E+03
2.33000000E-04,voltage,m-0000,1.72894840E+04
2.33000000E-04,voltage,m-0202,1.74824529E+04
2.33000000E-04,voltage,m-0404,1.76081135E+04
2.33000000E-04,i1,m-0000-0001_e1,5.28974451E+02
2.33000000E-04,i2,m-0000-0001_e1,-5.20574442E+02
2.34000000E-04,injectedCurrent,m-0000,1.04254938E+03
2.34000000E-04,voltage,m-0000,1.68579915E+04
2.34000000E-04,voltage,m-0202,1.73071477E+04
2.34000000E-04,voltage,m-0404,1.74209640E+04
2.34000000E-04,i1,m-0000-0001_e1,5.21274688E+02
2.34000000E-04,i2,m-0000-0001_e1,-5.13283595E+02
2.35000000E-04,injectedCurrent,m-0000,1.02737400E+03
2.35000000E-04,voltage,m-0000,1.68160867E+04
2.35000000E-04,voltage,m-0202,1.70119402E+04
2.35000000E-04,voltage,m-0404,1.71338229E+04
2.35000000E-04,i1,m-0000-0001_e1,5.13687002E+02
2.35000000E-04,i2,m-0000-0001_e1,-5.05538357E+02
2.36000000E-04,injectedCurrent,m-0000,1.01241953E+03
2.36000000E-04,voltage,m-0000,1.64084251E+04
2.36000000E-04,voltage,m-0202,1.68378277E+04
2.36000000E-04,voltage,m-0404,1.69488353E+04
2.36000000E-04,i1,m-0000-0001_e1,5.06209763E+02
2.36000000E-04,i2,m-0000-0001_e1,-4.98441177E+02
2.37000000E-04,injectedCurrent,m-0000,9.97682725E+02
2.37000000E-04,voltage,m-0000,1.63558535E+04
2.37000000E-04,voltage,m-0202,1.65547131E+04
2.37000000E-04,voltage,m-0404,1.66728744E+04
2.37000000E-04,i1,m-0000-0001_e1,4.98841362E+02
2.37000000E-04,i2,m-0000-0001_e1,-4.90937141E+02
2.38000000E-04,injectedCurrent,m-0000,9.83160433E+02
2.38000000E-04,voltage,m-0000,1.59717863E+04
2.38000000E-04,voltage,m-0202,1.63816220E+04
2.38000000E-04,voltage,m-0404,1.64898792E+04
2.38000000E-04,i1,m-0000-0001_e1,4.91580217E+02
2.38000000E-04,i2,m-0000-0001_e1,-4.84027377E+02
2.39000000E-04,injectedCurrent,m-0000,9.68849529E+02
2.39000000E-04,voltage,m-0000,1.59084341E+04
2.39000000E-04,voltage,m-0202,1.61103961E+04
2.39000000E-04,voltage,m-0404,1.62249120E+04
2.39000000E-04,i1,m-0000-0001_e1,4.84424764E+02
2.39000000E-04,i2,m-0000-0001_e1,-4.76758228E+02
2.40000000E-04,injectedCurrent,m-0000,9.54746934E+02
2.40000000E-04,voltage,m-0000,1.55477277E+04
2.40000000E-04,voltage,m-0202,1.59381592E+04
2.40000000E-04,voltage,m-0404,1.60437354E+04
2.40000000E-04,i1,m-0000-0001_e1,4.77373467E+02
2.40000000E-04,i2,m-0000-0001_e1,-4.70029804E+02
2.41000000E-04,injectedCurrent,m-0000,9.40849617E+02
2.41000000E-04,voltage,m-0000,1.54734491E+04
2.41000000E-04,voltage,m-0202,1.56786253E+04
2.41000000E-04,voltage,m-0404,1.57895728E+04
2.41000000E-04,i1,m-0000-0001_e1,4.70424808E+02
2.41000000E-04,i2,m-0000-0001_e1,-4.62989417E+02
2.42000000E-04,injectedCurrent,m-0000,9.27154589E+02
2.42000000E-04,voltage,m-0000,1.51358866E+04
2.42000000E-04,voltage,m-0202,1.55070762E+04
2.42000000E-04,voltage,m-0404,1.56100524E+04
2.42000000E-04,i1,m-0000-0001_e1,4.63577295E+02
2.42000000E-04,i2,m-0000-0001_e1,-4.56436429E+02
2.43000000E-04,injectedCurrent,m-0000,9.13658907E+02
2.43000000E-04,voltage,m-0000,1.50505345E+04
2.43000000E-04,voltage,m-0202,1.52590453E+04
2.43000000E-04,voltage,m-0404,1.53665024E+04
2.43000000E-04,i1,m-0000-0001_e1,4.56829454E+02
2.43000000E-04,i2,m-0000-0001_e1,-4.49618860E+02
2.44000000E-04,injectedCurrent,m-0000,9.00359668E+02
2.44000000E-04,voltage,m-0000,1.47358621E+04
2.44000000E-04,voltage,m-0202,1.50880226E+04
2.44000000E-04,voltage,m-0404,1.51884893E+04
2.44000000E-04,i1,m-0000-0001_e1,4.50179834E+02
2.44000000E-04,i2,m-0000-0001_e1,-4.43235571E+02
2.45000000E-04,injectedCurrent,m-0000,8.87254013E+02
2.45000000E-04,voltage,m-0000,1.46392844E+04
2.45000000E-04,voltage,m-0202,1.48513084E+04
2.45000000E-04,voltage,m-0404,1.49553820E+04
2.45000000E-04,i1,m-0000-0001_e1,4.43627007E+02
2.45000000E-04,i2,m-0000-0001_e1,-4.36635055E+02
2.46000000E-04,injectedCurrent,m-0000,8.74339125E+02
2.46000000E-04,voltage,m-0000,1.43473054E+04
2.46000000E-04,voltage,m-0202,1.46806521E+04
2.46000000E-04,voltage,m-0404,1.47786873E+04
2.46000000E-04,i1,m-0000-0001_e1,4.37169562E+02
2.46000000E-04,i2,m-0000-0001_e1,-4.30415879E+02
2.47000000E-04,injectedCurrent,m-0000,8.61612225E+02
2.47000000E-04,voltage,m-0000,1.42393751E+04
2.47000000E-04,voltage,m-0202,1.44550778E+04
2.47000000E-04,voltage,m-0404,1.45558142E+04
2.47000000E-04,i1,m-0000-0001_e1,4.30806113E+02
2.47000000E-04,i2,m-0000-0001_e1,-4.24026817E+02
2.48000000E-04,injectedCurrent,m-0000,8.49070579E+02
2.48000000E-04,voltage,m-0000,1.39699261E+04
2.48000000E-04,voltage,m-0202,1.42846317E+04
2.48000000E-04,voltage,m-0404,1.43802739E+04
2.48000000E-04,i1,m-0000-0001_e1,4.24535290E+02
2.48000000E-04,i2,m-0000-0001_e1,-4.17966324E+02
2.49000000E-04,injectedCurrent,m-0000,8.36711489E+02
2.49000000E-04,voltage,m-0000,1.38505398E+04
2.49000000E-04,voltage,m-0202,1.40700275E+04
2.49000000E-04,voltage,m-0404,1.41674669E+04
2.49000000E-04,i1,m-0000-0001_e1,4.18355745E+02
2.49000000E-04,i2,m-0000-0001_e1,-4.11783288E+02
2.50000000E-04,injectedCurrent,m-0000,8.24532299E+02
2.50000000E-04,voltage,m-0000,1.36034360E+04
2.50000000E-04,voltage,m-0202,1.38996414E+04
2.50000000E-04,voltage,m-0404,1.39929434E+04
2.50000000E-04,i1,m-0000-0001_e1,4.12266149E+02
2.50000000E-04,i2,m-0000-0001_e1,-4.05876205E+02
2.51000000E-04,injectedCurrent,m-0000,8.12530389E+02
2.51000000E-04,voltage,m-0000,1.34724510E+04
2.51000000E-04,voltage,m-0202,1.36958427E+04
2.51000000E-04,voltage,m-0404,1.37900703E+04
2.51000000E-04,i1,m-0000-0001_e1,4.06265194E+02
2.51000000E-04,i2,m-0000-0001_e1,-3.99893937E+02
2.52000000E-04,injectedCurrent,m-0000,8.00703179E+02
2.52000000E-04,voltage,m-0000,1.32475253E+04
2.52000000E-04,voltage,m-0202,1.35253662E+04
2.52000000E-04,voltage,m-0404,1.36164224E+04
2.52000000E-04,i1,m-0000-0001_e1,4.00351589E+02
2.52000000E-04,i2,m-0000-0001_e1,-3.94135137E+02
2.53000000E-04,injectedCurrent,m-0000,7.89048126E+02
2.53000000E-04,voltage,m-0000,1.31047911E+04
2.53000000E-04,voltage,m-0202,1.33322163E+04
2.53000000E-04,voltage,m-0404,1.34233210E+04
2.53000000E-04,i1,m-0000-0001_e1,3.94524063E+02
2.53000000E-04,i2,m-0000-0001_e1,-3.88348536E+02
2.54000000E-04,injectedCurrent,m-0000,7.77562724E+02
2.54000000E-04,voltage,m-0000,1.29018571E+04
2.54000000E-04,voltage,m-0202,1.31615030E+04
2.54000000E-04,voltage,m-0404,1.32504164E+04
2.54000000E-04,i1,m-0000-0001_e1,3.88781362E+02
2.54000000E-04,i2,m-0000-0001_e1,-3.82733035E+02
2.55000000E-04,injectedCurrent,m-0000,7.66244504E+02
2.55000000E-04,voltage,m-0000,1.27472311E+04
2.55000000E-04,voltage,m-0202,1.29788486E+04
2.55000000E-04,voltage,m-0404,1.30669443E+04
2.55000000E-04,i1,m-0000-0001_e1,3.83122252E+02
2.55000000E-04,i2,m-0000-0001_e1,-3.77137154E+02
2.56000000E-04,injectedCurrent,m-0000,7.55091033E+02
2.56000000E-04,voltage,m-0000,1.25661288E+04
2.56000000E-04,voltage,m-0202,1.28077548E+04
2.56000000E-04,voltage,m-0404,1.28946225E+04
2.56000000E-04,i1,m-0000-0001_e1,3.77545516E+02
2.56000000E-04,i2,m-0000-0001_e1,-3.71660101E+02
2.57000000E-04,injectedCurrent,m-0000,7.44099911E+02
2.57000000E-04,voltage,m-0000,1.23994740E+04
2.57000000E-04,voltage,m-0202,1.26354495E+04
2.57000000E-04,voltage,m-0404,1.27206179E+04
2.57000000E-04,i1,m-0000-0001_e1,3.72049956E+02
2.57000000E-04,i2,m-0000-0001_e1,-3.66250140E+02
2.58000000E-04,injectedCurrent,m-0000,7.33268777E+02
2.58000000E-04,voltage,m-0000,1.22400914E+04
2.58000000E-04,voltage,m-0202,1.24638330E+04
2.58000000E-04,voltage,m-0404,1.25487231E+04
2.58000000E-04,i1,m-0000-0001_e1,3.66634388E+02
2.58000000E-04,i2,m-0000-0001_e1,-3.60906814E+02
2.59000000E-04,injectedCurrent,m-0000,7.22595300E+02
2.59000000E-04,voltage,m-0000,1.20612961E+04
2.59000000E-04,voltage,m-0202,1.23017380E+04
2.59000000E-04,voltage,m-0404,1.23840301E+04
2.59000000E-04,i1,m-0000-0001_e1,3.61297650E+02
2.59000000E-04,i2,m-0000-0001_e1,-3.55678118E+02
2.60000000E-04,injectedCurrent,m-0000,7.12077187E+02
2.60000000E-04,voltage,m-0000,1.19234937E+04
2.60000000E-04,voltage,m-0202,1.21294619E+04
2.60000000E-04,voltage,m-0404,1.22124376E+04
2.60000000E-04,i1,m-0000-0001_e1,3.56038594E+02
2.60000000E-04,i2,m-0000-0001_e1,-3.50463933E+02
2.61000000E-04,injectedCurrent,m-0000,7.01712176E+02
2.61000000E-04,voltage,m-0000,1.17324144E+04
2.61000000E-04,voltage,m-0202,1.19774418E+04
2.61000000E-04,voltage,m-0404,1.20569498E+04
2.61000000E-04,i1,m-0000-0001_e1,3.50856088E+02
2.61000000E-04,i2,m-0000-0001_e1,-3.45411994E+02
2.62000000E-04,injectedCurrent,m-0000,6.91498039E+02
2.62000000E-04,voltage,m-0000,1.16160628E+04
2.62000000E-04,voltage,m-0202,1.18043687E+04
2.62000000E-04,voltage,m-0404,1.18855240E+04
2.62000000E-04,i1,m-0000-0001_e1,3.45749019E+02
2.62000000E-04,i2,m-0000-0001_e1,-3.40322487E+02
2.63000000E-04,injectedCurrent,m-0000,6.81432578E+02
2.63000000E-04,voltage,m-0000,1.14125401E+04
2.63000000E-04,voltage,m-0202,1.16622941E+04
2.63000000E-04,voltage,m-0404,1.17390994E+04
2.63000000E-04,i1,m-0000-0001_e1,3.40716289E+02
2.63000000E-04,i2,m-0000-0001_e1,-3.35442934E+02
2.64000000E-04,injectedCurrent,m-0000,6.71513631E+02
2.64000000E-04,voltage,m-0000,1.13175173E+04
2.64000000E-04,voltage,m-0202,1.14882880E+04
2.64000000E-04,voltage,m-0404,1.15677036E+04
2.64000000E-04,i1,m-0000-0001_e1,3.35756815E+02
2.64000000E-04,i2,m-0000-0001_e1,-3.30473762E+02
2.65000000E-04,injectedCurrent,m-0000,6.61739064E+02
2.65000000E-04,voltage,m-0000,1.11014181E+04
2.65000000E-04,voltage,m-0202,1.13560340E+04
2.65000000E-04,voltage,m-0404,1.14302049E+04
2.65000000E-04,i1,m-0000-0001_e1,3.30869532E+02
2.65000000E-04,i2,m-0000-0001_e1,-3.25762353E+02
2.66000000E-04,injectedCurrent,m-0000,6.52106776E+02
2.66000000E-04,voltage,m-0000,1.10276102E+04
2.66000000E-04,voltage,m-0202,1.11809630E+04
2.66000000E-04,voltage,m-0404,1.12586940E+04
2.66000000E-04,i1,m-0000-0001_e1,3.26053388E+02
2.66000000E-04,i2,m-0000-0001_e1,-3.20909289E+02
2.67000000E-04,injectedCurrent,m-0000,6.42614695E+02
2.67000000E-04,voltage,m-0000,1.07987975E+04
2.67000000E-04,voltage,m-0202,1.10584095E+04
2.67000000E-04,voltage,m-0404,1.11299988E+04
2.67000000E-04,i1,m-0000-0001_e1,3.21307348E+02
2.67000000E-04,i2,m-0000-0001_e1,-3.16361913E+02
2.68000000E-04,injectedCurrent,m-0000,6.33260782E+02
2.68000000E-04,voltage,m-0000,1.07461410E+04
2.68000000E-04,voltage,m-0202,1.08821417E+04
2.68000000E-04,voltage,m-0404,1.09582271E+04
2.68000000E-04,i1,m-0000-0001_e1,3.16630391E+02
2.68000000E-04,i2,m-0000-0001_e1,-3.11620840E+02
2.69000000E-04,injectedCurrent,m-0000,6.24043024E+02
2.69000000E-04,voltage,m-0000,1.05044900E+04
2.69000000E-04,voltage,m-0202,1.07691773E+04
2.69000000E-04,voltage,m-0404,1.08382021E+04
2.69000000E-04,i1,m-0000-0001_e1,3.12021512E+02
2.69000000E-04,i2,m-0000-0001_e1,-3.07233514E+02
2.70000000E-04,injectedCurrent,m-0000,6.14959440E+02
2.70000000E-04,voltage,m-0000,1.04728901E+04
2.70000000E-04,voltage,m-0202,1.05915857E+04
2.70000000E-04,voltage,m-0404,1.06660647E+04
2.70000000E-04,i1,m-0000-0001_e1,3.07479720E+02
2.70000000E-04,i2,m-0000-0001_e1,-3.02600432E+02
2.71000000E-04,injectedCurrent,m-0000,6.06008077E+02
2.71000000E-04,voltage,m-0000,1.02182456E+04
2.71000000E-04,voltage,m-0202,1.04881019E+04
2.71000000E-04,voltage,m-0404,1.05546375E+04
2.71000000E-04,i1,m-0000-0001_e1,3.03004039E+02
2.71000000E-04,i2,m-0000-0001_e1,-2.98369303E+02
2.72000000E-04,injectedCurrent,m-0000,5.97187011E+02
2.72000000E-04,voltage,m-0000,1.02075867E+04
2.72000000E-04,voltage,m-0202,1.03090608E+04
2.72000000E-04,voltage,m-0404,1.03820269E+04
2.72000000E-04,i1,m-0000-0001_e1,2.98593505E+02
2.72000000E-04,i2,m-0000-0001_e1,-2.93840323E+02
2.73000000E-04,injectedCurrent,m-0000,5.88494343E+02
2.73000000E-04,voltage,m-0000,9.93975262E+03
2.73000000E-04,voltage,m-0202,1.02149541E+04
2.73000000E-04,voltage,m-0404,1.02791017E+04
2.73000000E-04,i1,m-0000-0001_e1,2.94247172E+02
2.73000000E-04,i2,m-0000-0001_e1,-2.89761660E+02
2.74000000E-04,injectedCurrent,m-0000,5.79928207E+02
2.74000000E-04,voltage,m-0000,9.94994511E+03
2.74000000E-04,voltage,m-0202,1.00343361E+04
2.74000000E-04,voltage,m-0404,1.01058897E+04
2.74000000E-04,i1,m-0000-0001_e1,2.89964104E+02
2.74000000E-04,i2,m-0000-0001_e1,-2.85332990E+02
2.75000000E-04,injectedCurrent,m-0000,5.71486759E+02
2.75000000E-04,voltage,m-0000,9.66876291E+03
2.75000000E-04,voltage,m-0202,9.94950880E+03
2.75000000E-04,voltage,m-0404,1.00113389E+04
2.75000000E-04,i1,m-0000-0001_e1,2.85743380E+02
2.75000000E-04,i2,m-0000-0001_e1,-2.81403171E+02
2.76000000E-04,injectedCurrent,m-0000,5.63168186E+02
2.76000000E-04,voltage,m-0000,9.69971537E+03
2.76000000E-04,voltage,m-0202,9.76719222E+03
2.76000000E-04,voltage,m-0404,9.83739870E+03
2.76000000E-04,i1,m-0000-0001_e1,2.81584093E+02
2.76000000E-04,i2,m-0000-0001_e1,-2.77071122E+02
2.77000000E-04,injectedCurrent,m-0000,5.54970697E+02
2.77000000E-04,voltage,m-0000,9.40502490E+03
2.77000000E-04,voltage,m-0202,9.69155019E+03
2.77000000E-04,voltage,m-0404,9.75114044E+03
2.77000000E-04,i1,m-0000-0001_e1,2.77485349E+02
2.77000000E-04,i2,m-0000-0001_e1,-2.73286642E+02
2.78000000E-04,injectedCurrent,m-0000,5.46892532E+02
2.78000000E-04,voltage,m-0000,9.45669151E+03
2.78000000E-04,voltage,m-0202,9.50741280E+03
2.78000000E-04,voltage,m-0404,9.57634034E+03
2.78000000E-04,i1,m-0000-0001_e1,2.73446266E+02
2.78000000E-04,i2,m-0000-0001_e1,-2.69047617E+02
2.79000000E-04,injectedCurrent,m-0000,5.38931952E+02
2.79000000E-04,voltage,m-0000,9.14833589E+03
2.79000000E-04,voltage,m-0202,9.44086916E+03
2.79000000E-04,voltage,m-0404,9.49826420E+03
2.79000000E-04,i1,m-0000-0001_e1,2.69465976E+02
2.79000000E-04,i2,m-0000-0001_e1,-2.65405082E+02
2.80000000E-04,injectedCurrent,m-0000,5.31087247E+02
2.80000000E-04,voltage,m-0000,9.22067612E+03
2.80000000E-04,voltage,m-0202,9.25479042E+03
2.80000000E-04,voltage,m-0404,9.32249315E+03
2.80000000E-04,i1,m-0000-0001_e1,2.65543624E+02
2.80000000E-04,i2,m-0000-0001_e1,-2.61255581E+02
2.81000000E-04,injectedCurrent,m-0000,5.23356730E+02
2.81000000E-04,voltage,m-0000,8.89850667E+03
2.81000000E-04,voltage,m-0202,9.19726242E+03
2.81000000E-04,voltage,m-0404,9.25252216E+03
2.81000000E-04,i1,m-0000-0001_e1,2.61678365E+02
2.81000000E-04,i2,m-0000-0001_e1,-2.57751707E+02
2.82000000E-04,injectedCurrent,m-0000,5.15738738E+02
2.82000000E-04,voltage,m-0000,8.99144789E+03
2.82000000E-04,voltage,m-0202,9.00912521E+03
2.82000000E-04,voltage,m-0404,9.07568129E+03
2.82000000E-04,i1,m-0000-0001_e1,2.57869369E+02
2.82000000E-04,i2,m-0000-0001_e1,-2.53688326E+02
2.83000000E-04,injectedCurrent,m-0000,5.08231633E+02
2.83000000E-04,voltage,m-0000,8.65527041E+03
2.83000000E-04,voltage,m-0202,8.96053243E+03
2.83000000E-04,voltage,m-0404,9.01376012E+03
2.83000000E-04,i1,m-0000-0001_e1,2.54115817E+02
2.83000000E-04,i2,m-0000-0001_e1,-2.50319938E+02
2.84000000E-04,injectedCurrent,m-0000,5.00833803E+02
2.84000000E-04,voltage,m-0000,8.76879124E+03
2.84000000E-04,voltage,m-0202,8.77021530E+03
2.84000000E-04,voltage,m-0404,8.83571898E+03
2.84000000E-04,i1,m-0000-0001_e1,2.50416901E+02
2.84000000E-04,i2,m-0000-0001_e1,-2.46339354E+02
2.85000000E-04,injectedCurrent,m-0000,4.93543655E+02
2.85000000E-04,voltage,m-0000,8.41846122E+03
2.85000000E-04,voltage,m-0202,8.73048357E+03
2.85000000E-04,voltage,m-0404,8.78171672E+03
2.85000000E-04,i1,m-0000-0001_e1,2.46771827E+02
2.85000000E-04,i2,m-0000-0001_e1,-2.43103370E+02
2.86000000E-04,injectedCurrent,m-0000,4.86359623E+02
2.86000000E-04,voltage,m-0000,8.55256264E+03
2.86000000E-04,voltage,m-0202,8.53786972E+03
2.86000000E-04,voltage,m-0404,8.60234115E+03
2.86000000E-04,i1,m-0000-0001_e1,2.43179811E+02
2.86000000E-04,i2,m-0000-0001_e1,-2.39202343E+02
2.87000000E-04,injectedCurrent,m-0000,4.79280162E+02
2.87000000E-04,voltage,m-0000,8.18796188E+03
2.87000000E-04,voltage,m-0202,8.50692924E+03
2.87000000E-04,voltage,m-0404,8.55618851E+03
2.87000000E-04,i1,m-0000-0001_e1,2.39640081E+02
2.87000000E-04,i2,m-0000-0001_e1,-2.36095782E+02
2.88000000E-04,injectedCurrent,m-0000,4.72303749E+02
2.88000000E-04,voltage,m-0000,8.34265421E+03
2.88000000E-04,voltage,m-0202,8.31190464E+03
2.88000000E-04,voltage,m-0404,8.37536944E+03
2.88000000E-04,i1,m-0000-0001_e1,2.36151875E+02
2.88000000E-04,i2,m-0000-0001_e1,-2.32271155E+02
2.89000000E-04,injectedCurrent,m-0000,4.65428885E+02
2.89000000E-04,voltage,m-0000,7.96361609E+03
2.89000000E-04,voltage,m-0202,8.28969102E+03
2.89000000E-04,voltage,m-0404,8.33701563E+03
2.89000000E-04,i1,m-0000-0001_e1,2.32714443E+02
2.89000000E-04,i2,m-0000-0001_e1,-2.29291144E+02
2.90000000E-04,injectedCurrent,m-0000,4.58654092E+02
2.90000000E-04,voltage,m-0000,8.13892537E+03
2.90000000E-04,voltage,m-0202,8.09213817E+03
2.90000000E-04,voltage,m-0404,8.15465150E+03
2.90000000E-04,i1,m-0000-0001_e1,2.29327046E+02
2.90000000E-04,i2,m-0000-0001_e1,-2.25539844E+02
2.91000000E-04,injectedCurrent,m-0000,4.51977914E+02
2.91000000E-04,voltage,m-0000,7.74530093E+03
2.91000000E-04,voltage,m-0202,8.07859203E+03
2.91000000E-04,voltage,m-0404,8.12401212E+03
2.91000000E-04,i1,m-0000-0001_e1,2.25988957E+02
2.91000000E-04,i2,m-0000-0001_e1,-2.22683597E+02
2.92000000E-04,injectedCurrent,m-0000,4.45398913E+02
2.92000000E-04,voltage,m-0000,7.94120360E+03
2.92000000E-04,voltage,m-0202,7.87839864E+03
2.92000000E-04,voltage,m-0404,7.94000671E+03
2.92000000E-04,i1,m-0000-0001_e1,2.22699457E+02
2.92000000E-04,i2,m-0000-0001_e1,-2.19002630E+02
2.93000000E-04,injectedCurrent,m-0000,4.38915677E+02
2.93000000E-04,voltage,m-0000,7.53279227E+03
2.93000000E-04,voltage,m-0202,7.87346231E+03
2.93000000E-04,voltage,m-0404,7.91706332E+03
2.93000000E-04,i1,m-0000-0001_e1,2.19457838E+02
2.93000000E-04,i2,m-0000-0001_e1,-2.16267463E+02
2.94000000E-04,injectedCurrent,m-0000,4.32526811E+02
2.94000000E-04,voltage,m-0000,7.74928105E+03
2.94000000E-04,voltage,m-0202,7.67051245E+03
2.94000000E-04,voltage,m-0404,7.73130673E+03
2.94000000E-04,i1,m-0000-0001_e1,2.16263405E+02
2.94000000E-04,i2,m-0000-0001_e1,-2.12653907E+02
2.95000000E-04,injectedCurrent,m-0000,4.26230941E+02
2.95000000E-04,voltage,m-0000,7.32587772E+03
2.95000000E-04,voltage,m-0202,7.67413290E+03
2.95000000E-04,voltage,m-0404,7.71596828E+03
2.95000000E-04,i1,m-0000-0001_e1,2.13115471E+02
2.95000000E-04,i2,m-0000-0001_e1,-2.10037220E+02
2.96000000E-04,injectedCurrent,m-0000,4.20026714E+02
2.96000000E-04,voltage,m-0000,7.56299467E+03
2.96000000E-04,voltage,m-0202,7.46830912E+03
2.96000000E-04,voltage,m-0404,7.52831732E+03
2.96000000E-04,i1,m-0000-0001_e1,2.10013357E+02
2.96000000E-04,i2,m-0000-0001_e1,-2.06488216E+02
2.97000000E-04,injectedCurrent,m-0000,4.13912796E+02
2.97000000E-04,voltage,m-0000,7.12447103E+03
2.97000000E-04,voltage,m-0202,7.48043823E+03
2.97000000E-04,voltage,m-0404,7.52048374E+03
2.97000000E-04,i1,m-0000-0001_e1,2.06956398E+02
2.97000000E-04,i2,m-0000-0001_e1,-2.03987486E+02
2.98000000E-04,injectedCurrent,m-0000,4.07887873E+02
2.98000000E-04,voltage,m-0000,7.38224826E+03
2.98000000E-04,voltage,m-0202,7.27163051E+03
2.98000000E-04,voltage,m-0404,7.33082175E+03
2.98000000E-04,i1,m-0000-0001_e1,2.03943936E+02
2.98000000E-04,i2,m-0000-0001_e1,-2.00500247E+02
2.99000000E-04,injectedCurrent,m-0000,4.01950648E+02
2.99000000E-04,voltage,m-0000,6.92840081E+03
2.99000000E-04,voltage,m-0202,7.29222461E+03
2.99000000E-04,voltage,m-0404,7.33049537E+03
2.99000000E-04,i1,m-0000-0001_e1,2.00975324E+02
2.99000000E-04,i2,m-0000-0001_e1,-1.98113053E+02
3.00000000E-04,injectedCurrent,m-0000,3.96099845E+02
3.00000000E-04,voltage,m-0000,7.20687819E+03
3.00000000E-04,voltage,m-0202,7.08031664E+03
3.00000000E-04,voltage,m-0404,7.13873868E+03
3.00000000E-04,i1,m-0000-0001_e1,1.98049923E+02
3.00000000E-04,i2,m-0000-0001_e1,-1.94684862E+02
3.01000000E-04,injectedCurrent,m-0000,3.90334207E+02
3.01000000E-04,voltage,m-0000,6.73749542E+03
3.01000000E-04,voltage,m-0202,7.10933632E+03
3.01000000E-04,voltage,m-0404,7.14584946E+03
3.01000000E-04,i1,m-0000-0001_e1,1.95167104E+02
3.01000000E-04,i2,m-0000-0001_e1,-1.92408863E+02
3.02000000E-04,injectedCurrent,m-0000,3.84652494E+02
3.02000000E-04,voltage,m-0000,7.03669809E+03
3.02000000E-04,voltage,m-0202,6.89421277E+03
3.02000000E-04,voltage,m-0404,6.95188486E+03
3.02000000E-04,i1,m-0000-0001_e1,1.92326247E+02
3.02000000E-04,i2,m-0000-0001_e1,-1.89037066E+02
3.03000000E-04,injectedCurrent,m-0000,3.79053483E+02
3.03000000E-04,voltage,m-0000,6.55159291E+03
3.03000000E-04,voltage,m-0202,6.93162095E+03
3.03000000E-04,voltage,m-0404,6.96639079E+03
3.03000000E-04,i1,m-0000-0001_e1,1.89526742E+02
3.03000000E-04,i2,m-0000-0001_e1,-1.86870000E+02
3.04000000E-04,injectedCurrent,m-0000,3.73535972E+02
3.04000000E-04,voltage,m-0000,6.87154502E+03
3.04000000E-04,voltage,m-0202,6.71317011E+03
3.04000000E-04,voltage,m-0404,6.77010930E+03
3.04000000E-04,i1,m-0000-0001_e1,1.86767986E+02
3.04000000E-04,i2,m-0000-0001_e1,-1.83552004E+02
3.05000000E-04,injectedCurrent,m-0000,3.68098774E+02
3.05000000E-04,voltage,m-0000,6.37046684E+03
3.05000000E-04,voltage,m-0202,6.75893508E+03
3.05000000E-04,voltage,m-0404,6.79199903E+03
3.05000000E-04,i1,m-0000-0001_e1,1.84049387E+02
3.05000000E-04,i2,m-0000-0001_e1,-1.81491697E+02
3.06000000E-04,injectedCurrent,m-0000,3.62740719E+02
3.06000000E-04,voltage,m-0000,6.71125016E+03
3.06000000E-04,voltage,m-0202,6.53703813E+03
3.06000000E-04,voltage,m-0404,6.59328970E+03
3.06000000E-04,i1,m-0000-0001_e1,1.81370360E+02
3.06000000E-04,i2,m-0000-0001_e1,-1.78224964E+02
3.07000000E-04,injectedCurrent,m-0000,3.57460657E+02
3.07000000E-04,voltage,m-0000,6.19403428E+03
3.07000000E-04,voltage,m-0202,6.59113362E+03
3.07000000E-04,voltage,m-0404,6.62246416E+03
3.07000000E-04,i1,m-0000-0001_e1,1.78730328E+02
3.07000000E-04,i2,m-0000-0001_e1,-1.76269306E+02
3.08000000E-04,injectedCurrent,m-0000,3.52257450E+02
3.08000000E-04,voltage,m-0000,6.55573421E+03
3.08000000E-04,voltage,m-0202,6.36567981E+03
3.08000000E-04,voltage,m-0404,6.42120212E+03
3.08000000E-04,i1,m-0000-0001_e1,1.76128725E+02
3.08000000E-04,i2,m-0000-0001_e1,-1.73051357E+02
3.09000000E-04,injectedCurrent,m-0000,3.47129981E+02
3.09000000E-04,voltage,m-0000,6.02218902E+03
3.09000000E-04,voltage,m-0202,6.42808486E+03
3.09000000E-04,voltage,m-0404,6.45768191E+03
3.09000000E-04,i1,m-0000-0001_e1,1.73564991E+02
3.09000000E-04,i2,m-0000-0001_e1,-1.71198330E+02
3.10000000E-04,injectedCurrent,m-0000,3.42077148E+02
3.10000000E-04,voltage,m-0000,6.40486475E+03
3.10000000E-04,voltage,m-0202,6.19896330E+03
3.10000000E-04,voltage,m-0404,6.25381082E+03
3.10000000E-04,i1,m-0000-0001_e1,1.71038574E+02
3.10000000E-04,i2,m-0000-0001_e1,-1.68026750E+02
3.11000000E-04,injectedCurrent,m-0000,3.37097862E+02
3.11000000E-04,voltage,m-0000,5.85468889E+03
3.11000000E-04,voltage,m-0202,6.26966206E+03
3.11000000E-04,voltage,m-0404,6.29762013E+03
3.11000000E-04,i1,m-0000-0001_e1,1.68548931E+02
3.11000000E-04,i2,m-0000-0001_e1,-1.66274420E+02
3.12000000E-04,injectedCurrent,m-0000,3.32191054E+02
3.12000000E-04,voltage,m-0000,6.25839370E+03
3.12000000E-04,voltage,m-0202,6.03675325E+03
3.12000000E-04,voltage,m-0404,6.09105733E+03
3.12000000E-04,i1,m-0000-0001_e1,1.66095527E+02
3.12000000E-04,i2,m-0000-0001_e1,-1.63146849E+02
3.13000000E-04,injectedCurrent,m-0000,3.27355668E+02
3.13000000E-04,voltage,m-0000,5.69137519E+03
3.13000000E-04,voltage,m-0202,6.11573042E+03
3.13000000E-04,voltage,m-0404,6.14211668E+03
3.13000000E-04,i1,m-0000-0001_e1,1.63677834E+02
3.13000000E-04,i2,m-0000-0001_e1,-1.61493338E+02
3.14000000E-04,injectedCurrent,m-0000,3.22590665E+02
3.14000000E-04,voltage,m-0000,6.11618174E+03
3.14000000E-04,voltage,m-0202,5.87892250E+03
3.14000000E-04,voltage,m-0404,5.93271081E+03
3.14000000E-04,i1,m-0000-0001_e1,1.61295332E+02
3.14000000E-04,i2,m-0000-0001_e1,-1.58407455E+02
3.15000000E-04,injectedCurrent,m-0000,3.17895019E+02
3.15000000E-04,voltage,m-0000,5.53207661E+03
3.15000000E-04,voltage,m-0202,5.96616847E+03
3.15000000E-04,voltage,m-0404,5.99103104E+03
3.15000000E-04,i1,m-0000-0001_e1,1.58947509E+02
3.15000000E-04,i2,m-0000-0001_e1,-1.56850965E+02
3.16000000E-04,injectedCurrent,m-0000,3.13267719E+02
3.16000000E-04,voltage,m-0000,5.97811453E+03
3.16000000E-04,voltage,m-0202,5.72534397E+03
3.16000000E-04,voltage,m-0404,5.77868178E+03
3.16000000E-04,i1,m-0000-0001_e1,1.56633860E+02
3.16000000E-04,i2,m-0000-0001_e1,-1.53804497E+02
3.17000000E-04,injectedCurrent,m-0000,3.08707771E+02
3.17000000E-04,voltage,m-0000,5.37668782E+03
3.17000000E-04,voltage,m-0202,5.82085509E+03
3.17000000E-04,voltage,m-0404,5.84421300E+03
3.17000000E-04,i1,m-0000-0001_e1,1.54353886E+02
3.17000000E-04,i2,m-0000-0001_e1,-1.52343297E+02
3.18000000E-04,injectedCurrent,m-0000,3.04214193E+02
3.18000000E-04,voltage,m-0000,5.84411782E+03
3.18000000E-04,voltage,m-0202,5.57589433E+03
3.18000000E-04,voltage,m-0404,5.62879037E+03
3.18000000E-04,i1,m-0000-0001_e1,1.52107096E+02
3.18000000E-04,i2,m-0000-0001_e1,-1.49334015E+02
3.19000000E-04,injectedCurrent,m-0000,2.99786017E+02
3.19000000E-04,voltage,m-0000,5.22522775E+03
3.19000000E-04,voltage,m-0202,5.67966906E+03
3.19000000E-04,voltage,m-0404,5.70148447E+03
3.19000000E-04,i1,m-0000-0001_e1,1.49893008E+02
3.19000000E-04,i2,m-0000-0001_e1,-1.47966432E+02
3.20000000E-04,injectedCurrent,m-0000,2.95422289E+02
3.20000000E-04,voltage,m-0000,5.71420232E+03
3.20000000E-04,voltage,m-0202,5.43046053E+03
3.20000000E-04,voltage,m-0404,5.48287329E+03
3.20000000E-04,i1,m-0000-0001_e1,1.47711145E+02
3.20000000E-04,i2,m-0000-0001_e1,-1.44992153E+02
3.21000000E-04,injectedCurrent,m-0000,2.91122070E+02
3.21000000E-04,voltage,m-0000,5.07755651E+03
3.21000000E-04,voltage,m-0202,5.54250483E+03
3.21000000E-04,voltage,m-0404,5.56281276E+03
3.21000000E-04,i1,m-0000-0001_e1,1.45561035E+02
3.21000000E-04,i2,m-0000-0001_e1,-1.43716606E+02
3.22000000E-04,injectedCurrent,m-0000,2.86884431E+02
3.22000000E-04,voltage,m-0000,5.58820690E+03
3.22000000E-04,voltage,m-0202,5.28892449E+03
3.22000000E-04,voltage,m-0404,5.34096783E+03
3.22000000E-04,i1,m-0000-0001_e1,1.43442216E+02
3.22000000E-04,i2,m-0000-0001_e1,-1.40775196E+02
3.23000000E-04,injectedCurrent,m-0000,2.82708459E+02
3.23000000E-04,voltage,m-0000,4.93353960E+03
3.23000000E-04,voltage,m-0202,5.40924476E+03
3.23000000E-04,voltage,m-0404,5.42810194E+03
3.23000000E-04,i1,m-0000-0001_e1,1.41354229E+02
3.23000000E-04,i2,m-0000-0001_e1,-1.39590156E+02
3.24000000E-04,injectedCurrent,m-0000,2.78593250E+02
3.24000000E-04,voltage,m-0000,5.46601900E+03
3.24000000E-04,voltage,m-0202,5.15116964E+03
3.24000000E-04,voltage,m-0404,5.20285662E+03
3.24000000E-04,i1,m-0000-0001_e1,1.39296625E+02
3.24000000E-04,i2,m-0000-0001_e1,-1.36679507E+02
3.25000000E-04,injectedCurrent,m-0000,2.74537916E+02
3.25000000E-04,voltage,m-0000,4.79314882E+03
3.25000000E-04,voltage,m-0202,5.27977519E+03
3.25000000E-04,voltage,m-0404,5.29714741E+03
3.25000000E-04,i1,m-0000-0001_e1,1.37268958E+02
3.25000000E-04,i2,m-0000-0001_e1,-1.35583495E+02
3.26000000E-04,injectedCurrent,m-0000,2.70541578E+02
3.26000000E-04,voltage,m-0000,5.34766674E+03
3.26000000E-04,voltage,m-0202,5.01708787E+03
3.26000000E-04,voltage,m-0404,5.06836298E+03
3.26000000E-04,i1,m-0000-0001_e1,1.35270789E+02
3.26000000E-04,i2,m-0000-0001_e1,-1.32701529E+02
3.27000000E-04,injectedCurrent,m-0000,2.66603368E+02
3.27000000E-04,voltage,m-0000,4.65628842E+03
3.27000000E-04,voltage,m-0202,5.15399992E+03
3.27000000E-04,voltage,m-0404,5.16986792E+03
3.27000000E-04,i1,m-0000-0001_e1,1.33301684E+02
3.27000000E-04,i2,m-0000-0001_e1,-1.31693148E+02
3.28000000E-04,injectedCurrent,m-0000,2.62722429E+02
3.28000000E-04,voltage,m-0000,5.23303287E+03
3.28000000E-04,voltage,m-0202,4.88657182E+03
3.28000000E-04,voltage,m-0404,4.93749412E+03
3.28000000E-04,i1,m-0000-0001_e1,1.31361215E+02
3.28000000E-04,i2,m-0000-0001_e1,-1.28837831E+02
3.29000000E-04,injectedCurrent,m-0000,2.58897915E+02
3.29000000E-04,voltage,m-0000,4.52290918E+03
3.29000000E-04,voltage,m-0202,5.03181083E+03
3.29000000E-04,voltage,m-0404,5.04617669E+03
3.29000000E-04,i1,m-0000-0001_e1,1.29448958E+02
3.29000000E-04,i2,m-0000-0001_e1,-1.27915729E+02
3.30000000E-04,injectedCurrent,m-0000,2.55128989E+02
3.30000000E-04,voltage,m-0000,5.12204454E+03
3.30000000E-04,voltage,m-0202,4.75951990E+03
3.30000000E-04,voltage,m-0404,4.81006473E+03
3.30000000E-04,i1,m-0000-0001_e1,1.27564495E+02
3.30000000E-04,i2,m-0000-0001_e1,-1.25085048E+02
3.31000000E-04,injectedCurrent,m-0000,2.51414822E+02
3.31000000E-04,voltage,m-0000,4.39287128E+03
3.31000000E-04,voltage,m-0202,4.91311125E+03
3.31000000E-04,voltage,m-0404,4.92599008E+03
3.31000000E-04,i1,m-0000-0001_e1,1.25707411E+02
3.31000000E-04,i2,m-0000-0001_e1,-1.24247936E+02
3.32000000E-04,injectedCurrent,m-0000,2.47754593E+02
3.32000000E-04,voltage,m-0000,5.01454994E+03
3.32000000E-04,voltage,m-0202,4.63583080E+03
3.32000000E-04,voltage,m-0404,4.68607135E+03
3.32000000E-04,i1,m-0000-0001_e1,1.23877297E+02
3.32000000E-04,i2,m-0000-0001_e1,-1.21439904E+02
3.33000000E-04,injectedCurrent,m-0000,2.44147488E+02
3.33000000E-04,voltage,m-0000,4.26589485E+03
3.33000000E-04,voltage,m-0202,4.79780648E+03
3.33000000E-04,voltage,m-0404,4.80928996E+03
3.33000000E-04,i1,m-0000-0001_e1,1.22073744E+02
3.33000000E-04,i2,m-0000-0001_e1,-1.20686548E+02
3.34000000E-04,injectedCurrent,m-0000,2.40592700E+02
3.34000000E-04,voltage,m-0000,4.91026005E+03
3.34000000E-04,voltage,m-0202,4.51539688E+03
3.34000000E-04,voltage,m-0404,4.56545752E+03
3.34000000E-04,i1,m-0000-0001_e1,1.20296350E+02
3.34000000E-04,i2,m-0000-0001_e1,-1.17899190E+02
3.35000000E-04,injectedCurrent,m-0000,2.37089424E+02
3.35000000E-04,voltage,m-0000,4.14188143E+03
3.35000000E-04,voltage,m-0202,4.68578403E+03
3.35000000E-04,voltage,m-0404,4.69587297E+03
3.35000000E-04,i1,m-0000-0001_e1,1.18544712E+02
3.35000000E-04,i2,m-0000-0001_e1,-1.17228366E+02
3.36000000E-04,injectedCurrent,m-0000,2.33636861E+02
3.36000000E-04,voltage,m-0000,4.80919335E+03
3.36000000E-04,voltage,m-0202,4.39811589E+03
3.36000000E-04,voltage,m-0404,4.44788104E+03
3.36000000E-04,i1,m-0000-0001_e1,1.16818431E+02
3.36000000E-04,i2,m-0000-0001_e1,-1.14459688E+02
3.37000000E-04,injectedCurrent,m-0000,2.30234213E+02
3.37000000E-04,voltage,m-0000,4.02079724E+03
3.37000000E-04,voltage,m-0202,4.57695555E+03
3.37000000E-04,voltage,m-0404,4.58554543E+03
3.37000000E-04,i1,m-0000-0001_e1,1.15117106E+02
3.37000000E-04,i2,m-0000-0001_e1,-1.13870219E+02
3.38000000E-04,injectedCurrent,m-0000,2.26880681E+02
3.38000000E-04,voltage,m-0000,4.71133425E+03
3.38000000E-04,voltage,m-0202,4.28389190E+03
3.38000000E-04,voltage,m-0404,4.33334617E+03
3.38000000E-04,i1,m-0000-0001_e1,1.13440340E+02
3.38000000E-04,i2,m-0000-0001_e1,-1.11118235E+02
3.39000000E-04,injectedCurrent,m-0000,2.23575466E+02
3.39000000E-04,voltage,m-0000,3.90255595E+03
3.39000000E-04,voltage,m-0202,4.47123070E+03
3.39000000E-04,voltage,m-0404,4.47831649E+03
3.39000000E-04,i1,m-0000-0001_e1,1.11787733E+02
3.39000000E-04,i2,m-0000-0001_e1,-1.10608976E+02
3.40000000E-04,injectedCurrent,m-0000,2.20317763E+02
3.40000000E-04,voltage,m-0000,4.61652398E+03
3.40000000E-04,voltage,m-0202,4.17262760E+03
3.40000000E-04,voltage,m-0404,4.22182043E+03
3.40000000E-04,i1,m-0000-0001_e1,1.10158882E+02
3.40000000E-04,i2,m-0000-0001_e1,-1.07871692E+02
3.41000000E-04,injectedCurrent,m-0000,2.17106764E+02
3.41000000E-04,voltage,m-0000,3.78709059E+03
3.41000000E-04,voltage,m-0202,4.36850614E+03
3.41000000E-04,voltage,m-0404,4.37410249E+03
3.41000000E-04,i1,m-0000-0001_e1,1.08553382E+02
3.41000000E-04,i2,m-0000-0001_e1,-1.07441494E+02
3.42000000E-04,injectedCurrent,m-0000,2.13941649E+02
3.42000000E-04,voltage,m-0000,4.52475589E+03
3.42000000E-04,voltage,m-0202,4.06422477E+03
3.42000000E-04,voltage,m-0404,4.11312696E+03
3.42000000E-04,i1,m-0000-0001_e1,1.06970824E+02
3.42000000E-04,i2,m-0000-0001_e1,-1.04716862E+02
3.43000000E-04,injectedCurrent,m-0000,2.10821588E+02
3.43000000E-04,voltage,m-0000,3.67422074E+03
3.43000000E-04,voltage,m-0202,4.26869813E+03
3.43000000E-04,voltage,m-0404,4.27283151E+03
3.43000000E-04,i1,m-0000-0001_e1,1.05410794E+02
3.43000000E-04,i2,m-0000-0001_e1,-1.04364583E+02
3.44000000E-04,injectedCurrent,m-0000,2.07745735E+02
3.44000000E-04,voltage,m-0000,4.43582300E+03
3.44000000E-04,voltage,m-0202,3.95858267E+03
3.44000000E-04,voltage,m-0404,4.00734318E+03
3.44000000E-04,i1,m-0000-0001_e1,1.03872868E+02
3.44000000E-04,i2,m-0000-0001_e1,-1.01650511E+02
3.45000000E-04,injectedCurrent,m-0000,2.04713229E+02
3.45000000E-04,voltage,m-0000,3.56381445E+03
3.45000000E-04,voltage,m-0202,4.17170223E+03
3.45000000E-04,voltage,m-0404,4.17445201E+03
3.45000000E-04,i1,m-0000-0001_e1,1.02356614E+02
3.45000000E-04,i2,m-0000-0001_e1,-1.01374964E+02
3.46000000E-04,injectedCurrent,m-0000,2.01723182E+02
3.46000000E-04,voltage,m-0000,4.34964120E+03
3.46000000E-04,voltage,m-0202,3.85559604E+03
3.46000000E-04,voltage,m-0404,3.90422413E+03
3.46000000E-04,i1,m-0000-0001_e1,1.00861591E+02
3.46000000E-04,i2,m-0000-0001_e1,-9.86692617E+01
3.47000000E-04,injectedCurrent,m-0000,1.98774685E+02
3.47000000E-04,voltage,m-0000,3.45590547E+03
3.47000000E-04,voltage,m-0202,4.07741384E+03
3.47000000E-04,voltage,m-0404,4.07872236E+03
3.47000000E-04,i1,m-0000-0001_e1,9.93873426E+01
3.47000000E-04,i2,m-0000-0001_e1,-9.84691881E+01
3.48000000E-04,injectedCurrent,m-0000,1.95866797E+02
3.48000000E-04,voltage,m-0000,4.26635574E+03
3.48000000E-04,voltage,m-0202,3.75516221E+03
3.48000000E-04,voltage,m-0404,3.80357614E+03
3.48000000E-04,i1,m-0000-0001_e1,9.79333983E+01
3.48000000E-04,i2,m-0000-0001_e1,-9.57695414E+01
3.49000000E-04,injectedCurrent,m-0000,1.92998541E+02
3.49000000E-04,voltage,m-0000,3.35041331E+03
3.49000000E-04,voltage,m-0202,3.98574753E+03
3.49000000E-04,voltage,m-0404,3.98560478E+03
3.49000000E-04,i1,m-0000-0001_e1,9.64992703E+01
3.49000000E-04,i2,m-0000-0001_e1,-9.56436282E+01
3.50000000E-04,injectedCurrent,m-0000,1.90168903E+02
3.50000000E-04,voltage,m-0000,4.18572337E+03
3.50000000E-04,voltage,m-0202,3.65717470E+03
3.50000000E-04,voltage,m-0404,3.70555837E+03
3.50000000E-04,i1,m-0000-0001_e1,9.50844513E+01
3.50000000E-04,i2,m-0000-0001_e1,-9.29476122E+01
3.51000000E-04,injectedCurrent,m-0000,1.87376824E+02
3.51000000E-04,voltage,m-0000,3.24715001E+03
3.51000000E-04,voltage,m-0202,3.89657988E+03
3.51000000E-04,voltage,m-0404,3.89513708E+03
3.51000000E-04,i1,m-0000-0001_e1,9.36884118E+01
3.51000000E-04,i2,m-0000-0001_e1,-9.28944102E+01
3.52000000E-04,injectedCurrent,m-0000,1.84621196E+02
3.52000000E-04,voltage,m-0000,4.10758825E+03
3.52000000E-04,voltage,m-0202,3.56150593E+03
3.52000000E-04,voltage,m-0404,3.60991399E+03
3.52000000E-04,i1,m-0000-0001_e1,9.23105980E+01
3.52000000E-04,i2,m-0000-0001_e1,-9.01993855E+01
3.53000000E-04,injectedCurrent,m-0000,1.81900857E+02
3.53000000E-04,voltage,m-0000,3.14595541E+03
3.53000000E-04,voltage,m-0202,3.80978481E+03
3.53000000E-04,voltage,m-0404,3.80704719E+03
3.53000000E-04,i1,m-0000-0001_e1,9.09504287E+01
3.53000000E-04,i2,m-0000-0001_e1,-9.02172750E+01
3.54000000E-04,injectedCurrent,m-0000,1.79214586E+02
3.54000000E-04,voltage,m-0000,4.03191338E+03
3.54000000E-04,voltage,m-0202,3.46801743E+03
3.54000000E-04,voltage,m-0404,3.51645263E+03
3.54000000E-04,i1,m-0000-0001_e1,8.96072932E+01
3.54000000E-04,i2,m-0000-0001_e1,-8.75203637E+01
3.55000000E-04,injectedCurrent,m-0000,1.76561097E+02
3.55000000E-04,voltage,m-0000,3.04669182E+03
3.55000000E-04,voltage,m-0202,3.72523420E+03
3.55000000E-04,voltage,m-0404,3.72117506E+03
3.55000000E-04,i1,m-0000-0001_e1,8.82805486E+01
3.55000000E-04,i2,m-0000-0001_e1,-8.76075345E+01
3.56000000E-04,injectedCurrent,m-0000,1.73939035E+02
3.56000000E-04,voltage,m-0000,3.95848350E+03
3.56000000E-04,voltage,m-0202,3.37656210E+03
3.56000000E-04,voltage,m-0404,3.42507990E+03
3.56000000E-04,i1,m-0000-0001_e1,8.69695175E+01
3.56000000E-04,i2,m-0000-0001_e1,-8.49056074E+01
3.57000000E-04,injectedCurrent,m-0000,1.71346971E+02
3.57000000E-04,voltage,m-0000,2.94934743E+03
3.57000000E-04,voltage,m-0202,3.64276213E+03
3.57000000E-04,voltage,m-0404,3.63733196E+03
3.57000000E-04,i1,m-0000-0001_e1,8.56734853E+01
3.57000000E-04,i2,m-0000-0001_e1,-8.50599884E+01
3.58000000E-04,injectedCurrent,m-0000,1.68783397E+02
3.58000000E-04,voltage,m-0000,3.88744347E+03
3.58000000E-04,voltage,m-0202,3.28697505E+03
3.58000000E-04,voltage,m-0404,3.33537797E+03
3.58000000E-04,i1,m-0000-0001_e1,8.43916987E+01
3.58000000E-04,i2,m-0000-0001_e1,-8.23495794E+01
3.59000000E-04,injectedCurrent,m-0000,1.66246727E+02
3.59000000E-04,voltage,m-0000,2.85390637E+03
3.59000000E-04,voltage,m-0202,3.56221972E+03
3.59000000E-04,voltage,m-0404,3.55524471E+03
3.59000000E-04,i1,m-0000-0001_e1,8.31233634E+01
3.59000000E-04,i2,m-0000-0001_e1,-8.25688507E+01
3.60000000E-04,injectedCurrent,m-0000,1.63735286E+02
3.60000000E-04,voltage,m-0000,3.81868662E+03
3.60000000E-04,voltage,m-0202,3.19908761E+03
3.60000000E-04,voltage,m-0404,3.24740195E+03
3.60000000E-04,i1,m-0000-0001_e1,8.18676428E+01
3.60000000E-04,i2,m-0000-0001_e1,-7.98461884E+01
3.61000000E-04,injectedCurrent,m-0000,1.61247314E+02
3.61000000E-04,voltage,m-0000,2.76006298E+03
3.61000000E-04,voltage,m-0202,3.48343534E+03
3.61000000E-04,voltage,m-0404,3.47502250E+03
3.61000000E-04,i1,m-0000-0001_e1,8.06236568E+01
3.61000000E-04,i2,m-0000-0001_e1,-8.01277566E+01
3.62000000E-04,injectedCurrent,m-0000,1.58780963E+02
3.62000000E-04,voltage,m-0000,3.75168922E+03
3.62000000E-04,voltage,m-0202,3.11270688E+03
3.62000000E-04,voltage,m-0404,3.16115825E+03
3.62000000E-04,i1,m-0000-0001_e1,7.93904814E+01
3.62000000E-04,i2,m-0000-0001_e1,-7.73887207E+01
3.63000000E-04,injectedCurrent,m-0000,1.56334297E+02
3.63000000E-04,voltage,m-0000,2.66740695E+03
3.63000000E-04,voltage,m-0202,3.40619102E+03
3.63000000E-04,voltage,m-0404,3.39650482E+03
3.63000000E-04,i1,m-0000-0001_e1,7.81671484E+01
3.63000000E-04,i2,m-0000-0001_e1,-7.77296506E+01
3.64000000E-04,injectedCurrent,m-0000,1.53905292E+02
3.64000000E-04,voltage,m-0000,3.68629089E+03
3.64000000E-04,voltage,m-0202,3.02760671E+03
3.64000000E-04,voltage,m-0404,3.07618874E+03
3.64000000E-04,i1,m-0000-0001_e1,7.69526462E+01
3.64000000E-04,i2,m-0000-0001_e1,-7.49696926E+01
3.65000000E-04,injectedCurrent,m-0000,1.51491843E+02
3.65000000E-04,voltage,m-0000,2.57563812E+03
3.65000000E-04,voltage,m-0202,3.33028456E+03
3.65000000E-04,voltage,m-0404,3.31927201E+03
3.65000000E-04,i1,m-0000-0001_e1,7.57459214E+01
3.65000000E-04,i2,m-0000-0001_e1,-7.53667432E+01
3.66000000E-04,injectedCurrent,m-0000,1.49091761E+02
3.66000000E-04,voltage,m-0000,3.62212382E+03
3.66000000E-04,voltage,m-0202,2.94356290E+03
3.66000000E-04,voltage,m-0404,2.99241236E+03
3.66000000E-04,i1,m-0000-0001_e1,7.45458804E+01
3.66000000E-04,i2,m-0000-0001_e1,-7.25809810E+01
3.67000000E-04,injectedCurrent,m-0000,1.46702786E+02
3.67000000E-04,voltage,m-0000,2.48442388E+03
3.67000000E-04,voltage,m-0202,3.25548044E+03
3.67000000E-04,voltage,m-0404,3.24326883E+03
3.67000000E-04,i1,m-0000-0001_e1,7.33513930E+01
3.67000000E-04,i2,m-0000-0001_e1,-7.30306267E+01
3.68000000E-04,injectedCurrent,m-0000,1.44322593E+02
3.68000000E-04,voltage,m-0000,3.55880587E+03
3.68000000E-04,voltage,m-0202,2.86032985E+03
3.68000000E-04,voltage,m-0404,2.90955742E+03
3.68000000E-04,i1,m-0000-0001_e1,7.21612963E+01
3.68000000E-04,i2,m-0000-0001_e1,-7.02138417E+01
3.69000000E-04,injectedCurrent,m-0000,1.41948799E+02
3.69000000E-04,voltage,m-0000,2.39343462E+03
3.69000000E-04,voltage,m-0202,3.18152381E+03
3.69000000E-04,voltage,m-0404,3.16818440E+03
3.69000000E-04,i1,m-0000-0001_e1,7.09743994E+01
3.69000000E-04,i2,m-0000-0001_e1,-7.07123103E+01
3.70000000E-04,injectedCurrent,m-0000,1.39578980E+02
3.70000000E-04,voltage,m-0000,3.49621208E+03
3.70000000E-04,voltage,m-0202,2.77764129E+03
3.70000000E-04,voltage,m-0404,2.82727863E+03
3.70000000E-04,i1,m-0000-0001_e1,6.97894899E+01
3.70000000E-04,i2,m-0000-0001_e1,-6.78589886E+01
3.71000000E-04,injectedCurrent,m-0000,1.37210682E+02
3.71000000E-04,voltage,m-0000,2.30226892E+03
3.71000000E-04,voltage,m-0202,3.10817666E+03
3.71000000E-04,voltage,m-0404,3.09378477E+03
3.71000000E-04,i1,m-0000-0001_e1,6.86053408E+01
3.71000000E-04,i2,m-0000-0001_e1,-6.84023789E+01
3.72000000E-04,injectedCurrent,m-0000,1.34841438E+02
3.72000000E-04,voltage,m-0000,3.43365873E+03
3.72000000E-04,voltage,m-0202,2.69523515E+03
3.72000000E-04,voltage,m-0404,2.74565786E+03
3.72000000E-04,i1,m-0000-0001_e1,6.74207188E+01
3.72000000E-04,i2,m-0000-0001_e1,-6.55068800E+01
3.73000000E-04,injectedCurrent,m-0000,1.32468787E+02
3.73000000E-04,voltage,m-0000,2.21035234E+03
3.73000000E-04,voltage,m-0202,3.03515027E+03
3.73000000E-04,voltage,m-0404,3.02006879E+03
3.73000000E-04,i1,m-0000-0001_e1,6.62343934E+01
3.73000000E-04,i2,m-0000-0001_e1,-6.60912317E+01
3.74000000E-04,injectedCurrent,m-0000,1.30090295E+02
3.74000000E-04,voltage,m-0000,3.37077363E+03
3.74000000E-04,voltage,m-0202,2.61281625E+03
3.74000000E-04,voltage,m-0404,2.66418487E+03
3.74000000E-04,i1,m-0000-0001_e1,6.50451474E+01
3.74000000E-04,i2,m-0000-0001_e1,-6.31478069E+01
3.75000000E-04,injectedCurrent,m-0000,1.27703576E+02
3.75000000E-04,voltage,m-0000,2.11744797E+03
3.75000000E-04,voltage,m-0202,2.96216640E+03
3.75000000E-04,voltage,m-0404,2.94637756E+03
3.75000000E-04,i1,m-0000-0001_e1,6.38517880E+01
3.75000000E-04,i2,m-0000-0001_e1,-6.37692316E+01
3.76000000E-04,injectedCurrent,m-0000,1.25306318E+02
3.76000000E-04,voltage,m-0000,3.30766940E+03
3.76000000E-04,voltage,m-0202,2.53010334E+03
3.76000000E-04,voltage,m-0404,2.58234820E+03
3.76000000E-04,i1,m-0000-0001_e1,6.26531588E+01
3.76000000E-04,i2,m-0000-0001_e1,-6.07722158E+01
3.77000000E-04,injectedCurrent,m-0000,1.22896306E+02
3.77000000E-04,voltage,m-0000,2.02358191E+03
3.77000000E-04,voltage,m-0202,2.88898719E+03
3.77000000E-04,voltage,m-0404,2.87239366E+03
3.77000000E-04,i1,m-0000-0001_e1,6.14481531E+01
3.77000000E-04,i2,m-0000-0001_e1,-6.14271324E+01
3.78000000E-04,injectedCurrent,m-0000,1.20471454E+02
3.78000000E-04,voltage,m-0000,3.24406451E+03
3.78000000E-04,voltage,m-0202,2.44685973E+03
3.78000000E-04,voltage,m-0404,2.50016811E+03
3.78000000E-04,i1,m-0000-0001_e1,6.02357269E+01
3.78000000E-04,i2,m-0000-0001_e1,-5.83712247E+01
3.79000000E-04,injectedCurrent,m-0000,1.18029827E+02
3.79000000E-04,voltage,m-0000,1.92854808E+03
3.79000000E-04,voltage,m-0202,2.81536149E+03
3.79000000E-04,voltage,m-0404,2.79821677E+03
3.79000000E-04,i1,m-0000-0001_e1,5.90149133E+01
3.79000000E-04,i2,m-0000-0001_e1,-5.90565497E+01
3.80000000E-04,injectedCurrent,m-0000,1.15569673E+02
3.80000000E-04,voltage,m-0000,3.17997459E+03
3.80000000E-04,voltage,m-0202,2.36284047E+03
3.80000000E-04,voltage,m-0404,2.41731778E+03
3.80000000E-04,i1,m-0000-0001_e1,5.77848364E+01
3.80000000E-04,i2,m-0000-0001_e1,-5.59369075E+01
3.81000000E-04,injectedCurrent,m-0000,1.13089452E+02
3.81000000E-04,voltage,m-0000,1.83217999E+03
3.81000000E-04,voltage,m-0202,2.74109424E+03
3.81000000E-04,voltage,m-0404,2.72344962E+03
3.81000000E-04,i1,m-0000-0001_e1,5.65447260E+01
3.81000000E-04,i2,m-0000-0001_e1,-5.66502685E+01
3.82000000E-04,injectedCurrent,m-0000,1.10587863E+02
3.82000000E-04,voltage,m-0000,3.11522573E+03
3.82000000E-04,voltage,m-0202,2.27785096E+03
3.82000000E-04,voltage,m-0404,2.33375788E+03
3.82000000E-04,i1,m-0000-0001_e1,5.52939314E+01
3.82000000E-04,i2,m-0000-0001_e1,-5.34627935E+01
3.83000000E-04,injectedCurrent,m-0000,1.08063871E+02
3.83000000E-04,voltage,m-0000,1.73419586E+03
3.83000000E-04,voltage,m-0202,2.66602490E+03
3.83000000E-04,voltage,m-0404,2.64816493E+03
3.83000000E-04,i1,m-0000-0001_e1,5.40319356E+01
3.83000000E-04,i2,m-0000-0001_e1,-5.42027639E+01
3.84000000E-04,injectedCurrent,m-0000,1.05516736E+02
3.84000000E-04,voltage,m-0000,3.04930436E+03
3.84000000E-04,voltage,m-0202,2.19174334E+03
3.84000000E-04,voltage,m-0404,2.24947480E+03
3.84000000E-04,i1,m-0000-0001_e1,5.27583680E+01
3.84000000E-04,i2,m-0000-0001_e1,-5.09443176E+01
3.85000000E-04,injectedCurrent,m-0000,1.02946034E+02
3.85000000E-04,voltage,m-0000,1.63432338E+03
3.85000000E-04,voltage,m-0202,2.59000777E+03
3.85000000E-04,voltage,m-0404,2.57219640E+03
3.85000000E-04,i1,m-0000-0001_e1,5.14730169E+01
3.85000000E-04,i2,m-0000-0001_e1,-5.17105852E+01
3.86000000E-04,injectedCurrent,m-0000,1.00351681E+02
3.86000000E-04,voltage,m-0000,2.98259037E+03
3.86000000E-04,voltage,m-0202,2.10439058E+03
3.86000000E-04,voltage,m-0404,2.16383086E+03
3.86000000E-04,i1,m-0000-0001_e1,5.01758406E+01
3.86000000E-04,i2,m-0000-0001_e1,-4.83790718E+01
3.87000000E-04,injectedCurrent,m-0000,9.77339536E+01
3.87000000E-04,voltage,m-0000,1.53293863E+03
3.87000000E-04,voltage,m-0202,2.51301019E+03
3.87000000E-04,voltage,m-0404,2.49487879E+03
3.87000000E-04,i1,m-0000-0001_e1,4.88669768E+01
3.87000000E-04,i2,m-0000-0001_e1,-4.91726570E+01
3.88000000E-04,injectedCurrent,m-0000,9.50935018E+01
3.88000000E-04,voltage,m-0000,2.91533316E+03
3.88000000E-04,voltage,m-0202,2.01578818E+03
3.88000000E-04,voltage,m-0404,2.07685378E+03
3.88000000E-04,i1,m-0000-0001_e1,4.75467509E+01
3.88000000E-04,i2,m-0000-0001_e1,-4.57673584E+01
3.89000000E-04,injectedCurrent,m-0000,9.24313636E+01
3.89000000E-04,voltage,m-0000,1.43022612E+03
3.89000000E-04,voltage,m-0202,2.43506199E+03
3.89000000E-04,voltage,m-0404,2.41664210E+03
3.89000000E-04,i1,m-0000-0001_e1,4.62156818E+01
3.89000000E-04,i2,m-0000-0001_e1,-4.65908236E+01
3.90000000E-04,injectedCurrent,m-0000,8.97489718E+01
3.90000000E-04,voltage,m-0000,2.84749079E+03
3.90000000E-04,voltage,m-0202,1.92599336E+03
3.90000000E-04,voltage,m-0404,1.98879816E+03
3.90000000E-04,i1,m-0000-0001_e1,4.48744859E+01
3.90000000E-04,i2,m-0000-0001_e1,-4.31124753E+01
3.91000000E-04,injectedCurrent,m-0000,8.70481579E+01
3.91000000E-04,voltage,m-0000,1.32610284E+03
3.91000000E-04,voltage,m-0202,2.35624806E+03
3.91000000E-04,voltage,m-0404,2.33760901E+03
3.91000000E-04,i1,m-0000-0001_e1,4.35240789E+01
3.91000000E-04,i2,m-0000-0001_e1,-4.39699719E+01
3.92000000E-04,injectedCurrent,m-0000,8.43311504E+01
3.92000000E-04,voltage,m-0000,2.77951899E+03
3.92000000E-04,voltage,m-0202,1.83510354E+03
3.92000000E-04,voltage,m-0404,1.89951297E+03
3.92000000E-04,i1,m-0000-0001_e1,4.21655752E+01
3.92000000E-04,i2,m-0000-0001_e1,-4.04207189E+01
3.93000000E-04,injectedCurrent,m-0000,8.16005683E+01
3.93000000E-04,voltage,m-0000,1.22093885E+03
3.93000000E-04,voltage,m-0202,2.27676973E+03
3.93000000E-04,voltage,m-0404,2.25755103E+03
3.93000000E-04,i1,m-0000-0001_e1,4.08002842E+01
3.93000000E-04,i2,m-0000-0001_e1,-4.13180081E+01
3.94000000E-04,injectedCurrent,m-0000,7.88594095E+01
3.94000000E-04,voltage,m-0000,2.71146065E+03
3.94000000E-04,voltage,m-0202,1.74335560E+03
3.94000000E-04,voltage,m-0404,1.80933795E+03
3.94000000E-04,i1,m-0000-0001_e1,3.94297047E+01
3.94000000E-04,i2,m-0000-0001_e1,-3.77015388E+01
3.95000000E-04,injectedCurrent,m-0000,7.61110335E+01
3.95000000E-04,voltage,m-0000,1.11491879E+03
3.95000000E-04,voltage,m-0202,2.19688093E+03
3.95000000E-04,voltage,m-0404,2.17709961E+03
3.95000000E-04,i1,m-0000-0001_e1,3.80555167E+01
3.95000000E-04,i2,m-0000-0001_e1,-3.86459760E+01
3.96000000E-04,injectedCurrent,m-0000,7.33591398E+01
3.96000000E-04,voltage,m-0000,2.64380399E+03
3.96000000E-04,voltage,m-0202,1.65103188E+03
3.96000000E-04,voltage,m-0404,1.71836659E+03
3.96000000E-04,i1,m-0000-0001_e1,3.66795699E+01
3.96000000E-04,i2,m-0000-0001_e1,-3.49673035E+01
3.97000000E-04,injectedCurrent,m-0000,7.06077404E+01
3.97000000E-04,voltage,m-0000,1.00860427E+03
3.97000000E-04,voltage,m-0202,2.11693488E+03
3.97000000E-04,voltage,m-0404,2.09612753E+03
3.97000000E-04,i1,m-0000-0001_e1,3.53038702E+01
3.97000000E-04,i2,m-0000-0001_e1,-3.59676773E+01
3.98000000E-04,injectedCurrent,m-0000,6.78611283E+01
3.98000000E-04,voltage,m-0000,2.57759806E+03
3.98000000E-04,voltage,m-0202,1.55850506E+03
3.98000000E-04,voltage,m-0404,1.62670755E+03
3.98000000E-04,i1,m-0000-0001_e1,3.39305642E+01
3.98000000E-04,i2,m-0000-0001_e1,-3.22329925E+01
3.99000000E-04,injectedCurrent,m-0000,6.51238411E+01
3.99000000E-04,voltage,m-0000,9.02848414E+02
3.99000000E-04,voltage,m-0202,2.03740567E+03
3.99000000E-04,voltage,m-0404,2.01507680E+03
3.99000000E-04,i1,m-0000-0001_e1,3.25619206E+01
3.99000000E-04,i2,m-0000-0001_e1,-3.32993845E+01
4.00000000E-04,injectedCurrent,m-0000,6.24006210E+01
4.00000000E-04,voltage,m-0000,2.51287783E+03
4.00000000E-04,voltage,m-0202,1.46628162E+03
4.00000000E-04,voltage,m-0404,1.53546287E+03
4.00000000E-04,i1,m-0000-0001_e1,3.12003105E+01
4.00000000E-04,i2,m-0000-0001_e1,-2.95159685E+01
4.01000000E-04,injectedCurrent,m-0000,5.96963710E+01
4.01000000E-04,voltage,m-0000,7.97417200E+02
4.01000000E-04,voltage,m-0202,1.95877955E+03
4.01000000E-04,voltage,m-0404,1.93539202E+03
4.01000000E-04,i1,m-0000-0001_e1,2.98481855E+01
4.01000000E-04,i2,m-0000-0001_e1,-3.06594953E+01
4.02000000E-04,injectedCurrent,m-0000,5.70161093E+01
4.02000000E-04,voltage,m-0000,2.44980091E+03
4.02000000E-04,voltage,m-0202,1.37482383E+03
4.02000000E-04,voltage,m-0404,1.44522867E+03
4.02000000E-04,i1,m-0000-0001_e1,2.85080547E+01
4.02000000E-04,i2,m-0000-0001_e1,-2.68351645E+01
4.03000000E-04,injectedCurrent,m-0000,5.43649202E+01
4.03000000E-04,voltage,m-0000,6.92425343E+02
4.03000000E-04,voltage,m-0202,1.88158743E+03
4.03000000E-04,voltage,m-0404,1.85700208E+03
4.03000000E-04,i1,m-0000-0001_e1,2.71824601E+01
4.03000000E-04,i2,m-0000-0001_e1,-2.80675154E+01
4.04000000E-04,injectedCurrent,m-0000,5.17479045E+01
4.04000000E-04,voltage,m-0000,2.38883428E+03
4.04000000E-04,voltage,m-0202,1.28464965E+03
4.04000000E-04,voltage,m-0404,1.35617182E+03
4.04000000E-04,i1,m-0000-0001_e1,2.58739522E+01
4.04000000E-04,i2,m-0000-0001_e1,-2.42103138E+01
4.05000000E-04,injectedCurrent,m-0000,4.91701291E+01
4.05000000E-04,voltage,m-0000,5.88523646E+02
4.05000000E-04,voltage,m-0202,1.80639568E+03
4.05000000E-04,voltage,m-0404,1.78034101E+03
4.05000000E-04,i1,m-0000-0001_e1,2.45850646E+01
4.05000000E-04,i2,m-0000-0001_e1,-2.55434354E+01
4.06000000E-04,injectedCurrent,m-0000,4.66365769E+01
4.06000000E-04,voltage,m-0000,2.33024958E+03
4.06000000E-04,voltage,m-0202,1.19633432E+03
4.06000000E-04,voltage,m-0404,1.26890646E+03
4.06000000E-04,i1,m-0000-0001_e1,2.33182884E+01
4.06000000E-04,i2,m-0000-0001_e1,-2.16613355E+01
4.07000000E-04,injectedCurrent,m-0000,4.41520968E+01
4.07000000E-04,voltage,m-0000,4.86004786E+02
4.07000000E-04,voltage,m-0202,1.73374726E+03
4.07000000E-04,voltage,m-0404,1.70621990E+03
4.07000000E-04,i1,m-0000-0001_e1,2.20760484E+01
4.07000000E-04,i2,m-0000-0001_e1,-2.31070862E+01
4.08000000E-04,injectedCurrent,m-0000,4.17213565E+01
4.08000000E-04,voltage,m-0000,2.27528960E+03
4.08000000E-04,voltage,m-0202,1.11036032E+03
4.08000000E-04,voltage,m-0404,1.18358430E+03
4.08000000E-04,i1,m-0000-0001_e1,2.08606783E+01
4.08000000E-04,i2,m-0000-0001_e1,-1.92074052E+01
4.09000000E-04,injectedCurrent,m-0000,3.93487967E+01
4.09000000E-04,voltage,m-0000,3.86081208E+02
4.09000000E-04,voltage,m-0202,1.66420941E+03
4.09000000E-04,voltage,m-0404,1.63436233E+03
4.09000000E-04,i1,m-0000-0001_e1,1.96743983E+01
4.09000000E-04,i2,m-0000-0001_e1,-2.07771125E+01
4.10000000E-04,injectedCurrent,m-0000,3.70385887E+01
4.10000000E-04,voltage,m-0000,2.22479265E+03
4.10000000E-04,voltage,m-0202,1.02727107E+03
4.10000000E-04,voltage,m-0404,1.10080638E+03
4.10000000E-04,i1,m-0000-0001_e1,1.85192944E+01
4.10000000E-04,i2,m-0000-0001_e1,-1.68663514E+01
4.11000000E-04,injectedCurrent,m-0000,3.47945962E+01
4.11000000E-04,voltage,m-0000,2.89297426E+02
4.11000000E-04,voltage,m-0202,1.59830227E+03
4.11000000E-04,voltage,m-0404,1.56614980E+03
4.11000000E-04,i1,m-0000-0001_e1,1.73972981E+01
4.11000000E-04,i2,m-0000-0001_e1,-1.85705884E+01
4.12000000E-04,injectedCurrent,m-0000,3.26203401E+01
4.12000000E-04,voltage,m-0000,2.17876173E+03
4.12000000E-04,voltage,m-0202,9.47531945E+02
4.12000000E-04,voltage,m-0404,1.02167532E+03
4.12000000E-04,i1,m-0000-0001_e1,1.63101701E+01
4.12000000E-04,i2,m-0000-0001_e1,-1.46540364E+01
4.13000000E-04,injectedCurrent,m-0000,3.05189695E+01
4.13000000E-04,voltage,m-0000,1.95346838E+02
4.13000000E-04,voltage,m-0202,1.53643743E+03
4.13000000E-04,voltage,m-0404,1.50227081E+03
4.13000000E-04,i1,m-0000-0001_e1,1.52594847E+01
4.13000000E-04,i2,m-0000-0001_e1,-1.65022370E+01
4.14000000E-04,injectedCurrent,m-0000,2.84932361E+01
4.14000000E-04,voltage,m-0000,2.13805787E+03
4.14000000E-04,voltage,m-0202,8.71435087E+02
4.14000000E-04,voltage,m-0404,9.46020824E+02
4.14000000E-04,i1,m-0000-0001_e1,1.42466181E+01
4.14000000E-04,i2,m-0000-0001_e1,-1.25834612E+01
4.15000000E-04,injectedCurrent,m-0000,2.65454758E+01
4.15000000E-04,voltage,m-0000,1.05442388E+02
4.15000000E-04,voltage,m-0202,1.47898483E+03
4.15000000E-04,voltage,m-0404,1.44187015E+03
4.15000000E-04,i1,m-0000-0001_e1,1.32727379E+01
4.15000000E-04,i2,m-0000-0001_e1,-1.45835869E+01
4.16000000E-04,injectedCurrent,m-0000,2.46775939E+01
4.16000000E-04,voltage,m-0000,2.10337992E+03
4.16000000E-04,voltage,m-0202,7.99337648E+02
4.16000000E-04,voltage,m-0404,8.73858428E+02
4.16000000E-04,i1,m-0000-0001_e1,1.23387969E+01
4.16000000E-04,i2,m-0000-0001_e1,-1.06645170E+01
4.17000000E-04,injectedCurrent,m-0000,2.28910571E+01
4.17000000E-04,voltage,m-0000,2.00650789E+01
4.17000000E-04,voltage,m-0202,1.42624438E+03
4.17000000E-04,voltage,m-0404,1.38610920E+03
4.17000000E-04,i1,m-0000-0001_e1,1.14455286E+01
4.17000000E-04,i2,m-0000-0001_e1,-1.28231498E+01
4.18000000E-04,injectedCurrent,m-0000,2.11868909E+01
4.18000000E-04,voltage,m-0000,2.07520067E+03
4.18000000E-04,voltage,m-0202,7.31449646E+02
4.18000000E-04,voltage,m-0404,8.05903773E+02
4.18000000E-04,i1,m-0000-0001_e1,1.05934455E+01
4.18000000E-04,i2,m-0000-0001_e1,-8.90385297E+00
4.19000000E-04,injectedCurrent,m-0000,1.95656820E+01
4.19000000E-04,voltage,m-0000,-6.08784077E+01
4.19000000E-04,voltage,m-0202,1.37841903E+03
4.19000000E-04,voltage,m-0404,1.33514448E+03
4.19000000E-04,i1,m-0000-0001_e1,9.78284098E+00
4.19000000E-04,i2,m-0000-0001_e1,-1.12260434E+01
4.20000000E-04,injectedCurrent,m-0000,1.80275857E+01
4.20000000E-04,voltage,m-0000,2.05402000E+03
4.20000000E-04,voltage,m-0202,6.67840165E+02
4.20000000E-04,voltage,m-0404,7.42150708E+02
4.20000000E-04,i1,m-0000-0001_e1,9.01379285E+00
4.20000000E-04,i2,m-0000-0001_e1,-7.30460669E+00
4.21000000E-04,injectedCurrent,m-0000,1.65723392E+01
4.21000000E-04,voltage,m-0000,-1.36988307E+02
4.21000000E-04,voltage,m-0202,1.33562869E+03
4.21000000E-04,voltage,m-0404,1.28880680E+03
4.21000000E-04,i1,m-0000-0001_e1,8.28616962E+00
4.21000000E-04,i2,m-0000-0001_e1,-9.79384484E+00
4.22000000E-04,injectedCurrent,m-0000,1.51992784E+01
4.22000000E-04,voltage,m-0000,2.03889039E+03
4.22000000E-04,voltage,m-0202,6.08599557E+02
4.22000000E-04,voltage,m-0404,6.83115120E+02
4.22000000E-04,i1,m-0000-0001_e1,7.59963918E+00
4.22000000E-04,i2,m-0000-0001_e1,-5.86664879E+00
4.23000000E-04,injectedCurrent,m-0000,1.39073586E+01
4.23000000E-04,voltage,m-0000,-2.09914290E+02
4.23000000E-04,voltage,m-0202,1.29785364E+03
4.23000000E-04,voltage,m-0404,1.24845624E+03
4.23000000E-04,i1,m-0000-0001_e1,6.95367930E+00
4.23000000E-04,i2,m-0000-0001_e1,-8.52513050E+00
4.24000000E-04,injectedCurrent,m-0000,1.26951800E+01
4.24000000E-04,voltage,m-0000,2.02909318E+03
4.24000000E-04,voltage,m-0202,5.53537397E+02
4.24000000E-04,voltage,m-0404,6.28789464E+02
4.24000000E-04,i1,m-0000-0001_e1,6.34759000E+00
4.24000000E-04,i2,m-0000-0001_e1,-4.58661574E+00
4.25000000E-04,injectedCurrent,m-0000,1.15610147E+01
4.25000000E-04,voltage,m-0000,-2.80108631E+02
4.25000000E-04,voltage,m-0202,1.26495765E+03
4.25000000E-04,voltage,m-0404,1.21242447E+03
4.25000000E-04,i1,m-0000-0001_e1,5.78050735E+00
4.25000000E-04,i2,m-0000-0001_e1,-7.41512805E+00
4.26000000E-04,injectedCurrent,m-0000,1.05028371E+01
4.26000000E-04,voltage,m-0000,2.02517149E+03
4.26000000E-04,voltage,m-0202,5.02433824E+02
4.26000000E-04,voltage,m-0404,5.77588570E+02
4.26000000E-04,i1,m-0000-0001_e1,5.25141857E+00
4.26000000E-04,i2,m-0000-0001_e1,-3.45804366E+00
4.27000000E-04,injectedCurrent,m-0000,9.51835590E+00
4.27000000E-04,voltage,m-0000,-3.46438838E+02
4.27000000E-04,voltage,m-0202,1.23679419E+03
4.27000000E-04,voltage,m-0404,1.17987790E+03
4.27000000E-04,i1,m-0000-0001_e1,4.75917795E+00
4.27000000E-04,i2,m-0000-0001_e1,-6.45636176E+00
4.28000000E-04,injectedCurrent,m-0000,8.60504710E+00
4.28000000E-04,voltage,m-0000,2.02716524E+03
4.28000000E-04,voltage,m-0202,4.55161567E+02
4.28000000E-04,voltage,m-0404,5.29661804E+02
4.28000000E-04,i1,m-0000-0001_e1,4.30252355E+00
4.28000000E-04,i2,m-0000-0001_e1,-2.47229759E+00
4.29000000E-04,injectedCurrent,m-0000,7.76018825E+00
4.29000000E-04,voltage,m-0000,-4.10132180E+02
4.29000000E-04,voltage,m-0202,1.21318611E+03
4.29000000E-04,voltage,m-0404,1.15229830E+03
4.29000000E-04,i1,m-0000-0001_e1,3.88009413E+00
4.29000000E-04,i2,m-0000-0001_e1,-5.63973825E+00
4.30000000E-04,injectedCurrent,m-0000,6.98089251E+00
4.30000000E-04,voltage,m-0000,2.03486625E+03
4.30000000E-04,voltage,m-0202,4.11337853E+02
4.30000000E-04,voltage,m-0404,4.85621882E+02
4.30000000E-04,i1,m-0000-0001_e1,3.49044625E+00
4.30000000E-04,i2,m-0000-0001_e1,-1.61904118E+00
4.31000000E-04,injectedCurrent,m-0000,6.26414244E+00
4.31000000E-04,voltage,m-0000,-4.71503998E+02
4.31000000E-04,voltage,m-0202,1.19387753E+03
4.31000000E-04,voltage,m-0404,1.12854892E+03
4.31000000E-04,i1,m-0000-0001_e1,3.13207122E+00
4.31000000E-04,i2,m-0000-0001_e1,-4.95435612E+00
4.32000000E-04,injectedCurrent,m-0000,5.60682311E+00
4.32000000E-04,voltage,m-0000,2.04752393E+03
4.32000000E-04,voltage,m-0202,3.70672559E+02
4.32000000E-04,voltage,m-0404,4.44835962E+02
4.32000000E-04,i1,m-0000-0001_e1,2.80341155E+00
4.32000000E-04,i2,m-0000-0001_e1,-8.86533100E-01
4.33000000E-04,injectedCurrent,m-0000,5.00575387E+00
4.33000000E-04,voltage,m-0000,-5.31439048E+02
4.33000000E-04,voltage,m-0202,1.17860412E+03
4.33000000E-04,voltage,m-0404,1.10933514E+03
4.33000000E-04,i1,m-0000-0001_e1,2.50287694E+00
4.33000000E-04,i2,m-0000-0001_e1,-4.38841867E+00
4.34000000E-04,injectedCurrent,m-0000,4.45771864E+00
4.34000000E-04,voltage,m-0000,2.06361697E+03
4.34000000E-04,voltage,m-0202,3.32864684E+02
4.34000000E-04,voltage,m-0404,4.07882845E+02
4.34000000E-04,i1,m-0000-0001_e1,2.22885932E+00
4.34000000E-04,i2,m-0000-0001_e1,-2.62383013E-01
4.35000000E-04,injectedCurrent,m-0000,3.95949418E+00
4.35000000E-04,voltage,m-0000,-5.92431357E+02
4.35000000E-04,voltage,m-0202,1.16707723E+03
4.35000000E-04,voltage,m-0404,1.09507277E+03
4.35000000E-04,i1,m-0000-0001_e1,1.97974709E+00
4.35000000E-04,i2,m-0000-0001_e1,-3.92978141E+00
4.36000000E-04,injectedCurrent,m-0000,3.50787634E+00
4.36000000E-04,voltage,m-0000,2.08302655E+03
4.36000000E-04,voltage,m-0202,2.97400950E+02
4.36000000E-04,voltage,m-0404,3.73893985E+02
4.36000000E-04,i1,m-0000-0001_e1,1.75393817E+00
4.36000000E-04,i2,m-0000-0001_e1,2.66298188E-01
4.37000000E-04,injectedCurrent,m-0000,3.09970386E+00
4.37000000E-04,voltage,m-0000,-6.53250613E+02
4.37000000E-04,voltage,m-0202,1.15900921E+03
4.37000000E-04,voltage,m-0404,1.08310788E+03
4.37000000E-04,i1,m-0000-0001_e1,1.54985193E+00
4.37000000E-04,i2,m-0000-0001_e1,-3.56568723E+00
4.38000000E-04,injectedCurrent,m-0000,2.73187973E+00
4.38000000E-04,voltage,m-0000,2.10619518E+03
4.38000000E-04,voltage,m-0202,2.64088042E+02
4.38000000E-04,voltage,m-0404,3.41552889E+02
4.38000000E-04,i1,m-0000-0001_e1,1.36593987E+00
4.38000000E-04,i2,m-0000-0001_e1,7.12377499E-01
4.39000000E-04,injectedCurrent,m-0000,2.40138995E+00
4.39000000E-04,voltage,m-0000,-7.14501941E+02
4.39000000E-04,voltage,m-0202,1.15424405E+03
4.39000000E-04,voltage,m-0404,1.07534684E+03
4.39000000E-04,i1,m-0000-0001_e1,1.20069498E+00
4.39000000E-04,i2,m-0000-0001_e1,-3.28427129E+00
4.40000000E-04,injectedCurrent,m-0000,2.10531969E+00
4.40000000E-04,voltage,m-0000,2.13205963E+03
4.40000000E-04,voltage,m-0202,2.32628691E+02
4.40000000E-04,voltage,m-0404,3.12867964E+02
4.40000000E-04,i1,m-0000-0001_e1,1.05265984E+00
4.40000000E-04,i2,m-0000-0001_e1,1.08775968E+00
4.41000000E-04,injectedCurrent,m-0000,1.84086683E+00
4.41000000E-04,voltage,m-0000,-7.79005610E+02
4.41000000E-04,voltage,m-0202,1.15255603E+03
4.41000000E-04,voltage,m-0404,1.07253241E+03
4.41000000E-04,i1,m-0000-0001_e1,9.20433413E-01
4.41000000E-04,i2,m-0000-0001_e1,-3.07455620E+00
4.42000000E-04,injectedCurrent,m-0000,1.60535303E+00
4.42000000E-04,voltage,m-0000,2.15958878E+03
4.42000000E-04,voltage,m-0202,2.02505770E+02
4.42000000E-04,voltage,m-0404,2.87172612E+02
4.42000000E-04,i1,m-0000-0001_e1,8.02676516E-01
4.42000000E-04,i2,m-0000-0001_e1,1.40379673E+00
4.43000000E-04,injectedCurrent,m-0000,1.39623231E+00
4.43000000E-04,voltage,m-0000,-8.45957505E+02
4.43000000E-04,voltage,m-0202,1.15361526E+03
4.43000000E-04,voltage,m-0404,1.07209094E+03
4.43000000E-04,i1,m-0000-0001_e1,6.98116157E-01
4.43000000E-04,i2,m-0000-0001_e1,-2.92577572E+00
4.44000000E-04,injectedCurrent,m-0000,1.21109730E+00
4.44000000E-04,voltage,m-0000,2.18878978E+03
4.44000000E-04,voltage,m-0202,1.73500338E+02
4.44000000E-04,voltage,m-0404,2.62362741E+02
4.44000000E-04,i1,m-0000-0001_e1,6.05548651E-01
4.44000000E-04,i2,m-0000-0001_e1,1.67126658E+00
4.45000000E-04,injectedCurrent,m-0000,1.04768336E+00
4.45000000E-04,voltage,m-0000,-9.16435219E+02
4.45000000E-04,voltage,m-0202,1.15723869E+03
4.45000000E-04,voltage,m-0404,1.07506879E+03
4.45000000E-04,i1,m-0000-0001_e1,5.23841681E-01
4.45000000E-04,i2,m-0000-0001_e1,-2.82859777E+00
4.46000000E-04,injectedCurrent,m-0000,9.03870725E-01
4.46000000E-04,voltage,m-0000,2.22082432E+03
4.46000000E-04,voltage,m-0202,1.45143393E+02
4.46000000E-04,voltage,m-0404,2.38769787E+02
4.46000000E-04,i1,m-0000-0001_e1,4.51935363E-01
4.46000000E-04,i2,m-0000-0001_e1,1.89976250E+00
4.47000000E-04,injectedCurrent,m-0000,7.77684818E-01
4.47000000E-04,voltage,m-0000,-9.89044653E+02
4.47000000E-04,voltage,m-0202,1.16321095E+03
4.47000000E-04,voltage,m-0404,1.07901796E+03
4.47000000E-04,i1,m-0000-0001_e1,3.88842409E-01
4.47000000E-04,i2,m-0000-0001_e1,-2.77446967E+00
4.48000000E-04,injectedCurrent,m-0000,6.67294986E-01
4.48000000E-04,voltage,m-0000,2.25892195E+03
4.48000000E-04,voltage,m-0202,1.17068530E+02
4.48000000E-04,voltage,m-0404,2.13818570E+02
4.48000000E-04,i1,m-0000-0001_e1,3.33647493E-01
4.48000000E-04,i2,m-0000-0001_e1,2.09811884E+00
4.49000000E-04,injectedCurrent,m-0000,5.71011828E-01
4.49000000E-04,voltage,m-0000,-1.05920588E+03
4.49000000E-04,voltage,m-0202,1.17142521E+03
4.49000000E-04,voltage,m-0404,1.08272390E+03
4.49000000E-04,i1,m-0000-0001_e1,2.85505914E-01
4.49000000E-04,i2,m-0000-0001_e1,-2.75582928E+00
4.50000000E-04,injectedCurrent,m-0000,4.87283323E-01
4.50000000E-04,voltage,m-0000,2.30506072E+03
4.50000000E-04,voltage,m-0202,8.92974525E+01
4.50000000E-04,voltage,m-0404,1.88335937E+02
4.50000000E-04,i1,m-0000-0001_e1,2.43641662E-01
4.50000000E-04,i2,m-0000-0001_e1,2.27369828E+00
4.51000000E-04,injectedCurrent,m-0000,4.14689968E-01
4.51000000E-04,voltage,m-0000,-1.12988295E+03
4.51000000E-04,voltage,m-0202,1.18197264E+03
4.51000000E-04,voltage,m-0404,1.09102052E+03
4.51000000E-04,i1,m-0000-0001_e1,2.07344984E-01
4.51000000E-04,i2,m-0000-0001_e1,-2.76750937E+00
4.52000000E-04,injectedCurrent,m-0000,3.51939094E-01
4.52000000E-04,voltage,m-0000,2.35770648E+03
4.52000000E-04,voltage,m-0202,6.13200566E+01
4.52000000E-04,voltage,m-0404,1.65883743E+02
4.52000000E-04,i1,m-0000-0001_e1,1.75969547E-01
4.52000000E-04,i2,m-0000-0001_e1,2.43219229E+00
4.53000000E-04,injectedCurrent,m-0000,2.97858557E-01
4.53000000E-04,voltage,m-0000,-1.20207868E+03
4.53000000E-04,voltage,m-0202,1.19460847E+03
4.53000000E-04,voltage,m-0404,1.10153898E+03
4.53000000E-04,i1,m-0000-0001_e1,1.48929279E-01
4.53000000E-04,i2,m-0000-0001_e1,-2.80471767E+00
4.54000000E-04,injectedCurrent,m-0000,2.51389970E-01
4.54000000E-04,voltage,m-0000,2.41675257E+03
4.54000000E-04,voltage,m-0202,3.27884827E+01
4.54000000E-04,voltage,m-0404,1.42243351E+02
4.54000000E-04,i1,m-0000-0001_e1,1.25694985E-01
4.54000000E-04,i2,m-0000-0001_e1,2.57926971E+00
4.55000000E-04,injectedCurrent,m-0000,2.11581614E-01
4.55000000E-04,voltage,m-0000,-1.27437663E+03
4.55000000E-04,voltage,m-0202,1.20921780E+03
4.55000000E-04,voltage,m-0404,1.11257256E+03
4.55000000E-04,i1,m-0000-0001_e1,1.05790807E-01
4.55000000E-04,i2,m-0000-0001_e1,-2.86322466E+00
4.56000000E-04,injectedCurrent,m-0000,1.77581186E-01
4.56000000E-04,voltage,m-0000,2.48343313E+03
4.56000000E-04,voltage,m-0202,3.58542702E+00
4.56000000E-04,voltage,m-0404,1.16895298E+02
4.56000000E-04,i1,m-0000-0001_e1,8.87905931E-02
4.56000000E-04,i2,m-0000-0001_e1,2.71978490E+00
4.57000000E-04,injectedCurrent,m-0000,1.48628488E-01
4.57000000E-04,voltage,m-0000,-1.35017005E+03
4.57000000E-04,voltage,m-0202,1.22596482E+03
4.57000000E-04,voltage,m-0404,1.12622621E+03
4.57000000E-04,i1,m-0000-0001_e1,7.43142440E-02
4.57000000E-04,i2,m-0000-0001_e1,-2.94050673E+00
4.58000000E-04,injectedCurrent,m-0000,1.24048176E-01
4.58000000E-04,voltage,m-0000,2.55793596E+03
4.58000000E-04,voltage,m-0202,-2.68846637E+01
4.58000000E-04,voltage,m-0404,9.13033573E+01
4.58000000E-04,i1,m-0000-0001_e1,6.20240882E-02
4.58000000E-04,i2,m-0000-0001_e1,2.85746050E+00
4.59000000E-04,injectedCurrent,m-0000,1.03242654E-01
4.59000000E-04,voltage,m-0000,-1.42653313E+03
4.59000000E-04,voltage,m-0202,1.24469307E+03
4.59000000E-04,voltage,m-0404,1.13855824E+03
4.59000000E-04,i1,m-0000-0001_e1,5.16213269E-02
4.59000000E-04,i2,m-0000-0001_e1,-3.03392731E+00
4.60000000E-04,injectedCurrent,m-0000,8.56851797E-02
4.60000000E-04,voltage,m-0000,2.64162054E+03
4.60000000E-04,voltage,m-0202,-5.86733129E+01
4.60000000E-04,voltage,m-0404,6.15080829E+01
4.60000000E-04,i1,m-0000-0001_e1,4.28425898E-02
4.60000000E-04,i2,m-0000-0001_e1,2.99607172E+00
4.61000000E-04,injectedCurrent,m-0000,7.09132611E-02
4.61000000E-04,voltage,m-0000,-1.50554308E+03
4.61000000E-04,voltage,m-0202,1.26561065E+03
4.61000000E-04,voltage,m-0404,1.15319513E+03
4.61000000E-04,i1,m-0000-0001_e1,3.54566306E-02
4.61000000E-04,i2,m-0000-0001_e1,-3.14241045E+00
4.62000000E-04,injectedCurrent,m-0000,5.85223692E-02
4.62000000E-04,voltage,m-0000,2.73163753E+03
4.62000000E-04,voltage,m-0202,-9.20794170E+01
4.62000000E-04,voltage,m-0404,3.26903795E+01
4.62000000E-04,i1,m-0000-0001_e1,2.92611846E-02
4.62000000E-04,i2,m-0000-0001_e1,3.13798590E+00
4.63000000E-04,injectedCurrent,m-0000,4.81600160E-02
4.63000000E-04,voltage,m-0000,-1.59607857E+03
4.63000000E-04,voltage,m-0202,1.28878505E+03
4.63000000E-04,voltage,m-0404,1.17285577E+03
4.63000000E-04,i1,m-0000-0001_e1,2.40800080E-02
4.63000000E-04,i2,m-0000-0001_e1,-3.26608056E+00
4.64000000E-04,injectedCurrent,m-0000,3.95202141E-02
4.64000000E-04,voltage,m-0000,2.82430868E+03
4.64000000E-04,voltage,m-0202,-1.28087537E+02
4.64000000E-04,voltage,m-0404,3.34414727E+00
4.64000000E-04,i1,m-0000-0001_e1,1.97601071E-02
4.64000000E-04,i2,m-0000-0001_e1,3.28573442E+00
4.65000000E-04,injectedCurrent,m-0000,3.23383339E-02
4.65000000E-04,voltage,m-0000,-1.69364297E+03
4.65000000E-04,voltage,m-0202,1.31378625E+03
4.65000000E-04,voltage,m-0404,1.18869228E+03
4.65000000E-04,i1,m-0000-0001_e1,1.61691669E-02
4.65000000E-04,i2,m-0000-0001_e1,-3.40330118E+00
4.66000000E-04,injectedCurrent,m-0000,2.63863605E-02
4.66000000E-04,voltage,m-0000,2.92567661E+03
4.66000000E-04,voltage,m-0202,-1.66722756E+02
4.66000000E-04,voltage,m-0404,-3.63482084E+01
4.66000000E-04,i1,m-0000-0001_e1,1.31931802E-02
4.66000000E-04,i2,m-0000-0001_e1,3.44352259E+00
4.67000000E-04,injectedCurrent,m-0000,2.14685506E-02
4.67000000E-04,voltage,m-0000,-1.79772977E+03
4.67000000E-04,voltage,m-0202,1.34134212E+03
4.67000000E-04,voltage,m-0404,1.20382823E+03
4.67000000E-04,i1,m-0000-0001_e1,1.07342753E-02
4.67000000E-04,i2,m-0000-0001_e1,-3.55411711E+00
4.68000000E-04,injectedCurrent,m-0000,1.74174789E-02
4.68000000E-04,voltage,m-0000,3.03894337E+03
4.68000000E-04,voltage,m-0202,-2.08212830E+02
4.68000000E-04,voltage,m-0404,-7.77209743E+01
4.68000000E-04,i1,m-0000-0001_e1,8.70873943E-03
4.68000000E-04,i2,m-0000-0001_e1,3.61346296E+00
4.69000000E-04,injectedCurrent,m-0000,1.40904614E-02
4.69000000E-04,voltage,m-0000,-1.91103776E+03
4.69000000E-04,voltage,m-0202,1.37211199E+03
4.69000000E-04,voltage,m-0404,1.22248611E+03
4.69000000E-04,i1,m-0000-0001_e1,7.04523067E-03
4.69000000E-04,i2,m-0000-0001_e1,-3.72013005E+00
4.70000000E-04,injectedCurrent,m-0000,1.13663380E-02
4.70000000E-04,voltage,m-0000,3.16270004E+03
4.70000000E-04,voltage,m-0202,-2.52929479E+02
4.70000000E-04,voltage,m-0404,-1.19518712E+02
4.70000000E-04,i1,m-0000-0001_e1,5.68316899E-03
4.70000000E-04,i2,m-0000-0001_e1,3.79731209E+00
4.71000000E-04,injectedCurrent,m-0000,9.14259523E-03
4.71000000E-04,voltage,m-0000,-2.03086420E+03
4.71000000E-04,voltage,m-0202,1.40640103E+03
4.71000000E-04,voltage,m-0404,1.24426193E+03
4.71000000E-04,i1,m-0000-0001_e1,4.57129760E-03
4.71000000E-04,i2,m-0000-0001_e1,-3.90268737E+00
4.72000000E-04,injectedCurrent,m-0000,7.33280590E-03
4.72000000E-04,voltage,m-0000,3.29653253E+03
4.72000000E-04,voltage,m-0202,-3.00476199E+02
4.72000000E-04,voltage,m-0404,-1.62789464E+02
4.72000000E-04,i1,m-0000-0001_e1,3.66640294E-03
4.72000000E-04,i2,m-0000-0001_e1,3.99754342E+00
4.73000000E-04,injectedCurrent,m-0000,5.86436390E-03
4.73000000E-04,voltage,m-0000,-2.17464147E+03
4.73000000E-04,voltage,m-0202,1.44557497E+03
4.73000000E-04,voltage,m-0404,1.28091557E+03
4.73000000E-04,i1,m-0000-0001_e1,2.93218193E-03
4.73000000E-04,i2,m-0000-0001_e1,-4.10616872E+00
4.74000000E-04,injectedCurrent,m-0000,4.67648954E-03
4.74000000E-04,voltage,m-0000,3.42889641E+03
4.74000000E-04,voltage,m-0202,-3.51991467E+02
4.74000000E-04,voltage,m-0404,-1.94910309E+02
4.74000000E-04,i1,m-0000-0001_e1,2.33824475E-03
4.74000000E-04,i2,m-0000-0001_e1,4.21482591E+00
4.75000000E-04,injectedCurrent,m-0000,3.71848228E-03
4.75000000E-04,voltage,m-0000,-2.34985260E+03
4.75000000E-04,voltage,m-0202,1.48953480E+03
4.75000000E-04,voltage,m-0404,1.32561266E+03
4.75000000E-04,i1,m-0000-0001_e1,1.85924112E-03
4.75000000E-04,i2,m-0000-0001_e1,-4.33338002E+00
4.76000000E-04,injectedCurrent,m-0000,2.94819747E-03
4.76000000E-04,voltage,m-0000,3.56183972E+03
4.76000000E-04,voltage,m-0202,-4.08512241E+02
4.76000000E-04,voltage,m-0404,-2.35237634E+02
4.76000000E-04,i1,m-0000-0001_e1,1.47409871E-03
4.76000000E-04,i2,m-0000-0001_e1,4.45409831E+00
4.77000000E-04,injectedCurrent,m-0000,2.33072471E-03
4.77000000E-04,voltage,m-0000,-2.54429434E+03
4.77000000E-04,voltage,m-0202,1.53870819E+03
4.77000000E-04,voltage,m-0404,1.36578092E+03
4.77000000E-04,i1,m-0000-0001_e1,1.16536234E-03
4.77000000E-04,i2,m-0000-0001_e1,-4.58514826E+00
4.78000000E-04,injectedCurrent,m-0000,1.83724663E-03
4.78000000E-04,voltage,m-0000,3.71369343E+03
4.78000000E-04,voltage,m-0202,-4.69895316E+02
4.78000000E-04,voltage,m-0404,-2.89336984E+02
4.78000000E-04,i1,m-0000-0001_e1,9.18623294E-04
4.78000000E-04,i2,m-0000-0001_e1,4.72159916E+00
4.79000000E-04,injectedCurrent,m-0000,1.44405771E-03
4.79000000E-04,voltage,m-0000,-2.76654890E+03
4.79000000E-04,voltage,m-0202,1.59564144E+03
4.79000000E-04,voltage,m-0404,1.41617185E+03
4.79000000E-04,i1,m-0000-0001_e1,7.22028835E-04
4.79000000E-04,i2,m-0000-0001_e1,-4.86763647E+00
4.80000000E-04,injectedCurrent,m-0000,1.13172483E-03
4.80000000E-04,voltage,m-0000,3.88090325E+03
4.80000000E-04,voltage,m-0202,-5.37889346E+02
4.80000000E-04,voltage,m-0404,-3.34276822E+02
4.80000000E-04,i1,m-0000-0001_e1,5.65862398E-04
4.80000000E-04,i2,m-0000-0001_e1,5.01909940E+00
4.81000000E-04,injectedCurrent,m-0000,8.84371983E-04
4.81000000E-04,voltage,m-0000,-3.01288696E+03
4.81000000E-04,voltage,m-0202,1.66002150E+03
4.81000000E-04,voltage,m-0404,1.47436162E+03
4.81000000E-04,i1,m-0000-0001_e1,4.42185973E-04
4.81000000E-04,i2,m-0000-0001_e1,-5.18664698E+00
4.82000000E-04,injectedCurrent,m-0000,6.89073611E-04
4.82000000E-04,voltage,m-0000,4.07184164E+03
4.82000000E-04,voltage,m-0202,-6.14013022E+02
4.82000000E-04,voltage,m-0404,-3.94160500E+02
4.82000000E-04,i1,m-0000-0001_e1,3.44536788E-04
4.82000000E-04,i2,m-0000-0001_e1,5.35442736E+00
4.83000000E-04,injectedCurrent,m-0000,5.35342203E-04
4.83000000E-04,voltage,m-0000,-3.28228783E+03
4.83000000E-04,voltage,m-0202,1.73290489E+03
4.83000000E-04,voltage,m-0404,1.53596180E+03
4.83000000E-04,i1,m-0000-0001_e1,2.67671088E-04
4.83000000E-04,i2,m-0000-0001_e1,-5.54821043E+00
4.84000000E-04,injectedCurrent,m-0000,4.14697403E-04
4.84000000E-04,voltage,m-0000,4.30100668E+03
4.84000000E-04,voltage,m-0202,-7.00282601E+02
4.84000000E-04,voltage,m-0404,-4.64602497E+02
4.84000000E-04,i1,m-0000-0001_e1,2.07348688E-04
4.84000000E-04,i2,m-0000-0001_e1,5.73673388E+00
4.85000000E-04,injectedCurrent,m-0000,3.20305136E-04
4.85000000E-04,voltage,m-0000,-3.59410477E+03
4.85000000E-04,voltage,m-0202,1.81677379E+03
4.85000000E-04,voltage,m-0404,1.60942876E+03
4.85000000E-04,i1,m-0000-0001_e1,1.60152554E-04
4.85000000E-04,i2,m-0000-0001_e1,-5.96278104E+00
4.86000000E-04,injectedCurrent,m-0000,2.46676661E-04
4.86000000E-04,voltage,m-0000,4.56992333E+03
4.86000000E-04,voltage,m-0202,-8.01225210E+02
4.86000000E-04,voltage,m-0404,-5.41721531E+02
4.86000000E-04,i1,m-0000-0001_e1,1.23338320E-04
4.86000000E-04,i2,m-0000-0001_e1,6.17566721E+00
4.87000000E-04,injectedCurrent,m-0000,1.89418610E-04
4.87000000E-04,voltage,m-0000,-3.90973978E+03
4.87000000E-04,voltage,m-0202,1.91098455E+03
4.87000000E-04,voltage,m-0404,1.66373959E+03
4.87000000E-04,i1,m-0000-0001_e1,9.47092963E-05
4.87000000E-04,i2,m-0000-0001_e1,-6.43586119E+00
4.88000000E-04,injectedCurrent,m-0000,1.45026223E-04
4.88000000E-04,voltage,m-0000,4.94157320E+03
4.88000000E-04,voltage,m-0202,-9.17680850E+02
4.88000000E-04,voltage,m-0404,-6.82388725E+02
4.88000000E-04,i1,m-0000-0001_e1,7.25131036E-05
4.88000000E-04,i2,m-0000-0001_e1,6.69450771E+00
4.89000000E-04,injectedCurrent,m-0000,1.10713009E-04
4.89000000E-04,voltage,m-0000,-4.21498981E+03
4.89000000E-04,voltage,m-0202,2.02352563E+03
4.89000000E-04,voltage,m-0404,1.71554629E+03
4.89000000E-04,i1,m-0000-0001_e1,5.53564946E-05
4.89000000E-04,i2,m-0000-0001_e1,-6.98217269E+00
4.90000000E-04,injectedCurrent,m-0000,8.42709594E-05
4.90000000E-04,voltage,m-0000,5.43668108E+03
4.90000000E-04,voltage,m-0202,-1.05055422E+03
4.90000000E-04,voltage,m-0404,-8.12682051E+02
4.90000000E-04,i1,m-0000-0001_e1,4.21354734E-05
4.90000000E-04,i2,m-0000-0001_e1,7.30628969E+00
4.91000000E-04,injectedCurrent,m-0000,6.39563051E-05
4.91000000E-04,voltage,m-0000,-4.57116117E+03
4.91000000E-04,voltage,m-0202,2.16247758E+03
4.91000000E-04,voltage,m-0404,1.83529291E+03
4.91000000E-04,i1,m-0000-0001_e1,3.19781488E-05
4.91000000E-04,i2,m-0000-0001_e1,-7.63570171E+00
4.92000000E-04,injectedCurrent,m-0000,4.83964981E-05
4.92000000E-04,voltage,m-0000,5.98928293E+03
4.92000000E-04,voltage,m-0202,-1.20675157E+03
4.92000000E-04,voltage,m-0404,-8.96439904E+02
4.92000000E-04,i1,m-0000-0001_e1,2.41982460E-05
4.92000000E-04,i2,m-0000-0001_e1,8.02359836E+00
4.93000000E-04,injectedCurrent,m-0000,3.65147796E-05
4.93000000E-04,voltage,m-0000,-5.01523768E+03
4.93000000E-04,voltage,m-0202,2.32744474E+03
4.93000000E-04,voltage,m-0404,1.99939612E+03
4.93000000E-04,i1,m-0000-0001_e1,1.82573832E-05
4.93000000E-04,i2,m-0000-0001_e1,-8.42861249E+00
4.94000000E-04,injectedCurrent,m-0000,2.74692410E-05
4.94000000E-04,voltage,m-0000,6.62296050E+03
4.94000000E-04,voltage,m-0202,-1.39397732E+03
4.94000000E-04,voltage,m-0404,-1.04309691E+03
4.94000000E-04,i1,m-0000-0001_e1,1.37346163E-05
4.94000000E-04,i2,m-0000-0001_e1,8.89411350E+00
4.95000000E-04,injectedCurrent,m-0000,2.06037819E-05
4.95000000E-04,voltage,m-0000,-5.65892081E+03
4.95000000E-04,voltage,m-0202,2.53282637E+03
4.95000000E-04,voltage,m-0404,2.19887645E+03
4.95000000E-04,i1,m-0000-0001_e1,1.03018866E-05
4.95000000E-04,i2,m-0000-0001_e1,-9.40698491E+00
4.96000000E-04,injectedCurrent,m-0000,1.54087938E-05
4.96000000E-04,voltage,m-0000,7.30461058E+03
4.96000000E-04,voltage,m-0202,-1.62832620E+03
4.96000000E-04,voltage,m-0404,-1.17418494E+03
4.96000000E-04,i1,m-0000-0001_e1,7.70439249E-06
4.96000000E-04,i2,m-0000-0001_e1,9.96655838E+00
4.97000000E-04,injectedCurrent,m-0000,1.14897581E-05
4.97000000E-04,voltage,m-0000,-6.57390009E+03
4.97000000E-04,voltage,m-0202,2.78681218E+03
4.97000000E-04,voltage,m-0404,2.42787066E+03
4.97000000E-04,i1,m-0000-0001_e1,5.74486901E-06
4.97000000E-04,i2,m-0000-0001_e1,-1.06370930E+01
4.98000000E-04,injectedCurrent,m-0000,8.54226068E-06
4.98000000E-04,voltage,m-0000,8.08155899E+03
4.98000000E-04,voltage,m-0202,-1.93263697E+03
4.98000000E-04,voltage,m-0404,-1.43065574E+03
4.98000000E-04,i1,m-0000-0001_e1,4.27111951E-06
4.98000000E-04,i2,m-0000-0001_e1,1.13384715E+01
4.99000000E-04,injectedCurrent,m-0000,6.33218542E-06
4.99000000E-04,voltage,m-0000,-7.64233943E+03
4.99000000E-04,voltage,m-0202,3.10351640E+03
4.99000000E-04,voltage,m-0404,2.56728366E+03
4.99000000E-04,i1,m-0000-0001_e1,3.16608163E-06
4.99000000E-04,i2,m-0000-0001_e1,-1.21987738E+01
5.00000000E-04,injectedCurrent,m-0000,4.68007150E-06
5.00000000E-04,voltage,m-0000,9.32935382E+03
5.00000000E-04,voltage,m-0202,-2.32169147E+03
5.00000000E-04,voltage,m-0404,-1.96072545E+03
5.00000000E-04,i1,m-0000-0001_e1,2.34002346E-06
5.00000000E-04,i2,m-0000-0001_e1,1.31896980E+01
5.01000000E-04,injectedCurrent,m-0000,3.44880492E-06
5.01000000E-04,voltage,m-0000,-9.04045708E+03
5.01000000E-04,voltage,m-0202,3.56047929E+03
5.01000000E-04,voltage,m-0404,2.86474239E+03
5.01000000E-04,i1,m-0000-0001_e1,1.72438516E-06
5.01000000E-04,i2,m-0000-0001_e1,-1.42976547E+01
5.02000000E-04,injectedCurrent,m-0000,2.53396892E-06
5.02000000E-04,voltage,m-0000,1.09616156E+04
5.02000000E-04,voltage,m-0202,-2.84268216E+03
5.02000000E-04,voltage,m-0404,-2.14339275E+03
5.02000000E-04,i1,m-0000-0001_e1,1.26697219E-06
5.02000000E-04,i2,m-0000-0001_e1,1.56853665E+01
5.03000000E-04,injectedCurrent,m-0000,1.85630658E-06
5.03000000E-04,voltage,m-0000,-1.11056784E+04
5.03000000E-04,voltage,m-0202,4.19783658E+03
5.03000000E-04,voltage,m-0404,3.62395092E+03
5.03000000E-04,i1,m-0000-0001_e1,9.28139798E-07
5.03000000E-04,i2,m-0000-0001_e1,-1.73255159E+01
5.04000000E-04,injectedCurrent,m-0000,1.35585475E-06
5.04000000E-04,voltage,m-0000,1.30853724E+04
5.04000000E-04,voltage,m-0202,-3.61788778E+03
5.04000000E-04,voltage,m-0404,-2.56665091E+03
5.04000000E-04,i1,m-0000-0001_e1,6.77918848E-07
5.04000000E-04,i2,m-0000-0001_e1,1.93022716E+01
5.05000000E-04,injectedCurrent,m-0000,9.87395081E-07
5.05000000E-04,voltage,m-0000,-1.40654826E+04
5.05000000E-04,voltage,m-0202,5.10685963E+03
5.05000000E-04,voltage,m-0404,4.23449383E+03
5.05000000E-04,i1,m-0000-0001_e1,4.93687111E-07
5.05000000E-04,i2,m-0000-0001_e1,-2.19081658E+01
5.06000000E-04,injectedCurrent,m-0000,7.16939309E-07
5.06000000E-04,voltage,m-0000,1.72429389E+04
5.06000000E-04,voltage,m-0202,-4.85063141E+03
5.06000000E-04,voltage,m-0404,-4.27784503E+03
5.06000000E-04,i1,m-0000-0001_e1,3.58464888E-07
5.06000000E-04,i2,m-0000-0001_e1,2.52620883E+01
5.07000000E-04,injectedCurrent,m-0000,5.19023228E-07
5.07000000E-04,voltage,m-0000,-1.93489384E+04
5.07000000E-04,voltage,m-0202,6.79314408E+03
5.07000000E-04,voltage,m-0404,5.02897059E+03
5.07000000E-04,i1,m-0000-0001_e1,2.59512376E-07
5.07000000E-04,i2,m-0000-0001_e1,-2.96998058E+01
5.08000000E-04,injectedCurrent,m-0000,3.74630822E-07
5.08000000E-04,voltage,m-0000,2.38921979E+04
5.08000000E-04,voltage,m-0202,-7.11845363E+03
5.08000000E-04,voltage,m-0404,-4.43353988E+03
5.08000000E-04,i1,m-0000-0001_e1,1.87320865E-07
5.08000000E-04,i2,m-0000-0001_e1,3.60727680E+01
5.09000000E-04,injectedCurrent,m-0000,2.69607447E-07
5.09000000E-04,voltage,m-0000,-2.89306757E+04
5.09000000E-04,voltage,m-0202,1.00251347E+04
5.09000000E-04,voltage,m-0404,7.71083135E+03
5.09000000E-04,i1,m-0000-0001_e1,1.34796295E-07
5.09000000E-04,i2,m-0000-0001_e1,-4.60062032E+01
5.10000000E-04,injectedCurrent,m-0000,1.93451145E-07
5.10000000E-04,voltage,m-0000,3.99521855E+04
5.10000000E-04,voltage,m-0202,-1.23596587E+04
5.10000000E-04,voltage,m-0404,-9.04441764E+03
5.10000000E-04,i1,m-0000-0001_e1,9.67168887E-08
5.10000000E-04,i2,m-0000-0001_e1,6.32226670E+01
5.11000000E-04,injectedCurrent,m-0000,1.38395241E-07
5.11000000E-04,voltage,m-0000,-5.95407523E+04
5.11000000E-04,voltage,m-0202,1.99879156E+04
5.11000000E-04,voltage,m-0404,1.35357800E+04
5.11000000E-04,i1,m-0000-0001_e1,6.91596540E-08
5.11000000E-04,i2,m-0000-0001_e1,-9.96896688E+01
