time_s,quantity,id,value
0.00000000E+00,injectedCurrent,Node_1,1.00000000E+03
0.00000000E+00,injectedCurrent,Node_2,0.00000000E+00
0.00000000E+00,voltage,Node_1,1.02257584E+05
0.00000000E+00,voltage,Node_2,-7.52337498E+04
0.00000000E+00,i1,Line_1_e1,1.00000000E+03
0.00000000E+00,i2,Line_1_e1,9.82594722E+01
0.00000000E+00,i1,Line_1_e10,-8.32767527E+02
0.00000000E+00,i2,Line_1_e10,-1.00044417E-11
5.00000000E-07,injectedCurrent,Node_1,2.36146631E+04
5.00000000E-07,injectedCurrent,Node_2,-2.26147865E+04
5.00000000E-07,voltage,Node_1,3.68819467E+05
5.00000000E-07,voltage,Node_2,-3.43162075E+05
5.00000000E-07,i1,Line_1_e1,2.36146631E+04
5.00000000E-07,i2,Line_1_e1,-2.00125361E+04
5.00000000E-07,i1,Line_1_e10,1.92436093E+04
5.00000000E-07,i2,Line_1_e10,-2.26147865E+04
1.00000000E-06,injectedCurrent,Node_1,3.00292255E+04
1.00000000E-06,injectedCurrent,Node_2,-2.90297189E+04
1.00000000E-06,voltage,Node_1,7.26590950E+04
1.00000000E-06,voltage,Node_2,-4.53091297E+04
1.00000000E-06,i1,Line_1_e1,3.00292255E+04
1.00000000E-06,i2,Line_1_e1,-2.93828554E+04
1.00000000E-06,i1,Line_1_e10,2.86313054E+04
1.00000000E-06,i2,Line_1_e10,-2.90297189E+04
1.50000000E-06,injectedCurrent,Node_1,3.17311466E+04
1.50000000E-06,injectedCurrent,Node_2,-3.07322567E+04
1.50000000E-06,voltage,Node_1,7.31761214E+04
1.50000000E-06,voltage,Node_2,-4.63855677E+04
1.50000000E-06,i1,Line_1_e1,3.17311466E+04
1.50000000E-06,i2,Line_1_e1,-3.10176357E+04
1.50000000E-06,i1,Line_1_e10,3.02556821E+04
1.50000000E-06,i2,Line_1_e10,-3.07322567E+04
2.00000000E-06,injectedCurrent,Node_1,3.20628740E+04
2.00000000E-06,injectedCurrent,Node_2,-3.10648473E+04
2.00000000E-06,voltage,Node_1,6.02332933E+03
2.00000000E-06,voltage,Node_2,2.15157877E+04
2.00000000E-06,i1,Line_1_e1,3.20628740E+04
2.00000000E-06,i2,Line_1_e1,-3.20334172E+04
2.00000000E-06,i1,Line_1_e10,3.12804090E+04
2.00000000E-06,i2,Line_1_e10,-3.10648473E+04
2.50000000E-06,injectedCurrent,Node_1,3.19969368E+04
2.50000000E-06,injectedCurrent,Node_2,-3.10000195E+04
2.50000000E-06,voltage,Node_1,3.16462771E+04
2.50000000E-06,voltage,Node_2,-4.49105802E+03
2.50000000E-06,i1,Line_1_e1,3.19969368E+04
2.50000000E-06,i2,Line_1_e1,-3.16899162E+04
2.50000000E-06,i1,Line_1_e10,3.09312717E+04
2.50000000E-06,i2,Line_1_e10,-3.10000195E+04
3.00000000E-06,injectedCurrent,Node_1,3.18162989E+04
3.00000000E-06,injectedCurrent,Node_2,-3.08207369E+04
3.00000000E-06,voltage,Node_1,1.70909680E+03
3.00000000E-06,voltage,Node_2,2.59008011E+04
3.00000000E-06,i1,Line_1_e1,3.18162989E+04
3.00000000E-06,i2,Line_1_e1,-3.18224408E+04
3.00000000E-06,i1,Line_1_e10,3.10702925E+04
3.00000000E-06,i2,Line_1_e10,-3.08207369E+04
3.50000000E-06,injectedCurrent,Node_1,3.16032847E+04
3.50000000E-06,injectedCurrent,Node_2,-3.06093238E+04
3.50000000E-06,voltage,Node_1,2.27735235E+04
3.50000000E-06,voltage,Node_2,4.52843441E+03
3.50000000E-06,i1,Line_1_e1,3.16032847E+04
3.50000000E-06,i2,Line_1_e1,-3.13862128E+04
3.50000000E-06,i1,Line_1_e10,3.06306628E+04
3.50000000E-06,i2,Line_1_e10,-3.06093238E+04
4.00000000E-06,injectedCurrent,Node_1,3.13818397E+04
4.00000000E-06,injectedCurrent,Node_2,-3.03897250E+04
4.00000000E-06,voltage,Node_1,2.91600946E+03
4.00000000E-06,voltage,Node_2,2.46939481E+04
4.00000000E-06,i1,Line_1_e1,3.13818397E+04
4.00000000E-06,i2,Line_1_e1,-3.13742191E+04
4.00000000E-06,i1,Line_1_e10,3.06241471E+04
4.00000000E-06,i2,Line_1_e10,-3.03897250E+04
4.50000000E-06,injectedCurrent,Node_1,3.11589229E+04
4.50000000E-06,injectedCurrent,Node_2,-3.01688993E+04
4.50000000E-06,voltage,Node_1,1.92891833E+04
4.50000000E-06,voltage,Node_2,8.05200478E+03
4.50000000E-06,i1,Line_1_e1,3.11589229E+04
4.50000000E-06,i2,Line_1_e1,-3.09782420E+04
4.50000000E-06,i1,Line_1_e10,3.02261693E+04
4.50000000E-06,i2,Line_1_e10,-3.01688993E+04
5.00000000E-06,injectedCurrent,Node_1,3.09365512E+04
5.00000000E-06,injectedCurrent,Node_2,-2.99488629E+04
5.00000000E-06,voltage,Node_1,4.12268338E+03
5.00000000E-06,voltage,Node_2,2.34356988E+04
5.00000000E-06,i1,Line_1_e1,3.09365512E+04
5.00000000E-06,i2,Line_1_e1,-3.09161907E+04
5.00000000E-06,i1,Line_1_e10,3.01691391E+04
5.00000000E-06,i2,Line_1_e10,-2.99488629E+04
5.50000000E-06,injectedCurrent,Node_1,3.07153034E+04
5.50000000E-06,injectedCurrent,Node_2,-2.97301941E+04
5.50000000E-06,voltage,Node_1,1.73292425E+04
5.50000000E-06,voltage,Node_2,9.98172966E+03
5.50000000E-06,i1,Line_1_e1,3.07153034E+04
5.50000000E-06,i2,Line_1_e1,-3.05553546E+04
5.50000000E-06,i1,Line_1_e10,2.98073257E+04
5.50000000E-06,i2,Line_1_e10,-2.97301941E+04
6.00000000E-06,injectedCurrent,Node_1,3.04953401E+04
6.00000000E-06,injectedCurrent,Node_2,-2.95130528E+04
6.00000000E-06,voltage,Node_1,5.00112505E+03
6.00000000E-06,voltage,Node_2,2.24632328E+04
6.00000000E-06,i1,Line_1_e1,3.04953401E+04
6.00000000E-06,i2,Line_1_e1,-3.04658054E+04
6.00000000E-06,i1,Line_1_e10,2.97226174E+04
6.00000000E-06,i2,Line_1_e10,-2.95130528E+04
6.50000000E-06,injectedCurrent,Node_1,3.02767002E+04
6.50000000E-06,injectedCurrent,Node_2,-2.92974774E+04
6.50000000E-06,voltage,Node_1,1.60332359E+04
6.50000000E-06,voltage,Node_2,1.11950733E+04
6.50000000E-06,i1,Line_1_e1,3.02767002E+04
6.50000000E-06,i2,Line_1_e1,-3.01305176E+04
6.50000000E-06,i1,Line_1_e10,2.93871721E+04
6.50000000E-06,i2,Line_1_e10,-2.92974774E+04
7.00000000E-06,injectedCurrent,Node_1,3.00593876E+04
7.00000000E-06,injectedCurrent,Node_2,-2.90834709E+04
7.00000000E-06,voltage,Node_1,5.63464817E+03
7.00000000E-06,voltage,Node_2,2.16983032E+04
7.00000000E-06,i1,Line_1_e1,3.00593876E+04
7.00000000E-06,i2,Line_1_e1,-3.00232404E+04
7.00000000E-06,i1,Line_1_e10,2.92847117E+04
7.00000000E-06,i2,Line_1_e10,-2.90834709E+04
7.50000000E-06,injectedCurrent,Node_1,2.98433957E+04
7.50000000E-06,injectedCurrent,Node_2,-2.88710258E+04
7.50000000E-06,voltage,Node_1,1.50955846E+04
7.50000000E-06,voltage,Node_2,1.20065123E+04
7.50000000E-06,i1,Line_1_e1,2.98433957E+04
7.50000000E-06,i2,Line_1_e1,-2.97071705E+04
7.50000000E-06,i1,Line_1_e10,2.89691809E+04
7.50000000E-06,i2,Line_1_e10,-2.88710258E+04
8.00000000E-06,injectedCurrent,Node_1,2.96287153E+04
8.00000000E-06,injectedCurrent,Node_2,-2.86601321E+04
8.00000000E-06,voltage,Node_1,6.09814709E+03
8.00000000E-06,voltage,Node_2,2.10691126E+04
8.00000000E-06,i1,Line_1_e1,2.96287153E+04
8.00000000E-06,i2,Line_1_e1,-2.95877071E+04
8.00000000E-06,i1,Line_1_e10,2.88546062E+04
8.00000000E-06,i2,Line_1_e10,-2.86601321E+04
8.50000000E-06,injectedCurrent,Node_1,2.94153362E+04
8.50000000E-06,injectedCurrent,Node_2,-2.84507788E+04
8.50000000E-06,voltage,Node_1,1.43728935E+04
8.50000000E-06,voltage,Node_2,1.25646481E+04
8.50000000E-06,i1,Line_1_e1,2.94153362E+04
8.50000000E-06,i2,Line_1_e1,-2.92867588E+04
8.50000000E-06,i1,Line_1_e10,2.85548129E+04
8.50000000E-06,i2,Line_1_e10,-2.84507788E+04
9.00000000E-06,injectedCurrent,Node_1,2.92032484E+04
9.00000000E-06,injectedCurrent,Node_2,-2.82429547E+04
9.00000000E-06,voltage,Node_1,6.43964629E+03
9.00000000E-06,voltage,Node_2,2.05296941E+04
9.00000000E-06,i1,Line_1_e1,2.92032484E+04
9.00000000E-06,i2,Line_1_e1,-2.91586224E+04
9.00000000E-06,i1,Line_1_e10,2.84316996E+04
9.00000000E-06,i2,Line_1_e10,-2.82429547E+04
9.50000000E-06,injectedCurrent,Node_1,2.89924417E+04
9.50000000E-06,injectedCurrent,Node_2,-2.80366487E+04
9.50000000E-06,voltage,Node_1,1.37873992E+04
9.50000000E-06,voltage,Node_2,1.29505635E+04
9.50000000E-06,i1,Line_1_e1,2.89924417E+04
9.50000000E-06,i2,Line_1_e1,-2.88700212E+04
9.50000000E-06,i1,Line_1_e10,2.81448129E+04
9.50000000E-06,i2,Line_1_e10,-2.80366487E+04
1.00000000E-05,injectedCurrent,Node_1,2.87829062E+04
1.00000000E-05,injectedCurrent,Node_2,-2.78318497E+04
1.00000000E-05,voltage,Node_1,6.68981295E+03
1.00000000E-05,voltage,Node_2,2.00508490E+04
1.00000000E-05,i1,Line_1_e1,2.87829062E+04
1.00000000E-05,i2,Line_1_e1,-2.87355836E+04
1.00000000E-05,i1,Line_1_e10,2.80155753E+04
1.00000000E-05,i2,Line_1_e10,-2.78318497E+04
1.05000000E-05,injectedCurrent,Node_1,2.85746320E+04
1.05000000E-05,injectedCurrent,Node_2,-2.76285466E+04
1.05000000E-05,voltage,Node_1,1.32930684E+04
1.05000000E-05,voltage,Node_2,1.32125649E+04
1.05000000E-05,i1,Line_1_e1,2.85746320E+04
1.05000000E-05,i2,Line_1_e1,-2.84573646E+04
1.05000000E-05,i1,Line_1_e10,2.77395889E+04
1.05000000E-05,i2,Line_1_e10,-2.76285466E+04
1.10000000E-05,injectedCurrent,Node_1,2.83676094E+04
1.10000000E-05,injectedCurrent,Node_2,-2.74267286E+04
1.10000000E-05,voltage,Node_1,6.86891295E+03
1.10000000E-05,voltage,Node_2,1.96134288E+04
1.10000000E-05,i1,Line_1_e1,2.83676094E+04
1.10000000E-05,i2,Line_1_e1,-2.83183002E+04
1.10000000E-05,i1,Line_1_e10,2.76059309E+04
1.10000000E-05,i2,Line_1_e10,-2.74267286E+04
1.15000000E-05,injectedCurrent,Node_1,2.81618289E+04
1.15000000E-05,injectedCurrent,Node_2,-2.72263849E+04
1.15000000E-05,voltage,Node_1,1.28609108E+04
1.15000000E-05,voltage,Node_2,1.33812995E+04
1.15000000E-05,i1,Line_1_e1,2.81618289E+04
1.15000000E-05,i2,Line_1_e1,-2.80490187E+04
1.15000000E-05,i1,Line_1_e10,2.73393684E+04
1.15000000E-05,i2,Line_1_e10,-2.72263849E+04
1.20000000E-05,injectedCurrent,Node_1,2.79572811E+04
1.20000000E-05,injectedCurrent,Node_2,-2.70275046E+04
1.20000000E-05,voltage,Node_1,6.99083639E+03
1.20000000E-05,voltage,Node_2,1.92044441E+04
1.20000000E-05,i1,Line_1_e1,2.79572811E+04
1.20000000E-05,i2,Line_1_e1,-2.79065507E+04
1.20000000E-05,i1,Line_1_e10,2.72025342E+04
1.20000000E-05,i2,Line_1_e10,-2.70275046E+04
1.25000000E-05,injectedCurrent,Node_1,2.77539566E+04
1.25000000E-05,injectedCurrent,Node_2,-2.68300770E+04
1.25000000E-05,voltage,Node_1,1.24717860E+04
1.25000000E-05,voltage,Node_2,1.34771855E+04
1.25000000E-05,i1,Line_1_e1,2.77539566E+04
1.25000000E-05,i2,Line_1_e1,-2.76451116E+04
1.25000000E-05,i1,Line_1_e10,2.69442750E+04
1.25000000E-05,i2,Line_1_e10,-2.68300770E+04
1.30000000E-05,injectedCurrent,Node_1,2.75518463E+04
1.30000000E-05,injectedCurrent,Node_2,-2.66340916E+04
1.30000000E-05,voltage,Node_1,7.06542460E+03
1.30000000E-05,voltage,Node_2,1.88148175E+04
1.30000000E-05,i1,Line_1_e1,2.75518463E+04
1.30000000E-05,i2,Line_1_e1,-2.75001585E+04
1.30000000E-05,i1,Line_1_e10,2.68051979E+04
1.30000000E-05,i2,Line_1_e10,-2.66340916E+04
1.35000000E-05,injectedCurrent,Node_1,2.73509411E+04
1.35000000E-05,injectedCurrent,Node_2,-2.64395379E+04
1.35000000E-05,voltage,Node_1,1.21125757E+04
1.35000000E-05,voltage,Node_2,1.35143779E+04
1.35000000E-05,i1,Line_1_e1,2.73509411E+04
1.35000000E-05,i2,Line_1_e1,-2.72457099E+04
1.35000000E-05,i1,Line_1_e10,2.65543690E+04
1.35000000E-05,i2,Line_1_e10,-2.64395379E+04
1.40000000E-05,injectedCurrent,Node_1,2.71512323E+04
1.40000000E-05,injectedCurrent,Node_2,-2.62464052E+04
1.40000000E-05,voltage,Node_1,7.09985914E+03
1.40000000E-05,voltage,Node_2,1.84380444E+04
1.40000000E-05,i1,Line_1_e1,2.71512323E+04
1.40000000E-05,i2,Line_1_e1,-2.70989768E+04
1.40000000E-05,i1,Line_1_e10,2.64137645E+04
1.40000000E-05,i2,Line_1_e10,-2.62464052E+04
1.45000000E-05,injectedCurrent,Node_1,2.69527109E+04
1.45000000E-05,injectedCurrent,Node_2,-2.60546834E+04
1.45000000E-05,voltage,Node_1,1.17740146E+04
1.45000000E-05,voltage,Node_2,1.35030225E+04
1.45000000E-05,i1,Line_1_e1,2.69527109E+04
1.45000000E-05,i2,Line_1_e1,-2.68508413E+04
1.45000000E-05,i1,Line_1_e10,2.61696707E+04
1.45000000E-05,i2,Line_1_e10,-2.60546834E+04
1.50000000E-05,injectedCurrent,Node_1,2.67553685E+04
1.50000000E-05,injectedCurrent,Node_2,-2.58643620E+04
1.50000000E-05,voltage,Node_1,7.09952081E+03
1.50000000E-05,voltage,Node_2,1.80693661E+04
1.50000000E-05,i1,Line_1_e1,2.67553685E+04
1.50000000E-05,i2,Line_1_e1,-2.67028797E+04
1.50000000E-05,i1,Line_1_e10,2.60280974E+04
1.50000000E-05,i2,Line_1_e10,-2.58643620E+04
1.55000000E-05,injectedCurrent,Node_1,2.65591965E+04
1.55000000E-05,injectedCurrent,Node_2,-2.56754308E+04
1.55000000E-05,voltage,Node_1,1.14493969E+04
1.55000000E-05,voltage,Node_2,1.34506027E+04
1.55000000E-05,i1,Line_1_e1,2.65591965E+04
1.55000000E-05,i2,Line_1_e1,-2.64605086E+04
1.55000000E-05,i1,Line_1_e10,2.57901742E+04
1.55000000E-05,i2,Line_1_e10,-2.56754308E+04
1.60000000E-05,injectedCurrent,Node_1,2.63641864E+04
1.60000000E-05,injectedCurrent,Node_2,-2.54878798E+04
1.60000000E-05,voltage,Node_1,7.06853879E+03
1.60000000E-05,voltage,Node_2,1.77052426E+04
1.60000000E-05,i1,Line_1_e1,2.63641864E+04
1.60000000E-05,i2,Line_1_e1,-2.63117564E+04
1.60000000E-05,i1,Line_1_e10,2.56480744E+04
1.60000000E-05,i2,Line_1_e10,-2.54878798E+04
1.65000000E-05,injectedCurrent,Node_1,2.61703302E+04
1.65000000E-05,injectedCurrent,Node_2,-2.53016987E+04
1.65000000E-05,voltage,Node_1,1.11337733E+04
1.65000000E-05,voltage,Node_2,1.33627790E+04
1.65000000E-05,i1,Line_1_e1,2.61703302E+04
1.65000000E-05,i2,Line_1_e1,-2.60746977E+04
1.65000000E-05,i1,Line_1_e10,2.54158558E+04
1.65000000E-05,i2,Line_1_e10,-2.53016987E+04
1.70000000E-05,injectedCurrent,Node_1,2.59776197E+04
1.70000000E-05,injectedCurrent,Node_2,-2.51168776E+04
1.70000000E-05,voltage,Node_1,7.01015205E+03
1.70000000E-05,voltage,Node_2,1.73430051E+04
1.70000000E-05,i1,Line_1_e1,2.59776197E+04
1.70000000E-05,i2,Line_1_e1,-2.59255075E+04
1.70000000E-05,i1,Line_1_e10,2.52735844E+04
1.70000000E-05,i2,Line_1_e10,-2.51168776E+04
1.75000000E-05,injectedCurrent,Node_1,2.57860468E+04
1.75000000E-05,injectedCurrent,Node_2,-2.49334066E+04
1.75000000E-05,voltage,Node_1,1.08234321E+04
1.75000000E-05,voltage,Node_2,1.32439307E+04
1.75000000E-05,i1,Line_1_e1,2.57860468E+04
1.75000000E-05,i2,Line_1_e1,-2.56933837E+04
1.75000000E-05,i1,Line_1_e10,2.50466799E+04
1.75000000E-05,i2,Line_1_e10,-2.49334066E+04
1.80000000E-05,injectedCurrent,Node_1,2.55956037E+04
1.80000000E-05,injectedCurrent,Node_2,-2.47512758E+04
1.80000000E-05,voltage,Node_1,6.92695375E+03
1.80000000E-05,voltage,Node_2,1.69806218E+04
1.80000000E-05,i1,Line_1_e1,2.55956037E+04
1.80000000E-05,i2,Line_1_e1,-2.55440422E+04
1.80000000E-05,i1,Line_1_e10,2.49045246E+04
1.80000000E-05,i2,Line_1_e10,-2.47512758E+04
1.85000000E-05,injectedCurrent,Node_1,2.54062828E+04
1.85000000E-05,injectedCurrent,Node_2,-2.45704754E+04
1.85000000E-05,voltage,Node_1,1.05155561E+04
1.85000000E-05,voltage,Node_2,1.30975159E+04
1.85000000E-05,i1,Line_1_e1,2.54062828E+04
1.85000000E-05,i2,Line_1_e1,-2.53165338E+04
1.85000000E-05,i1,Line_1_e10,2.46826027E+04
1.85000000E-05,i2,Line_1_e10,-2.45704754E+04
1.90000000E-05,injectedCurrent,Node_1,2.52180763E+04
1.90000000E-05,injectedCurrent,Node_2,-2.43909957E+04
1.90000000E-05,voltage,Node_1,6.82106026E+03
1.90000000E-05,voltage,Node_2,1.66165368E+04
1.90000000E-05,i1,Line_1_e1,2.52180763E+04
1.90000000E-05,i2,Line_1_e1,-2.51672768E+04
1.90000000E-05,i1,Line_1_e10,2.45407983E+04
1.90000000E-05,i2,Line_1_e10,-2.43909957E+04
1.95000000E-05,injectedCurrent,Node_1,2.50309768E+04
1.95000000E-05,injectedCurrent,Node_2,-2.42128270E+04
1.95000000E-05,voltage,Node_1,1.02079879E+04
1.95000000E-05,voltage,Node_2,1.29263180E+04
1.95000000E-05,i1,Line_1_e1,2.50309768E+04
1.95000000E-05,i2,Line_1_e1,-2.49441105E+04
1.95000000E-05,i1,Line_1_e10,2.43235743E+04
1.95000000E-05,i2,Line_1_e10,-2.42128270E+04
2.00000000E-05,injectedCurrent,Node_1,2.48449768E+04
2.00000000E-05,injectedCurrent,Node_2,-2.40359598E+04
2.00000000E-05,voltage,Node_1,6.69423058E+03
2.00000000E-05,voltage,Node_2,1.62495546E+04
2.00000000E-05,i1,Line_1_e1,2.48449768E+04
2.00000000E-05,i2,Line_1_e1,-2.47951330E+04
2.00000000E-05,i1,Line_1_e10,2.41823144E+04
2.00000000E-05,i2,Line_1_e10,-2.40359598E+04
2.05000000E-05,injectedCurrent,Node_1,2.46600693E+04
2.05000000E-05,injectedCurrent,Node_2,-2.38603846E+04
2.05000000E-05,voltage,Node_1,9.89906598E+03
2.05000000E-05,voltage,Node_2,1.27326175E+04
2.05000000E-05,i1,Line_1_e1,2.46600693E+04
2.05000000E-05,i2,Line_1_e1,-2.45760727E+04
2.05000000E-05,i1,Line_1_e10,2.39695410E+04
2.05000000E-05,i2,Line_1_e10,-2.38603846E+04
2.10000000E-05,injectedCurrent,Node_1,2.44762469E+04
2.10000000E-05,injectedCurrent,Node_2,-2.36860919E+04
2.10000000E-05,voltage,Node_1,6.54795225E+03
2.10000000E-05,voltage,Node_2,1.58787591E+04
2.10000000E-05,i1,Line_1_e1,2.44762469E+04
2.10000000E-05,i2,Line_1_e1,-2.44275376E+04
2.10000000E-05,i1,Line_1_e10,2.38289856E+04
2.10000000E-05,i2,Line_1_e10,-2.36860919E+04
2.15000000E-05,injectedCurrent,Node_1,2.42935027E+04
2.15000000E-05,injectedCurrent,Node_2,-2.35130723E+04
2.15000000E-05,voltage,Node_1,9.58750855E+03
2.15000000E-05,voltage,Node_2,1.25183148E+04
2.15000000E-05,i1,Line_1_e1,2.42935027E+04
2.15000000E-05,i2,Line_1_e1,-2.42123772E+04
2.15000000E-05,i1,Line_1_e10,2.36204461E+04
2.15000000E-05,i2,Line_1_e10,-2.35130723E+04
2.20000000E-05,injectedCurrent,Node_1,2.41118299E+04
2.20000000E-05,injectedCurrent,Node_2,-2.33413166E+04
2.20000000E-05,voltage,Node_1,6.38350427E+03
2.20000000E-05,voltage,Node_2,1.55034523E+04
2.20000000E-05,i1,Line_1_e1,2.41118299E+04
2.20000000E-05,i2,Line_1_e1,-2.40644212E+04
2.20000000E-05,i1,Line_1_e10,2.34807283E+04
2.20000000E-05,i2,Line_1_e10,-2.33413166E+04
2.25000000E-05,injectedCurrent,Node_1,2.39312215E+04
2.25000000E-05,injectedCurrent,Node_2,-2.31708155E+04
2.25000000E-05,voltage,Node_1,9.27232841E+03
2.25000000E-05,voltage,Node_2,1.22850189E+04
2.25000000E-05,i1,Line_1_e1,2.39312215E+04
2.25000000E-05,i2,Line_1_e1,-2.38529796E+04
2.25000000E-05,i1,Line_1_e10,2.32762311E+04
2.25000000E-05,i2,Line_1_e10,-2.31708155E+04
2.30000000E-05,injectedCurrent,Node_1,2.37516710E+04
2.30000000E-05,injectedCurrent,Node_2,-2.30015599E+04
2.30000000E-05,voltage,Node_1,6.20200371E+03
2.30000000E-05,voltage,Node_2,1.51231102E+04
2.30000000E-05,i1,Line_1_e1,2.37516710E+04
2.30000000E-05,i2,Line_1_e1,-2.37057180E+04
2.30000000E-05,i1,Line_1_e10,2.31374618E+04
2.30000000E-05,i2,Line_1_e10,-2.30015599E+04
2.35000000E-05,injectedCurrent,Node_1,2.35731717E+04
2.35000000E-05,injectedCurrent,Node_2,-2.28335406E+04
2.35000000E-05,voltage,Node_1,8.95277073E+03
2.35000000E-05,voltage,Node_2,1.20341131E+04
2.35000000E-05,i1,Line_1_e1,2.35731717E+04
2.35000000E-05,i2,Line_1_e1,-2.34978348E+04
2.35000000E-05,i1,Line_1_e10,2.29368362E+04
2.35000000E-05,i2,Line_1_e10,-2.28335406E+04
2.40000000E-05,injectedCurrent,Node_1,2.33957173E+04
2.40000000E-05,injectedCurrent,Node_2,-2.26667487E+04
2.40000000E-05,voltage,Node_1,6.00444092E+03
2.40000000E-05,voltage,Node_2,1.47373487E+04
2.40000000E-05,i1,Line_1_e1,2.33957173E+04
2.40000000E-05,i2,Line_1_e1,-2.33513655E+04
2.40000000E-05,i1,Line_1_e10,2.27991082E+04
2.40000000E-05,i2,Line_1_e10,-2.26667487E+04
2.45000000E-05,injectedCurrent,Node_1,2.32193014E+04
2.45000000E-05,injectedCurrent,Node_2,-2.25011751E+04
2.45000000E-05,voltage,Node_1,8.62826614E+03
2.45000000E-05,voltage,Node_2,1.17668044E+04
2.45000000E-05,i1,Line_1_e1,2.32193014E+04
2.45000000E-05,i2,Line_1_e1,-2.31468977E+04
2.45000000E-05,i1,Line_1_e10,2.26022007E+04
2.45000000E-05,i2,Line_1_e10,-2.25011751E+04
2.50000000E-05,injectedCurrent,Node_1,2.30439178E+04
2.50000000E-05,injectedCurrent,Node_2,-2.23368110E+04
2.50000000E-05,voltage,Node_1,5.79170626E+03
2.50000000E-05,voltage,Node_2,1.43458978E+04
2.50000000E-05,i1,Line_1_e1,2.30439178E+04
2.50000000E-05,i2,Line_1_e1,-2.30013038E+04
2.50000000E-05,i1,Line_1_e10,2.24655917E+04
2.50000000E-05,i2,Line_1_e10,-2.23368110E+04
2.55000000E-05,injectedCurrent,Node_1,2.28695603E+04
2.55000000E-05,injectedCurrent,Node_2,-2.21736475E+04
2.55000000E-05,voltage,Node_1,8.29839519E+03
2.55000000E-05,voltage,Node_2,1.14841605E+04
2.55000000E-05,i1,Line_1_e1,2.28695603E+04
2.55000000E-05,i2,Line_1_e1,-2.28001232E+04
2.55000000E-05,i1,Line_1_e10,2.22722638E+04
2.55000000E-05,i2,Line_1_e10,-2.21736475E+04
2.60000000E-05,injectedCurrent,Node_1,2.26962230E+04
2.60000000E-05,injectedCurrent,Node_2,-2.20116759E+04
2.60000000E-05,voltage,Node_1,5.56461070E+03
2.60000000E-05,voltage,Node_2,1.39485815E+04
2.60000000E-05,i1,Line_1_e1,2.26962230E+04
2.60000000E-05,i2,Line_1_e1,-2.26554759E+04
2.60000000E-05,i1,Line_1_e10,2.21368388E+04
2.60000000E-05,i2,Line_1_e10,-2.20116759E+04
2.65000000E-05,injectedCurrent,Node_1,2.25239000E+04
2.65000000E-05,injectedCurrent,Node_2,-2.18508874E+04
2.65000000E-05,voltage,Node_1,7.96286086E+03
2.65000000E-05,voltage,Node_2,1.11871385E+04
2.65000000E-05,i1,Line_1_e1,2.25239000E+04
2.65000000E-05,i2,Line_1_e1,-2.24574666E+04
2.65000000E-05,i1,Line_1_e10,2.19469644E+04
2.65000000E-05,i2,Line_1_e10,-2.18508874E+04
2.70000000E-05,injectedCurrent,Node_1,2.23525853E+04
2.70000000E-05,injectedCurrent,Node_2,-2.16912735E+04
2.70000000E-05,voltage,Node_1,5.32390183E+03
2.70000000E-05,voltage,Node_2,1.35453023E+04
2.70000000E-05,i1,Line_1_e1,2.23525853E+04
2.70000000E-05,i2,Line_1_e1,-2.23138268E+04
2.70000000E-05,i1,Line_1_e10,2.18127775E+04
2.70000000E-05,i2,Line_1_e10,-2.16912735E+04
2.75000000E-05,injectedCurrent,Node_1,2.21822735E+04
2.75000000E-05,injectedCurrent,Node_2,-2.15328254E+04
2.75000000E-05,voltage,Node_1,7.62146734E+03
2.75000000E-05,voltage,Node_2,1.08766066E+04
2.75000000E-05,i1,Line_1_e1,2.21822735E+04
2.75000000E-05,i2,Line_1_e1,-2.21188840E+04
2.75000000E-05,i1,Line_1_e10,2.16262415E+04
2.75000000E-05,i2,Line_1_e10,-2.15328254E+04
2.80000000E-05,injectedCurrent,Node_1,2.20129588E+04
2.80000000E-05,injectedCurrent,Node_2,-2.13755348E+04
2.80000000E-05,voltage,Node_1,5.07027645E+03
2.80000000E-05,voltage,Node_2,1.31360286E+04
2.80000000E-05,i1,Line_1_e1,2.20129588E+04
2.80000000E-05,i2,Line_1_e1,-2.19763039E+04
2.80000000E-05,i1,Line_1_e10,2.14933380E+04
2.80000000E-05,i2,Line_1_e10,-2.13755348E+04
2.85000000E-05,injectedCurrent,Node_1,2.18446358E+04
2.85000000E-05,injectedCurrent,Node_2,-2.12193932E+04
2.85000000E-05,voltage,Node_1,7.27410314E+03
2.85000000E-05,voltage,Node_2,1.05533623E+04
2.85000000E-05,i1,Line_1_e1,2.18446358E+04
2.85000000E-05,i2,Line_1_e1,-2.17843322E+04
2.85000000E-05,i1,Line_1_e10,2.13100344E+04
2.85000000E-05,i2,Line_1_e10,-2.12193932E+04
2.90000000E-05,injectedCurrent,Node_1,2.16772991E+04
2.90000000E-05,injectedCurrent,Node_2,-2.10643921E+04
2.90000000E-05,voltage,Node_1,4.80439046E+03
2.90000000E-05,voltage,Node_2,1.27207849E+04
2.90000000E-05,i1,Line_1_e1,2.16772991E+04
2.90000000E-05,i2,Line_1_e1,-2.16428569E+04
2.90000000E-05,i1,Line_1_e10,2.11784517E+04
2.90000000E-05,i2,Line_1_e10,-2.10643921E+04
2.95000000E-05,injectedCurrent,Node_1,2.15109435E+04
2.95000000E-05,injectedCurrent,Node_2,-2.09105232E+04
2.95000000E-05,voltage,Node_1,6.92072774E+03
2.95000000E-05,voltage,Node_2,1.02181448E+04
2.95000000E-05,i1,Line_1_e1,2.15109435E+04
2.95000000E-05,i2,Line_1_e1,-2.14537689E+04
2.95000000E-05,i1,Line_1_e10,2.09982827E+04
2.95000000E-05,i2,Line_1_e10,-2.09105232E+04
3.00000000E-05,injectedCurrent,Node_1,2.13455636E+04
3.00000000E-05,injectedCurrent,Node_2,-2.07577783E+04
3.00000000E-05,voltage,Node_1,4.52686679E+03
3.00000000E-05,voltage,Node_2,1.22996436E+04
3.00000000E-05,i1,Line_1_e1,2.13455636E+04
3.00000000E-05,i2,Line_1_e1,-2.13134372E+04
3.00000000E-05,i1,Line_1_e10,2.08680519E+04
3.00000000E-05,i2,Line_1_e10,-2.07577783E+04
3.05000000E-05,injectedCurrent,Node_1,2.11811544E+04
3.05000000E-05,injectedCurrent,Node_2,-2.06061492E+04
3.05000000E-05,voltage,Node_1,6.56136082E+03
3.05000000E-05,voltage,Node_2,9.87164714E+03
3.05000000E-05,i1,Line_1_e1,2.11811544E+04
3.05000000E-05,i2,Line_1_e1,-2.11271526E+04
3.05000000E-05,i1,Line_1_e10,2.06909267E+04
3.05000000E-05,i2,Line_1_e10,-2.06061492E+04
3.10000000E-05,injectedCurrent,Node_1,2.10177110E+04
3.10000000E-05,injectedCurrent,Node_2,-2.04556277E+04
3.10000000E-05,voltage,Node_1,4.23830165E+03
3.10000000E-05,voltage,Node_2,1.18727184E+04
3.10000000E-05,i1,Line_1_e1,2.10177110E+04
3.10000000E-05,i2,Line_1_e1,-2.09879980E+04
3.10000000E-05,i1,Line_1_e10,2.05620728E+04
3.10000000E-05,i2,Line_1_e10,-2.04556277E+04
3.15000000E-05,injectedCurrent,Node_1,2.08552285E+04
3.15000000E-05,injectedCurrent,Node_2,-2.03062056E+04
3.15000000E-05,voltage,Node_1,6.19607352E+03
3.15000000E-05,voltage,Node_2,9.51452377E+03
3.15000000E-05,i1,Line_1_e1,2.08552285E+04
3.15000000E-05,i2,Line_1_e1,-2.08044432E+04
3.15000000E-05,i1,Line_1_e10,2.03879071E+04
3.15000000E-05,i2,Line_1_e10,-2.03062056E+04
3.20000000E-05,injectedCurrent,Node_1,2.06937019E+04
3.20000000E-05,injectedCurrent,Node_2,-2.01578751E+04
3.20000000E-05,voltage,Node_1,3.93926964E+03
3.20000000E-05,voltage,Node_2,1.14401593E+04
3.20000000E-05,i1,Line_1_e1,2.06937019E+04
3.20000000E-05,i2,Line_1_e1,-2.06664945E+04
3.20000000E-05,i1,Line_1_e10,2.02604505E+04
3.20000000E-05,i2,Line_1_e10,-2.01578751E+04
3.25000000E-05,injectedCurrent,Node_1,2.05331266E+04
3.25000000E-05,injectedCurrent,Node_2,-2.00106281E+04
3.25000000E-05,voltage,Node_1,5.82498130E+03
3.25000000E-05,voltage,Node_2,9.14739817E+03
3.25000000E-05,i1,Line_1_e1,2.05331266E+04
3.25000000E-05,i2,Line_1_e1,-2.04856012E+04
3.25000000E-05,i1,Line_1_e10,2.00891651E+04
3.25000000E-05,i2,Line_1_e10,-2.00106281E+04
3.30000000E-05,injectedCurrent,Node_1,2.03734980E+04
3.30000000E-05,injectedCurrent,Node_2,-1.98644566E+04
3.30000000E-05,voltage,Node_1,3.63032786E+03
3.30000000E-05,voltage,Node_2,1.10021474E+04
3.30000000E-05,i1,Line_1_e1,2.03734980E+04
3.30000000E-05,i2,Line_1_e1,-2.03488834E+04
3.30000000E-05,i1,Line_1_e10,1.99631219E+04
3.30000000E-05,i2,Line_1_e10,-1.98644566E+04
3.35000000E-05,injectedCurrent,Node_1,2.02148116E+04
3.35000000E-05,injectedCurrent,Node_2,-1.97193529E+04
3.35000000E-05,voltage,Node_1,5.44823800E+03
3.35000000E-05,voltage,Node_2,8.77086826E+03
3.35000000E-05,i1,Line_1_e1,2.02148116E+04
3.35000000E-05,i2,Line_1_e1,-2.01705885E+04
3.35000000E-05,i1,Line_1_e10,1.97946428E+04
3.35000000E-05,i2,Line_1_e10,-1.97193529E+04
3.40000000E-05,injectedCurrent,Node_1,2.00570628E+04
3.40000000E-05,injectedCurrent,Node_2,-1.95753092E+04
3.40000000E-05,voltage,Node_1,3.31201915E+03
3.40000000E-05,voltage,Node_2,1.05588918E+04
3.40000000E-05,i1,Line_1_e1,2.00570628E+04
3.40000000E-05,i2,Line_1_e1,-2.00351232E+04
3.40000000E-05,i1,Line_1_e10,1.96700255E+04
3.40000000E-05,i2,Line_1_e10,-1.95753092E+04
3.45000000E-05,injectedCurrent,Node_1,1.99002474E+04
3.45000000E-05,injectedCurrent,Node_2,-1.94323176E+04
3.45000000E-05,voltage,Node_1,5.06603089E+03
3.45000000E-05,voltage,Node_2,8.38551097E+03
3.45000000E-05,i1,Line_1_e1,1.99002474E+04
3.45000000E-05,i2,Line_1_e1,-1.98593678E+04
3.45000000E-05,i1,Line_1_e10,1.95042829E+04
3.45000000E-05,i2,Line_1_e10,-1.94323176E+04
3.50000000E-05,injectedCurrent,Node_1,1.97443610E+04
3.50000000E-05,injectedCurrent,Node_2,-1.92903705E+04
3.50000000E-05,voltage,Node_1,2.98487483E+03
3.50000000E-05,voltage,Node_2,1.01106261E+04
3.50000000E-05,i1,Line_1_e1,1.97443610E+04
3.50000000E-05,i2,Line_1_e1,-1.97251737E+04
3.50000000E-05,i1,Line_1_e10,1.93811007E+04
3.50000000E-05,i2,Line_1_e10,-1.92903705E+04
3.55000000E-05,injectedCurrent,Node_1,1.95893995E+04
3.55000000E-05,injectedCurrent,Node_2,-1.91494604E+04
3.55000000E-05,voltage,Node_1,4.67857656E+03
3.55000000E-05,voltage,Node_2,7.99188594E+03
3.55000000E-05,i1,Line_1_e1,1.95893995E+04
3.55000000E-05,i2,Line_1_e1,-1.95519033E+04
3.55000000E-05,i1,Line_1_e10,1.92180288E+04
3.55000000E-05,i2,Line_1_e10,-1.91494604E+04
3.60000000E-05,injectedCurrent,Node_1,1.94353588E+04
3.60000000E-05,injectedCurrent,Node_2,-1.90095795E+04
3.60000000E-05,voltage,Node_1,2.64941682E+03
3.60000000E-05,voltage,Node_2,9.65760535E+03
3.60000000E-05,i1,Line_1_e1,1.94353588E+04
3.60000000E-05,i2,Line_1_e1,-1.94189964E+04
3.60000000E-05,i1,Line_1_e10,1.90962881E+04
3.60000000E-05,i2,Line_1_e10,-1.90095795E+04
3.65000000E-05,injectedCurrent,Node_1,1.92822348E+04
3.65000000E-05,injectedCurrent,Node_2,-1.88707204E+04
3.65000000E-05,voltage,Node_1,4.28611733E+03
3.65000000E-05,voltage,Node_2,7.59053860E+03
3.65000000E-05,i1,Line_1_e1,1.92822348E+04
3.65000000E-05,i2,Line_1_e1,-1.92481598E+04
3.65000000E-05,i1,Line_1_e10,1.89358247E+04
3.65000000E-05,i2,Line_1_e10,-1.88707204E+04
3.70000000E-05,injectedCurrent,Node_1,1.91300235E+04
3.70000000E-05,injectedCurrent,Node_2,-1.87328756E+04
3.70000000E-05,voltage,Node_1,2.30615945E+03
3.70000000E-05,voltage,Node_2,9.20010433E+03
3.70000000E-05,i1,Line_1_e1,1.91300235E+04
3.70000000E-05,i2,Line_1_e1,-1.91165541E+04
3.70000000E-05,i1,Line_1_e10,1.88155295E+04
3.70000000E-05,i2,Line_1_e10,-1.87328756E+04
3.75000000E-05,injectedCurrent,Node_1,1.89787212E+04
3.75000000E-05,injectedCurrent,Node_2,-1.85960378E+04
3.75000000E-05,voltage,Node_1,3.88891827E+03
3.75000000E-05,voltage,Node_2,7.18200257E+03
3.75000000E-05,i1,Line_1_e1,1.89787212E+04
3.75000000E-05,i2,Line_1_e1,-1.89481036E+04
3.75000000E-05,i1,Line_1_e10,1.86576154E+04
3.75000000E-05,i2,Line_1_e10,-1.85960378E+04
3.80000000E-05,injectedCurrent,Node_1,1.88283240E+04
3.80000000E-05,injectedCurrent,Node_2,-1.84601995E+04
3.80000000E-05,voltage,Node_1,1.95561079E+03
3.80000000E-05,voltage,Node_2,8.73841499E+03
3.80000000E-05,i1,Line_1_e1,1.88283240E+04
3.80000000E-05,i2,Line_1_e1,-1.88178110E+04
3.80000000E-05,i1,Line_1_e10,1.85387676E+04
3.80000000E-05,i2,Line_1_e10,-1.84601995E+04
3.85000000E-05,injectedCurrent,Node_1,1.86788283E+04
3.85000000E-05,injectedCurrent,Node_2,-1.83253535E+04
3.85000000E-05,voltage,Node_1,3.48726457E+03
3.85000000E-05,voltage,Node_2,6.76680173E+03
3.85000000E-05,i1,Line_1_e1,1.86788283E+04
3.85000000E-05,i2,Line_1_e1,-1.86517018E+04
3.85000000E-05,i1,Line_1_e10,1.83833467E+04
3.85000000E-05,i2,Line_1_e10,-1.83253535E+04
3.90000000E-05,injectedCurrent,Node_1,1.85302303E+04
3.90000000E-05,injectedCurrent,Node_2,-1.81914924E+04
3.90000000E-05,voltage,Node_1,1.59827388E+03
3.90000000E-05,voltage,Node_2,8.27284481E+03
3.90000000E-05,i1,Line_1_e1,1.85302303E+04
3.90000000E-05,i2,Line_1_e1,-1.85227326E+04
3.90000000E-05,i1,Line_1_e10,1.82659463E+04
3.90000000E-05,i2,Line_1_e10,-1.81914924E+04
3.95000000E-05,injectedCurrent,Node_1,1.83825266E+04
3.95000000E-05,injectedCurrent,Node_2,-1.80586092E+04
3.95000000E-05,voltage,Node_1,3.08145928E+03
3.95000000E-05,voltage,Node_2,6.34545181E+03
3.95000000E-05,i1,Line_1_e1,1.83825266E+04
3.95000000E-05,i2,Line_1_e1,-1.83589227E+04
3.95000000E-05,i1,Line_1_e10,1.81129649E+04
3.95000000E-05,i2,Line_1_e10,-1.80586092E+04
4.00000000E-05,injectedCurrent,Node_1,1.82357137E+04
4.00000000E-05,injectedCurrent,Node_2,-1.79266967E+04
4.00000000E-05,voltage,Node_1,1.23464755E+03
4.00000000E-05,voltage,Node_2,7.80371521E+03
4.00000000E-05,i1,Line_1_e1,1.82357137E+04
4.00000000E-05,i2,Line_1_e1,-1.82312857E+04
4.00000000E-05,i1,Line_1_e10,1.79970102E+04
4.00000000E-05,i2,Line_1_e10,-1.79266967E+04
4.05000000E-05,injectedCurrent,Node_1,1.80897880E+04
4.05000000E-05,injectedCurrent,Node_2,-1.77957477E+04
4.05000000E-05,voltage,Node_1,2.67182134E+03
4.05000000E-05,voltage,Node_2,5.91846171E+03
4.05000000E-05,i1,Line_1_e1,1.80897880E+04
4.05000000E-05,i2,Line_1_e1,-1.80697355E+04
4.05000000E-05,i1,Line_1_e10,1.78464174E+04
4.05000000E-05,i2,Line_1_e10,-1.77957477E+04
4.10000000E-05,injectedCurrent,Node_1,1.79447464E+04
4.10000000E-05,injectedCurrent,Node_2,-1.76657553E+04
4.10000000E-05,voltage,Node_1,8.65227173E+02
4.10000000E-05,voltage,Node_2,7.33136009E+03
4.10000000E-05,i1,Line_1_e1,1.79447464E+04
4.10000000E-05,i2,Line_1_e1,-1.79434383E+04
4.10000000E-05,i1,Line_1_e10,1.77319053E+04
4.10000000E-05,i2,Line_1_e10,-1.76657553E+04
4.15000000E-05,injectedCurrent,Node_1,1.78005855E+04
4.15000000E-05,injectedCurrent,Node_2,-1.75367124E+04
4.15000000E-05,voltage,Node_1,2.25868378E+03
4.15000000E-05,voltage,Node_2,5.48633461E+03
4.15000000E-05,i1,Line_1_e1,1.78005855E+04
4.15000000E-05,i2,Line_1_e1,-1.77841106E+04
4.15000000E-05,i1,Line_1_e10,1.75836520E+04
4.15000000E-05,i2,Line_1_e10,-1.75367124E+04
4.20000000E-05,injectedCurrent,Node_1,1.76573021E+04
4.20000000E-05,injectedCurrent,Node_2,-1.74086122E+04
4.20000000E-05,voltage,Node_1,4.90505196E+02
4.20000000E-05,voltage,Node_2,6.85612454E+03
4.20000000E-05,i1,Line_1_e1,1.76573021E+04
4.20000000E-05,i2,Line_1_e1,-1.76591596E+04
4.20000000E-05,i1,Line_1_e10,1.74705782E+04
4.20000000E-05,i2,Line_1_e10,-1.74086122E+04
4.25000000E-05,injectedCurrent,Node_1,1.75148930E+04
4.25000000E-05,injectedCurrent,Node_2,-1.72814476E+04
4.25000000E-05,voltage,Node_1,1.84239214E+03
4.25000000E-05,voltage,Node_2,5.04956879E+03
4.25000000E-05,i1,Line_1_e1,1.75148930E+04
4.25000000E-05,i2,Line_1_e1,-1.75020193E+04
4.25000000E-05,i1,Line_1_e10,1.73246175E+04
4.25000000E-05,i2,Line_1_e10,-1.72814476E+04
4.30000000E-05,injectedCurrent,Node_1,1.73733553E+04
4.30000000E-05,injectedCurrent,Node_2,-1.71552120E+04
4.30000000E-05,voltage,Node_1,1.10971553E+02
4.30000000E-05,voltage,Node_2,6.37836369E+03
4.30000000E-05,i1,Line_1_e1,1.73733553E+04
4.30000000E-05,i2,Line_1_e1,-1.73784198E+04
4.30000000E-05,i1,Line_1_e10,1.72129764E+04
4.30000000E-05,i2,Line_1_e10,-1.71552120E+04
4.35000000E-05,injectedCurrent,Node_1,1.72326858E+04
4.35000000E-05,injectedCurrent,Node_2,-1.70298985E+04
4.35000000E-05,voltage,Node_1,1.42330313E+03
4.35000000E-05,voltage,Node_2,4.60865832E+03
4.35000000E-05,i1,Line_1_e1,1.72326858E+04
4.35000000E-05,i2,Line_1_e1,-1.72234336E+04
4.35000000E-05,i1,Line_1_e10,1.70692634E+04
4.35000000E-05,i2,Line_1_e10,-1.70298985E+04
4.40000000E-05,injectedCurrent,Node_1,1.70928817E+04
4.40000000E-05,injectedCurrent,Node_2,-1.69055004E+04
4.40000000E-05,voltage,Node_1,-2.72886041E+02
4.40000000E-05,voltage,Node_2,5.89844161E+03
4.40000000E-05,i1,Line_1_e1,1.70928817E+04
4.40000000E-05,i2,Line_1_e1,-1.71011904E+04
4.40000000E-05,i1,Line_1_e10,1.69590486E+04
4.40000000E-05,i2,Line_1_e10,-1.69055004E+04
4.45000000E-05,injectedCurrent,Node_1,1.69539400E+04
4.45000000E-05,injectedCurrent,Node_2,-1.67820109E+04
4.45000000E-05,voltage,Node_1,1.00178325E+03
4.45000000E-05,voltage,Node_2,4.16409356E+03
4.45000000E-05,i1,Line_1_e1,1.69539400E+04
4.45000000E-05,i2,Line_1_e1,-1.69483269E+04
4.45000000E-05,i1,Line_1_e10,1.68175400E+04
4.45000000E-05,i2,Line_1_e10,-1.67820109E+04
4.50000000E-05,injectedCurrent,Node_1,1.68158580E+04
4.50000000E-05,injectedCurrent,Node_2,-1.66594236E+04
4.50000000E-05,voltage,Node_1,-6.60581893E+02
4.50000000E-05,voltage,Node_2,5.41673034E+03
4.50000000E-05,i1,Line_1_e1,1.68158580E+04
4.50000000E-05,i2,Line_1_e1,-1.68274436E+04
4.50000000E-05,i1,Line_1_e10,1.67087441E+04
4.50000000E-05,i2,Line_1_e10,-1.66594236E+04
4.55000000E-05,injectedCurrent,Node_1,1.66786329E+04
4.55000000E-05,injectedCurrent,Node_2,-1.65377316E+04
4.55000000E-05,voltage,Node_1,5.78207720E+02
4.55000000E-05,voltage,Node_2,3.71636157E+03
4.55000000E-05,i1,Line_1_e1,1.66786329E+04
4.55000000E-05,i2,Line_1_e1,-1.66766732E+04
4.55000000E-05,i1,Line_1_e10,1.65693981E+04
4.55000000E-05,i2,Line_1_e10,-1.65377316E+04
4.60000000E-05,injectedCurrent,Node_1,1.65422619E+04
4.60000000E-05,injectedCurrent,Node_2,-1.64169286E+04
4.60000000E-05,voltage,Node_1,-1.05163221E+03
4.60000000E-05,voltage,Node_2,4.93360898E+03
4.60000000E-05,i1,Line_1_e1,1.65422619E+04
4.60000000E-05,i2,Line_1_e1,-1.65571530E+04
4.60000000E-05,i1,Line_1_e10,1.64620132E+04
4.60000000E-05,i2,Line_1_e10,-1.64169286E+04
4.65000000E-05,injectedCurrent,Node_1,1.64067424E+04
4.65000000E-05,injectedCurrent,Node_2,-1.62970081E+04
4.65000000E-05,voltage,Node_1,1.52959327E+02
4.65000000E-05,voltage,Node_2,3.26594637E+03
4.65000000E-05,i1,Line_1_e1,1.64067424E+04
4.65000000E-05,i2,Line_1_e1,-1.64084473E+04
4.65000000E-05,i1,Line_1_e10,1.63247897E+04
4.65000000E-05,i2,Line_1_e10,-1.62970081E+04
4.70000000E-05,injectedCurrent,Node_1,1.62720718E+04
4.70000000E-05,injectedCurrent,Node_2,-1.61779635E+04
4.70000000E-05,voltage,Node_1,-1.44555508E+03
4.70000000E-05,voltage,Node_2,4.44946280E+03
4.70000000E-05,i1,Line_1_e1,1.62720718E+04
4.70000000E-05,i2,Line_1_e1,-1.62902927E+04
4.70000000E-05,i1,Line_1_e10,1.62188068E+04
4.70000000E-05,i2,Line_1_e10,-1.61779635E+04
4.75000000E-05,injectedCurrent,Node_1,1.61382475E+04
4.75000000E-05,injectedCurrent,Node_2,-1.60597884E+04
4.75000000E-05,voltage,Node_1,-2.73572510E+02
4.75000000E-05,voltage,Node_2,2.81332917E+03
4.75000000E-05,i1,Line_1_e1,1.61382475E+04
4.75000000E-05,i2,Line_1_e1,-1.61436251E+04
4.75000000E-05,i1,Line_1_e10,1.60836671E+04
4.75000000E-05,i2,Line_1_e10,-1.60597884E+04
4.80000000E-05,injectedCurrent,Node_1,1.60052672E+04
4.80000000E-05,injectedCurrent,Node_2,-1.59424767E+04
4.80000000E-05,voltage,Node_1,-1.84187044E+03
4.80000000E-05,voltage,Node_2,3.96468248E+03
4.80000000E-05,i1,Line_1_e1,1.60052672E+04
4.80000000E-05,i2,Line_1_e1,-1.60268381E+04
4.80000000E-05,i1,Line_1_e10,1.59790769E+04
4.80000000E-05,i2,Line_1_e10,-1.59424767E+04
4.85000000E-05,injectedCurrent,Node_1,1.58731283E+04
4.85000000E-05,injectedCurrent,Node_2,-1.58260218E+04
4.85000000E-05,voltage,Node_1,-7.00992686E+02
4.85000000E-05,voltage,Node_2,2.35898843E+03
4.85000000E-05,i1,Line_1_e1,1.58731283E+04
4.85000000E-05,i2,Line_1_e1,-1.58821830E+04
4.85000000E-05,i1,Line_1_e10,1.58459836E+04
4.85000000E-05,i2,Line_1_e10,-1.58260218E+04
4.90000000E-05,injectedCurrent,Node_1,1.57418284E+04
4.90000000E-05,injectedCurrent,Node_2,-1.57104176E+04
4.90000000E-05,voltage,Node_1,-2.24010020E+03
4.90000000E-05,voltage,Node_2,3.47966330E+03
4.90000000E-05,i1,Line_1_e1,1.57418284E+04
4.90000000E-05,i2,Line_1_e1,-1.57667653E+04
4.90000000E-05,i1,Line_1_e10,1.57427762E+04
4.90000000E-05,i2,Line_1_e10,-1.57104176E+04
4.95000000E-05,injectedCurrent,Node_1,1.56113652E+04
4.95000000E-05,injectedCurrent,Node_2,-1.55956579E+04
4.95000000E-05,voltage,Node_1,-1.12890127E+03
4.95000000E-05,voltage,Node_2,1.90339997E+03
4.95000000E-05,i1,Line_1_e1,1.56113652E+04
4.95000000E-05,i2,Line_1_e1,-1.56240985E+04
4.95000000E-05,i1,Line_1_e10,1.56116929E+04
4.95000000E-05,i2,Line_1_e10,-1.55956579E+04
5.00000000E-05,injectedCurrent,Node_1,1.54817365E+04
5.00000000E-05,injectedCurrent,Node_2,-1.54817365E+04
5.00000000E-05,voltage,Node_1,-2.63976830E+03
5.00000000E-05,voltage,Node_2,2.99480446E+03
5.00000000E-05,i1,Line_1_e1,1.54817365E+04
5.00000000E-05,i2,Line_1_e1,-1.55100511E+04
5.00000000E-05,i1,Line_1_e10,1.55098581E+04
5.00000000E-05,i2,Line_1_e10,-1.54817365E+04
5.05000000E-05,injectedCurrent,Node_1,1.53529398E+04
5.05000000E-05,injectedCurrent,Node_2,-1.53686472E+04
5.05000000E-05,voltage,Node_1,-1.55689430E+03
5.05000000E-05,voltage,Node_2,1.44703688E+03
5.05000000E-05,i1,Line_1_e1,1.53529398E+04
5.05000000E-05,i2,Line_1_e1,-1.53693496E+04
5.05000000E-05,i1,Line_1_e10,1.53807498E+04
5.05000000E-05,i2,Line_1_e10,-1.53686472E+04
5.10000000E-05,injectedCurrent,Node_1,1.52249732E+04
5.10000000E-05,injectedCurrent,Node_2,-1.52563840E+04
5.10000000E-05,voltage,Node_1,-3.04040090E+03
5.10000000E-05,voltage,Node_2,2.51050838E+03
5.10000000E-05,i1,Line_1_e1,1.52249732E+04
5.10000000E-05,i2,Line_1_e1,-1.52566733E+04
5.10000000E-05,i1,Line_1_e10,1.52802768E+04
5.10000000E-05,i2,Line_1_e10,-1.52563840E+04
5.15000000E-05,injectedCurrent,Node_1,1.50978344E+04
5.15000000E-05,injectedCurrent,Node_2,-1.51449408E+04
5.15000000E-05,voltage,Node_1,-1.98456458E+03
5.15000000E-05,voltage,Node_2,9.90369508E+02
5.15000000E-05,i1,Line_1_e1,1.50978344E+04
5.15000000E-05,i2,Line_1_e1,-1.51179151E+04
5.15000000E-05,i1,Line_1_e10,1.51531095E+04
5.15000000E-05,i2,Line_1_e10,-1.51449408E+04
5.20000000E-05,injectedCurrent,Node_1,1.49715212E+04
5.20000000E-05,injectedCurrent,Node_2,-1.50343117E+04
5.20000000E-05,voltage,Node_1,-3.44152656E+03
5.20000000E-05,voltage,Node_2,2.02718001E+03
5.20000000E-05,i1,Line_1_e1,1.49715212E+04
5.20000000E-05,i2,Line_1_e1,-1.50066103E+04
5.20000000E-05,i1,Line_1_e10,1.50539872E+04
5.20000000E-05,i2,Line_1_e10,-1.50343117E+04
5.25000000E-05,injectedCurrent,Node_1,1.48460316E+04
5.25000000E-05,injectedCurrent,Node_2,-1.49244907E+04
5.25000000E-05,voltage,Node_1,-2.41150239E+03
5.25000000E-05,voltage,Node_2,5.33865327E+02
5.25000000E-05,i1,Line_1_e1,1.48460316E+04
5.25000000E-05,i2,Line_1_e1,-1.48697744E+04
5.25000000E-05,i1,Line_1_e10,1.49287281E+04
5.25000000E-05,i2,Line_1_e10,-1.49244907E+04
5.30000000E-05,injectedCurrent,Node_1,1.47213636E+04
5.30000000E-05,injectedCurrent,Node_2,-1.48154719E+04
5.30000000E-05,voltage,Node_1,-3.84267643E+03
5.30000000E-05,voltage,Node_2,1.54522623E+03
5.30000000E-05,i1,Line_1_e1,1.47213636E+04
5.30000000E-05,i2,Line_1_e1,-1.47598413E+04
5.30000000E-05,i1,Line_1_e10,1.48309452E+04
5.30000000E-05,i2,Line_1_e10,-1.48154719E+04
5.35000000E-05,injectedCurrent,Node_1,1.45975152E+04
5.35000000E-05,injectedCurrent,Node_2,-1.47072495E+04
5.35000000E-05,voltage,Node_1,-2.83729616E+03
5.35000000E-05,voltage,Node_2,7.79888079E+01
5.35000000E-05,i1,Line_1_e1,1.45975152E+04
5.35000000E-05,i2,Line_1_e1,-1.46249076E+04
5.35000000E-05,i1,Line_1_e10,1.47075620E+04
5.35000000E-05,i2,Line_1_e10,-1.47072495E+04
5.40000000E-05,injectedCurrent,Node_1,1.44744844E+04
5.40000000E-05,injectedCurrent,Node_2,-1.45998176E+04
5.40000000E-05,voltage,Node_1,-4.24338447E+03
5.40000000E-05,voltage,Node_2,1.06505524E+03
5.40000000E-05,i1,Line_1_e1,1.44744844E+04
5.40000000E-05,i2,Line_1_e1,-1.45163460E+04
5.40000000E-05,i1,Line_1_e10,1.46111069E+04
5.40000000E-05,i2,Line_1_e10,-1.45998176E+04
5.45000000E-05,injectedCurrent,Node_1,1.43522692E+04
5.45000000E-05,injectedCurrent,Node_2,-1.44931705E+04
5.45000000E-05,voltage,Node_1,-3.26153317E+03
5.45000000E-05,voltage,Node_2,-3.76798769E+02
5.45000000E-05,i1,Line_1_e1,1.43522692E+04
5.45000000E-05,i2,Line_1_e1,-1.43832953E+04
5.45000000E-05,i1,Line_1_e10,1.44895686E+04
5.45000000E-05,i2,Line_1_e10,-1.44931705E+04
5.50000000E-05,injectedCurrent,Node_1,1.42308679E+04
5.50000000E-05,injectedCurrent,Node_2,-1.43873023E+04
5.50000000E-05,voltage,Node_1,-4.64318777E+03
5.50000000E-05,voltage,Node_2,5.87075918E+02
5.50000000E-05,i1,Line_1_e1,1.42308679E+04
5.50000000E-05,i2,Line_1_e1,-1.42761050E+04
5.50000000E-05,i1,Line_1_e10,1.43944295E+04
5.50000000E-05,i2,Line_1_e10,-1.43873023E+04
5.55000000E-05,injectedCurrent,Node_1,1.41102785E+04
5.55000000E-05,injectedCurrent,Node_2,-1.42822076E+04
5.55000000E-05,voltage,Node_1,-3.68380017E+03
5.55000000E-05,voltage,Node_2,-8.30039513E+02
5.55000000E-05,i1,Line_1_e1,1.41102785E+04
5.55000000E-05,i2,Line_1_e1,-1.41449188E+04
5.55000000E-05,i1,Line_1_e10,1.42747060E+04
5.55000000E-05,i2,Line_1_e10,-1.42822076E+04
5.60000000E-05,injectedCurrent,Node_1,1.39904991E+04
5.60000000E-05,injectedCurrent,Node_2,-1.41778805E+04
5.60000000E-05,voltage,Node_1,-5.04162674E+03
5.60000000E-05,voltage,Node_2,1.11697316E+02
5.60000000E-05,i1,Line_1_e1,1.39904991E+04
5.60000000E-05,i2,Line_1_e1,-1.40390992E+04
5.60000000E-05,i1,Line_1_e10,1.41808708E+04
5.60000000E-05,i2,Line_1_e10,-1.41778805E+04
5.65000000E-05,injectedCurrent,Node_1,1.38715281E+04
5.65000000E-05,injectedCurrent,Node_2,-1.40743154E+04
5.65000000E-05,voltage,Node_1,-4.10368399E+03
5.65000000E-05,voltage,Node_2,-1.28127915E+03
5.65000000E-05,i1,Line_1_e1,1.38715281E+04
5.65000000E-05,i2,Line_1_e1,-1.39097599E+04
5.65000000E-05,i1,Line_1_e10,1.40629325E+04
5.65000000E-05,i2,Line_1_e10,-1.40743154E+04
5.70000000E-05,injectedCurrent,Node_1,1.37533637E+04
5.70000000E-05,injectedCurrent,Node_2,-1.39715069E+04
5.70000000E-05,voltage,Node_1,-5.43824547E+03
5.70000000E-05,voltage,Node_2,-3.60671951E+02
5.70000000E-05,i1,Line_1_e1,1.37533637E+04
5.70000000E-05,i2,Line_1_e1,-1.38053101E+04
5.70000000E-05,i1,Line_1_e10,1.39703892E+04
5.70000000E-05,i2,Line_1_e10,-1.39715069E+04
5.75000000E-05,injectedCurrent,Node_1,1.36360040E+04
5.75000000E-05,injectedCurrent,Node_2,-1.38694494E+04
5.75000000E-05,voltage,Node_1,-4.52077214E+03
5.75000000E-05,voltage,Node_2,-1.73006726E+03
5.75000000E-05,i1,Line_1_e1,1.36360040E+04
5.75000000E-05,i2,Line_1_e1,-1.36778009E+04
5.75000000E-05,i1,Line_1_e10,1.38542075E+04
5.75000000E-05,i2,Line_1_e10,-1.38694494E+04
5.80000000E-05,injectedCurrent,Node_1,1.35194475E+04
5.80000000E-05,injectedCurrent,Node_2,-1.37681374E+04
5.80000000E-05,voltage,Node_1,-5.83259196E+03
5.80000000E-05,voltage,Node_2,-8.29624225E+02
5.80000000E-05,i1,Line_1_e1,1.35194475E+04
5.80000000E-05,i2,Line_1_e1,-1.35747200E+04
5.80000000E-05,i1,Line_1_e10,1.37629438E+04
5.80000000E-05,i2,Line_1_e10,-1.37681374E+04
5.85000000E-05,injectedCurrent,Node_1,1.34036923E+04
5.85000000E-05,injectedCurrent,Node_2,-1.36675654E+04
5.85000000E-05,voltage,Node_1,-4.93465337E+03
5.85000000E-05,voltage,Node_2,-2.17595757E+03
5.85000000E-05,i1,Line_1_e1,1.34036923E+04
5.85000000E-05,i2,Line_1_e1,-1.34490244E+04
5.85000000E-05,i1,Line_1_e10,1.36484907E+04
5.85000000E-05,i2,Line_1_e10,-1.36675654E+04
5.90000000E-05,injectedCurrent,Node_1,1.32887370E+04
5.90000000E-05,injectedCurrent,Node_2,-1.35677281E+04
5.90000000E-05,voltage,Node_1,-6.22421849E+03
5.90000000E-05,voltage,Node_2,-1.29475334E+03
5.90000000E-05,i1,Line_1_e1,1.32887370E+04
5.90000000E-05,i2,Line_1_e1,-1.33473113E+04
5.90000000E-05,i1,Line_1_e10,1.35584942E+04
5.90000000E-05,i2,Line_1_e10,-1.35677281E+04
5.95000000E-05,injectedCurrent,Node_1,1.31745797E+04
5.95000000E-05,injectedCurrent,Node_2,-1.34686200E+04
5.95000000E-05,voltage,Node_1,-5.34491824E+03
5.95000000E-05,voltage,Node_2,-2.61850819E+03
5.95000000E-05,i1,Line_1_e1,1.31745797E+04
5.95000000E-05,i2,Line_1_e1,-1.32234136E+04
5.95000000E-05,i1,Line_1_e10,1.34457426E+04
5.95000000E-05,i2,Line_1_e10,-1.34686200E+04
6.00000000E-05,injectedCurrent,Node_1,1.30612189E+04
6.00000000E-05,injectedCurrent,Node_2,-1.33702359E+04
6.00000000E-05,voltage,Node_1,-6.61268190E+03
6.00000000E-05,voltage,Node_2,-1.75565512E+03
6.00000000E-05,i1,Line_1_e1,1.30612189E+04
6.00000000E-05,i2,Line_1_e1,-1.31230669E+04
6.00000000E-05,i1,Line_1_e10,1.33570008E+04
6.00000000E-05,i2,Line_1_e10,-1.33702359E+04
6.05000000E-05,injectedCurrent,Node_1,1.29486531E+04
6.05000000E-05,injectedCurrent,Node_2,-1.32725705E+04
6.05000000E-05,voltage,Node_1,-5.75115965E+03
6.05000000E-05,voltage,Node_2,-3.05728192E+03
6.05000000E-05,i1,Line_1_e1,1.29486531E+04
6.05000000E-05,i2,Line_1_e1,-1.30009521E+04
6.05000000E-05,i1,Line_1_e10,1.32459241E+04
6.05000000E-05,i2,Line_1_e10,-1.32725705E+04
6.10000000E-05,injectedCurrent,Node_1,1.28368805E+04
6.10000000E-05,injectedCurrent,Node_2,-1.31756185E+04
6.10000000E-05,voltage,Node_1,-6.99754394E+03
6.10000000E-05,voltage,Node_2,-2.21192792E+03
6.10000000E-05,i1,Line_1_e1,1.28368805E+04
6.10000000E-05,i2,Line_1_e1,-1.29019704E+04
6.10000000E-05,i1,Line_1_e10,1.31584246E+04
6.10000000E-05,i2,Line_1_e10,-1.31756185E+04
6.15000000E-05,injectedCurrent,Node_1,1.27258998E+04
6.15000000E-05,injectedCurrent,Node_2,-1.30793747E+04
6.15000000E-05,voltage,Node_1,-6.15297335E+03
6.15000000E-05,voltage,Node_2,-3.49184656E+03
6.15000000E-05,i1,Line_1_e1,1.27258998E+04
6.15000000E-05,i2,Line_1_e1,-1.27816238E+04
6.15000000E-05,i1,Line_1_e10,1.30489969E+04
6.15000000E-05,i2,Line_1_e10,-1.30793747E+04
6.20000000E-05,injectedCurrent,Node_1,1.26157093E+04
6.20000000E-05,injectedCurrent,Node_2,-1.29838339E+04
6.20000000E-05,voltage,Node_1,-7.37837157E+03
6.20000000E-05,voltage,Node_2,-2.66317308E+03
6.20000000E-05,i1,Line_1_e1,1.26157093E+04
6.20000000E-05,i2,Line_1_e1,-1.26840055E+04
6.20000000E-05,i1,Line_1_e10,1.29627270E+04
6.20000000E-05,i2,Line_1_e10,-1.29838339E+04
6.25000000E-05,injectedCurrent,Node_1,1.25063076E+04
6.25000000E-05,injectedCurrent,Node_2,-1.28889910E+04
6.25000000E-05,voltage,Node_1,-6.54995847E+03
6.25000000E-05,voltage,Node_2,-3.92177522E+03
6.25000000E-05,i1,Line_1_e1,1.25063076E+04
6.25000000E-05,i2,Line_1_e1,-1.25654129E+04
6.25000000E-05,i1,Line_1_e10,1.28549230E+04
6.25000000E-05,i2,Line_1_e10,-1.28889910E+04
6.30000000E-05,injectedCurrent,Node_1,1.23976930E+04
6.30000000E-05,injectedCurrent,Node_2,-1.27948409E+04
6.30000000E-05,voltage,Node_1,-7.75473730E+03
6.30000000E-05,voltage,Node_2,-3.10899543E+03
6.30000000E-05,i1,Line_1_e1,1.23976930E+04
6.30000000E-05,i2,Line_1_e1,-1.24691562E+04
6.30000000E-05,i1,Line_1_e10,1.27698701E+04
6.30000000E-05,i2,Line_1_e10,-1.27948409E+04
6.35000000E-05,injectedCurrent,Node_1,1.22898642E+04
6.35000000E-05,injectedCurrent,Node_2,-1.27013786E+04
6.35000000E-05,voltage,Node_1,-6.94171800E+03
6.35000000E-05,voltage,Node_2,-4.34664659E+03
6.35000000E-05,i1,Line_1_e1,1.22898642E+04
6.35000000E-05,i2,Line_1_e1,-1.23523040E+04
6.35000000E-05,i1,Line_1_e10,1.26636651E+04
6.35000000E-05,i2,Line_1_e10,-1.27013786E+04
6.40000000E-05,injectedCurrent,Node_1,1.21828196E+04
6.40000000E-05,injectedCurrent,Node_2,-1.26085989E+04
6.40000000E-05,voltage,Node_1,-8.12621955E+03
6.40000000E-05,voltage,Node_2,-3.54900374E+03
6.40000000E-05,i1,Line_1_e1,1.21828196E+04
6.40000000E-05,i2,Line_1_e1,-1.22574069E+04
6.40000000E-05,i1,Line_1_e10,1.25798167E+04
6.40000000E-05,i2,Line_1_e10,-1.26085989E+04
6.45000000E-05,injectedCurrent,Node_1,1.20765579E+04
6.45000000E-05,injectedCurrent,Node_2,-1.25164970E+04
6.45000000E-05,voltage,Node_1,-7.32785928E+03
6.45000000E-05,voltage,Node_2,-4.76604530E+03
6.45000000E-05,i1,Line_1_e1,1.20765579E+04
6.45000000E-05,i2,Line_1_e1,-1.21422818E+04
6.45000000E-05,i1,Line_1_e10,1.24751865E+04
6.45000000E-05,i2,Line_1_e10,-1.25164970E+04
6.50000000E-05,injectedCurrent,Node_1,1.19710774E+04
6.50000000E-05,injectedCurrent,Node_2,-1.24250679E+04
6.50000000E-05,voltage,Node_1,-8.49240296E+03
6.50000000E-05,voltage,Node_2,-3.98281120E+03
6.50000000E-05,i1,Line_1_e1,1.19710774E+04
6.50000000E-05,i2,Line_1_e1,-1.20487423E+04
6.50000000E-05,i1,Line_1_e10,1.23925299E+04
6.50000000E-05,i2,Line_1_e10,-1.24250679E+04
6.55000000E-05,injectedCurrent,Node_1,1.18663768E+04
6.55000000E-05,injectedCurrent,Node_2,-1.23343066E+04
6.55000000E-05,voltage,Node_1,-7.70799445E+03
6.55000000E-05,voltage,Node_2,-5.17956224E+03
6.55000000E-05,i1,Line_1_e1,1.18663768E+04
6.55000000E-05,i2,Line_1_e1,-1.19353314E+04
6.55000000E-05,i1,Line_1_e10,1.22894510E+04
6.55000000E-05,i2,Line_1_e10,-1.23343066E+04
6.60000000E-05,injectedCurrent,Node_1,1.17624547E+04
6.60000000E-05,injectedCurrent,Node_2,-1.22442083E+04
6.60000000E-05,voltage,Node_1,-8.85287874E+03
6.60000000E-05,voltage,Node_2,-4.41003585E+03
6.60000000E-05,i1,Line_1_e1,1.17624547E+04
6.60000000E-05,i2,Line_1_e1,-1.18431473E+04
6.60000000E-05,i1,Line_1_e10,1.22079736E+04
6.60000000E-05,i2,Line_1_e10,-1.22442083E+04
6.65000000E-05,injectedCurrent,Node_1,1.16593095E+04
6.65000000E-05,injectedCurrent,Node_2,-1.21547682E+04
6.65000000E-05,voltage,Node_1,-8.08174094E+03
6.65000000E-05,voltage,Node_2,-5.58679485E+03
6.65000000E-05,i1,Line_1_e1,1.16593095E+04
6.65000000E-05,i2,Line_1_e1,-1.17314380E+04
6.65000000E-05,i1,Line_1_e10,1.21064228E+04
6.65000000E-05,i2,Line_1_e10,-1.21547682E+04
6.70000000E-05,injectedCurrent,Node_1,1.15569400E+04
6.70000000E-05,injectedCurrent,Node_2,-1.20659814E+04
6.70000000E-05,voltage,Node_1,-9.20724500E+03
6.70000000E-05,voltage,Node_2,-4.83030104E+03
6.70000000E-05,i1,Line_1_e1,1.15569400E+04
6.70000000E-05,i2,Line_1_e1,-1.16406068E+04
6.70000000E-05,i1,Line_1_e10,1.20261119E+04
6.70000000E-05,i2,Line_1_e10,-1.20659814E+04
6.75000000E-05,injectedCurrent,Node_1,1.14553445E+04
6.75000000E-05,injectedCurrent,Node_2,-1.19778431E+04
6.75000000E-05,voltage,Node_1,-8.44872186E+03
6.75000000E-05,voltage,Node_2,-5.98734748E+03
6.75000000E-05,i1,Line_1_e1,1.14553445E+04
6.75000000E-05,i2,Line_1_e1,-1.15305869E+04
6.75000000E-05,i1,Line_1_e10,1.19260667E+04
6.75000000E-05,i2,Line_1_e10,-1.19778431E+04
6.80000000E-05,injectedCurrent,Node_1,1.13545219E+04
6.80000000E-05,injectedCurrent,Node_2,-1.18903487E+04
6.80000000E-05,voltage,Node_1,-9.55510708E+03
6.80000000E-05,voltage,Node_2,-5.24323583E+03
6.80000000E-05,i1,Line_1_e1,1.13545219E+04
6.80000000E-05,i2,Line_1_e1,-1.14411062E+04
6.80000000E-05,i1,Line_1_e10,1.18469099E+04
6.80000000E-05,i2,Line_1_e10,-1.18903487E+04
6.85000000E-05,injectedCurrent,Node_1,1.12544706E+04
6.85000000E-05,injectedCurrent,Node_2,-1.18034934E+04
6.85000000E-05,voltage,Node_1,-8.80856650E+03
6.85000000E-05,voltage,Node_2,-6.38083168E+03
6.85000000E-05,i1,Line_1_e1,1.12544706E+04
6.85000000E-05,i2,Line_1_e1,-1.13327637E+04
6.85000000E-05,i1,Line_1_e10,1.17483479E+04
6.85000000E-05,i2,Line_1_e10,-1.18034934E+04
6.90000000E-05,injectedCurrent,Node_1,1.11551891E+04
6.90000000E-05,injectedCurrent,Node_2,-1.17172725E+04
6.90000000E-05,voltage,Node_1,-9.89607789E+03
6.90000000E-05,voltage,Node_2,-5.64847545E+03
6.90000000E-05,i1,Line_1_e1,1.11551891E+04
6.90000000E-05,i2,Line_1_e1,-1.12446308E+04
6.90000000E-05,i1,Line_1_e10,1.16703326E+04
6.90000000E-05,i2,Line_1_e10,-1.17172725E+04
6.95000000E-05,injectedCurrent,Node_1,1.10566762E+04
6.95000000E-05,injectedCurrent,Node_2,-1.16316815E+04
6.95000000E-05,voltage,Node_1,-9.16091070E+03
6.95000000E-05,voltage,Node_2,-6.76686656E+03
6.95000000E-05,i1,Line_1_e1,1.10566762E+04
6.95000000E-05,i2,Line_1_e1,-1.11379539E+04
6.95000000E-05,i1,Line_1_e10,1.15732324E+04
6.95000000E-05,i2,Line_1_e10,-1.16316815E+04
7.00000000E-05,injectedCurrent,Node_1,1.09589304E+04
7.00000000E-05,injectedCurrent,Node_2,-1.15467156E+04
7.00000000E-05,voltage,Node_1,-1.02297783E+04
7.00000000E-05,voltage,Node_2,-6.04566167E+03
7.00000000E-05,i1,Line_1_e1,1.09589304E+04
7.00000000E-05,i2,Line_1_e1,-1.10511660E+04
7.00000000E-05,i1,Line_1_e10,1.14963461E+04
7.00000000E-05,i2,Line_1_e10,-1.15467156E+04
7.05000000E-05,injectedCurrent,Node_1,1.08619502E+04
7.05000000E-05,injectedCurrent,Node_2,-1.14623705E+04
7.05000000E-05,voltage,Node_1,-9.50539728E+03
7.05000000E-05,voltage,Node_2,-7.14507907E+03
7.05000000E-05,i1,Line_1_e1,1.08619502E+04
7.05000000E-05,i2,Line_1_e1,-1.09461433E+04
7.05000000E-05,i1,Line_1_e10,1.14006862E+04
7.05000000E-05,i2,Line_1_e10,-1.14623705E+04
7.10000000E-05,injectedCurrent,Node_1,1.07657343E+04
7.10000000E-05,injectedCurrent,Node_2,-1.13786414E+04
7.10000000E-05,voltage,Node_1,-1.05558372E+04
7.10000000E-05,voltage,Node_2,-6.43444322E+03
7.10000000E-05,i1,Line_1_e1,1.07657343E+04
7.10000000E-05,i2,Line_1_e1,-1.08606974E+04
7.10000000E-05,i1,Line_1_e10,1.13249165E+04
7.10000000E-05,i2,Line_1_e10,-1.13786414E+04
7.15000000E-05,injectedCurrent,Node_1,1.06702813E+04
7.15000000E-05,injectedCurrent,Node_2,-1.12955239E+04
7.15000000E-05,voltage,Node_1,-9.84167642E+03
7.15000000E-05,voltage,Node_2,-7.51510433E+03
7.15000000E-05,i1,Line_1_e1,1.06702813E+04
7.15000000E-05,i2,Line_1_e1,-1.07573176E+04
7.15000000E-05,i1,Line_1_e10,1.12306763E+04
7.15000000E-05,i2,Line_1_e10,-1.12955239E+04
7.20000000E-05,injectedCurrent,Node_1,1.05755896E+04
7.20000000E-05,injectedCurrent,Node_2,-1.12130136E+04
7.20000000E-05,voltage,Node_1,-1.08738923E+04
7.20000000E-05,voltage,Node_2,-6.81447617E+03
7.20000000E-05,i1,Line_1_e1,1.05755896E+04
7.20000000E-05,i2,Line_1_e1,-1.06732105E+04
7.20000000E-05,i1,Line_1_e10,1.11560106E+04
7.20000000E-05,i2,Line_1_e10,-1.12130136E+04
7.25000000E-05,injectedCurrent,Node_1,1.04816580E+04
7.25000000E-05,injectedCurrent,Node_2,-1.11311060E+04
7.25000000E-05,voltage,Node_1,-1.01694061E+04
7.25000000E-05,voltage,Node_2,-7.87658598E+03
7.25000000E-05,i1,Line_1_e1,1.04816580E+04
7.25000000E-05,i2,Line_1_e1,-1.05714624E+04
7.25000000E-05,i1,Line_1_e10,1.10631696E+04
7.25000000E-05,i2,Line_1_e10,-1.11311060E+04
7.30000000E-05,injectedCurrent,Node_1,1.03884849E+04
7.30000000E-05,injectedCurrent,Node_2,-1.10497968E+04
7.30000000E-05,voltage,Node_1,-1.11835899E+04
7.30000000E-05,voltage,Node_2,-7.18542432E+03
7.30000000E-05,i1,Line_1_e1,1.03884849E+04
7.30000000E-05,i2,Line_1_e1,-1.04886909E+04
7.30000000E-05,i1,Line_1_e10,1.09895957E+04
7.30000000E-05,i2,Line_1_e10,-1.10497968E+04
7.35000000E-05,injectedCurrent,Node_1,1.02960689E+04
7.35000000E-05,injectedCurrent,Node_2,-1.09690814E+04
7.35000000E-05,voltage,Node_1,-1.04882524E+04
7.35000000E-05,voltage,Node_2,-8.22917642E+03
7.35000000E-05,i1,Line_1_e1,1.02960689E+04
7.35000000E-05,i2,Line_1_e1,-1.03885636E+04
7.35000000E-05,i1,Line_1_e10,1.08981338E+04
7.35000000E-05,i2,Line_1_e10,-1.09690814E+04
7.40000000E-05,injectedCurrent,Node_1,1.02044086E+04
7.40000000E-05,injectedCurrent,Node_2,-1.08889557E+04
7.40000000E-05,voltage,Node_1,-1.14845858E+04
7.40000000E-05,voltage,Node_2,-7.54695957E+03
7.40000000E-05,i1,Line_1_e1,1.02044086E+04
7.40000000E-05,i2,Line_1_e1,-1.03071241E+04
7.40000000E-05,i1,Line_1_e10,1.08256395E+04
7.40000000E-05,i2,Line_1_e10,-1.08889557E+04
7.45000000E-05,injectedCurrent,Node_1,1.01135024E+04
7.45000000E-05,injectedCurrent,Node_2,-1.08094152E+04
7.45000000E-05,voltage,Node_1,-1.07978899E+04
7.45000000E-05,voltage,Node_2,-8.57253718E+03
7.45000000E-05,i1,Line_1_e1,1.01135024E+04
7.45000000E-05,i2,Line_1_e1,-1.02086068E+04
7.45000000E-05,i1,Line_1_e10,1.07355370E+04
7.45000000E-05,i2,Line_1_e10,-1.08094152E+04
7.50000000E-05,injectedCurrent,Node_1,1.00233490E+04
7.50000000E-05,injectedCurrent,Node_2,-1.07304558E+04
7.50000000E-05,voltage,Node_1,-1.17765448E+04
7.50000000E-05,voltage,Node_2,-7.89876224E+03
7.50000000E-05,i1,Line_1_e1,1.00233490E+04
7.50000000E-05,i2,Line_1_e1,-1.01284956E+04
7.50000000E-05,i1,Line_1_e10,1.06641099E+04
7.50000000E-05,i2,Line_1_e10,-1.07304558E+04
7.55000000E-05,injectedCurrent,Node_1,9.93394686E+03
7.55000000E-05,injectedCurrent,Node_2,-1.06520732E+04
7.55000000E-05,voltage,Node_1,-1.10980021E+04
7.55000000E-05,voltage,Node_2,-8.90633917E+03
7.55000000E-05,i1,Line_1_e1,9.93394686E+03
7.55000000E-05,i2,Line_1_e1,-1.00315777E+04
7.55000000E-05,i1,Line_1_e10,1.05753476E+04
7.55000000E-05,i2,Line_1_e10,-1.06520732E+04
7.60000000E-05,injectedCurrent,Node_1,9.84529444E+03
7.60000000E-05,injectedCurrent,Node_2,-1.05742631E+04
7.60000000E-05,voltage,Node_1,-1.20591420E+04
7.60000000E-05,voltage,Node_2,-8.24052149E+03
7.60000000E-05,i1,Line_1_e1,9.84529444E+03
7.60000000E-05,i2,Line_1_e1,-9.95279089E+03
7.60000000E-05,i1,Line_1_e10,1.05049757E+04
7.60000000E-05,i2,Line_1_e10,-1.05742631E+04
7.65000000E-05,injectedCurrent,Node_1,9.75739025E+03
7.65000000E-05,injectedCurrent,Node_2,-1.04970213E+04
7.65000000E-05,voltage,Node_1,-1.13882816E+04
7.65000000E-05,voltage,Node_2,-9.23026300E+03
7.65000000E-05,i1,Line_1_e1,9.75739025E+03
7.65000000E-05,i2,Line_1_e1,-9.85746158E+03
7.65000000E-05,i1,Line_1_e10,1.04175346E+04
7.65000000E-05,i2,Line_1_e10,-1.04970213E+04
7.70000000E-05,injectedCurrent,Node_1,9.67023279E+03
7.70000000E-05,injectedCurrent,Node_2,-1.04203439E+04
7.70000000E-05,voltage,Node_1,-1.23320620E+04
7.70000000E-05,voltage,Node_2,-8.57193559E+03
7.70000000E-05,i1,Line_1_e1,9.67023279E+03
7.70000000E-05,i2,Line_1_e1,-9.77999523E+03
7.70000000E-05,i1,Line_1_e10,1.03482057E+04
7.70000000E-05,i2,Line_1_e10,-1.04203439E+04
7.75000000E-05,injectedCurrent,Node_1,9.58382051E+03
7.75000000E-05,injectedCurrent,Node_2,-1.03442265E+04
7.75000000E-05,voltage,Node_1,-1.16684307E+04
7.75000000E-05,voltage,Node_2,-9.54399924E+03
7.75000000E-05,i1,Line_1_e1,9.58382051E+03
7.75000000E-05,i2,Line_1_e1,-9.68624399E+03
7.75000000E-05,i1,Line_1_e10,1.02620672E+04
7.75000000E-05,i2,Line_1_e10,-1.03442265E+04
7.80000000E-05,injectedCurrent,Node_1,9.49815187E+03
7.80000000E-05,injectedCurrent,Node_2,-1.02686651E+04
7.80000000E-05,voltage,Node_1,-1.25950002E+04
7.80000000E-05,voltage,Node_2,-8.89271226E+03
7.80000000E-05,i1,Line_1_e1,9.49815187E+03
7.80000000E-05,i2,Line_1_e1,-9.61009380E+03
7.80000000E-05,i1,Line_1_e10,1.01937693E+04
7.80000000E-05,i2,Line_1_e10,-1.02686651E+04
7.85000000E-05,injectedCurrent,Node_1,9.41322529E+03
7.85000000E-05,injectedCurrent,Node_2,-1.01936557E+04
7.85000000E-05,voltage,Node_1,-1.19381613E+04
7.85000000E-05,voltage,Node_2,-9.84724874E+03
7.85000000E-05,i1,Line_1_e1,9.41322529E+03
7.85000000E-05,i2,Line_1_e1,-9.51791011E+03
7.85000000E-05,i1,Line_1_e10,1.01089151E+04
7.85000000E-05,i2,Line_1_e10,-1.01936557E+04
7.90000000E-05,injectedCurrent,Node_1,9.32903918E+03
7.90000000E-05,injectedCurrent,Node_2,-1.01191942E+04
7.90000000E-05,voltage,Node_1,-1.28476624E+04
7.90000000E-05,voltage,Node_2,-9.20256903E+03
7.90000000E-05,i1,Line_1_e1,9.32903918E+03
7.90000000E-05,i2,Line_1_e1,-9.44307163E+03
7.90000000E-05,i1,Line_1_e10,1.00416362E+04
7.90000000E-05,i2,Line_1_e10,-1.01191942E+04
7.95000000E-05,injectedCurrent,Node_1,9.24559196E+03
7.95000000E-05,injectedCurrent,Node_2,-1.00452766E+04
7.95000000E-05,voltage,Node_1,-1.21971956E+04
7.95000000E-05,voltage,Node_2,-1.01397228E+04
7.95000000E-05,i1,Line_1_e1,9.24559196E+03
7.95000000E-05,i2,Line_1_e1,-9.35244500E+03
7.95000000E-05,i1,Line_1_e10,9.95804840E+03
7.95000000E-05,i2,Line_1_e10,-1.00452766E+04
8.00000000E-05,injectedCurrent,Node_1,9.16288199E+03
8.00000000E-05,injectedCurrent,Node_2,-9.97189899E+03
8.00000000E-05,voltage,Node_1,-1.30897652E+04
8.00000000E-05,voltage,Node_2,-9.50123348E+03
8.00000000E-05,i1,Line_1_e1,9.16288199E+03
8.00000000E-05,i2,Line_1_e1,-9.27891357E+03
8.00000000E-05,i1,Line_1_e10,9.89177670E+03
8.00000000E-05,i2,Line_1_e10,-9.97189899E+03
8.05000000E-05,injectedCurrent,Node_1,9.08090764E+03
8.05000000E-05,injectedCurrent,Node_2,-9.89905735E+03
8.05000000E-05,voltage,Node_1,-1.24452663E+04
8.05000000E-05,voltage,Node_2,-1.04211437E+04
8.05000000E-05,i1,Line_1_e1,9.08090764E+03
8.05000000E-05,i2,Line_1_e1,-9.18983353E+03
8.05000000E-05,i1,Line_1_e10,9.80943754E+03
8.05000000E-05,i2,Line_1_e10,-9.89905735E+03
8.10000000E-05,injectedCurrent,Node_1,8.99966723E+03
8.10000000E-05,injectedCurrent,Node_2,-9.82674781E+03
8.10000000E-05,voltage,Node_1,-1.33210365E+04
8.10000000E-05,voltage,Node_2,-9.78844359E+03
8.10000000E-05,i1,Line_1_e1,8.99966723E+03
8.10000000E-05,i2,Line_1_e1,-9.11760426E+03
8.10000000E-05,i1,Line_1_e10,9.74416121E+03
8.10000000E-05,i2,Line_1_e10,-9.82674781E+03
8.15000000E-05,injectedCurrent,Node_1,8.91915910E+03
8.15000000E-05,injectedCurrent,Node_2,-9.75496646E+03
8.15000000E-05,voltage,Node_1,-1.26821168E+04
8.15000000E-05,voltage,Node_2,-1.06912445E+04
8.15000000E-05,i1,Line_1_e1,8.91915910E+03
8.15000000E-05,i2,Line_1_e1,-9.03006031E+03
8.15000000E-05,i1,Line_1_e10,9.66305333E+03
8.15000000E-05,i2,Line_1_e10,-9.75496646E+03
8.20000000E-05,injectedCurrent,Node_1,8.83938153E+03
8.20000000E-05,injectedCurrent,Node_2,-9.68370945E+03
8.20000000E-05,voltage,Node_1,-1.35412154E+04
8.20000000E-05,voltage,Node_2,-1.00639480E+04
8.20000000E-05,i1,Line_1_e1,8.83938153E+03
8.20000000E-05,i2,Line_1_e1,-8.95912810E+03
8.20000000E-05,i1,Line_1_e10,9.59876066E+03
8.20000000E-05,i2,Line_1_e10,-9.68370945E+03
8.25000000E-05,injectedCurrent,Node_1,8.76033279E+03
8.25000000E-05,injectedCurrent,Node_2,-9.61297296E+03
8.25000000E-05,voltage,Node_1,-1.29075013E+04
8.25000000E-05,voltage,Node_2,-1.09497697E+04
8.25000000E-05,i1,Line_1_e1,8.76033279E+03
8.25000000E-05,i2,Line_1_e1,-8.87310974E+03
8.25000000E-05,i1,Line_1_e10,9.51886697E+03
8.25000000E-05,i2,Line_1_e10,-9.61297296E+03
8.30000000E-05,injectedCurrent,Node_1,8.68201114E+03
8.30000000E-05,injectedCurrent,Node_2,-9.54275317E+03
8.30000000E-05,voltage,Node_1,-1.37500527E+04
8.30000000E-05,voltage,Node_2,-1.03275062E+04
8.30000000E-05,i1,Line_1_e1,8.68201114E+03
8.30000000E-05,i2,Line_1_e1,-8.80346927E+03
8.30000000E-05,i1,Line_1_e10,9.45554630E+03
8.30000000E-05,i2,Line_1_e10,-9.54275317E+03
8.35000000E-05,injectedCurrent,Node_1,8.60441480E+03
8.35000000E-05,injectedCurrent,Node_2,-9.47304631E+03
8.35000000E-05,voltage,Node_1,-1.31211856E+04
8.35000000E-05,voltage,Node_2,-1.11964752E+04
8.35000000E-05,i1,Line_1_e1,8.60441480E+03
8.35000000E-05,i2,Line_1_e1,-8.71896596E+03
8.35000000E-05,i1,Line_1_e10,9.37684998E+03
8.35000000E-05,i2,Line_1_e10,-9.47304631E+03
8.40000000E-05,injectedCurrent,Node_1,8.52754197E+03
8.40000000E-05,injectedCurrent,Node_2,-9.40384865E+03
8.40000000E-05,voltage,Node_1,-1.39473110E+04
8.40000000E-05,voltage,Node_2,-1.05788889E+04
8.40000000E-05,i1,Line_1_e1,8.52754197E+03
8.40000000E-05,i2,Line_1_e1,-8.65061165E+03
8.40000000E-05,i1,Line_1_e10,9.31448975E+03
8.40000000E-05,i2,Line_1_e10,-9.40384865E+03
8.45000000E-05,injectedCurrent,Node_1,8.45139082E+03
8.45000000E-05,injectedCurrent,Node_2,-9.33515645E+03
8.45000000E-05,voltage,Node_1,-1.33229468E+04
8.45000000E-05,voltage,Node_2,-1.14311288E+04
8.45000000E-05,i1,Line_1_e1,8.45139082E+03
8.45000000E-05,i2,Line_1_e1,-8.56761279E+03
8.45000000E-05,i1,Line_1_e10,9.23697423E+03
8.45000000E-05,i2,Line_1_e10,-9.33515645E+03
8.50000000E-05,injectedCurrent,Node_1,8.37595950E+03
8.50000000E-05,injectedCurrent,Node_2,-9.26696602E+03
8.50000000E-05,voltage,Node_1,-1.41327650E+04
8.50000000E-05,voltage,Node_2,-1.08178783E+04
8.50000000E-05,i1,Line_1_e1,8.37595950E+03
8.50000000E-05,i2,Line_1_e1,-8.50053885E+03
8.50000000E-05,i1,Line_1_e10,9.17556294E+03
8.50000000E-05,i2,Line_1_e10,-9.26696602E+03
8.55000000E-05,injectedCurrent,Node_1,8.30124613E+03
8.55000000E-05,injectedCurrent,Node_2,-9.19927371E+03
8.55000000E-05,voltage,Node_1,-1.35125738E+04
8.55000000E-05,voltage,Node_2,-1.16535101E+04
8.55000000E-05,i1,Line_1_e1,8.30124613E+03
8.55000000E-05,i2,Line_1_e1,-8.41903376E+03
8.55000000E-05,i1,Line_1_e10,9.09921193E+03
8.55000000E-05,i2,Line_1_e10,-9.19927371E+03
8.60000000E-05,injectedCurrent,Node_1,8.22724881E+03
8.60000000E-05,injectedCurrent,Node_2,-9.13207586E+03
8.60000000E-05,voltage,Node_1,-1.43062015E+04
8.60000000E-05,voltage,Node_2,-1.10442682E+04
8.60000000E-05,i1,Line_1_e1,8.22724881E+03
8.60000000E-05,i2,Line_1_e1,-8.35323414E+03
8.60000000E-05,i1,Line_1_e10,9.03873817E+03
8.60000000E-05,i2,Line_1_e10,-9.13207586E+03
8.65000000E-05,injectedCurrent,Node_1,8.15396560E+03
8.65000000E-05,injectedCurrent,Node_2,-9.06536888E+03
8.65000000E-05,voltage,Node_1,-1.36898675E+04
8.65000000E-05,voltage,Node_2,-1.18634110E+04
8.65000000E-05,i1,Line_1_e1,8.15396560E+03
8.65000000E-05,i2,Line_1_e1,-8.27321209E+03
8.65000000E-05,i1,Line_1_e10,8.96353562E+03
8.65000000E-05,i2,Line_1_e10,-9.06536888E+03
8.70000000E-05,injectedCurrent,Node_1,8.08139454E+03
8.70000000E-05,injectedCurrent,Node_2,-8.99914917E+03
8.70000000E-05,voltage,Node_1,-1.44674198E+04
8.70000000E-05,voltage,Node_2,-1.12578643E+04
8.70000000E-05,i1,Line_1_e1,8.08139454E+03
8.70000000E-05,i2,Line_1_e1,-8.20868049E+03
8.70000000E-05,i1,Line_1_e10,8.90398805E+03
8.70000000E-05,i2,Line_1_e10,-8.99914917E+03
8.75000000E-05,injectedCurrent,Node_1,8.00953364E+03
8.75000000E-05,injectedCurrent,Node_2,-8.93341317E+03
8.75000000E-05,voltage,Node_1,-1.38546408E+04
8.75000000E-05,voltage,Node_2,-1.20606355E+04
8.75000000E-05,i1,Line_1_e1,8.00953364E+03
8.75000000E-05,i2,Line_1_e1,-8.13013063E+03
8.75000000E-05,i1,Line_1_e10,8.82991814E+03
8.75000000E-05,i2,Line_1_e10,-8.93341317E+03
8.80000000E-05,injectedCurrent,Node_1,7.93838087E+03
8.80000000E-05,injectedCurrent,Node_2,-8.86815736E+03
8.80000000E-05,voltage,Node_1,-1.46162319E+04
8.80000000E-05,voltage,Node_2,-1.14584843E+04
8.80000000E-05,i1,Line_1_e1,7.93838087E+03
8.80000000E-05,i2,Line_1_e1,-8.06686050E+03
8.80000000E-05,i1,Line_1_e10,8.77128550E+03
8.80000000E-05,i2,Line_1_e10,-8.86815736E+03
8.85000000E-05,injectedCurrent,Node_1,7.86793418E+03
8.85000000E-05,injectedCurrent,Node_2,-8.80337821E+03
8.85000000E-05,voltage,Node_1,-1.40067191E+04
8.85000000E-05,voltage,Node_2,-1.22450004E+04
8.85000000E-05,i1,Line_1_e1,7.86793418E+03
8.85000000E-05,i2,Line_1_e1,-7.98977188E+03
8.85000000E-05,i1,Line_1_e10,8.69833266E+03
8.85000000E-05,i2,Line_1_e10,-8.80337821E+03
8.90000000E-05,injectedCurrent,Node_1,7.79819150E+03
8.90000000E-05,injectedCurrent,Node_2,-8.73907227E+03
8.90000000E-05,voltage,Node_1,-1.47524625E+04
8.90000000E-05,voltage,Node_2,-1.16459584E+04
8.90000000E-05,i1,Line_1_e1,7.79819150E+03
8.90000000E-05,i2,Line_1_e1,-7.92775641E+03
8.90000000E-05,i1,Line_1_e10,8.64060377E+03
8.90000000E-05,i2,Line_1_e10,-8.73907227E+03
8.95000000E-05,injectedCurrent,Node_1,7.72915069E+03
8.95000000E-05,injectedCurrent,Node_2,-8.67523605E+03
8.95000000E-05,voltage,Node_1,-1.41459405E+04
8.95000000E-05,voltage,Node_2,-1.24163351E+04
8.95000000E-05,i1,Line_1_e1,7.72915069E+03
8.95000000E-05,i2,Line_1_e1,-7.85211797E+03
8.95000000E-05,i1,Line_1_e10,8.56875264E+03
8.95000000E-05,i2,Line_1_e10,-8.67523605E+03
9.00000000E-05,injectedCurrent,Node_1,7.66080962E+03
9.00000000E-05,injectedCurrent,Node_2,-8.61186614E+03
9.00000000E-05,voltage,Node_1,-1.48759493E+04
9.00000000E-05,voltage,Node_2,-1.18201290E+04
9.00000000E-05,i1,Line_1_e1,7.66080962E+03
9.00000000E-05,i2,Line_1_e1,-7.79135007E+03
9.00000000E-05,i1,Line_1_e10,8.51191640E+03
9.00000000E-05,i2,Line_1_e10,-8.61186614E+03
9.05000000E-05,injectedCurrent,Node_1,7.59316611E+03
9.05000000E-05,injectedCurrent,Node_2,-8.54895913E+03
9.05000000E-05,voltage,Node_1,-1.42721555E+04
9.05000000E-05,voltage,Node_2,-1.25744817E+04
9.05000000E-05,i1,Line_1_e1,7.59316611E+03
9.05000000E-05,i2,Line_1_e1,-7.71715062E+03
9.05000000E-05,i1,Line_1_e10,8.44115184E+03
9.05000000E-05,i2,Line_1_e10,-8.54895913E+03
9.10000000E-05,injectedCurrent,Node_1,7.52621794E+03
9.10000000E-05,injectedCurrent,Node_2,-8.48651163E+03
9.10000000E-05,voltage,Node_1,-1.49865430E+04
9.10000000E-05,voltage,Node_2,-1.19808512E+04
9.10000000E-05,i1,Line_1_e1,7.52621794E+03
9.10000000E-05,i2,Line_1_e1,-7.65762295E+03
9.10000000E-05,i1,Line_1_e10,8.38519723E+03
9.10000000E-05,i2,Line_1_e10,-8.48651163E+03
9.15000000E-05,injectedCurrent,Node_1,7.45996287E+03
9.15000000E-05,injectedCurrent,Node_2,-8.42452029E+03
9.15000000E-05,voltage,Node_1,-1.43852276E+04
9.15000000E-05,voltage,Node_2,-1.27192957E+04
9.15000000E-05,i1,Line_1_e1,7.45996287E+03
9.15000000E-05,i2,Line_1_e1,-7.58485114E+03
9.15000000E-05,i1,Line_1_e10,8.31550432E+03
9.15000000E-05,i2,Line_1_e10,-8.42452029E+03
9.20000000E-05,injectedCurrent,Node_1,7.39439862E+03
9.20000000E-05,injectedCurrent,Node_2,-8.36298178E+03
9.20000000E-05,voltage,Node_1,-1.50841076E+04
9.20000000E-05,voltage,Node_2,-1.21279931E+04
9.20000000E-05,i1,Line_1_e1,7.39439862E+03
9.20000000E-05,i2,Line_1_e1,-7.52655607E+03
9.20000000E-05,i1,Line_1_e10,8.26042037E+03
9.20000000E-05,i2,Line_1_e10,-8.36298178E+03
9.25000000E-05,injectedCurrent,Node_1,7.32952287E+03
9.25000000E-05,injectedCurrent,Node_2,-8.30189279E+03
9.25000000E-05,voltage,Node_1,-1.44850335E+04
9.25000000E-05,voltage,Node_2,-1.28506452E+04
9.25000000E-05,i1,Line_1_e1,7.32952287E+03
9.25000000E-05,i2,Line_1_e1,-7.45520044E+03
9.25000000E-05,i1,Line_1_e10,8.19178440E+03
9.25000000E-05,i2,Line_1_e10,-8.30189279E+03
9.30000000E-05,injectedCurrent,Node_1,7.26533327E+03
9.30000000E-05,injectedCurrent,Node_2,-8.24125004E+03
9.30000000E-05,voltage,Node_1,-1.51685204E+04
9.30000000E-05,voltage,Node_2,-1.22614354E+04
9.30000000E-05,i1,Line_1_e1,7.26533327E+03
9.30000000E-05,i2,Line_1_e1,-7.39813007E+03
9.30000000E-05,i1,Line_1_e10,8.13756024E+03
9.30000000E-05,i2,Line_1_e10,-8.24125004E+03
9.35000000E-05,injectedCurrent,Node_1,7.20182745E+03
9.35000000E-05,injectedCurrent,Node_2,-8.18105026E+03
9.35000000E-05,voltage,Node_1,-1.45714629E+04
9.35000000E-05,voltage,Node_2,-1.29684119E+04
9.35000000E-05,i1,Line_1_e1,7.20182745E+03
9.35000000E-05,i2,Line_1_e1,-7.32817896E+03
9.35000000E-05,i1,Line_1_e10,8.06996668E+03
9.35000000E-05,i2,Line_1_e10,-8.18105026E+03
9.40000000E-05,injectedCurrent,Node_1,7.13900297E+03
9.40000000E-05,injectedCurrent,Node_2,-8.12129022E+03
9.40000000E-05,voltage,Node_1,-1.52396722E+04
9.40000000E-05,voltage,Node_2,-1.23810722E+04
9.40000000E-05,i1,Line_1_e1,7.13900297E+03
9.40000000E-05,i2,Line_1_e1,-7.27232511E+03
9.40000000E-05,i1,Line_1_e10,8.01659152E+03
9.40000000E-05,i2,Line_1_e10,-8.12129022E+03
9.45000000E-05,injectedCurrent,Node_1,7.07685739E+03
9.45000000E-05,injectedCurrent,Node_2,-8.06196671E+03
9.45000000E-05,voltage,Node_1,-1.46444186E+04
9.45000000E-05,voltage,Node_2,-1.30724909E+04
9.45000000E-05,i1,Line_1_e1,7.07685739E+03
9.45000000E-05,i2,Line_1_e1,-7.20376672E+03
9.45000000E-05,i1,Line_1_e10,7.95002605E+03
9.45000000E-05,i2,Line_1_e10,-8.06196671E+03
9.50000000E-05,injectedCurrent,Node_1,7.01538820E+03
9.50000000E-05,injectedCurrent,Node_2,-8.00307654E+03
9.50000000E-05,voltage,Node_1,-1.52974673E+04
9.50000000E-05,voltage,Node_2,-1.24868106E+04
9.50000000E-05,i1,Line_1_e1,7.01538820E+03
9.50000000E-05,i2,Line_1_e1,-7.14912092E+03
9.50000000E-05,i1,Line_1_e10,7.89748916E+03
9.50000000E-05,i2,Line_1_e10,-8.00307654E+03
9.55000000E-05,injectedCurrent,Node_1,6.95459289E+03
9.55000000E-05,injectedCurrent,Node_2,-7.94461655E+03
9.55000000E-05,voltage,Node_1,-1.47038169E+04
9.55000000E-05,voltage,Node_2,-1.31627906E+04
9.55000000E-05,i1,Line_1_e1,6.95459289E+03
9.55000000E-05,i2,Line_1_e1,-7.08194326E+03
9.55000000E-05,i1,Line_1_e10,7.83193763E+03
9.55000000E-05,i2,Line_1_e10,-7.94461655E+03
9.60000000E-05,injectedCurrent,Node_1,6.89446889E+03
9.60000000E-05,injectedCurrent,Node_2,-7.88658359E+03
9.60000000E-05,voltage,Node_1,-1.53418237E+04
9.60000000E-05,voltage,Node_2,-1.25785709E+04
9.60000000E-05,i1,Line_1_e1,6.89446889E+03
9.60000000E-05,i2,Line_1_e1,-7.02849676E+03
9.60000000E-05,i1,Line_1_e10,7.78022836E+03
9.60000000E-05,i2,Line_1_e10,-7.88658359E+03
9.65000000E-05,injectedCurrent,Node_1,6.83501358E+03
9.65000000E-05,injectedCurrent,Node_2,-7.82897454E+03
9.65000000E-05,voltage,Node_1,-1.47495878E+04
9.65000000E-05,voltage,Node_2,-1.32392330E+04
9.65000000E-05,i1,Line_1_e1,6.83501358E+03
9.65000000E-05,i2,Line_1_e1,-6.96268766E+03
9.65000000E-05,i1,Line_1_e10,7.71567683E+03
9.65000000E-05,i2,Line_1_e10,-7.82897454E+03
9.70000000E-05,injectedCurrent,Node_1,6.77622434E+03
9.70000000E-05,injectedCurrent,Node_2,-7.77178631E+03
9.70000000E-05,voltage,Node_1,-1.53726729E+04
9.70000000E-05,voltage,Node_2,-1.26562869E+04
9.70000000E-05,i1,Line_1_e1,6.77622434E+03
9.70000000E-05,i2,Line_1_e1,-6.91043140E+03
9.70000000E-05,i1,Line_1_e10,7.66478459E+03
9.70000000E-05,i2,Line_1_e10,-7.77178631E+03
9.75000000E-05,injectedCurrent,Node_1,6.71809848E+03
9.75000000E-05,injectedCurrent,Node_2,-7.71501582E+03
9.75000000E-05,voltage,Node_1,-1.47816743E+04
9.75000000E-05,voltage,Node_2,-1.33017538E+04
9.75000000E-05,i1,Line_1_e1,6.71809848E+03
9.75000000E-05,i2,Line_1_e1,-6.84597852E+03
9.75000000E-05,i1,Line_1_e10,7.60121928E+03
9.75000000E-05,i2,Line_1_e10,-7.71501582E+03
9.80000000E-05,injectedCurrent,Node_1,6.66063329E+03
9.80000000E-05,injectedCurrent,Node_2,-7.65866002E+03
9.80000000E-05,voltage,Node_1,-1.53899603E+04
9.80000000E-05,voltage,Node_2,-1.27199059E+04
9.80000000E-05,i1,Line_1_e1,6.66063329E+03
9.80000000E-05,i2,Line_1_e1,-6.79490316E+03
9.80000000E-05,i1,Line_1_e10,7.55113356E+03
9.80000000E-05,i2,Line_1_e10,-7.65866002E+03
9.85000000E-05,injectedCurrent,Node_1,6.60382600E+03
9.85000000E-05,injectedCurrent,Node_2,-7.60271588E+03
9.85000000E-05,voltage,Node_1,-1.48000335E+04
9.85000000E-05,voltage,Node_2,-1.33503022E+04
9.85000000E-05,i1,Line_1_e1,6.60382600E+03
9.85000000E-05,i2,Line_1_e1,-6.73179393E+03
9.85000000E-05,i1,Line_1_e10,7.48854086E+03
9.85000000E-05,i2,Line_1_e10,-7.60271588E+03
9.90000000E-05,injectedCurrent,Node_1,6.54767383E+03
9.90000000E-05,injectedCurrent,Node_2,-7.54718039E+03
9.90000000E-05,voltage,Node_1,-1.53936452E+04
9.90000000E-05,voltage,Node_2,-1.27693886E+04
9.90000000E-05,i1,Line_1_e1,6.54767383E+03
9.90000000E-05,i2,Line_1_e1,-6.68188985E+03
9.90000000E-05,i1,Line_1_e10,7.43925123E+03
9.90000000E-05,i2,Line_1_e10,-7.54718039E+03
9.95000000E-05,injectedCurrent,Node_1,6.49217395E+03
9.95000000E-05,injectedCurrent,Node_2,-7.49205058E+03
9.95000000E-05,voltage,Node_1,-1.48046358E+04
9.95000000E-05,voltage,Node_2,-1.33848412E+04
9.95000000E-05,i1,Line_1_e1,6.49217395E+03
9.95000000E-05,i2,Line_1_e1,-6.62011151E+03
9.95000000E-05,i1,Line_1_e10,7.37761771E+03
9.95000000E-05,i2,Line_1_e10,-7.49205058E+03
1.00000000E-04,injectedCurrent,Node_1,6.43732347E+03
1.00000000E-04,injectedCurrent,Node_2,-7.43732347E+03
1.00000000E-04,voltage,Node_1,-1.53837006E+04
1.00000000E-04,voltage,Node_2,-1.28047092E+04
1.00000000E-04,i1,Line_1_e1,6.43732347E+03
1.00000000E-04,i2,Line_1_e1,-6.57136877E+03
1.00000000E-04,i1,Line_1_e10,7.32911380E+03
1.00000000E-04,i2,Line_1_e10,-7.43732347E+03
1.00500000E-04,injectedCurrent,Node_1,6.38311950E+03
1.00500000E-04,injectedCurrent,Node_2,-7.38299613E+03
1.00500000E-04,voltage,Node_1,-1.47954653E+04
1.00500000E-04,voltage,Node_2,-1.34053478E+04
1.00500000E-04,i1,Line_1_e1,6.38311950E+03
1.00500000E-04,i2,Line_1_e1,-6.51090837E+03
1.00500000E-04,i1,Line_1_e10,7.26842617E+03
1.00500000E-04,i2,Line_1_e10,-7.38299613E+03
1.01000000E-04,injectedCurrent,Node_1,6.32955907E+03
1.01000000E-04,injectedCurrent,Node_2,-7.32906563E+03
1.01000000E-04,voltage,Node_1,-1.53601133E+04
1.01000000E-04,voltage,Node_2,-1.28258557E+04
1.01000000E-04,i1,Line_1_e1,6.32955907E+03
1.01000000E-04,i2,Line_1_e1,-6.46331673E+03
1.01000000E-04,i1,Line_1_e10,7.22069770E+03
1.01000000E-04,i2,Line_1_e10,-7.32906563E+03
1.01500000E-04,injectedCurrent,Node_1,6.27663920E+03
1.01500000E-04,injectedCurrent,Node_2,-7.27552908E+03
1.01500000E-04,voltage,Node_1,-1.47725199E+04
1.01500000E-04,voltage,Node_2,-1.34118123E+04
1.01500000E-04,i1,Line_1_e1,6.27663920E+03
1.01500000E-04,i2,Line_1_e1,-6.40416110E+03
1.01500000E-04,i1,Line_1_e10,7.16094284E+03
1.01500000E-04,i2,Line_1_e10,-7.27552908E+03
1.02000000E-04,injectedCurrent,Node_1,6.22435686E+03
1.02000000E-04,injectedCurrent,Node_2,-7.22238359E+03
1.02000000E-04,voltage,Node_1,-1.53228841E+04
1.02000000E-04,voltage,Node_2,-1.28328294E+04
1.02000000E-04,i1,Line_1_e1,6.22435686E+03
1.02000000E-04,i2,Line_1_e1,-6.35771004E+03
1.02000000E-04,i1,Line_1_e10,7.11397957E+03
1.02000000E-04,i2,Line_1_e10,-7.22238359E+03
1.02500000E-04,injectedCurrent,Node_1,6.17270898E+03
1.02500000E-04,injectedCurrent,Node_2,-7.16962632E+03
1.02500000E-04,voltage,Node_1,-1.47358112E+04
1.02500000E-04,voltage,Node_2,-1.34042391E+04
1.02500000E-04,i1,Line_1_e1,6.17270898E+03
1.02500000E-04,i2,Line_1_e1,-6.29984578E+03
1.02500000E-04,i1,Line_1_e10,7.05514452E+03
1.02500000E-04,i2,Line_1_e10,-7.16962632E+03
1.03000000E-04,injectedCurrent,Node_1,6.12169246E+03
1.03000000E-04,injectedCurrent,Node_2,-7.11725442E+03
1.03000000E-04,voltage,Node_1,-1.52720274E+04
1.03000000E-04,voltage,Node_2,-1.28256457E+04
1.03000000E-04,i1,Line_1_e1,6.12169246E+03
1.03000000E-04,i2,Line_1_e1,-6.25452446E+03
1.03000000E-04,i1,Line_1_e10,7.00893629E+03
1.03000000E-04,i2,Line_1_e10,-7.11725442E+03
1.03500000E-04,injectedCurrent,Node_1,6.07130413E+03
1.03500000E-04,injectedCurrent,Node_2,-7.06526508E+03
1.03500000E-04,voltage,Node_1,-1.46853644E+04
1.03500000E-04,voltage,Node_2,-1.33826464E+04
1.03500000E-04,i1,Line_1_e1,6.07130413E+03
1.03500000E-04,i2,Line_1_e1,-6.19793796E+03
1.03500000E-04,i1,Line_1_e10,6.95100824E+03
1.03500000E-04,i2,Line_1_e10,-7.06526508E+03
1.04000000E-04,injectedCurrent,Node_1,6.02154081E+03
1.04000000E-04,injectedCurrent,Node_2,-7.01365551E+03
1.04000000E-04,voltage,Node_1,-1.52075717E+04
1.04000000E-04,voltage,Node_2,-1.28043331E+04
1.04000000E-04,i1,Line_1_e1,6.02154081E+03
1.04000000E-04,i2,Line_1_e1,-6.15373527E+03
1.04000000E-04,i1,Line_1_e10,6.90554495E+03
1.04000000E-04,i2,Line_1_e10,-7.01365551E+03
1.04500000E-04,injectedCurrent,Node_1,5.97239927E+03
1.04500000E-04,injectedCurrent,Node_2,-6.96242293E+03
1.04500000E-04,voltage,Node_1,-1.46212182E+04
1.04500000E-04,voltage,Node_2,-1.33470660E+04
1.04500000E-04,i1,Line_1_e1,5.97239927E+03
1.04500000E-04,i2,Line_1_e1,-6.09841270E+03
1.04500000E-04,i1,Line_1_e10,6.84851124E+03
1.04500000E-04,i2,Line_1_e10,-6.96242293E+03
1.05000000E-04,injectedCurrent,Node_1,5.92387625E+03
1.05000000E-04,injectedCurrent,Node_2,-6.91156459E+03
1.05000000E-04,voltage,Node_1,-1.51295591E+04
1.05000000E-04,voltage,Node_2,-1.27689340E+04
1.05000000E-04,i1,Line_1_e1,5.92387625E+03
1.05000000E-04,i2,Line_1_e1,-6.05531719E+03
1.05000000E-04,i1,Line_1_e10,6.80378287E+03
1.05000000E-04,i2,Line_1_e10,-6.91156459E+03
1.05500000E-04,injectedCurrent,Node_1,5.87596842E+03
1.05500000E-04,injectedCurrent,Node_2,-6.86107775E+03
1.05500000E-04,voltage,Node_1,-1.45434253E+04
1.05500000E-04,voltage,Node_2,-1.32975435E+04
1.05500000E-04,i1,Line_1_e1,5.87596842E+03
1.05500000E-04,i2,Line_1_e1,-6.00124450E+03
1.05500000E-04,i1,Line_1_e10,6.74763096E+03
1.05500000E-04,i2,Line_1_e10,-6.86107775E+03
1.06000000E-04,injectedCurrent,Node_1,5.82867245E+03
1.06000000E-04,injectedCurrent,Node_2,-6.81095970E+03
1.06000000E-04,voltage,Node_1,-1.50380455E+04
1.06000000E-04,voltage,Node_2,-1.27195042E+04
1.06000000E-04,i1,Line_1_e1,5.82867245E+03
1.06000000E-04,i2,Line_1_e1,-5.95924445E+03
1.06000000E-04,i1,Line_1_e10,6.70362756E+03
1.06000000E-04,i2,Line_1_e10,-6.81095970E+03
1.06500000E-04,injectedCurrent,Node_1,5.78198494E+03
1.06500000E-04,injectedCurrent,Node_2,-6.76120775E+03
1.06500000E-04,voltage,Node_1,-1.44520516E+04
1.06500000E-04,voltage,Node_2,-1.32341381E+04
1.06500000E-04,i1,Line_1_e1,5.78198494E+03
1.06500000E-04,i2,Line_1_e1,-5.90640735E+03
1.06500000E-04,i1,Line_1_e10,6.64834505E+03
1.06500000E-04,i2,Line_1_e10,-6.76120775E+03
1.07000000E-04,injectedCurrent,Node_1,5.73590246E+03
1.07000000E-04,injectedCurrent,Node_2,-6.71181923E+03
1.07000000E-04,voltage,Node_1,-1.49331004E+04
1.07000000E-04,voltage,Node_2,-1.26561132E+04
1.07000000E-04,i1,Line_1_e1,5.73590246E+03
1.07000000E-04,i2,Line_1_e1,-5.86549074E+03
1.07000000E-04,i1,Line_1_e10,6.60505672E+03
1.07000000E-04,i2,Line_1_e10,-6.71181923E+03
1.07500000E-04,injectedCurrent,Node_1,5.69042155E+03
1.07500000E-04,injectedCurrent,Node_2,-6.66279147E+03
1.07500000E-04,voltage,Node_1,-1.43471768E+04
1.07500000E-04,voltage,Node_2,-1.31569226E+04
1.07500000E-04,i1,Line_1_e1,5.69042155E+03
1.07500000E-04,i2,Line_1_e1,-5.81387471E+03
1.07500000E-04,i1,Line_1_e10,6.55063138E+03
1.07500000E-04,i2,Line_1_e10,-6.66279147E+03
1.08000000E-04,injectedCurrent,Node_1,5.64553868E+03
1.08000000E-04,injectedCurrent,Node_2,-6.61412184E+03
1.08000000E-04,voltage,Node_1,-1.48148070E+04
1.08000000E-04,voltage,Node_2,-1.25788437E+04
1.08000000E-04,i1,Line_1_e1,5.64553868E+03
1.08000000E-04,i2,Line_1_e1,-5.77402921E+03
1.08000000E-04,i1,Line_1_e10,6.50804829E+03
1.08000000E-04,i2,Line_1_e10,-6.61412184E+03
1.08500000E-04,injectedCurrent,Node_1,5.60125031E+03
1.08500000E-04,injectedCurrent,Node_2,-6.56580773E+03
1.08500000E-04,voltage,Node_1,-1.42288938E+04
1.08500000E-04,voltage,Node_2,-1.30659834E+04
1.08500000E-04,i1,Line_1_e1,5.60125031E+03
1.08500000E-04,i2,Line_1_e1,-5.72361951E+03
1.08500000E-04,i1,Line_1_e10,6.45446798E+03
1.08500000E-04,i2,Line_1_e10,-6.56580773E+03
1.09000000E-04,injectedCurrent,Node_1,5.55755285E+03
1.09000000E-04,injectedCurrent,Node_2,-6.51784654E+03
1.09000000E-04,voltage,Node_1,-1.46832619E+04
1.09000000E-04,voltage,Node_2,-1.24877921E+04
1.09000000E-04,i1,Line_1_e1,5.55755285E+03
1.09000000E-04,i2,Line_1_e1,-5.68483251E+03
1.09000000E-04,i1,Line_1_e10,6.41258037E+03
1.09000000E-04,i2,Line_1_e10,-6.51784654E+03
1.09500000E-04,injectedCurrent,Node_1,5.51444267E+03
1.09500000E-04,injectedCurrent,Node_2,-6.47023569E+03
1.09500000E-04,voltage,Node_1,-1.40973090E+04
1.09500000E-04,voltage,Node_2,-1.29614205E+04
1.09500000E-04,i1,Line_1_e1,5.51444267E+03
1.09500000E-04,i2,Line_1_e1,-5.63561418E+03
1.09500000E-04,i1,Line_1_e10,6.35983311E+03
1.09500000E-04,i2,Line_1_e10,-6.47023569E+03
1.10000000E-04,injectedCurrent,Node_1,5.47191611E+03
1.10000000E-04,injectedCurrent,Node_2,-6.42297262E+03
1.10000000E-04,voltage,Node_1,-1.45385750E+04
1.10000000E-04,voltage,Node_2,-1.23830677E+04
1.10000000E-04,i1,Line_1_e1,5.47191611E+03
1.10000000E-04,i2,Line_1_e1,-5.59787276E+03
1.10000000E-04,i1,Line_1_e10,6.31863126E+03
1.10000000E-04,i2,Line_1_e10,-6.42297262E+03
1.10500000E-04,injectedCurrent,Node_1,5.42996944E+03
1.10500000E-04,injectedCurrent,Node_2,-6.37605480E+03
1.10500000E-04,voltage,Node_1,-1.39525419E+04
1.10500000E-04,voltage,Node_2,-1.28433468E+04
1.10500000E-04,i1,Line_1_e1,5.42996944E+03
1.10500000E-04,i2,Line_1_e1,-5.54983058E+03
1.10500000E-04,i1,Line_1_e10,6.26670519E+03
1.10500000E-04,i2,Line_1_e10,-6.37605480E+03
1.11000000E-04,injectedCurrent,Node_1,5.38859892E+03
1.11000000E-04,injectedCurrent,Node_2,-6.32947969E+03
1.11000000E-04,voltage,Node_1,-1.43808699E+04
1.11000000E-04,voltage,Node_2,-1.22647933E+04
1.11000000E-04,i1,Line_1_e1,5.38859892E+03
1.11000000E-04,i2,Line_1_e1,-5.51312155E+03
1.11000000E-04,i1,Line_1_e10,6.22617948E+03
1.11000000E-04,i2,Line_1_e10,-6.32947969E+03
1.11500000E-04,injectedCurrent,Node_1,5.34780077E+03
1.11500000E-04,injectedCurrent,Node_2,-6.28324481E+03
1.11500000E-04,voltage,Node_1,-1.37947252E+04
1.11500000E-04,voltage,Node_2,-1.27118889E+04
1.11500000E-04,i1,Line_1_e1,5.34780077E+03
1.11500000E-04,i2,Line_1_e1,-5.46624010E+03
1.11500000E-04,i1,Line_1_e10,6.17506283E+03
1.11500000E-04,i2,Line_1_e10,-6.28324481E+03
1.12000000E-04,injectedCurrent,Node_1,5.30757116E+03
1.12000000E-04,injectedCurrent,Node_2,-6.23734765E+03
1.12000000E-04,voltage,Node_1,-1.42102828E+04
1.12000000E-04,voltage,Node_2,-1.21331046E+04
1.12000000E-04,i1,Line_1_e1,5.30757116E+03
1.12000000E-04,i2,Line_1_e1,-5.43054997E+03
1.12000000E-04,i1,Line_1_e10,6.13520368E+03
1.12000000E-04,i2,Line_1_e10,-6.23734765E+03
1.12500000E-04,injectedCurrent,Node_1,5.26790623E+03
1.12500000E-04,injectedCurrent,Node_2,-6.19178576E+03
1.12500000E-04,voltage,Node_1,-1.36240046E+04
1.12500000E-04,voltage,Node_2,-1.25671862E+04
1.12500000E-04,i1,Line_1_e1,5.26790623E+03
1.12500000E-04,i2,Line_1_e1,-5.38481358E+03
1.12500000E-04,i1,Line_1_e10,6.08488485E+03
1.12500000E-04,i2,Line_1_e10,-6.19178576E+03
1.13000000E-04,injectedCurrent,Node_1,5.22880206E+03
1.13000000E-04,injectedCurrent,Node_2,-6.14655668E+03
1.13000000E-04,voltage,Node_1,-1.40269634E+04
1.13000000E-04,voltage,Node_2,-1.19881503E+04
1.13000000E-04,i1,Line_1_e1,5.22880206E+03
1.13000000E-04,i2,Line_1_e1,-5.35012858E+03
1.13000000E-04,i1,Line_1_e10,6.04568273E+03
1.13000000E-04,i2,Line_1_e10,-6.14655668E+03
1.13500000E-04,injectedCurrent,Node_1,5.19025471E+03
1.13500000E-04,injectedCurrent,Node_2,-6.10165799E+03
1.13500000E-04,voltage,Node_1,-1.34405386E+04
1.13500000E-04,voltage,Node_2,-1.24093913E+04
1.13500000E-04,i1,Line_1_e1,5.19025471E+03
1.13500000E-04,i2,Line_1_e1,-5.30552137E+03
1.13500000E-04,i1,Line_1_e10,5.99615021E+03
1.13500000E-04,i2,Line_1_e10,-6.10165799E+03
1.14000000E-04,injectedCurrent,Node_1,5.15226022E+03
1.14000000E-04,injectedCurrent,Node_2,-6.05708727E+03
1.14000000E-04,voltage,Node_1,-1.38310739E+04
1.14000000E-04,voltage,Node_2,-1.18300919E+04
1.14000000E-04,i1,Line_1_e1,5.15226022E+03
1.14000000E-04,i2,Line_1_e1,-5.27182744E+03
1.14000000E-04,i1,Line_1_e10,5.95759568E+03
1.14000000E-04,i2,Line_1_e10,-6.05708727E+03
1.14500000E-04,injectedCurrent,Node_1,5.11481455E+03
1.14500000E-04,injectedCurrent,Node_2,-6.01284212E+03
1.14500000E-04,voltage,Node_1,-1.32444985E+04
1.14500000E-04,voltage,Node_2,-1.22386695E+04
1.14500000E-04,i1,Line_1_e1,5.11481455E+03
1.14500000E-04,i2,Line_1_e1,-5.22833330E+03
1.14500000E-04,i1,Line_1_e10,5.90883808E+03
1.14500000E-04,i2,Line_1_e10,-6.01284212E+03
1.15000000E-04,injectedCurrent,Node_1,5.07791365E+03
1.15000000E-04,injectedCurrent,Node_2,-5.96892018E+03
1.15000000E-04,voltage,Node_1,-1.36227894E+04
1.15000000E-04,voltage,Node_2,-1.16591036E+04
1.15000000E-04,i1,Line_1_e1,5.07791365E+03
1.15000000E-04,i2,Line_1_e1,-5.19561611E+03
1.15000000E-04,i1,Line_1_e10,5.87092173E+03
1.15000000E-04,i2,Line_1_e10,-5.96892018E+03
1.15500000E-04,injectedCurrent,Node_1,5.04155343E+03
1.15500000E-04,injectedCurrent,Node_2,-5.92531906E+03
1.15500000E-04,voltage,Node_1,-1.30360680E+04
1.15500000E-04,voltage,Node_2,-1.20551986E+04
1.15500000E-04,i1,Line_1_e1,5.04155343E+03
1.15500000E-04,i2,Line_1_e1,-5.15321870E+03
1.15500000E-04,i1,Line_1_e10,5.82292778E+03
1.15500000E-04,i2,Line_1_e10,-5.92531906E+03
1.16000000E-04,injectedCurrent,Node_1,5.00572976E+03
1.16000000E-04,injectedCurrent,Node_2,-5.88203644E+03
1.16000000E-04,voltage,Node_1,-1.34022974E+04
1.16000000E-04,voltage,Node_2,-1.14753720E+04
1.16000000E-04,i1,Line_1_e1,5.00572976E+03
1.16000000E-04,i2,Line_1_e1,-5.12146366E+03
1.16000000E-04,i1,Line_1_e10,5.78564028E+03
1.16000000E-04,i2,Line_1_e10,-5.88203644E+03
1.16500000E-04,injectedCurrent,Node_1,4.97043848E+03
1.16500000E-04,injectedCurrent,Node_2,-5.83906999E+03
1.16500000E-04,voltage,Node_1,-1.28154430E+04
1.16500000E-04,voltage,Node_2,-1.18591692E+04
1.16500000E-04,i1,Line_1_e1,4.97043848E+03
1.16500000E-04,i2,Line_1_e1,-5.08014643E+03
1.16500000E-04,i1,Line_1_e10,5.73839881E+03
1.16500000E-04,i2,Line_1_e10,-5.83906999E+03
1.17000000E-04,injectedCurrent,Node_1,4.93567537E+03
1.17000000E-04,injectedCurrent,Node_2,-5.79641739E+03
1.17000000E-04,voltage,Node_1,-1.31697979E+04
1.17000000E-04,voltage,Node_2,-1.12790959E+04
1.17000000E-04,i1,Line_1_e1,4.93567537E+03
1.17000000E-04,i2,Line_1_e1,-5.04933867E+03
1.17000000E-04,i1,Line_1_e10,5.70173090E+03
1.17000000E-04,i2,Line_1_e10,-5.79641739E+03
1.17500000E-04,injectedCurrent,Node_1,4.90143620E+03
1.17500000E-04,injectedCurrent,Node_2,-5.75407636E+03
1.17500000E-04,voltage,Node_1,-1.25828320E+04
1.17500000E-04,voltage,Node_2,-1.16507839E+04
1.17500000E-04,i1,Line_1_e1,4.90143620E+03
1.17500000E-04,i2,Line_1_e1,-5.00908484E+03
1.17500000E-04,i1,Line_1_e10,5.65523084E+03
1.17500000E-04,i2,Line_1_e10,-5.75407636E+03
1.18000000E-04,injectedCurrent,Node_1,4.86771669E+03
1.18000000E-04,injectedCurrent,Node_2,-5.71204462E+03
1.18000000E-04,voltage,Node_1,-1.29255029E+04
1.18000000E-04,voltage,Node_2,-1.10704865E+04
1.18000000E-04,i1,Line_1_e1,4.86771669E+03
1.18000000E-04,i2,Line_1_e1,-4.97920923E+03
1.18000000E-04,i1,Line_1_e10,5.61917330E+03
1.18000000E-04,i2,Line_1_e10,-5.71204462E+03
1.18500000E-04,injectedCurrent,Node_1,4.83451254E+03
1.18500000E-04,injectedCurrent,Node_2,-5.67031990E+03
1.18500000E-04,voltage,Node_1,-1.23384549E+04
1.18500000E-04,voltage,Node_2,-1.14302576E+04
1.18500000E-04,i1,Line_1_e1,4.83451254E+03
1.18500000E-04,i2,Line_1_e1,-4.94000183E+03
1.18500000E-04,i1,Line_1_e10,5.57340371E+03
1.18500000E-04,i2,Line_1_e10,-5.67031990E+03
1.19000000E-04,injectedCurrent,Node_1,4.80181940E+03
1.19000000E-04,injectedCurrent,Node_2,-5.62889997E+03
1.19000000E-04,voltage,Node_1,-1.26696362E+04
1.19000000E-04,voltage,Node_2,-1.08497667E+04
1.19000000E-04,i1,Line_1_e1,4.80181940E+03
1.19000000E-04,i2,Line_1_e1,-4.91104299E+03
1.19000000E-04,i1,Line_1_e10,5.53794738E+03
1.19000000E-04,i2,Line_1_e10,-5.62889997E+03
1.19500000E-04,injectedCurrent,Node_1,4.76963288E+03
1.19500000E-04,injectedCurrent,Node_2,-5.58778260E+03
1.19500000E-04,voltage,Node_1,-1.20825438E+04
1.19500000E-04,voltage,Node_2,-1.11978169E+04
1.19500000E-04,i1,Line_1_e1,4.76963288E+03
1.19500000E-04,i2,Line_1_e1,-4.87286482E+03
1.19500000E-04,i1,Line_1_e10,5.49289743E+03
1.19500000E-04,i2,Line_1_e10,-5.58778260E+03
1.20000000E-04,injectedCurrent,Node_1,4.73794859E+03
1.20000000E-04,injectedCurrent,Node_2,-5.54696558E+03
1.20000000E-04,voltage,Node_1,-1.24024335E+04
1.20000000E-04,voltage,Node_2,-1.06171711E+04
1.20000000E-04,i1,Line_1_e1,4.73794859E+03
1.20000000E-04,i2,Line_1_e1,-4.84480710E+03
1.20000000E-04,i1,Line_1_e10,5.45803321E+03
1.20000000E-04,i2,Line_1_e10,-5.54696558E+03
1.20500000E-04,injectedCurrent,Node_1,4.70676206E+03
1.20500000E-04,injectedCurrent,Node_2,-5.50644672E+03
1.20500000E-04,voltage,Node_1,-1.18153420E+04
1.20500000E-04,voltage,Node_2,-1.09537002E+04
1.20500000E-04,i1,Line_1_e1,4.70676206E+03
1.20500000E-04,i2,Line_1_e1,-4.80764077E+03
1.20500000E-04,i1,Line_1_e10,5.41369215E+03
1.20500000E-04,i2,Line_1_e10,-5.50644672E+03
1.21000000E-04,injectedCurrent,Node_1,4.67606882E+03
1.21000000E-04,injectedCurrent,Node_2,-5.46622383E+03
1.21000000E-04,voltage,Node_1,-1.21241418E+04
1.21000000E-04,voltage,Node_2,-1.03729458E+04
1.21000000E-04,i1,Line_1_e1,4.67606882E+03
1.21000000E-04,i2,Line_1_e1,-4.78046831E+03
1.21000000E-04,i1,Line_1_e10,5.37941101E+03
1.21000000E-04,i2,Line_1_e10,-5.46622383E+03
1.21500000E-04,injectedCurrent,Node_1,4.64586435E+03
1.21500000E-04,injectedCurrent,Node_2,-5.42629476E+03
1.21500000E-04,voltage,Node_1,-1.15371041E+04
1.21500000E-04,voltage,Node_2,-1.06981572E+04
1.21500000E-04,i1,Line_1_e1,4.64586435E+03
1.21500000E-04,i2,Line_1_e1,-4.74429621E+03
1.21500000E-04,i1,Line_1_e10,5.33576819E+03
1.21500000E-04,i2,Line_1_e10,-5.42629476E+03
1.22000000E-04,injectedCurrent,Node_1,4.61614411E+03
1.22000000E-04,injectedCurrent,Node_2,-5.38665736E+03
1.22000000E-04,voltage,Node_1,-1.18350194E+04
1.22000000E-04,voltage,Node_2,-1.01173483E+04
1.22000000E-04,i1,Line_1_e1,4.61614411E+03
1.22000000E-04,i2,Line_1_e1,-4.71799289E+03
1.22000000E-04,i1,Line_1_e10,5.30206116E+03
1.22000000E-04,i2,Line_1_e10,-5.38665736E+03
1.22500000E-04,injectedCurrent,Node_1,4.58690353E+03
1.22500000E-04,injectedCurrent,Node_2,-5.34730949E+03
1.22500000E-04,voltage,Node_1,-1.12480957E+04
1.22500000E-04,voltage,Node_2,-1.04314490E+04
1.22500000E-04,i1,Line_1_e1,4.58690353E+03
1.22500000E-04,i2,Line_1_e1,-4.68279724E+03
1.22500000E-04,i1,Line_1_e10,5.25910605E+03
1.22500000E-04,i2,Line_1_e10,-5.34730949E+03
1.23000000E-04,injectedCurrent,Node_1,4.55813798E+03
1.23000000E-04,injectedCurrent,Node_2,-5.30824905E+03
1.23000000E-04,voltage,Node_1,-1.15353354E+04
1.23000000E-04,voltage,Node_2,-9.85064668E+03
1.23000000E-04,i1,Line_1_e1,4.55813798E+03
1.23000000E-04,i2,Line_1_e1,-4.65734671E+03
1.23000000E-04,i1,Line_1_e10,5.22596421E+03
1.23000000E-04,i2,Line_1_e10,-5.30824905E+03
1.23500000E-04,injectedCurrent,Node_1,4.52984284E+03
1.23500000E-04,injectedCurrent,Node_2,-5.26947394E+03
1.23500000E-04,voltage,Node_1,-1.09485934E+04
1.23500000E-04,voltage,Node_2,-1.01538472E+04
1.23500000E-04,i1,Line_1_e1,4.52984284E+03
1.23500000E-04,i2,Line_1_e1,-4.62310953E+03
1.23500000E-04,i1,Line_1_e10,5.18368637E+03
1.23500000E-04,i2,Line_1_e10,-5.26947394E+03
1.24000000E-04,injectedCurrent,Node_1,4.50201344E+03
1.24000000E-04,injectedCurrent,Node_2,-5.23098207E+03
1.24000000E-04,voltage,Node_1,-1.12253696E+04
1.24000000E-04,voltage,Node_2,-9.57312013E+03
1.24000000E-04,i1,Line_1_e1,4.50201344E+03
1.24000000E-04,i2,Line_1_e1,-4.59849522E+03
1.24000000E-04,i1,Line_1_e10,5.15110085E+03
1.24000000E-04,i2,Line_1_e10,-5.23098207E+03
1.24500000E-04,injectedCurrent,Node_1,4.47464506E+03
1.24500000E-04,injectedCurrent,Node_2,-5.19277136E+03
1.24500000E-04,voltage,Node_1,-1.06388838E+04
1.24500000E-04,voltage,Node_2,-9.86563437E+03
1.24500000E-04,i1,Line_1_e1,4.47464506E+03
1.24500000E-04,i2,Line_1_e1,-4.56519837E+03
1.24500000E-04,i1,Line_1_e10,5.10948995E+03
1.24500000E-04,i2,Line_1_e10,-5.19277136E+03
1.25000000E-04,injectedCurrent,Node_1,4.44773300E+03
1.25000000E-04,injectedCurrent,Node_2,-5.15483978E+03
1.25000000E-04,voltage,Node_1,-1.09054124E+04
1.25000000E-04,voltage,Node_2,-9.28505808E+03
1.25000000E-04,i1,Line_1_e1,4.44773300E+03
1.25000000E-04,i2,Line_1_e1,-4.54140349E+03
1.25000000E-04,i1,Line_1_e10,5.07745195E+03
1.25000000E-04,i2,Line_1_e10,-5.15483978E+03
1.25500000E-04,injectedCurrent,Node_1,4.42127247E+03
1.25500000E-04,injectedCurrent,Node_2,-5.11718527E+03
1.25500000E-04,voltage,Node_1,-1.03192641E+04
1.25500000E-04,voltage,Node_2,-9.56710340E+03
1.25500000E-04,i1,Line_1_e1,4.42127247E+03
1.25500000E-04,i2,Line_1_e1,-4.50902862E+03
1.25500000E-04,i1,Line_1_e10,5.03649773E+03
1.25500000E-04,i2,Line_1_e10,-5.11718527E+03
1.26000000E-04,injectedCurrent,Node_1,4.39525871E+03
1.26000000E-04,injectedCurrent,Node_2,-5.07980582E+03
1.26000000E-04,voltage,Node_1,-1.05757639E+04
1.26000000E-04,voltage,Node_2,-8.98676019E+03
1.26000000E-04,i1,Line_1_e1,4.39525871E+03
1.26000000E-04,i2,Line_1_e1,-4.48603618E+03
1.26000000E-04,i1,Line_1_e10,5.00499851E+03
1.26000000E-04,i2,Line_1_e10,-5.07980582E+03
1.26500000E-04,injectedCurrent,Node_1,4.36968690E+03
1.26500000E-04,injectedCurrent,Node_2,-5.04269941E+03
1.26500000E-04,voltage,Node_1,-9.99004110E+03
1.26500000E-04,voltage,Node_2,-9.25855717E+03
1.26500000E-04,i1,Line_1_e1,4.36968690E+03
1.26500000E-04,i2,Line_1_e1,-4.45456480E+03
1.26500000E-04,i1,Line_1_e10,4.96469083E+03
1.26500000E-04,i2,Line_1_e10,-5.04269941E+03
1.27000000E-04,injectedCurrent,Node_1,4.34455219E+03
1.27000000E-04,injectedCurrent,Node_2,-5.00586405E+03
1.27000000E-04,voltage,Node_1,-1.02367344E+04
1.27000000E-04,voltage,Node_2,-8.67853599E+03
1.27000000E-04,i1,Line_1_e1,4.34455219E+03
1.27000000E-04,i2,Line_1_e1,-4.43235760E+03
1.27000000E-04,i1,Line_1_e10,4.93372172E+03
1.27000000E-04,i2,Line_1_e10,-5.00586405E+03
1.27500000E-04,injectedCurrent,Node_1,4.31984972E+03
1.27500000E-04,injectedCurrent,Node_2,-4.96929777E+03
1.27500000E-04,voltage,Node_1,-9.65153142E+03
1.27500000E-04,voltage,Node_2,-8.94030840E+03
1.27500000E-04,i1,Line_1_e1,4.31984972E+03
1.27500000E-04,i2,Line_1_e1,-4.40177105E+03
1.27500000E-04,i1,Line_1_e10,4.89405051E+03
1.27500000E-04,i2,Line_1_e10,-4.96929777E+03
1.28000000E-04,injectedCurrent,Node_1,4.29557460E+03
1.28000000E-04,injectedCurrent,Node_2,-4.93299859E+03
1.28000000E-04,voltage,Node_1,-9.88864336E+03
1.28000000E-04,voltage,Node_2,-8.36070458E+03
1.28000000E-04,i1,Line_1_e1,4.29557460E+03
1.28000000E-04,i2,Line_1_e1,-4.38033171E+03
1.28000000E-04,i1,Line_1_e10,4.86360288E+03
1.28000000E-04,i2,Line_1_e10,-4.93299859E+03
1.28500000E-04,injectedCurrent,Node_1,4.27172190E+03
1.28500000E-04,injectedCurrent,Node_2,-4.89696456E+03
1.28500000E-04,voltage,Node_1,-9.30406081E+03
1.28500000E-04,voltage,Node_2,-8.61267926E+03
1.28500000E-04,i1,Line_1_e1,4.27172190E+03
1.28500000E-04,i2,Line_1_e1,-4.35061118E+03
1.28500000E-04,i1,Line_1_e10,4.82455820E+03
1.28500000E-04,i2,Line_1_e10,-4.89696456E+03
1.29000000E-04,injectedCurrent,Node_1,4.24828670E+03
1.29000000E-04,injectedCurrent,Node_2,-4.86119375E+03
1.29000000E-04,voltage,Node_1,-9.53181963E+03
1.29000000E-04,voltage,Node_2,-8.03359431E+03
1.29000000E-04,i1,Line_1_e1,4.24828670E+03
1.29000000E-04,i2,Line_1_e1,-4.32992214E+03
1.29000000E-04,i1,Line_1_e10,4.79462347E+03
1.29000000E-04,i2,Line_1_e10,-4.86119375E+03
1.29500000E-04,injectedCurrent,Node_1,4.22526401E+03
1.29500000E-04,injectedCurrent,Node_2,-4.82568424E+03
1.29500000E-04,voltage,Node_1,-8.94796401E+03
1.29500000E-04,voltage,Node_2,-8.27600106E+03
1.29500000E-04,i1,Line_1_e1,4.22526401E+03
1.29500000E-04,i2,Line_1_e1,-4.30104866E+03
1.29500000E-04,i1,Line_1_e10,4.75619544E+03
1.29500000E-04,i2,Line_1_e10,-4.82568424E+03
1.30000000E-04,injectedCurrent,Node_1,4.20264886E+03
1.30000000E-04,injectedCurrent,Node_2,-4.79043411E+03
1.30000000E-04,voltage,Node_1,-9.16660077E+03
1.30000000E-04,voltage,Node_2,-7.69754250E+03
1.30000000E-04,i1,Line_1_e1,4.20264886E+03
1.30000000E-04,i2,Line_1_e1,-4.28109217E+03
1.30000000E-04,i1,Line_1_e10,4.72676512E+03
1.30000000E-04,i2,Line_1_e10,-4.79043411E+03
1.30500000E-04,injectedCurrent,Node_1,4.18043622E+03
1.30500000E-04,injectedCurrent,Node_2,-4.75544147E+03
1.30500000E-04,voltage,Node_1,-8.58358440E+03
1.30500000E-04,voltage,Node_2,-7.93061396E+03
1.30500000E-04,i1,Line_1_e1,4.18043622E+03
1.30500000E-04,i2,Line_1_e1,-4.25304665E+03
1.30500000E-04,i1,Line_1_e10,4.68894397E+03
1.30500000E-04,i2,Line_1_e10,-4.75544147E+03
1.31000000E-04,injectedCurrent,Node_1,4.15862107E+03
1.31000000E-04,injectedCurrent,Node_2,-4.72070445E+03
1.31000000E-04,voltage,Node_1,-8.79333288E+03
1.31000000E-04,voltage,Node_2,-7.35289506E+03
1.31000000E-04,i1,Line_1_e1,4.15862107E+03
1.31000000E-04,i2,Line_1_e1,-4.23380481E+03
1.31000000E-04,i1,Line_1_e10,4.66000962E+03
1.31000000E-04,i2,Line_1_e10,-4.72070445E+03
1.31500000E-04,injectedCurrent,Node_1,4.13719835E+03
1.31500000E-04,injectedCurrent,Node_2,-4.68622116E+03
1.31500000E-04,voltage,Node_1,-8.21127360E+03
1.31500000E-04,voltage,Node_2,-7.57686661E+03
1.31500000E-04,i1,Line_1_e1,4.13719835E+03
1.31500000E-04,i2,Line_1_e1,-4.20656803E+03
1.31500000E-04,i1,Line_1_e10,4.62278566E+03
1.31500000E-04,i2,Line_1_e10,-4.68622116E+03
1.32000000E-04,injectedCurrent,Node_1,4.11616298E+03
1.32000000E-04,injectedCurrent,Node_2,-4.65198977E+03
1.32000000E-04,voltage,Node_1,-8.41237021E+03
1.32000000E-04,voltage,Node_2,-7.00000618E+03
1.32000000E-04,i1,Line_1_e1,4.11616298E+03
1.32000000E-04,i2,Line_1_e1,-4.18802279E+03
1.32000000E-04,i1,Line_1_e10,4.59433888E+03
1.32000000E-04,i2,Line_1_e10,-4.65198977E+03
1.32500000E-04,injectedCurrent,Node_1,4.09550986E+03
1.32500000E-04,injectedCurrent,Node_2,-4.61800843E+03
1.32500000E-04,voltage,Node_1,-7.83139122E+03
1.32500000E-04,voltage,Node_2,-7.21511579E+03
1.32500000E-04,i1,Line_1_e1,4.09550986E+03
1.32500000E-04,i2,Line_1_e1,-4.16157540E+03
1.32500000E-04,i1,Line_1_e10,4.55770252E+03
1.32500000E-04,i2,Line_1_e10,-4.61800843E+03
1.33000000E-04,injectedCurrent,Node_1,4.07523389E+03
1.33000000E-04,injectedCurrent,Node_2,-4.58427531E+03
1.33000000E-04,voltage,Node_1,-8.02407480E+03
1.33000000E-04,voltage,Node_2,-6.63923800E+03
1.33000000E-04,i1,Line_1_e1,4.07523389E+03
1.33000000E-04,i2,Line_1_e1,-4.14370855E+03
1.33000000E-04,i1,Line_1_e10,4.52973500E+03
1.33000000E-04,i2,Line_1_e10,-4.58427531E+03
1.33500000E-04,injectedCurrent,Node_1,4.05532993E+03
1.33500000E-04,injectedCurrent,Node_2,-4.55078860E+03
1.33500000E-04,voltage,Node_1,-7.44430440E+03
1.33500000E-04,voltage,Node_2,-6.84572608E+03
1.33500000E-04,i1,Line_1_e1,4.05532993E+03
1.33500000E-04,i2,Line_1_e1,-4.11803110E+03
1.33500000E-04,i1,Line_1_e10,4.49367673E+03
1.33500000E-04,i2,Line_1_e10,-4.55078860E+03
1.34000000E-04,injectedCurrent,Node_1,4.03579282E+03
1.34000000E-04,injectedCurrent,Node_2,-4.51754650E+03
1.34000000E-04,voltage,Node_1,-7.62881614E+03
1.34000000E-04,voltage,Node_2,-6.27096020E+03
1.34000000E-04,i1,Line_1_e1,4.03579282E+03
1.34000000E-04,i2,Line_1_e1,-4.10082431E+03
1.34000000E-04,i1,Line_1_e10,4.46618021E+03
1.34000000E-04,i2,Line_1_e10,-4.51754650E+03
1.34500000E-04,injectedCurrent,Node_1,4.01661740E+03
1.34500000E-04,injectedCurrent,Node_2,-4.48454722E+03
1.34500000E-04,voltage,Node_1,-7.05038753E+03
1.34500000E-04,voltage,Node_2,-6.46906951E+03
1.34500000E-04,i1,Line_1_e1,4.01661740E+03
1.34500000E-04,i2,Line_1_e1,-4.07589724E+03
1.34500000E-04,i1,Line_1_e10,4.43069062E+03
1.34500000E-04,i2,Line_1_e10,-4.48454722E+03
1.35000000E-04,injectedCurrent,Node_1,3.99779849E+03
1.35000000E-04,injectedCurrent,Node_2,-4.45178899E+03
1.35000000E-04,voltage,Node_1,-7.22697078E+03
1.35000000E-04,voltage,Node_2,-5.89554972E+03
1.35000000E-04,i1,Line_1_e1,3.99779849E+03
1.35000000E-04,i2,Line_1_e1,-4.05933205E+03
1.35000000E-04,i1,Line_1_e10,4.40365689E+03
1.35000000E-04,i2,Line_1_e10,-4.45178899E+03
1.35500000E-04,injectedCurrent,Node_1,3.97933088E+03
1.35500000E-04,injectedCurrent,Node_2,-4.41927005E+03
1.35500000E-04,voltage,Node_1,-6.65002183E+03
1.35500000E-04,voltage,Node_2,-6.08552517E+03
1.35500000E-04,i1,Line_1_e1,3.97933088E+03
1.35500000E-04,i2,Line_1_e1,-4.03513572E+03
1.35500000E-04,i1,Line_1_e10,4.36872665E+03
1.35500000E-04,i2,Line_1_e10,-4.41927005E+03
1.36000000E-04,injectedCurrent,Node_1,3.96120936E+03
1.36000000E-04,injectedCurrent,Node_2,-4.38698865E+03
1.36000000E-04,voltage,Node_1,-6.81892197E+03
1.36000000E-04,voltage,Node_2,-5.51339030E+03
1.36000000E-04,i1,Line_1_e1,3.96120936E+03
1.36000000E-04,i2,Line_1_e1,-4.01919356E+03
1.36000000E-04,i1,Line_1_e10,4.34214757E+03
1.36000000E-04,i2,Line_1_e10,-4.38698865E+03
1.36500000E-04,injectedCurrent,Node_1,3.94342870E+03
1.36500000E-04,injectedCurrent,Node_2,-4.35494306E+03
1.36500000E-04,voltage,Node_1,-6.24359498E+03
1.36500000E-04,voltage,Node_2,-5.69547884E+03
1.36500000E-04,i1,Line_1_e1,3.94342870E+03
1.36500000E-04,i2,Line_1_e1,-3.99570824E+03
1.36500000E-04,i1,Line_1_e10,4.30776746E+03
1.36500000E-04,i2,Line_1_e10,-4.35494306E+03
1.37000000E-04,injectedCurrent,Node_1,3.92598366E+03
1.37000000E-04,injectedCurrent,Node_2,-4.32313155E+03
1.37000000E-04,voltage,Node_1,-6.40505929E+03
1.37000000E-04,voltage,Node_2,-5.12487218E+03
1.37000000E-04,i1,Line_1_e1,3.92598366E+03
1.37000000E-04,i2,Line_1_e1,-3.98037043E+03
1.37000000E-04,i1,Line_1_e10,4.28163496E+03
1.37000000E-04,i2,Line_1_e10,-4.32313155E+03
1.37500000E-04,injectedCurrent,Node_1,3.90886898E+03
1.37500000E-04,injectedCurrent,Node_2,-4.29155242E+03
1.37500000E-04,voltage,Node_1,-5.83150078E+03
1.37500000E-04,voltage,Node_2,-5.29932262E+03
1.37500000E-04,i1,Line_1_e1,3.90886898E+03
1.37500000E-04,i2,Line_1_e1,-3.95757633E+03
1.37500000E-04,i1,Line_1_e10,4.24779582E+03
1.37500000E-04,i2,Line_1_e10,-4.29155242E+03
1.38000000E-04,injectedCurrent,Node_1,3.89207940E+03
1.38000000E-04,injectedCurrent,Node_2,-4.26020395E+03
1.38000000E-04,voltage,Node_1,-5.98577821E+03
1.38000000E-04,voltage,Node_2,-4.73039169E+03
1.38000000E-04,i1,Line_1_e1,3.89207940E+03
1.38000000E-04,i2,Line_1_e1,-3.94282410E+03
1.38000000E-04,i1,Line_1_e10,4.22210188E+03
1.38000000E-04,i2,Line_1_e10,-4.26020395E+03
1.38500000E-04,injectedCurrent,Node_1,3.87560964E+03
1.38500000E-04,injectedCurrent,Node_2,-4.22908449E+03
1.38500000E-04,voltage,Node_1,-5.41413868E+03
1.38500000E-04,voltage,Node_2,-4.89745456E+03
1.38500000E-04,i1,Line_1_e1,3.87560964E+03
1.38500000E-04,i2,Line_1_e1,-3.92070135E+03
1.38500000E-04,i1,Line_1_e10,4.18879466E+03
1.38500000E-04,i2,Line_1_e10,-4.22908449E+03
1.39000000E-04,injectedCurrent,Node_1,3.85945441E+03
1.39000000E-04,injectedCurrent,Node_2,-4.19819233E+03
1.39000000E-04,voltage,Node_1,-5.56147977E+03
1.39000000E-04,voltage,Node_2,-4.33035083E+03
1.39000000E-04,i1,Line_1_e1,3.85945441E+03
1.39000000E-04,i2,Line_1_e1,-3.90651587E+03
1.39000000E-04,i1,Line_1_e10,4.16353133E+03
1.39000000E-04,i2,Line_1_e10,-4.19819233E+03
1.39500000E-04,injectedCurrent,Node_1,3.84360842E+03
1.39500000E-04,injectedCurrent,Node_2,-4.16752584E+03
1.39500000E-04,voltage,Node_1,-4.99191347E+03
1.39500000E-04,voltage,Node_2,-4.49027822E+03
1.39500000E-04,i1,Line_1_e1,3.84360842E+03
1.39500000E-04,i2,Line_1_e1,-3.88504456E+03
1.39500000E-04,i1,Line_1_e10,4.13074706E+03
1.39500000E-04,i2,Line_1_e10,-4.16752584E+03
1.40000000E-04,injectedCurrent,Node_1,3.82806636E+03
1.40000000E-04,injectedCurrent,Node_2,-4.13708335E+03
1.40000000E-04,voltage,Node_1,-5.13257012E+03
1.40000000E-04,voltage,Node_2,-3.92515696E+03
1.40000000E-04,i1,Line_1_e1,3.82806636E+03
1.40000000E-04,i2,Line_1_e1,-3.87140691E+03
1.40000000E-04,i1,Line_1_e10,4.10590645E+03
1.40000000E-04,i2,Line_1_e10,-4.13708335E+03
1.40500000E-04,injectedCurrent,Node_1,3.81282292E+03
1.40500000E-04,injectedCurrent,Node_2,-4.10686324E+03
1.40500000E-04,voltage,Node_1,-4.56523483E+03
1.40500000E-04,voltage,Node_2,-4.07820231E+03
1.40500000E-04,i1,Line_1_e1,3.81282292E+03
1.40500000E-04,i2,Line_1_e1,-3.85056710E+03
1.40500000E-04,i1,Line_1_e10,4.07363625E+03
1.40500000E-04,i2,Line_1_e10,-4.10686324E+03
1.41000000E-04,injectedCurrent,Node_1,3.79787277E+03
1.41000000E-04,injectedCurrent,Node_2,-4.07686388E+03
1.41000000E-04,voltage,Node_1,-4.69946015E+03
1.41000000E-04,voltage,Node_2,-3.51522229E+03
1.41000000E-04,i1,Line_1_e1,3.79787277E+03
1.41000000E-04,i2,Line_1_e1,-3.83745829E+03
1.41000000E-04,i1,Line_1_e10,4.04921055E+03
1.41000000E-04,i2,Line_1_e10,-4.07686388E+03
1.41500000E-04,injectedCurrent,Node_1,3.78321060E+03
1.41500000E-04,injectedCurrent,Node_2,-4.04708365E+03
1.41500000E-04,voltage,Node_1,-4.13451691E+03
1.41500000E-04,voltage,Node_2,-3.66164029E+03
1.41500000E-04,i1,Line_1_e1,3.78321060E+03
1.41500000E-04,i2,Line_1_e1,-3.81723000E+03
1.41500000E-04,i1,Line_1_e10,4.01744562E+03
1.41500000E-04,i2,Line_1_e10,-4.04708365E+03
1.42000000E-04,injectedCurrent,Node_1,3.76883107E+03
1.42000000E-04,injectedCurrent,Node_2,-4.01752096E+03
1.42000000E-04,voltage,Node_1,-4.26256506E+03
1.42000000E-04,voltage,Node_2,-3.10096358E+03
1.42000000E-04,i1,Line_1_e1,3.76883107E+03
1.42000000E-04,i2,Line_1_e1,-3.80463103E+03
1.42000000E-04,i1,Line_1_e10,3.99342707E+03
1.42000000E-04,i2,Line_1_e10,-4.01752096E+03
1.42500000E-04,injectedCurrent,Node_1,3.75472885E+03
1.42500000E-04,injectedCurrent,Node_2,-3.98817421E+03
1.42500000E-04,voltage,Node_1,-3.70017798E+03
1.42500000E-04,voltage,Node_2,-3.24100993E+03
1.42500000E-04,i1,Line_1_e1,3.75472885E+03
1.42500000E-04,i2,Line_1_e1,-3.78499426E+03
1.42500000E-04,i1,Line_1_e10,3.96215871E+03
1.42500000E-04,i2,Line_1_e10,-3.98817421E+03
1.43000000E-04,injectedCurrent,Node_1,3.74089860E+03
1.43000000E-04,injectedCurrent,Node_2,-3.95904184E+03
1.43000000E-04,voltage,Node_1,-3.82230397E+03
1.43000000E-04,voltage,Node_2,-2.68280166E+03
1.43000000E-04,i1,Line_1_e1,3.74089860E+03
1.43000000E-04,i2,Line_1_e1,-3.77288607E+03
1.43000000E-04,i1,Line_1_e10,3.93853963E+03
1.43000000E-04,i2,Line_1_e10,-3.95904184E+03
1.43500000E-04,injectedCurrent,Node_1,3.72733497E+03
1.43500000E-04,injectedCurrent,Node_2,-3.93012226E+03
1.43500000E-04,voltage,Node_1,-3.26263997E+03
1.43500000E-04,voltage,Node_2,-2.81673294E+03
1.43500000E-04,i1,Line_1_e1,3.72733497E+03
1.43500000E-04,i2,Line_1_e1,-3.75382082E+03
1.43500000E-04,i1,Line_1_e10,3.90775923E+03
1.43500000E-04,i2,Line_1_e10,-3.93012226E+03
1.44000000E-04,injectedCurrent,Node_1,3.71403262E+03
1.44000000E-04,injectedCurrent,Node_2,-3.90141394E+03
1.44000000E-04,voltage,Node_1,-3.37909949E+03
1.44000000E-04,voltage,Node_2,-2.26116106E+03
1.44000000E-04,i1,Line_1_e1,3.71403262E+03
1.44000000E-04,i2,Line_1_e1,-3.74218435E+03
1.44000000E-04,i1,Line_1_e10,3.88453198E+03
1.44000000E-04,i2,Line_1_e10,-3.90141394E+03
1.44500000E-04,injectedCurrent,Node_1,3.70098622E+03
1.44500000E-04,injectedCurrent,Node_2,-3.87291532E+03
1.44500000E-04,voltage,Node_1,-2.82232805E+03
1.44500000E-04,voltage,Node_2,-2.38923452E+03
1.44500000E-04,i1,Line_1_e1,3.70098622E+03
1.44500000E-04,i2,Line_1_e1,-3.72367062E+03
1.44500000E-04,i1,Line_1_e10,3.85423101E+03
1.44500000E-04,i2,Line_1_e10,-3.87291532E+03
1.45000000E-04,injectedCurrent,Node_1,3.68819041E+03
1.45000000E-04,injectedCurrent,Node_2,-3.84462487E+03
1.45000000E-04,voltage,Node_1,-2.93337730E+03
1.45000000E-04,voltage,Node_2,-1.83646956E+03
1.45000000E-04,i1,Line_1_e1,3.68819041E+03
1.45000000E-04,i2,Line_1_e1,-3.71248677E+03
1.45000000E-04,i1,Line_1_e10,3.83138804E+03
1.45000000E-04,i2,Line_1_e10,-3.84462487E+03
1.45500000E-04,injectedCurrent,Node_1,3.67563985E+03
1.45500000E-04,injectedCurrent,Node_2,-3.81654108E+03
1.45500000E-04,voltage,Node_1,-2.37967026E+03
1.45500000E-04,voltage,Node_2,-1.95894296E+03
1.45500000E-04,i1,Line_1_e1,3.67563985E+03
1.45500000E-04,i2,Line_1_e1,-3.69450459E+03
1.45500000E-04,i1,Line_1_e10,3.80155807E+03
1.45500000E-04,i2,Line_1_e10,-3.81654108E+03
1.46000000E-04,injectedCurrent,Node_1,3.66332920E+03
1.46000000E-04,injectedCurrent,Node_2,-3.78866243E+03
1.46000000E-04,voltage,Node_1,-2.48556572E+03
1.46000000E-04,voltage,Node_2,-1.40915781E+03
1.46000000E-04,i1,Line_1_e1,3.66332920E+03
1.46000000E-04,i2,Line_1_e1,-3.68375428E+03
1.46000000E-04,i1,Line_1_e10,3.77909190E+03
1.46000000E-04,i2,Line_1_e10,-3.78866243E+03
1.46500000E-04,injectedCurrent,Node_1,3.65125311E+03
1.46500000E-04,injectedCurrent,Node_2,-3.76098742E+03
1.46500000E-04,voltage,Node_1,-1.93509701E+03
1.46500000E-04,voltage,Node_2,-1.52628921E+03
1.46500000E-04,i1,Line_1_e1,3.65125311E+03
1.46500000E-04,i2,Line_1_e1,-3.66628369E+03
1.46500000E-04,i1,Line_1_e10,3.74972458E+03
1.46500000E-04,i2,Line_1_e10,-3.76098742E+03
1.47000000E-04,injectedCurrent,Node_1,3.63940626E+03
1.47000000E-04,injectedCurrent,Node_2,-3.73351458E+03
1.47000000E-04,voltage,Node_1,-2.03609531E+03
1.47000000E-04,voltage,Node_2,-9.79658867E+02
1.47000000E-04,i1,Line_1_e1,3.63940626E+03
1.47000000E-04,i2,Line_1_e1,-3.65594787E+03
1.47000000E-04,i1,Line_1_e10,3.72762779E+03
1.47000000E-04,i2,Line_1_e10,-3.73351458E+03
1.47500000E-04,injectedCurrent,Node_1,3.62778331E+03
1.47500000E-04,injectedCurrent,Node_2,-3.70624241E+03
1.47500000E-04,voltage,Node_1,-1.48904072E+03
1.47500000E-04,voltage,Node_2,-1.09170646E+03
1.47500000E-04,i1,Line_1_e1,3.62778331E+03
1.47500000E-04,i2,Line_1_e1,-3.63896896E+03
1.47500000E-04,i1,Line_1_e10,3.69871485E+03
1.47500000E-04,i2,Line_1_e10,-3.70624241E+03
1.48000000E-04,injectedCurrent,Node_1,3.61637894E+03
1.48000000E-04,injectedCurrent,Node_2,-3.67916946E+03
1.48000000E-04,voltage,Node_1,-1.58539841E+03
1.48000000E-04,voltage,Node_2,-5.48407796E+02
1.48000000E-04,i1,Line_1_e1,3.61637894E+03
1.48000000E-04,i2,Line_1_e1,-3.62902857E+03
1.48000000E-04,i1,Line_1_e10,3.67698009E+03
1.48000000E-04,i2,Line_1_e10,-3.67916946E+03
1.48500000E-04,injectedCurrent,Node_1,3.60518781E+03
1.48500000E-04,injectedCurrent,Node_2,-3.65229426E+03
1.48500000E-04,voltage,Node_1,-1.04193537E+03
1.48500000E-04,voltage,Node_2,-6.55629707E+02
1.48500000E-04,i1,Line_1_e1,3.60518781E+03
1.48500000E-04,i2,Line_1_e1,-3.61252148E+03
1.48500000E-04,i1,Line_1_e10,3.64851338E+03
1.48500000E-04,i2,Line_1_e10,-3.65229426E+03
1.49000000E-04,injectedCurrent,Node_1,3.59420463E+03
1.49000000E-04,injectedCurrent,Node_2,-3.62561539E+03
1.49000000E-04,voltage,Node_1,-1.13390875E+03
1.49000000E-04,voltage,Node_2,-1.15841238E+02
1.49000000E-04,i1,Line_1_e1,3.59420463E+03
1.49000000E-04,i2,Line_1_e1,-3.60295753E+03
1.49000000E-04,i1,Line_1_e10,3.62713338E+03
1.49000000E-04,i2,Line_1_e10,-3.62561539E+03
1.49500000E-04,injectedCurrent,Node_1,3.58342407E+03
1.49500000E-04,injectedCurrent,Node_2,-3.59913139E+03
1.49500000E-04,voltage,Node_1,-5.94216048E+02
1.49500000E-04,voltage,Node_2,-2.18495349E+02
1.49500000E-04,i1,Line_1_e1,3.58342407E+03
1.49500000E-04,i2,Line_1_e1,-3.58690247E+03
1.49500000E-04,i1,Line_1_e10,3.59910481E+03
1.49500000E-04,i2,Line_1_e10,-3.59913139E+03
1.50000000E-04,injectedCurrent,Node_1,3.57284085E+03
1.50000000E-04,injectedCurrent,Node_2,-3.57284085E+03
1.50000000E-04,voltage,Node_1,-6.82060961E+02
1.50000000E-04,voltage,Node_2,3.17603022E+02
1.50000000E-04,i1,Line_1_e1,3.57284085E+03
1.50000000E-04,i2,Line_1_e1,-3.57769601E+03
1.50000000E-04,i1,Line_1_e10,3.57807236E+03
1.50000000E-04,i2,Line_1_e10,-3.57284085E+03
1.50500000E-04,injectedCurrent,Node_1,3.56244967E+03
1.50500000E-04,injectedCurrent,Node_2,-3.54674236E+03
1.50500000E-04,voltage,Node_1,-1.46318564E+02
1.50500000E-04,voltage,Node_2,2.19259280E+02
1.50500000E-04,i1,Line_1_e1,3.56244967E+03
1.50500000E-04,i2,Line_1_e1,-3.56207325E+03
1.50500000E-04,i1,Line_1_e10,3.55047394E+03
1.50500000E-04,i2,Line_1_e10,-3.54674236E+03
1.51000000E-04,injectedCurrent,Node_1,3.55224526E+03
1.51000000E-04,injectedCurrent,Node_2,-3.52083450E+03
1.51000000E-04,voltage,Node_1,-2.30290208E+02
1.51000000E-04,voltage,Node_2,7.51486482E+02
1.51000000E-04,i1,Line_1_e1,3.55224526E+03
1.51000000E-04,i2,Line_1_e1,-3.55320539E+03
1.51000000E-04,i1,Line_1_e10,3.52978191E+03
1.51000000E-04,i2,Line_1_e10,-3.52083450E+03
1.51500000E-04,injectedCurrent,Node_1,3.54222235E+03
1.51500000E-04,injectedCurrent,Node_2,-3.49511590E+03
1.51500000E-04,voltage,Node_1,3.01321021E+02
1.51500000E-04,voltage,Node_2,6.57196316E+02
1.51500000E-04,i1,Line_1_e1,3.54222235E+03
1.51500000E-04,i2,Line_1_e1,-3.53799530E+03
1.51500000E-04,i1,Line_1_e10,3.50260576E+03
1.51500000E-04,i2,Line_1_e10,-3.49511590E+03
1.52000000E-04,injectedCurrent,Node_1,3.53237568E+03
1.52000000E-04,injectedCurrent,Node_2,-3.46958516E+03
1.52000000E-04,voltage,Node_1,2.20968283E+02
1.52000000E-04,voltage,Node_2,1.18537035E+03
1.52000000E-04,i1,Line_1_e1,3.53237568E+03
1.52000000E-04,i2,Line_1_e1,-3.52944723E+03
1.52000000E-04,i1,Line_1_e10,3.48224709E+03
1.52000000E-04,i2,Line_1_e10,-3.46958516E+03
1.52500000E-04,injectedCurrent,Node_1,3.52270001E+03
1.52500000E-04,injectedCurrent,Node_2,-3.44424091E+03
1.52500000E-04,voltage,Node_1,7.48266803E+02
1.52500000E-04,voltage,Node_2,1.09487780E+03
1.52500000E-04,i1,Line_1_e1,3.52270001E+03
1.52500000E-04,i2,Line_1_e1,-3.51463028E+03
1.52500000E-04,i1,Line_1_e10,3.45548539E+03
1.52500000E-04,i2,Line_1_e10,-3.44424091E+03
1.53000000E-04,injectedCurrent,Node_1,3.51319011E+03
1.53000000E-04,injectedCurrent,Node_2,-3.41908180E+03
1.53000000E-04,voltage,Node_1,6.71279646E+02
1.53000000E-04,voltage,Node_2,1.61881599E+03
1.53000000E-04,i1,Line_1_e1,3.51319011E+03
1.53000000E-04,i2,Line_1_e1,-3.50638328E+03
1.53000000E-04,i1,Line_1_e10,3.43545309E+03
1.53000000E-04,i2,Line_1_e10,-3.41908180E+03
1.53500000E-04,injectedCurrent,Node_1,3.50384078E+03
1.53500000E-04,injectedCurrent,Node_2,-3.39410647E+03
1.53500000E-04,voltage,Node_1,1.19408348E+03
1.53500000E-04,voltage,Node_2,1.53186613E+03
1.53500000E-04,i1,Line_1_e1,3.50384078E+03
1.53500000E-04,i2,Line_1_e1,-3.49194005E+03
1.53500000E-04,i1,Line_1_e10,3.40909813E+03
1.53500000E-04,i2,Line_1_e10,-3.39410647E+03
1.54000000E-04,injectedCurrent,Node_1,3.49464681E+03
1.54000000E-04,injectedCurrent,Node_2,-3.36931357E+03
1.54000000E-04,voltage,Node_1,1.12020980E+03
1.54000000E-04,voltage,Node_2,2.05138533E+03
1.54000000E-04,i1,Line_1_e1,3.49464681E+03
1.54000000E-04,i2,Line_1_e1,-3.48397550E+03
1.54000000E-04,i1,Line_1_e10,3.38938531E+03
1.54000000E-04,i2,Line_1_e10,-3.36931357E+03
1.54500000E-04,injectedCurrent,Node_1,3.48560301E+03
1.54500000E-04,injectedCurrent,Node_2,-3.34470178E+03
1.54500000E-04,voltage,Node_1,1.63833676E+03
1.54500000E-04,voltage,Node_2,1.96772444E+03
1.54500000E-04,i1,Line_1_e1,3.48560301E+03
1.54500000E-04,i2,Line_1_e1,-3.46988669E+03
1.54500000E-04,i1,Line_1_e10,3.36342947E+03
1.54500000E-04,i2,Line_1_e10,-3.34470178E+03
1.55000000E-04,injectedCurrent,Node_1,3.47670424E+03
1.55000000E-04,injectedCurrent,Node_2,-3.32026977E+03
1.55000000E-04,voltage,Node_1,1.56732590E+03
1.55000000E-04,voltage,Node_2,2.48264131E+03
1.55000000E-04,i1,Line_1_e1,3.47670424E+03
1.55000000E-04,i2,Line_1_e1,-3.46218608E+03
1.55000000E-04,i1,Line_1_e10,3.34402927E+03
1.55000000E-04,i2,Line_1_e10,-3.32026977E+03
1.55500000E-04,injectedCurrent,Node_1,3.46794533E+03
1.55500000E-04,injectedCurrent,Node_2,-3.29601623E+03
1.55500000E-04,voltage,Node_1,2.08059383E+03
1.55500000E-04,voltage,Node_2,2.40201711E+03
1.55500000E-04,i1,Line_1_e1,3.46794533E+03
1.55500000E-04,i2,Line_1_e1,-3.44843253E+03
1.55500000E-04,i1,Line_1_e10,3.31846502E+03
1.55500000E-04,i2,Line_1_e10,-3.29601623E+03
1.56000000E-04,injectedCurrent,Node_1,3.45932117E+03
1.56000000E-04,injectedCurrent,Node_2,-3.27193985E+03
1.56000000E-04,voltage,Node_1,2.01219673E+03
1.56000000E-04,voltage,Node_2,2.91214829E+03
1.56000000E-04,i1,Line_1_e1,3.45932117E+03
1.56000000E-04,i2,Line_1_e1,-3.44097749E+03
1.56000000E-04,i1,Line_1_e10,3.29937070E+03
1.56000000E-04,i2,Line_1_e10,-3.27193985E+03
1.56500000E-04,injectedCurrent,Node_1,3.45082664E+03
1.56500000E-04,injectedCurrent,Node_2,-3.24803935E+03
1.56500000E-04,voltage,Node_1,2.52042374E+03
1.56500000E-04,voltage,Node_2,2.83431010E+03
1.56500000E-04,i1,Line_1_e1,3.45082664E+03
1.56500000E-04,i2,Line_1_e1,-3.42754018E+03
1.56500000E-04,i1,Line_1_e10,3.27419061E+03
1.56500000E-04,i2,Line_1_e10,-3.24803935E+03
1.57000000E-04,injectedCurrent,Node_1,3.44245667E+03
1.57000000E-04,injectedCurrent,Node_2,-3.22431342E+03
1.57000000E-04,voltage,Node_1,2.45439317E+03
1.57000000E-04,voltage,Node_2,3.33947252E+03
1.57000000E-04,i1,Line_1_e1,3.44245667E+03
1.57000000E-04,i2,Line_1_e1,-3.42031246E+03
1.57000000E-04,i1,Line_1_e10,3.25539549E+03
1.57000000E-04,i2,Line_1_e10,-3.22431342E+03
1.57500000E-04,injectedCurrent,Node_1,3.43420618E+03
1.57500000E-04,injectedCurrent,Node_2,-3.20076081E+03
1.57500000E-04,voltage,Node_1,2.95739786E+03
1.57500000E-04,voltage,Node_2,3.26417147E+03
1.57500000E-04,i1,Line_1_e1,3.43420618E+03
1.57500000E-04,i2,Line_1_e1,-3.40717254E+03
1.57500000E-04,i1,Line_1_e10,3.23059221E+03
1.57500000E-04,i2,Line_1_e10,-3.20076081E+03
1.58000000E-04,injectedCurrent,Node_1,3.42607014E+03
1.58000000E-04,injectedCurrent,Node_2,-3.17738025E+03
1.58000000E-04,voltage,Node_1,2.89348861E+03
1.58000000E-04,voltage,Node_2,3.76418250E+03
1.58000000E-04,i1,Line_1_e1,3.42607014E+03
1.58000000E-04,i2,Line_1_e1,-3.40015406E+03
1.58000000E-04,i1,Line_1_e10,3.21208969E+03
1.58000000E-04,i2,Line_1_e10,-3.17738025E+03
1.58500000E-04,injectedCurrent,Node_1,3.41804352E+03
1.58500000E-04,injectedCurrent,Node_2,-3.15417047E+03
1.58500000E-04,voltage,Node_1,3.39109028E+03
1.58500000E-04,voltage,Node_2,3.69117175E+03
1.58500000E-04,i1,Line_1_e1,3.41804352E+03
1.58500000E-04,i2,Line_1_e1,-3.38729284E+03
1.58500000E-04,i1,Line_1_e10,3.18765597E+03
1.58500000E-04,i2,Line_1_e10,-3.15417047E+03
1.59000000E-04,injectedCurrent,Node_1,3.41012134E+03
1.59000000E-04,injectedCurrent,Node_2,-3.13113023E+03
1.59000000E-04,voltage,Node_1,3.32905934E+03
1.59000000E-04,voltage,Node_2,4.18584947E+03
1.59000000E-04,i1,Line_1_e1,3.41012134E+03
1.59000000E-04,i2,Line_1_e1,-3.38046566E+03
1.59000000E-04,i1,Line_1_e10,3.16943953E+03
1.59000000E-04,i2,Line_1_e10,-3.13113023E+03
1.59500000E-04,injectedCurrent,Node_1,3.40229862E+03
1.59500000E-04,injectedCurrent,Node_2,-3.10825830E+03
1.59500000E-04,voltage,Node_1,3.82107828E+03
1.59500000E-04,voltage,Node_2,4.11488435E+03
1.59500000E-04,i1,Line_1_e1,3.40229862E+03
1.59500000E-04,i2,Line_1_e1,-3.36786465E+03
1.59500000E-04,i1,Line_1_e10,3.14536823E+03
1.59500000E-04,i2,Line_1_e10,-3.10825830E+03
1.60000000E-04,injectedCurrent,Node_1,3.39457043E+03
1.60000000E-04,injectedCurrent,Node_2,-3.08555343E+03
1.60000000E-04,voltage,Node_1,3.76068502E+03
1.60000000E-04,voltage,Node_2,4.60404781E+03
1.60000000E-04,i1,Line_1_e1,3.39457043E+03
1.60000000E-04,i2,Line_1_e1,-3.36121103E+03
1.60000000E-04,i1,Line_1_e10,3.12743143E+03
1.60000000E-04,i2,Line_1_e10,-3.08555343E+03
1.60500000E-04,injectedCurrent,Node_1,3.38693184E+03
1.60500000E-04,injectedCurrent,Node_2,-3.06301442E+03
1.60500000E-04,voltage,Node_1,4.24694266E+03
1.60500000E-04,voltage,Node_2,4.53488605E+03
1.60500000E-04,i1,Line_1_e1,3.38693184E+03
1.60500000E-04,i2,Line_1_e1,-3.34885192E+03
1.60500000E-04,i1,Line_1_e10,3.10371548E+03
1.60500000E-04,i2,Line_1_e10,-3.06301442E+03
1.61000000E-04,injectedCurrent,Node_1,3.37937797E+03
1.61000000E-04,injectedCurrent,Node_2,-3.04064005E+03
1.61000000E-04,voltage,Node_1,4.18794908E+03
1.61000000E-04,voltage,Node_2,5.01835541E+03
1.61000000E-04,i1,Line_1_e1,3.37937797E+03
1.61000000E-04,i2,Line_1_e1,-3.34235429E+03
1.61000000E-04,i1,Line_1_e10,3.08605197E+03
1.61000000E-04,i2,Line_1_e10,-3.04064005E+03
1.61500000E-04,injectedCurrent,Node_1,3.37190396E+03
1.61500000E-04,injectedCurrent,Node_2,-3.01842912E+03
1.61500000E-04,voltage,Node_1,4.66826826E+03
1.61500000E-04,voltage,Node_2,4.95075733E+03
1.61500000E-04,i1,Line_1_e1,3.37190396E+03
1.61500000E-04,i2,Line_1_e1,-3.33021898E+03
1.61500000E-04,i1,Line_1_e10,3.06268441E+03
1.61500000E-04,i2,Line_1_e10,-3.01842912E+03
1.62000000E-04,injectedCurrent,Node_1,3.36450498E+03
1.62000000E-04,injectedCurrent,Node_2,-2.99638043E+03
1.62000000E-04,voltage,Node_1,4.61043912E+03
1.62000000E-04,voltage,Node_2,5.42835416E+03
1.62000000E-04,i1,Line_1_e1,3.36450498E+03
1.62000000E-04,i2,Line_1_e1,-3.32385997E+03
1.62000000E-04,i1,Line_1_e10,3.04528790E+03
1.62000000E-04,i2,Line_1_e10,-2.99638043E+03
1.62500000E-04,injectedCurrent,Node_1,3.35717623E+03
1.62500000E-04,injectedCurrent,Node_2,-2.97449280E+03
1.62500000E-04,voltage,Node_1,5.08464428E+03
1.62500000E-04,voltage,Node_2,5.36208286E+03
1.62500000E-04,i1,Line_1_e1,3.35717623E+03
1.62500000E-04,i2,Line_1_e1,-3.31193058E+03
1.62500000E-04,i1,Line_1_e10,3.02226187E+03
1.62500000E-04,i2,Line_1_e10,-2.97449280E+03
1.63000000E-04,injectedCurrent,Node_1,3.34991294E+03
1.63000000E-04,injectedCurrent,Node_2,-2.95276505E+03
1.63000000E-04,voltage,Node_1,5.02774731E+03
1.63000000E-04,voltage,Node_2,5.83363031E+03
1.63000000E-04,i1,Line_1_e1,3.34991294E+03
1.63000000E-04,i2,Line_1_e1,-3.30569304E+03
1.63000000E-04,i1,Line_1_e10,3.00512618E+03
1.63000000E-04,i2,Line_1_e10,-2.95276505E+03
1.63500000E-04,injectedCurrent,Node_1,3.34271037E+03
1.63500000E-04,injectedCurrent,Node_2,-2.93119601E+03
1.63500000E-04,voltage,Node_1,5.49566475E+03
1.63500000E-04,voltage,Node_2,5.76845184E+03
1.63500000E-04,i1,Line_1_e1,3.34271037E+03
1.63500000E-04,i2,Line_1_e1,-3.29395193E+03
1.63500000E-04,i1,Line_1_e10,2.98243491E+03
1.63500000E-04,i2,Line_1_e10,-2.93119601E+03
1.64000000E-04,injectedCurrent,Node_1,3.33556383E+03
1.64000000E-04,injectedCurrent,Node_2,-2.90978454E+03
1.64000000E-04,voltage,Node_1,5.43947085E+03
1.64000000E-04,voltage,Node_2,6.23377490E+03
1.64000000E-04,i1,Line_1_e1,3.33556383E+03
1.64000000E-04,i2,Line_1_e1,-3.28781891E+03
1.64000000E-04,i1,Line_1_e10,2.96555392E+03
1.64000000E-04,i2,Line_1_e10,-2.90978454E+03
1.64500000E-04,injectedCurrent,Node_1,3.32846863E+03
1.64500000E-04,injectedCurrent,Node_2,-2.88852946E+03
1.64500000E-04,voltage,Node_1,5.90092888E+03
1.64500000E-04,voltage,Node_2,6.16945849E+03
1.64500000E-04,i1,Line_1_e1,3.32846863E+03
1.64500000E-04,i2,Line_1_e1,-3.27624867E+03
1.64500000E-04,i1,Line_1_e10,2.94319075E+03
1.64500000E-04,i2,Line_1_e10,-2.88852946E+03
1.65000000E-04,injectedCurrent,Node_1,3.32142015E+03
1.65000000E-04,injectedCurrent,Node_2,-2.86742965E+03
1.65000000E-04,voltage,Node_1,5.84521229E+03
1.65000000E-04,voltage,Node_2,6.62838416E+03
1.65000000E-04,i1,Line_1_e1,3.32142015E+03
1.65000000E-04,i2,Line_1_e1,-3.27020349E+03
1.65000000E-04,i1,Line_1_e10,2.92655843E+03
1.65000000E-04,i2,Line_1_e10,-2.86742965E+03
1.65500000E-04,injectedCurrent,Node_1,3.31441378E+03
1.65500000E-04,injectedCurrent,Node_2,-2.84648396E+03
1.65500000E-04,voltage,Node_1,6.30004150E+03
1.65500000E-04,voltage,Node_2,6.56470234E+03
1.65500000E-04,i1,Line_1_e1,3.31441378E+03
1.65500000E-04,i2,Line_1_e1,-3.25878696E+03
1.65500000E-04,i1,Line_1_e10,2.90451678E+03
1.65500000E-04,i2,Line_1_e10,-2.84648396E+03
1.66000000E-04,injectedCurrent,Node_1,3.30744495E+03
1.66000000E-04,injectedCurrent,Node_2,-2.82569128E+03
1.66000000E-04,voltage,Node_1,6.24458000E+03
1.66000000E-04,voltage,Node_2,7.01705988E+03
1.66000000E-04,i1,Line_1_e1,3.30744495E+03
1.66000000E-04,i2,Line_1_e1,-3.25281317E+03
1.66000000E-04,i1,Line_1_e10,2.88812721E+03
1.66000000E-04,i2,Line_1_e10,-2.82569128E+03
1.66500000E-04,injectedCurrent,Node_1,3.30050915E+03
1.66500000E-04,injectedCurrent,Node_2,-2.80505048E+03
1.66500000E-04,voltage,Node_1,6.69261344E+03
1.66500000E-04,voltage,Node_2,6.95378872E+03
1.66500000E-04,i1,Line_1_e1,3.30050915E+03
1.66500000E-04,i2,Line_1_e1,-3.24153345E+03
1.66500000E-04,i1,Line_1_e10,2.86640060E+03
1.66500000E-04,i2,Line_1_e10,-2.80505048E+03
1.67000000E-04,injectedCurrent,Node_1,3.29360187E+03
1.67000000E-04,injectedCurrent,Node_2,-2.78456046E+03
1.67000000E-04,voltage,Node_1,6.63718850E+03
1.67000000E-04,voltage,Node_2,7.39940983E+03
1.67000000E-04,i1,Line_1_e1,3.29360187E+03
1.67000000E-04,i2,Line_1_e1,-3.23561484E+03
1.67000000E-04,i1,Line_1_e10,2.85024793E+03
1.67000000E-04,i2,Line_1_e10,-2.78456046E+03
1.67500000E-04,injectedCurrent,Node_1,3.28671867E+03
1.67500000E-04,injectedCurrent,Node_2,-2.76422011E+03
1.67500000E-04,voltage,Node_1,7.07826189E+03
1.67500000E-04,voltage,Node_2,7.33632910E+03
1.67500000E-04,i1,Line_1_e1,3.28671867E+03
1.67500000E-04,i2,Line_1_e1,-3.22445533E+03
1.67500000E-04,i1,Line_1_e10,2.82882998E+03
1.67500000E-04,i2,Line_1_e10,-2.76422011E+03
1.68000000E-04,injectedCurrent,Node_1,3.27985513E+03
1.68000000E-04,injectedCurrent,Node_2,-2.74402833E+03
1.68000000E-04,voltage,Node_1,7.02265887E+03
1.68000000E-04,voltage,Node_2,7.77504815E+03
1.68000000E-04,i1,Line_1_e1,3.27985513E+03
1.68000000E-04,i2,Line_1_e1,-3.21857597E+03
1.68000000E-04,i1,Line_1_e10,2.81290844E+03
1.68000000E-04,i2,Line_1_e10,-2.74402833E+03
1.68500000E-04,injectedCurrent,Node_1,3.27300688E+03
1.68500000E-04,injectedCurrent,Node_2,-2.72398406E+03
1.68500000E-04,voltage,Node_1,7.45661082E+03
1.68500000E-04,voltage,Node_2,7.71194150E+03
1.68500000E-04,i1,Line_1_e1,3.27300688E+03
1.68500000E-04,i2,Line_1_e1,-3.20752033E+03
1.68500000E-04,i1,Line_1_e10,2.79179289E+03
1.68500000E-04,i2,Line_1_e10,-2.72398406E+03
1.69000000E-04,injectedCurrent,Node_1,3.26616958E+03
1.69000000E-04,injectedCurrent,Node_2,-2.70408620E+03
1.69000000E-04,voltage,Node_1,7.40061914E+03
1.69000000E-04,voltage,Node_2,8.14359569E+03
1.69000000E-04,i1,Line_1_e1,3.26616958E+03
1.69000000E-04,i2,Line_1_e1,-3.20166458E+03
1.69000000E-04,i1,Line_1_e10,2.77609680E+03
1.69000000E-04,i2,Line_1_e10,-2.70408620E+03
1.69500000E-04,injectedCurrent,Node_1,3.25933894E+03
1.69500000E-04,injectedCurrent,Node_2,-2.68433369E+03
1.69500000E-04,voltage,Node_1,7.82729130E+03
1.69500000E-04,voltage,Node_2,8.08025082E+03
1.69500000E-04,i1,Line_1_e1,3.25933894E+03
1.69500000E-04,i2,Line_1_e1,-3.19069676E+03
1.69500000E-04,i1,Line_1_e10,2.75527748E+03
1.69500000E-04,i2,Line_1_e10,-2.68433369E+03
1.70000000E-04,injectedCurrent,Node_1,3.25251071E+03
1.70000000E-04,injectedCurrent,Node_2,-2.66472546E+03
1.70000000E-04,voltage,Node_1,7.77070463E+03
1.70000000E-04,voltage,Node_2,8.50468043E+03
1.70000000E-04,i1,Line_1_e1,3.25251071E+03
1.70000000E-04,i2,Line_1_e1,-3.18484925E+03
1.70000000E-04,i1,Line_1_e10,2.73980125E+03
1.70000000E-04,i2,Line_1_e10,-2.66472546E+03
1.70500000E-04,injectedCurrent,Node_1,3.24568069E+03
1.70500000E-04,injectedCurrent,Node_2,-2.64526047E+03
1.70500000E-04,voltage,Node_1,8.18994191E+03
1.70500000E-04,voltage,Node_2,8.44088926E+03
1.70500000E-04,i1,Line_1_e1,3.24568069E+03
1.70500000E-04,i2,Line_1_e1,-3.17395353E+03
1.70500000E-04,i1,Line_1_e10,2.71927207E+03
1.70500000E-04,i2,Line_1_e10,-2.64526047E+03
1.71000000E-04,injectedCurrent,Node_1,3.23884471E+03
1.71000000E-04,injectedCurrent,Node_2,-2.62593766E+03
1.71000000E-04,voltage,Node_1,8.13255830E+03
1.71000000E-04,voltage,Node_2,8.85793781E+03
1.71000000E-04,i1,Line_1_e1,3.23884471E+03
1.71000000E-04,i2,Line_1_e1,-3.16809921E+03
1.71000000E-04,i1,Line_1_e10,2.70401022E+03
1.71000000E-04,i2,Line_1_e10,-2.62593766E+03
1.71500000E-04,injectedCurrent,Node_1,3.23199865E+03
1.71500000E-04,injectedCurrent,Node_2,-2.60675600E+03
1.71500000E-04,voltage,Node_1,8.54420908E+03
1.71500000E-04,voltage,Node_2,8.79349667E+03
1.71500000E-04,i1,Line_1_e1,3.23199865E+03
1.71500000E-04,i2,Line_1_e1,-3.15726016E+03
1.71500000E-04,i1,Line_1_e10,2.68376522E+03
1.71500000E-04,i2,Line_1_e10,-2.60675600E+03
1.72000000E-04,injectedCurrent,Node_1,3.22513844E+03
1.72000000E-04,injectedCurrent,Node_2,-2.58771445E+03
1.72000000E-04,voltage,Node_1,8.48583116E+03
1.72000000E-04,voltage,Node_2,9.20301112E+03
1.72000000E-04,i1,Line_1_e1,3.22513844E+03
1.72000000E-04,i2,Line_1_e1,-3.15138427E+03
1.72000000E-04,i1,Line_1_e10,2.66871233E+03
1.72000000E-04,i2,Line_1_e10,-2.58771445E+03
1.72500000E-04,injectedCurrent,Node_1,3.21826005E+03
1.72500000E-04,injectedCurrent,Node_2,-2.56881200E+03
1.72500000E-04,voltage,Node_1,8.88974746E+03
1.72500000E-04,voltage,Node_2,9.13772088E+03
1.72500000E-04,i1,Line_1_e1,3.21826005E+03
1.72500000E-04,i2,Line_1_e1,-3.14058681E+03
1.72500000E-04,i1,Line_1_e10,2.64874563E+03
1.72500000E-04,i2,Line_1_e10,-2.56881200E+03
1.73000000E-04,injectedCurrent,Node_1,3.21135949E+03
1.73000000E-04,injectedCurrent,Node_2,-2.55004763E+03
1.73000000E-04,voltage,Node_1,8.83018256E+03
1.73000000E-04,voltage,Node_2,9.53955180E+03
1.73000000E-04,i1,Line_1_e1,3.21135949E+03
1.73000000E-04,i2,Line_1_e1,-3.13467492E+03
1.73000000E-04,i1,Line_1_e10,2.63389639E+03
1.73000000E-04,i2,Line_1_e10,-2.55004763E+03
1.73500000E-04,injectedCurrent,Node_1,3.20443283E+03
1.73500000E-04,injectedCurrent,Node_2,-2.53142032E+03
1.73500000E-04,voltage,Node_1,9.22622020E+03
1.73500000E-04,voltage,Node_2,9.47321807E+03
1.73500000E-04,i1,Line_1_e1,3.20443283E+03
1.73500000E-04,i2,Line_1_e1,-3.12390428E+03
1.73500000E-04,i1,Line_1_e10,2.61420223E+03
1.73500000E-04,i2,Line_1_e10,-2.53142032E+03
1.74000000E-04,injectedCurrent,Node_1,3.19747618E+03
1.74000000E-04,injectedCurrent,Node_2,-2.51292908E+03
1.74000000E-04,voltage,Node_1,9.16528057E+03
1.74000000E-04,voltage,Node_2,9.86721984E+03
1.74000000E-04,i1,Line_1_e1,3.19747618E+03
1.74000000E-04,i2,Line_1_e1,-3.11794229E+03
1.74000000E-04,i1,Line_1_e10,2.59955142E+03
1.74000000E-04,i2,Line_1_e10,-2.51292908E+03
1.74500000E-04,injectedCurrent,Node_1,3.19048571E+03
1.74500000E-04,injectedCurrent,Node_2,-2.49457291E+03
1.74500000E-04,voltage,Node_1,9.55329937E+03
1.74500000E-04,voltage,Node_2,9.79965309E+03
1.74500000E-04,i1,Line_1_e1,3.19048571E+03
1.74500000E-04,i2,Line_1_e1,-3.10718407E+03
1.74500000E-04,i1,Line_1_e10,2.58012412E+03
1.74500000E-04,i2,Line_1_e10,-2.49457291E+03
1.75000000E-04,injectedCurrent,Node_1,3.18345761E+03
1.75000000E-04,injectedCurrent,Node_2,-2.47635083E+03
1.75000000E-04,voltage,Node_1,9.49080226E+03
1.75000000E-04,voltage,Node_2,1.01856841E+04
1.75000000E-04,i1,Line_1_e1,3.18345761E+03
1.75000000E-04,i2,Line_1_e1,-3.10115821E+03
1.75000000E-04,i1,Line_1_e10,2.56566661E+03
1.75000000E-04,i2,Line_1_e10,-2.47635083E+03
1.75500000E-04,injectedCurrent,Node_1,3.17638815E+03
1.75500000E-04,injectedCurrent,Node_2,-2.45826185E+03
1.75500000E-04,voltage,Node_1,9.87066621E+03
1.75500000E-04,voltage,Node_2,1.01166998E+04
1.75500000E-04,i1,Line_1_e1,3.17638815E+03
1.75500000E-04,i2,Line_1_e1,-3.09039834E+03
1.75500000E-04,i1,Line_1_e10,2.54650062E+03
1.75500000E-04,i2,Line_1_e10,-2.45826185E+03
1.76000000E-04,injectedCurrent,Node_1,3.16927364E+03
1.76000000E-04,injectedCurrent,Node_2,-2.44030501E+03
1.76000000E-04,voltage,Node_1,9.80643409E+03
1.76000000E-04,voltage,Node_2,1.04946226E+04
1.76000000E-04,i1,Line_1_e1,3.16927364E+03
1.76000000E-04,i2,Line_1_e1,-3.08429520E+03
1.76000000E-04,i1,Line_1_e10,2.53223136E+03
1.76000000E-04,i2,Line_1_e10,-2.44030501E+03
1.76500000E-04,injectedCurrent,Node_1,3.16211043E+03
1.76500000E-04,injectedCurrent,Node_2,-2.42247934E+03
1.76500000E-04,voltage,Node_1,1.01780115E+04
1.76500000E-04,voltage,Node_2,1.04240415E+04
1.76500000E-04,i1,Line_1_e1,3.16211043E+03
1.76500000E-04,i2,Line_1_e1,-3.07351999E+03
1.76500000E-04,i1,Line_1_e10,2.51332122E+03
1.76500000E-04,i2,Line_1_e10,-2.42247934E+03
1.77000000E-04,injectedCurrent,Node_1,3.15489495E+03
1.77000000E-04,injectedCurrent,Node_2,-2.40478388E+03
1.77000000E-04,voltage,Node_1,1.01118722E+04
1.77000000E-04,voltage,Node_2,1.07937228E+04
1.77000000E-04,i1,Line_1_e1,3.15489495E+03
1.77000000E-04,i2,Line_1_e1,-3.06732650E+03
1.77000000E-04,i1,Line_1_e10,2.49923528E+03
1.77000000E-04,i2,Line_1_e10,-2.40478388E+03
1.77500000E-04,injectedCurrent,Node_1,3.14762364E+03
1.77500000E-04,injectedCurrent,Node_2,-2.38721768E+03
1.77500000E-04,voltage,Node_1,1.04750358E+04
1.77500000E-04,voltage,Node_2,1.07213709E+04
1.77500000E-04,i1,Line_1_e1,3.14762364E+03
1.77500000E-04,i2,Line_1_e1,-3.05652263E+03
1.77500000E-04,i1,Line_1_e10,2.48057564E+03
1.77500000E-04,i2,Line_1_e10,-2.38721768E+03
1.78000000E-04,injectedCurrent,Node_1,3.14029303E+03
1.78000000E-04,injectedCurrent,Node_2,-2.36977979E+03
1.78000000E-04,voltage,Node_1,1.04068225E+04
1.78000000E-04,voltage,Node_2,1.10826821E+04
1.78000000E-04,i1,Line_1_e1,3.14029303E+03
1.78000000E-04,i2,Line_1_e1,-3.05022610E+03
1.78000000E-04,i1,Line_1_e10,2.46666816E+03
1.78000000E-04,i2,Line_1_e10,-2.36977979E+03
1.78500000E-04,injectedCurrent,Node_1,3.13289969E+03
1.78500000E-04,injectedCurrent,Node_2,-2.35246928E+03
1.78500000E-04,voltage,Node_1,1.07614499E+04
1.78500000E-04,voltage,Node_2,1.10083909E+04
1.78500000E-04,i1,Line_1_e1,3.13289969E+03
1.78500000E-04,i2,Line_1_e1,-3.03938061E+03
1.78500000E-04,i1,Line_1_e10,2.44825376E+03
1.78500000E-04,i2,Line_1_e10,-2.35246928E+03
1.79000000E-04,injectedCurrent,Node_1,3.12544024E+03
1.79000000E-04,injectedCurrent,Node_2,-2.33528523E+03
1.79000000E-04,voltage,Node_1,1.06910015E+04
1.79000000E-04,voltage,Node_2,1.13612079E+04
1.79000000E-04,i1,Line_1_e1,3.12544024E+03
1.79000000E-04,i2,Line_1_e1,-3.03296872E+03
1.79000000E-04,i1,Line_1_e10,2.43451999E+03
1.79000000E-04,i2,Line_1_e10,-2.33528523E+03
1.79500000E-04,injectedCurrent,Node_1,3.11791135E+03
1.79500000E-04,injectedCurrent,Node_2,-2.31822669E+03
1.79500000E-04,voltage,Node_1,1.10369748E+04
1.79500000E-04,voltage,Node_2,1.12848145E+04
1.79500000E-04,i1,Line_1_e1,3.11791135E+03
1.79500000E-04,i2,Line_1_e1,-3.02206905E+03
1.79500000E-04,i1,Line_1_e10,2.41634569E+03
1.79500000E-04,i2,Line_1_e10,-2.31822669E+03
1.80000000E-04,injectedCurrent,Node_1,3.11030976E+03
1.80000000E-04,injectedCurrent,Node_2,-2.30129276E+03
1.80000000E-04,voltage,Node_1,1.09641359E+04
1.80000000E-04,voltage,Node_2,1.16290180E+04
1.80000000E-04,i1,Line_1_e1,3.11030976E+03
1.80000000E-04,i2,Line_1_e1,-3.01552986E+03
1.80000000E-04,i1,Line_1_e10,2.40278097E+03
1.80000000E-04,i2,Line_1_e10,-2.30129276E+03
1.80500000E-04,injectedCurrent,Node_1,3.10263225E+03
1.80500000E-04,injectedCurrent,Node_2,-2.28448253E+03
1.80500000E-04,voltage,Node_1,1.13013423E+04
1.80500000E-04,voltage,Node_2,1.15503652E+04
1.80500000E-04,i1,Line_1_e1,3.10263225E+03
1.80500000E-04,i2,Line_1_e1,-3.00456386E+03
1.80500000E-04,i1,Line_1_e10,2.38484172E+03
1.80500000E-04,i2,Line_1_e10,-2.28448253E+03
1.81000000E-04,injectedCurrent,Node_1,3.09487567E+03
1.81000000E-04,injectedCurrent,Node_2,-2.26779510E+03
1.81000000E-04,voltage,Node_1,1.12259634E+04
1.81000000E-04,voltage,Node_2,1.18858410E+04
1.81000000E-04,i1,Line_1_e1,3.09487567E+03
1.81000000E-04,i2,Line_1_e1,-2.99788581E+03
1.81000000E-04,i1,Line_1_e10,2.37144149E+03
1.81000000E-04,i2,Line_1_e10,-2.26779510E+03
1.81500000E-04,injectedCurrent,Node_1,3.08703692E+03
1.81500000E-04,injectedCurrent,Node_2,-2.25122956E+03
1.81500000E-04,voltage,Node_1,1.15542953E+04
1.81500000E-04,voltage,Node_2,1.18047775E+04
1.81500000E-04,i1,Line_1_e1,3.08703692E+03
1.81500000E-04,i2,Line_1_e1,-2.98684170E+03
1.81500000E-04,i1,Line_1_e10,2.35373236E+03
1.81500000E-04,i2,Line_1_e10,-2.25122956E+03
1.82000000E-04,injectedCurrent,Node_1,3.07911295E+03
1.82000000E-04,injectedCurrent,Node_2,-2.23478502E+03
1.82000000E-04,voltage,Node_1,1.14762328E+04
1.82000000E-04,voltage,Node_2,1.21314163E+04
1.82000000E-04,i1,Line_1_e1,3.07911295E+03
1.82000000E-04,i2,Line_1_e1,-2.98001365E+03
1.82000000E-04,i1,Line_1_e10,2.34049214E+03
1.82000000E-04,i2,Line_1_e10,-2.23478502E+03
1.82500000E-04,injectedCurrent,Node_1,3.07110077E+03
1.82500000E-04,injectedCurrent,Node_2,-2.21846061E+03
1.82500000E-04,voltage,Node_1,1.17955875E+04
1.82500000E-04,voltage,Node_2,1.20477966E+04
1.82500000E-04,i1,Line_1_e1,3.07110077E+03
1.82500000E-04,i2,Line_1_e1,-2.96888007E+03
1.82500000E-04,i1,Line_1_e10,2.32300831E+03
1.82500000E-04,i2,Line_1_e10,-2.21846061E+03
1.83000000E-04,injectedCurrent,Node_1,3.06299747E+03
1.83000000E-04,injectedCurrent,Node_2,-2.20225544E+03
1.83000000E-04,voltage,Node_1,1.17147040E+04
1.83000000E-04,voltage,Node_2,1.23654944E+04
1.83000000E-04,i1,Line_1_e1,3.06299747E+03
1.83000000E-04,i2,Line_1_e1,-2.96189127E+03
1.83000000E-04,i1,Line_1_e10,2.30992374E+03
1.83000000E-04,i2,Line_1_e10,-2.20225544E+03
1.83500000E-04,injectedCurrent,Node_1,3.05480016E+03
1.83500000E-04,injectedCurrent,Node_2,-2.18616865E+03
1.83500000E-04,voltage,Node_1,1.20249845E+04
1.83500000E-04,voltage,Node_2,1.22791794E+04
1.83500000E-04,i1,Line_1_e1,3.05480016E+03
1.83500000E-04,i2,Line_1_e1,-2.95065728E+03
1.83500000E-04,i1,Line_1_e10,2.29266046E+03
1.83500000E-04,i2,Line_1_e10,-2.18616865E+03
1.84000000E-04,injectedCurrent,Node_1,3.04650604E+03
1.84000000E-04,injectedCurrent,Node_2,-2.17019936E+03
1.84000000E-04,voltage,Node_1,1.19411488E+04
1.84000000E-04,voltage,Node_2,1.25878374E+04
1.84000000E-04,i1,Line_1_e1,3.04650604E+03
1.84000000E-04,i2,Line_1_e1,-2.94349738E+03
1.84000000E-04,i1,Line_1_e10,2.27972727E+03
1.84000000E-04,i2,Line_1_e10,-2.17019936E+03
1.84500000E-04,injectedCurrent,Node_1,3.03811236E+03
1.84500000E-04,injectedCurrent,Node_2,-2.15434673E+03
1.84500000E-04,voltage,Node_1,1.22422633E+04
1.84500000E-04,voltage,Node_2,1.24986941E+04
1.84500000E-04,i1,Line_1_e1,3.03811236E+03
1.84500000E-04,i2,Line_1_e1,-2.93215248E+03
1.84500000E-04,i1,Line_1_e10,2.26267994E+03
1.84500000E-04,i2,Line_1_e10,-2.15434673E+03
1.85000000E-04,injectedCurrent,Node_1,3.02961642E+03
1.85000000E-04,injectedCurrent,Node_2,-2.13860989E+03
1.85000000E-04,voltage,Node_1,1.21553503E+04
1.85000000E-04,voltage,Node_2,1.27982190E+04
1.85000000E-04,i1,Line_1_e1,3.02961642E+03
1.85000000E-04,i2,Line_1_e1,-2.92481155E+03
1.85000000E-04,i1,Line_1_e10,2.24989395E+03
1.85000000E-04,i2,Line_1_e10,-2.13860989E+03
1.85500000E-04,injectedCurrent,Node_1,3.02101559E+03
1.85500000E-04,injectedCurrent,Node_2,-2.12298801E+03
1.85500000E-04,voltage,Node_1,1.24472128E+04
1.85500000E-04,voltage,Node_2,1.27061207E+04
1.85500000E-04,i1,Line_1_e1,3.02101559E+03
1.85500000E-04,i2,Line_1_e1,-2.91334563E+03
1.85500000E-04,i1,Line_1_e10,2.23305804E+03
1.85500000E-04,i2,Line_1_e10,-2.12298801E+03
1.86000000E-04,injectedCurrent,Node_1,3.01230729E+03
1.86000000E-04,injectedCurrent,Node_2,-2.10748024E+03
1.86000000E-04,voltage,Node_1,1.23571041E+04
1.86000000E-04,voltage,Node_2,1.29964249E+04
1.86000000E-04,i1,Line_1_e1,3.01230729E+03
1.86000000E-04,i2,Line_1_e1,-2.90581418E+03
1.86000000E-04,i1,Line_1_e10,2.22041517E+03
1.86000000E-04,i2,Line_1_e10,-2.10748024E+03
1.86500000E-04,injectedCurrent,Node_1,3.00348903E+03
1.86500000E-04,injectedCurrent,Node_2,-2.09208575E+03
1.86500000E-04,voltage,Node_1,1.26396341E+04
1.86500000E-04,voltage,Node_2,1.29012512E+04
1.86500000E-04,i1,Line_1_e1,3.00348903E+03
1.86500000E-04,i2,Line_1_e1,-2.89421759E+03
1.86500000E-04,i1,Line_1_e10,2.20378628E+03
1.86500000E-04,i2,Line_1_e10,-2.09208575E+03
1.87000000E-04,injectedCurrent,Node_1,2.99455834E+03
1.87000000E-04,injectedCurrent,Node_2,-2.07680371E+03
1.87000000E-04,voltage,Node_1,1.25462177E+04
1.87000000E-04,voltage,Node_2,1.31822528E+04
1.87000000E-04,i1,Line_1_e1,2.99455834E+03
1.87000000E-04,i2,Line_1_e1,-2.88648654E+03
1.87000000E-04,i1,Line_1_e10,2.19128255E+03
1.87000000E-04,i2,Line_1_e10,-2.07680371E+03
1.87500000E-04,injectedCurrent,Node_1,2.98551284E+03
1.87500000E-04,injectedCurrent,Node_2,-2.06163331E+03
1.87500000E-04,voltage,Node_1,1.28193406E+04
1.87500000E-04,voltage,Node_2,1.30838899E+04
1.87500000E-04,i1,Line_1_e1,2.98551284E+03
1.87500000E-04,i2,Line_1_e1,-2.87475005E+03
1.87500000E-04,i1,Line_1_e10,2.17485638E+03
1.87500000E-04,i2,Line_1_e10,-2.06163331E+03
1.88000000E-04,injectedCurrent,Node_1,2.97635020E+03
1.88000000E-04,injectedCurrent,Node_2,-2.04657371E+03
1.88000000E-04,voltage,Node_1,1.27225111E+04
1.88000000E-04,voltage,Node_2,1.33555126E+04
1.88000000E-04,i1,Line_1_e1,2.97635020E+03
1.88000000E-04,i2,Line_1_e1,-2.86681076E+03
1.88000000E-04,i1,Line_1_e10,2.16248790E+03
1.88000000E-04,i2,Line_1_e10,-2.04657371E+03
1.88500000E-04,injectedCurrent,Node_1,2.96706816E+03
1.88500000E-04,injectedCurrent,Node_2,-2.03162413E+03
1.88500000E-04,voltage,Node_1,1.29861582E+04
1.88500000E-04,voltage,Node_2,1.32538534E+04
1.88500000E-04,i1,Line_1_e1,2.96706816E+03
1.88500000E-04,i2,Line_1_e1,-2.85492560E+03
1.88500000E-04,i1,Line_1_e10,2.14626025E+03
1.88500000E-04,i2,Line_1_e10,-2.03162413E+03
1.89000000E-04,injectedCurrent,Node_1,2.95766451E+03
1.89000000E-04,injectedCurrent,Node_2,-2.01678374E+03
1.89000000E-04,voltage,Node_1,1.28858168E+04
1.89000000E-04,voltage,Node_2,1.35160269E+04
1.89000000E-04,i1,Line_1_e1,2.95766451E+03
1.89000000E-04,i2,Line_1_e1,-2.84676987E+03
1.89000000E-04,i1,Line_1_e10,2.13402324E+03
1.89000000E-04,i2,Line_1_e10,-2.01678374E+03
1.89500000E-04,injectedCurrent,Node_1,2.94813712E+03
1.89500000E-04,injectedCurrent,Node_2,-2.00205176E+03
1.89500000E-04,voltage,Node_1,1.31399253E+04
1.89500000E-04,voltage,Node_2,1.34109707E+04
1.89500000E-04,i1,Line_1_e1,2.94813712E+03
1.89500000E-04,i2,Line_1_e1,-2.83472771E+03
1.89500000E-04,i1,Line_1_e10,2.11799003E+03
1.89500000E-04,i2,Line_1_e10,-2.00205176E+03
1.90000000E-04,injectedCurrent,Node_1,2.93848391E+03
1.90000000E-04,injectedCurrent,Node_2,-1.98742739E+03
1.90000000E-04,voltage,Node_1,1.30359800E+04
1.90000000E-04,voltage,Node_2,1.36636307E+04
1.90000000E-04,i1,Line_1_e1,2.93848391E+03
1.90000000E-04,i2,Line_1_e1,-2.82634777E+03
1.90000000E-04,i1,Line_1_e10,2.10588079E+03
1.90000000E-04,i2,Line_1_e10,-1.98742739E+03
1.90500000E-04,injectedCurrent,Node_1,2.92870287E+03
1.90500000E-04,injectedCurrent,Node_2,-1.97290985E+03
1.90500000E-04,voltage,Node_1,1.32804933E+04
1.90500000E-04,voltage,Node_2,1.35550839E+04
1.90500000E-04,i1,Line_1_e1,2.92870287E+03
1.90500000E-04,i2,Line_1_e1,-2.81414074E+03
1.90500000E-04,i1,Line_1_e10,2.09003803E+03
1.90500000E-04,i2,Line_1_e10,-1.97290985E+03
1.91000000E-04,injectedCurrent,Node_1,2.91879204E+03
1.91000000E-04,injectedCurrent,Node_2,-1.95849836E+03
1.91000000E-04,voltage,Node_1,1.31728589E+04
1.91000000E-04,voltage,Node_2,1.37981722E+04
1.91000000E-04,i1,Line_1_e1,2.91879204E+03
1.91000000E-04,i2,Line_1_e1,-2.80552927E+03
1.91000000E-04,i1,Line_1_e10,2.07805298E+03
1.91000000E-04,i2,Line_1_e10,-1.95849836E+03
1.91500000E-04,injectedCurrent,Node_1,2.90874955E+03
1.91500000E-04,injectedCurrent,Node_2,-1.94419213E+03
1.91500000E-04,voltage,Node_1,1.34077265E+04
1.91500000E-04,voltage,Node_2,1.36860477E+04
1.91500000E-04,i1,Line_1_e1,2.90874955E+03
1.91500000E-04,i2,Line_1_e1,-2.79314994E+03
1.91500000E-04,i1,Line_1_e10,2.06239679E+03
1.91500000E-04,i2,Line_1_e10,-1.94419213E+03
1.92000000E-04,injectedCurrent,Node_1,2.89857357E+03
1.92000000E-04,injectedCurrent,Node_2,-1.92999041E+03
1.92000000E-04,voltage,Node_1,1.32963248E+04
1.92000000E-04,voltage,Node_2,1.39195121E+04
1.92000000E-04,i1,Line_1_e1,2.89857357E+03
1.92000000E-04,i2,Line_1_e1,-2.78430009E+03
1.92000000E-04,i1,Line_1_e10,2.05053245E+03
1.92000000E-04,i2,Line_1_e10,-1.92999041E+03
1.92500000E-04,injectedCurrent,Node_1,2.88826235E+03
1.92500000E-04,injectedCurrent,Node_2,-1.91589243E+03
1.92500000E-04,voltage,Node_1,1.35215024E+04
1.92500000E-04,voltage,Node_2,1.38037300E+04
1.92500000E-04,i1,Line_1_e1,2.88826235E+03
1.92500000E-04,i2,Line_1_e1,-2.77174150E+03
1.92500000E-04,i1,Line_1_e10,2.03505905E+03
1.92500000E-04,i2,Line_1_e10,-1.91589243E+03
1.93000000E-04,injectedCurrent,Node_1,2.87781419E+03
1.93000000E-04,injectedCurrent,Node_2,-1.90189743E+03
1.93000000E-04,voltage,Node_1,1.34062620E+04
1.93000000E-04,voltage,Node_2,1.40275247E+04
1.93000000E-04,i1,Line_1_e1,2.87781419E+03
1.93000000E-04,i2,Line_1_e1,-2.76264685E+03
1.93000000E-04,i1,Line_1_e10,2.02331201E+03
1.93000000E-04,i2,Line_1_e10,-1.90189743E+03
1.93500000E-04,injectedCurrent,Node_1,2.86722747E+03
1.93500000E-04,injectedCurrent,Node_2,-1.88800466E+03
1.93500000E-04,voltage,Node_1,1.36217115E+04
1.93500000E-04,voltage,Node_2,1.39080116E+04
1.93500000E-04,i1,Line_1_e1,2.86722747E+03
1.93500000E-04,i2,Line_1_e1,-2.74990249E+03
1.93500000E-04,i1,Line_1_e10,2.00801774E+03
1.93500000E-04,i2,Line_1_e10,-1.88800466E+03
1.94000000E-04,injectedCurrent,Node_1,2.85650062E+03
1.94000000E-04,injectedCurrent,Node_2,-1.87421337E+03
1.94000000E-04,voltage,Node_1,1.35025680E+04
1.94000000E-04,voltage,Node_2,1.41220970E+04
1.94000000E-04,i1,Line_1_e1,2.85650062E+03
1.94000000E-04,i2,Line_1_e1,-2.74055709E+03
1.94000000E-04,i1,Line_1_e10,1.99638471E+03
1.94000000E-04,i2,Line_1_e10,-1.87421337E+03
1.94500000E-04,injectedCurrent,Node_1,2.84563215E+03
1.94500000E-04,injectedCurrent,Node_2,-1.86052282E+03
1.94500000E-04,voltage,Node_1,1.37082579E+04
1.94500000E-04,voltage,Node_2,1.39987870E+04
1.94500000E-04,i1,Line_1_e1,2.84563215E+03
1.94500000E-04,i2,Line_1_e1,-2.72762094E+03
1.94500000E-04,i1,Line_1_e10,1.98126601E+03
1.94500000E-04,i2,Line_1_e10,-1.86052282E+03
1.95000000E-04,injectedCurrent,Node_1,2.83462062E+03
1.95000000E-04,injectedCurrent,Node_2,-1.84693228E+03
1.95000000E-04,voltage,Node_1,1.35851540E+04
1.95000000E-04,voltage,Node_2,1.42031298E+04
1.95000000E-04,i1,Line_1_e1,2.83462062E+03
1.95000000E-04,i2,Line_1_e1,-2.71801929E+03
1.95000000E-04,i1,Line_1_e10,1.96974379E+03
1.95000000E-04,i2,Line_1_e10,-1.84693228E+03
1.95500000E-04,injectedCurrent,Node_1,2.82346467E+03
1.95500000E-04,injectedCurrent,Node_2,-1.83344101E+03
1.95500000E-04,voltage,Node_1,1.37810589E+04
1.95500000E-04,voltage,Node_2,1.40759637E+04
1.95500000E-04,i1,Line_1_e1,2.82346467E+03
1.95500000E-04,i2,Line_1_e1,-2.70488576E+03
1.95500000E-04,i1,Line_1_e10,1.95479720E+03
1.95500000E-04,i2,Line_1_e10,-1.83344101E+03
1.96000000E-04,injectedCurrent,Node_1,2.81216300E+03
1.96000000E-04,injectedCurrent,Node_2,-1.82004829E+03
1.96000000E-04,voltage,Node_1,1.36539443E+04
1.96000000E-04,voltage,Node_2,1.42705371E+04
1.96000000E-04,i1,Line_1_e1,2.81216300E+03
1.96000000E-04,i2,Line_1_e1,-2.69502282E+03
1.96000000E-04,i1,Line_1_e10,1.94338270E+03
1.96000000E-04,i2,Line_1_e10,-1.82004829E+03
1.96500000E-04,injectedCurrent,Node_1,2.80071436E+03
1.96500000E-04,injectedCurrent,Node_2,-1.80675341E+03
1.96500000E-04,voltage,Node_1,1.38400454E+04
1.96500000E-04,voltage,Node_2,1.41394629E+04
1.96500000E-04,i1,Line_1_e1,2.80071436E+03
1.96500000E-04,i2,Line_1_e1,-2.68168682E+03
1.96500000E-04,i1,Line_1_e10,1.92860485E+03
1.96500000E-04,i2,Line_1_e10,-1.80675341E+03
1.97000000E-04,injectedCurrent,Node_1,2.78911760E+03
1.97000000E-04,injectedCurrent,Node_2,-1.79355563E+03
1.97000000E-04,voltage,Node_1,1.37088770E+04
1.97000000E-04,voltage,Node_2,1.43242465E+04
1.97000000E-04,i1,Line_1_e1,2.78911760E+03
1.97000000E-04,i2,Line_1_e1,-2.67155802E+03
1.97000000E-04,i1,Line_1_e10,1.91729507E+03
1.97000000E-04,i2,Line_1_e10,-1.79355563E+03
1.97500000E-04,injectedCurrent,Node_1,2.77737160E+03
1.97500000E-04,injectedCurrent,Node_2,-1.78045426E+03
1.97500000E-04,voltage,Node_1,1.38851621E+04
1.97500000E-04,voltage,Node_2,1.41892192E+04
1.97500000E-04,i1,Line_1_e1,2.77737160E+03
1.97500000E-04,i2,Line_1_e1,-2.65801492E+03
1.97500000E-04,i1,Line_1_e10,1.90268273E+03
1.97500000E-04,i2,Line_1_e10,-1.78045426E+03
1.98000000E-04,injectedCurrent,Node_1,2.76547533E+03
1.98000000E-04,injectedCurrent,Node_2,-1.76744860E+03
1.98000000E-04,voltage,Node_1,1.37499037E+04
1.98000000E-04,voltage,Node_2,1.43641990E+04
1.98000000E-04,i1,Line_1_e1,2.76547533E+03
1.98000000E-04,i2,Line_1_e1,-2.64761614E+03
1.98000000E-04,i1,Line_1_e10,1.89147475E+03
1.98000000E-04,i2,Line_1_e10,-1.76744860E+03
1.98500000E-04,injectedCurrent,Node_1,2.75342781E+03
1.98500000E-04,injectedCurrent,Node_2,-1.75453793E+03
1.98500000E-04,voltage,Node_1,1.39163669E+04
1.98500000E-04,voltage,Node_2,1.42251809E+04
1.98500000E-04,i1,Line_1_e1,2.75342781E+03
1.98500000E-04,i2,Line_1_e1,-2.63386178E+03
1.98500000E-04,i1,Line_1_e10,1.87702477E+03
1.98500000E-04,i2,Line_1_e10,-1.75453793E+03
1.99000000E-04,injectedCurrent,Node_1,2.74122814E+03
1.99000000E-04,injectedCurrent,Node_2,-1.74172158E+03
1.99000000E-04,voltage,Node_1,1.37769897E+04
1.99000000E-04,voltage,Node_2,1.43903496E+04
1.99000000E-04,i1,Line_1_e1,2.74122814E+03
1.99000000E-04,i2,Line_1_e1,-2.62318939E+03
1.99000000E-04,i1,Line_1_e10,1.86591578E+03
1.99000000E-04,i2,Line_1_e10,-1.74172158E+03
1.99500000E-04,injectedCurrent,Node_1,2.72887547E+03
1.99500000E-04,injectedCurrent,Node_2,-1.72899884E+03
1.99500000E-04,voltage,Node_1,1.39336317E+04
1.99500000E-04,voltage,Node_2,1.42473100E+04
1.99500000E-04,i1,Line_1_e1,2.72887547E+03
1.99500000E-04,i2,Line_1_e1,-2.60922007E+03
1.99500000E-04,i1,Line_1_e10,1.85162512E+03
1.99500000E-04,i2,Line_1_e10,-1.72899884E+03
2.00000000E-04,injectedCurrent,Node_1,2.71636904E+03
2.00000000E-04,injectedCurrent,Node_2,-1.71636904E+03
2.00000000E-04,voltage,Node_1,1.37901140E+04
2.00000000E-04,voltage,Node_2,1.44026667E+04
2.00000000E-04,i1,Line_1_e1,2.71636904E+03
2.00000000E-04,i2,Line_1_e1,-2.59827087E+03
2.00000000E-04,i1,Line_1_e10,1.84061242E+03
2.00000000E-04,i2,Line_1_e10,-1.71636904E+03
2.00500000E-04,injectedCurrent,Node_1,2.70370813E+03
2.00500000E-04,injectedCurrent,Node_2,-1.70383150E+03
2.00500000E-04,voltage,Node_1,1.39369420E+04
2.00500000E-04,voltage,Node_2,1.42555821E+04
2.00500000E-04,i1,Line_1_e1,2.70370813E+03
2.00500000E-04,i2,Line_1_e1,-2.58408338E+03
2.00500000E-04,i1,Line_1_e10,1.82647813E+03
2.00500000E-04,i2,Line_1_e10,-1.70383150E+03
2.01000000E-04,injectedCurrent,Node_1,2.69089209E+03
2.01000000E-04,injectedCurrent,Node_2,-1.69138553E+03
2.01000000E-04,voltage,Node_1,1.37892692E+04
2.01000000E-04,voltage,Node_2,1.44011324E+04
2.01000000E-04,i1,Line_1_e1,2.69089209E+03
2.01000000E-04,i2,Line_1_e1,-2.57285466E+03
2.01000000E-04,i1,Line_1_e10,1.81555910E+03
2.01000000E-04,i2,Line_1_e10,-1.69138553E+03
2.01500000E-04,injectedCurrent,Node_1,2.67792036E+03
2.01500000E-04,injectedCurrent,Node_2,-1.67903049E+03
2.01500000E-04,voltage,Node_1,1.39262971E+04
2.01500000E-04,voltage,Node_2,1.42499866E+04
2.01500000E-04,i1,Line_1_e1,2.67792036E+03
2.01500000E-04,i2,Line_1_e1,-2.55844626E+03
2.01500000E-04,i1,Line_1_e10,1.80157835E+03
2.01500000E-04,i2,Line_1_e10,-1.67903049E+03
2.02000000E-04,injectedCurrent,Node_1,2.66479242E+03
2.02000000E-04,injectedCurrent,Node_2,-1.66676569E+03
2.02000000E-04,voltage,Node_1,1.37744617E+04
2.02000000E-04,voltage,Node_2,1.43857429E+04
2.02000000E-04,i1,Line_1_e1,2.66479242E+03
2.02000000E-04,i2,Line_1_e1,-2.54693577E+03
2.02000000E-04,i1,Line_1_e10,1.79075047E+03
2.02000000E-04,i2,Line_1_e10,-1.66676569E+03
2.02500000E-04,injectedCurrent,Node_1,2.65150782E+03
2.02500000E-04,injectedCurrent,Node_2,-1.65459048E+03
2.02500000E-04,voltage,Node_1,1.39017099E+04
2.02500000E-04,voltage,Node_2,1.42305266E+04
2.02500000E-04,i1,Line_1_e1,2.65150782E+03
2.02500000E-04,i2,Line_1_e1,-2.53230416E+03
2.02500000E-04,i1,Line_1_e10,1.77692053E+03
2.02500000E-04,i2,Line_1_e10,-1.65459048E+03
2.03000000E-04,injectedCurrent,Node_1,2.63806618E+03
2.03000000E-04,injectedCurrent,Node_2,-1.64250421E+03
2.03000000E-04,voltage,Node_1,1.37457115E+04
2.03000000E-04,voltage,Node_2,1.43565076E+04
2.03000000E-04,i1,Line_1_e1,2.63806618E+03
2.03000000E-04,i2,Line_1_e1,-2.52051011E+03
2.03000000E-04,i1,Line_1_e10,1.76618137E+03
2.03000000E-04,i2,Line_1_e10,-1.64250421E+03
2.03500000E-04,injectedCurrent,Node_1,2.62446718E+03
2.03500000E-04,injectedCurrent,Node_2,-1.63050623E+03
2.03500000E-04,voltage,Node_1,1.38632070E+04
2.03500000E-04,voltage,Node_2,1.41972190E+04
2.03500000E-04,i1,Line_1_e1,2.62446718E+03
2.03500000E-04,i2,Line_1_e1,-2.50565350E+03
2.03500000E-04,i1,Line_1_e10,1.75249959E+03
2.03500000E-04,i2,Line_1_e10,-1.63050623E+03
2.04000000E-04,injectedCurrent,Node_1,2.61071059E+03
2.04000000E-04,injectedCurrent,Node_2,-1.61859589E+03
2.04000000E-04,voltage,Node_1,1.37030526E+04
2.04000000E-04,voltage,Node_2,1.43134502E+04
2.04000000E-04,i1,Line_1_e1,2.61071059E+03
2.04000000E-04,i2,Line_1_e1,-2.49357456E+03
2.04000000E-04,i1,Line_1_e10,1.74184682E+03
2.04000000E-04,i2,Line_1_e10,-1.61859589E+03
2.04500000E-04,injectedCurrent,Node_1,2.59679620E+03
2.04500000E-04,injectedCurrent,Node_2,-1.60677254E+03
2.04500000E-04,voltage,Node_1,1.38108289E+04
2.04500000E-04,voltage,Node_2,1.41500943E+04
2.04500000E-04,i1,Line_1_e1,2.59679620E+03
2.04500000E-04,i2,Line_1_e1,-2.47849160E+03
2.04500000E-04,i1,Line_1_e10,1.72831067E+03
2.04500000E-04,i2,Line_1_e10,-1.60677254E+03
2.05000000E-04,injectedCurrent,Node_1,2.58272391E+03
2.05000000E-04,injectedCurrent,Node_2,-1.59503557E+03
2.05000000E-04,voltage,Node_1,1.36465324E+04
2.05000000E-04,voltage,Node_2,1.42566076E+04
2.05000000E-04,i1,Line_1_e1,2.58272391E+03
2.05000000E-04,i2,Line_1_e1,-2.46612691E+03
2.05000000E-04,i1,Line_1_e10,1.71774205E+03
2.05000000E-04,i2,Line_1_e10,-1.59503557E+03
2.05500000E-04,injectedCurrent,Node_1,2.56849365E+03
2.05500000E-04,injectedCurrent,Node_2,-1.58338433E+03
2.05500000E-04,voltage,Node_1,1.37446295E+04
2.05500000E-04,voltage,Node_2,1.40891967E+04
2.05500000E-04,i1,Line_1_e1,2.56849365E+03
2.05500000E-04,i2,Line_1_e1,-2.45081673E+03
2.05500000E-04,i1,Line_1_e10,1.70434909E+03
2.05500000E-04,i2,Line_1_e10,-1.58338433E+03
2.06000000E-04,injectedCurrent,Node_1,2.55410545E+03
2.06000000E-04,injectedCurrent,Node_2,-1.57181820E+03
2.06000000E-04,voltage,Node_1,1.35762119E+04
2.06000000E-04,voltage,Node_2,1.41860306E+04
2.06000000E-04,i1,Line_1_e1,2.55410545E+03
2.06000000E-04,i2,Line_1_e1,-2.43816588E+03
2.06000000E-04,i1,Line_1_e10,1.69386248E+03
2.06000000E-04,i2,Line_1_e10,-1.57181820E+03
2.06500000E-04,injectedCurrent,Node_1,2.53955936E+03
2.06500000E-04,injectedCurrent,Node_2,-1.56033655E+03
2.06500000E-04,voltage,Node_1,1.36646764E+04
2.06500000E-04,voltage,Node_2,1.40145842E+04
2.06500000E-04,i1,Line_1_e1,2.53955936E+03
2.06500000E-04,i2,Line_1_e1,-2.42262807E+03
2.06500000E-04,i1,Line_1_e10,1.68061038E+03
2.06500000E-04,i2,Line_1_e10,-1.56033655E+03
2.07000000E-04,injectedCurrent,Node_1,2.52485554E+03
2.07000000E-04,injectedCurrent,Node_2,-1.54893878E+03
2.07000000E-04,voltage,Node_1,1.34921658E+04
2.07000000E-04,voltage,Node_2,1.41017838E+04
2.07000000E-04,i1,Line_1_e1,2.52485554E+03
2.07000000E-04,i2,Line_1_e1,-2.40969110E+03
2.07000000E-04,i1,Line_1_e10,1.67020372E+03
2.07000000E-04,i2,Line_1_e10,-1.54893878E+03
2.07500000E-04,injectedCurrent,Node_1,2.50999418E+03
2.07500000E-04,injectedCurrent,Node_2,-1.53762426E+03
2.07500000E-04,voltage,Node_1,1.35710507E+04
2.07500000E-04,voltage,Node_2,1.39263282E+04
2.07500000E-04,i1,Line_1_e1,2.50999418E+03
2.07500000E-04,i2,Line_1_e1,-2.39392570E+03
2.07500000E-04,i1,Line_1_e10,1.65709024E+03
2.07500000E-04,i2,Line_1_e10,-1.53762426E+03
2.08000000E-04,injectedCurrent,Node_1,2.49497555E+03
2.08000000E-04,injectedCurrent,Node_2,-1.52639239E+03
2.08000000E-04,voltage,Node_1,1.33944823E+04
2.08000000E-04,voltage,Node_2,1.40039449E+04
2.08000000E-04,i1,Line_1_e1,2.49497555E+03
2.08000000E-04,i2,Line_1_e1,-2.38070313E+03
2.08000000E-04,i1,Line_1_e10,1.64676157E+03
2.08000000E-04,i2,Line_1_e10,-1.52639239E+03
2.08500000E-04,injectedCurrent,Node_1,2.47979998E+03
2.08500000E-04,injectedCurrent,Node_2,-1.51524257E+03
2.08500000E-04,voltage,Node_1,1.34638470E+04
2.08500000E-04,voltage,Node_2,1.38245137E+04
2.08500000E-04,i1,Line_1_e1,2.47979998E+03
2.08500000E-04,i2,Line_1_e1,-2.36471065E+03
2.08500000E-04,i1,Line_1_e10,1.63378456E+03
2.08500000E-04,i2,Line_1_e10,-1.51524257E+03
2.09000000E-04,injectedCurrent,Node_1,2.46446787E+03
2.09000000E-04,injectedCurrent,Node_2,-1.50417419E+03
2.09000000E-04,voltage,Node_1,1.32832627E+04
2.09000000E-04,voltage,Node_2,1.38926054E+04
2.09000000E-04,i1,Line_1_e1,2.46446787E+03
2.09000000E-04,i2,Line_1_e1,-2.35120342E+03
2.09000000E-04,i1,Line_1_e10,1.62353201E+03
2.09000000E-04,i2,Line_1_e10,-1.50417419E+03
2.09500000E-04,injectedCurrent,Node_1,2.44897968E+03
2.09500000E-04,injectedCurrent,Node_2,-1.49318666E+03
2.09500000E-04,voltage,Node_1,1.33431732E+04
2.09500000E-04,voltage,Node_2,1.37092390E+04
2.09500000E-04,i1,Line_1_e1,2.44897968E+03
2.09500000E-04,i2,Line_1_e1,-2.33498482E+03
2.09500000E-04,i1,Line_1_e10,1.61068942E+03
2.09500000E-04,i2,Line_1_e10,-1.49318666E+03
2.10000000E-04,injectedCurrent,Node_1,2.43333591E+03
2.10000000E-04,injectedCurrent,Node_2,-1.48227940E+03
2.10000000E-04,voltage,Node_1,1.31586220E+04
2.10000000E-04,voltage,Node_2,1.37678702E+04
2.10000000E-04,i1,Line_1_e1,2.43333591E+03
2.10000000E-04,i2,Line_1_e1,-2.32119433E+03
2.10000000E-04,i1,Line_1_e10,1.60051121E+03
2.10000000E-04,i2,Line_1_e10,-1.48227940E+03
2.10500000E-04,injectedCurrent,Node_1,2.41753716E+03
2.10500000E-04,injectedCurrent,Node_2,-1.47145181E+03
2.10500000E-04,voltage,Node_1,1.32091505E+04
2.10500000E-04,voltage,Node_2,1.35806159E+04
2.10500000E-04,i1,Line_1_e1,2.41753716E+03
2.10500000E-04,i2,Line_1_e1,-2.30475102E+03
2.10500000E-04,i1,Line_1_e10,1.58780110E+03
2.10500000E-04,i2,Line_1_e10,-1.47145181E+03
2.11000000E-04,injectedCurrent,Node_1,2.40158407E+03
2.11000000E-04,injectedCurrent,Node_2,-1.46070331E+03
2.11000000E-04,voltage,Node_1,1.30206881E+04
2.11000000E-04,voltage,Node_2,1.36298573E+04
2.11000000E-04,i1,Line_1_e1,2.40158407E+03
2.11000000E-04,i2,Line_1_e1,-2.29067911E+03
2.11000000E-04,i1,Line_1_e10,1.57769552E+03
2.11000000E-04,i2,Line_1_e10,-1.46070331E+03
2.11500000E-04,injectedCurrent,Node_1,2.38547735E+03
2.11500000E-04,injectedCurrent,Node_2,-1.45003332E+03
2.11500000E-04,voltage,Node_1,1.30619132E+04
2.11500000E-04,voltage,Node_2,1.34387693E+04
2.11500000E-04,i1,Line_1_e1,2.38547735E+03
2.11500000E-04,i2,Line_1_e1,-2.27401295E+03
2.11500000E-04,i1,Line_1_e10,1.56511602E+03
2.11500000E-04,i2,Line_1_e10,-1.45003332E+03
2.12000000E-04,injectedCurrent,Node_1,2.36921776E+03
2.12000000E-04,injectedCurrent,Node_2,-1.43944128E+03
2.12000000E-04,voltage,Node_1,1.28696022E+04
2.12000000E-04,voltage,Node_2,1.34786980E+04
2.12000000E-04,i1,Line_1_e1,2.36921776E+03
2.12000000E-04,i2,Line_1_e1,-2.25966190E+03
2.12000000E-04,i1,Line_1_e10,1.55508148E+03
2.12000000E-04,i2,Line_1_e10,-1.43944128E+03
2.12500000E-04,injectedCurrent,Node_1,2.35280614E+03
2.12500000E-04,injectedCurrent,Node_2,-1.42892660E+03
2.12500000E-04,voltage,Node_1,1.29016085E+04
2.12500000E-04,voltage,Node_2,1.32838373E+04
2.12500000E-04,i1,Line_1_e1,2.35280614E+03
2.12500000E-04,i2,Line_1_e1,-2.24277517E+03
2.12500000E-04,i1,Line_1_e10,1.54263083E+03
2.12500000E-04,i2,Line_1_e10,-1.42892660E+03
2.13000000E-04,injectedCurrent,Node_1,2.33624336E+03
2.13000000E-04,injectedCurrent,Node_2,-1.41848874E+03
2.13000000E-04,voltage,Node_1,1.27055181E+04
2.13000000E-04,voltage,Node_2,1.33145366E+04
2.13000000E-04,i1,Line_1_e1,2.33624336E+03
2.13000000E-04,i2,Line_1_e1,-2.22814770E+03
2.13000000E-04,i1,Line_1_e10,1.53266581E+03
2.13000000E-04,i2,Line_1_e10,-1.41848874E+03
2.13500000E-04,injectedCurrent,Node_1,2.31953039E+03
2.13500000E-04,injectedCurrent,Node_2,-1.40812712E+03
2.13500000E-04,voltage,Node_1,1.27283967E+04
2.13500000E-04,voltage,Node_2,1.31159709E+04
2.13500000E-04,i1,Line_1_e1,2.31953039E+03
2.13500000E-04,i2,Line_1_e1,-2.21104314E+03
2.13500000E-04,i1,Line_1_e10,1.52034232E+03
2.13500000E-04,i2,Line_1_e10,-1.40812712E+03
2.14000000E-04,injectedCurrent,Node_1,2.30266824E+03
2.14000000E-04,injectedCurrent,Node_2,-1.39784119E+03
2.14000000E-04,voltage,Node_1,1.25286028E+04
2.14000000E-04,voltage,Node_2,1.31375301E+04
2.14000000E-04,i1,Line_1_e1,2.30266824E+03
2.14000000E-04,i2,Line_1_e1,-2.19614237E+03
2.14000000E-04,i1,Line_1_e10,1.51044538E+03
2.14000000E-04,i2,Line_1_e10,-1.39784119E+03
2.14500000E-04,injectedCurrent,Node_1,2.28565796E+03
2.14500000E-04,injectedCurrent,Node_2,-1.38763039E+03
2.14500000E-04,voltage,Node_1,1.25424505E+04
2.14500000E-04,voltage,Node_2,1.29353338E+04
2.14500000E-04,i1,Line_1_e1,2.28565796E+03
2.14500000E-04,i2,Line_1_e1,-2.17882315E+03
2.14500000E-04,i1,Line_1_e10,1.49824748E+03
2.14500000E-04,i2,Line_1_e10,-1.38763039E+03
2.15000000E-04,injectedCurrent,Node_1,2.26850070E+03
2.15000000E-04,injectedCurrent,Node_2,-1.37749418E+03
2.15000000E-04,voltage,Node_1,1.23390355E+04
2.15000000E-04,voltage,Node_2,1.29478485E+04
2.15000000E-04,i1,Line_1_e1,2.26850070E+03
2.15000000E-04,i2,Line_1_e1,-2.16365265E+03
2.15000000E-04,i1,Line_1_e10,1.48841727E+03
2.15000000E-04,i2,Line_1_e10,-1.37749418E+03
2.15500000E-04,injectedCurrent,Node_1,2.25119764E+03
2.15500000E-04,injectedCurrent,Node_2,-1.36743201E+03
2.15500000E-04,voltage,Node_1,1.23439553E+04
2.15500000E-04,voltage,Node_2,1.27421025E+04
2.15500000E-04,i1,Line_1_e1,2.25119764E+03
2.15500000E-04,i2,Line_1_e1,-2.14612234E+03
2.15500000E-04,i1,Line_1_e10,1.47634346E+03
2.15500000E-04,i2,Line_1_e10,-1.36743201E+03
2.16000000E-04,injectedCurrent,Node_1,2.23375002E+03
2.16000000E-04,injectedCurrent,Node_2,-1.35744334E+03
2.16000000E-04,voltage,Node_1,1.21370080E+04
2.16000000E-04,voltage,Node_2,1.27456743E+04
2.16000000E-04,i1,Line_1_e1,2.23375002E+03
2.16000000E-04,i2,Line_1_e1,-2.13068609E+03
2.16000000E-04,i1,Line_1_e10,1.46657871E+03
2.16000000E-04,i2,Line_1_e10,-1.35744334E+03
2.16500000E-04,injectedCurrent,Node_1,2.21615915E+03
2.16500000E-04,injectedCurrent,Node_2,-1.34752764E+03
2.16500000E-04,voltage,Node_1,1.21331089E+04
2.16500000E-04,voltage,Node_2,1.25364659E+04
2.16500000E-04,i1,Line_1_e1,2.21615915E+03
2.16500000E-04,i2,Line_1_e1,-2.11294870E+03
2.16500000E-04,i1,Line_1_e10,1.45462758E+03
2.16500000E-04,i2,Line_1_e10,-1.34752764E+03
2.17000000E-04,injectedCurrent,Node_1,2.19842640E+03
2.17000000E-04,injectedCurrent,Node_2,-1.33768437E+03
2.17000000E-04,voltage,Node_1,1.19227244E+04
2.17000000E-04,voltage,Node_2,1.25312023E+04
2.17000000E-04,i1,Line_1_e1,2.19842640E+03
2.17000000E-04,i2,Line_1_e1,-2.09725109E+03
2.17000000E-04,i1,Line_1_e10,1.44492711E+03
2.17000000E-04,i2,Line_1_e10,-1.33768437E+03
2.17500000E-04,injectedCurrent,Node_1,2.18055316E+03
2.17500000E-04,injectedCurrent,Node_2,-1.32791300E+03
2.17500000E-04,voltage,Node_1,1.19101210E+04
2.17500000E-04,voltage,Node_2,1.23186252E+04
2.17500000E-04,i1,Line_1_e1,2.18055316E+03
2.17500000E-04,i2,Line_1_e1,-2.07931103E+03
2.17500000E-04,i1,Line_1_e10,1.43309734E+03
2.17500000E-04,i2,Line_1_e10,-1.32791300E+03
2.18000000E-04,injectedCurrent,Node_1,2.16254093E+03
2.18000000E-04,injectedCurrent,Node_2,-1.31821301E+03
2.18000000E-04,voltage,Node_1,1.16964008E+04
2.18000000E-04,voltage,Node_2,1.23046395E+04
2.18000000E-04,i1,Line_1_e1,2.16254093E+03
2.18000000E-04,i2,Line_1_e1,-2.06335683E+03
2.18000000E-04,i1,Line_1_e10,1.42346005E+03
2.18000000E-04,i2,Line_1_e10,-1.31821301E+03
2.18500000E-04,injectedCurrent,Node_1,2.14439123E+03
2.18500000E-04,injectedCurrent,Node_2,-1.30858387E+03
2.18500000E-04,voltage,Node_1,1.16752135E+04
2.18500000E-04,voltage,Node_2,1.20887937E+04
2.18500000E-04,i1,Line_1_e1,2.14439123E+03
2.18500000E-04,i2,Line_1_e1,-2.04521892E+03
2.18500000E-04,i1,Line_1_e10,1.41175039E+03
2.18500000E-04,i2,Line_1_e10,-1.30858387E+03
2.19000000E-04,injectedCurrent,Node_1,2.12610564E+03
2.19000000E-04,injectedCurrent,Node_2,-1.29902507E+03
2.19000000E-04,voltage,Node_1,1.14582651E+04
2.19000000E-04,voltage,Node_2,1.20662049E+04
2.19000000E-04,i1,Line_1_e1,2.12610564E+03
2.19000000E-04,i2,Line_1_e1,-2.02901333E+03
2.19000000E-04,i1,Line_1_e10,1.40217524E+03
2.19000000E-04,i2,Line_1_e10,-1.29902507E+03
2.19500000E-04,injectedCurrent,Node_1,2.10768581E+03
2.19500000E-04,injectedCurrent,Node_2,-1.28953609E+03
2.19500000E-04,voltage,Node_1,1.14286199E+04
2.19500000E-04,voltage,Node_2,1.18471966E+04
2.19500000E-04,i1,Line_1_e1,2.10768581E+03
2.19500000E-04,i2,Line_1_e1,-2.01068279E+03
2.19500000E-04,i1,Line_1_e10,1.39058455E+03
2.19500000E-04,i2,Line_1_e10,-1.28953609E+03
2.20000000E-04,injectedCurrent,Node_1,2.08913343E+03
2.20000000E-04,injectedCurrent,Node_2,-1.28011643E+03
2.20000000E-04,voltage,Node_1,1.12085569E+04
2.20000000E-04,voltage,Node_2,1.18161293E+04
2.20000000E-04,i1,Line_1_e1,2.08913343E+03
2.20000000E-04,i2,Line_1_e1,-1.99423137E+03
2.20000000E-04,i1,Line_1_e10,1.38107061E+03
2.20000000E-04,i2,Line_1_e10,-1.28011643E+03
2.20500000E-04,injectedCurrent,Node_1,2.07045024E+03
2.20500000E-04,injectedCurrent,Node_2,-1.27076558E+03
2.20500000E-04,voltage,Node_1,1.11705853E+04
2.20500000E-04,voltage,Node_2,1.15940706E+04
2.20500000E-04,i1,Line_1_e1,2.07045024E+03
2.20500000E-04,i2,Line_1_e1,-1.97571379E+03
2.20500000E-04,i1,Line_1_e10,1.36959781E+03
2.20500000E-04,i2,Line_1_e10,-1.27076558E+03
2.21000000E-04,injectedCurrent,Node_1,2.05163804E+03
2.21000000E-04,injectedCurrent,Node_2,-1.26148303E+03
2.21000000E-04,voltage,Node_1,1.09475270E+04
2.21000000E-04,voltage,Node_2,1.15546549E+04
2.21000000E-04,i1,Line_1_e1,2.05163804E+03
2.21000000E-04,i2,Line_1_e1,-1.95902250E+03
2.21000000E-04,i1,Line_1_e10,1.36014420E+03
2.21000000E-04,i2,Line_1_e10,-1.26148303E+03
2.21500000E-04,injectedCurrent,Node_1,2.03269869E+03
2.21500000E-04,injectedCurrent,Node_2,-1.25226829E+03
2.21500000E-04,voltage,Node_1,1.09013658E+04
2.21500000E-04,voltage,Node_2,1.13296640E+04
2.21500000E-04,i1,Line_1_e1,2.03269869E+03
2.21500000E-04,i2,Line_1_e1,-1.94032388E+03
2.21500000E-04,i1,Line_1_e10,1.34878830E+03
2.21500000E-04,i2,Line_1_e10,-1.25226829E+03
2.22000000E-04,injectedCurrent,Node_1,2.01363410E+03
2.22000000E-04,injectedCurrent,Node_2,-1.24312085E+03
2.22000000E-04,voltage,Node_1,1.06754375E+04
2.22000000E-04,voltage,Node_2,1.12820355E+04
2.22000000E-04,i1,Line_1_e1,2.01363410E+03
2.22000000E-04,i2,Line_1_e1,-1.92339903E+03
2.22000000E-04,i1,Line_1_e10,1.33939422E+03
2.22000000E-04,i2,Line_1_e10,-1.24312085E+03
2.22500000E-04,injectedCurrent,Node_1,1.99444621E+03
2.22500000E-04,injectedCurrent,Node_2,-1.23404024E+03
2.22500000E-04,voltage,Node_1,1.06212288E+04
2.22500000E-04,voltage,Node_2,1.10542362E+04
2.22500000E-04,i1,Line_1_e1,1.99444621E+03
2.22500000E-04,i2,Line_1_e1,-1.90452572E+03
2.22500000E-04,i1,Line_1_e10,1.32815431E+03
2.22500000E-04,i2,Line_1_e10,-1.23404024E+03
2.23000000E-04,injectedCurrent,Node_1,1.97513703E+03
2.23000000E-04,injectedCurrent,Node_2,-1.22502596E+03
2.23000000E-04,voltage,Node_1,1.03925612E+04
2.23000000E-04,voltage,Node_2,1.09985357E+04
2.23000000E-04,i1,Line_1_e1,1.97513703E+03
2.23000000E-04,i2,Line_1_e1,-1.88737401E+03
2.23000000E-04,i1,Line_1_e10,1.31881903E+03
2.23000000E-04,i2,Line_1_e10,-1.22502596E+03
2.23500000E-04,injectedCurrent,Node_1,1.95570862E+03
2.23500000E-04,injectedCurrent,Node_2,-1.21607753E+03
2.23500000E-04,voltage,Node_1,1.03304522E+04
2.23500000E-04,voltage,Node_2,1.07680574E+04
2.23500000E-04,i1,Line_1_e1,1.95570862E+03
2.23500000E-04,i2,Line_1_e1,-1.86833273E+03
2.23500000E-04,i1,Line_1_e10,1.30769428E+03
2.23500000E-04,i2,Line_1_e10,-1.21607753E+03
2.24000000E-04,injectedCurrent,Node_1,1.93616308E+03
2.24000000E-04,injectedCurrent,Node_2,-1.20719446E+03
2.24000000E-04,voltage,Node_1,1.00991817E+04
2.24000000E-04,voltage,Node_2,1.07044309E+04
2.24000000E-04,i1,Line_1_e1,1.93616308E+03
2.24000000E-04,i2,Line_1_e1,-1.85096119E+03
2.24000000E-04,i1,Line_1_e10,1.29841716E+03
2.24000000E-04,i2,Line_1_e10,-1.20719446E+03
2.24500000E-04,injectedCurrent,Node_1,1.91650257E+03
2.24500000E-04,injectedCurrent,Node_2,-1.19837627E+03
2.24500000E-04,voltage,Node_1,1.00293246E+04
2.24500000E-04,voltage,Node_2,1.04714087E+04
2.24500000E-04,i1,Line_1_e1,1.91650257E+03
2.24500000E-04,i2,Line_1_e1,-1.83175901E+03
2.24500000E-04,i1,Line_1_e10,1.28740680E+03
2.24500000E-04,i2,Line_1_e10,-1.19837627E+03
2.25000000E-04,injectedCurrent,Node_1,1.89672929E+03
2.25000000E-04,injectedCurrent,Node_2,-1.18962251E+03
2.25000000E-04,voltage,Node_1,9.79559273E+03
2.25000000E-04,voltage,Node_2,1.04000070E+04
2.25000000E-04,i1,Line_1_e1,1.89672929E+03
2.25000000E-04,i2,Line_1_e1,-1.81417503E+03
2.25000000E-04,i1,Line_1_e10,1.27818726E+03
2.25000000E-04,i2,Line_1_e10,-1.18962251E+03
2.25500000E-04,injectedCurrent,Node_1,1.87684548E+03
2.25500000E-04,injectedCurrent,Node_2,-1.18093268E+03
2.25500000E-04,voltage,Node_1,9.71814449E+03
2.25500000E-04,voltage,Node_2,1.01645813E+04
2.25500000E-04,i1,Line_1_e1,1.87684548E+03
2.25500000E-04,i2,Line_1_e1,-1.79481939E+03
2.25500000E-04,i1,Line_1_e10,1.26729061E+03
2.25500000E-04,i2,Line_1_e10,-1.18093268E+03
2.26000000E-04,injectedCurrent,Node_1,1.85685344E+03
2.26000000E-04,injectedCurrent,Node_2,-1.17230634E+03
2.26000000E-04,voltage,Node_1,9.48209817E+03
2.26000000E-04,voltage,Node_2,1.00855602E+04
2.26000000E-04,i1,Line_1_e1,1.85685344E+03
2.26000000E-04,i2,Line_1_e1,-1.77703069E+03
2.26000000E-04,i1,Line_1_e10,1.25812813E+03
2.26000000E-04,i2,Line_1_e10,-1.17230634E+03
2.26500000E-04,injectedCurrent,Node_1,1.83675552E+03
2.26500000E-04,injectedCurrent,Node_2,-1.16374300E+03
2.26500000E-04,voltage,Node_1,9.39722047E+03
2.26500000E-04,voltage,Node_2,9.84787672E+03
2.26500000E-04,i1,Line_1_e1,1.83675552E+03
2.26500000E-04,i2,Line_1_e1,-1.75752932E+03
2.26500000E-04,i1,Line_1_e10,1.24734458E+03
2.26500000E-04,i2,Line_1_e10,-1.16374300E+03
2.27000000E-04,injectedCurrent,Node_1,1.81655408E+03
2.27000000E-04,injectedCurrent,Node_2,-1.15524222E+03
2.27000000E-04,voltage,Node_1,9.15901158E+03
2.27000000E-04,voltage,Node_2,9.76139667E+03
2.27000000E-04,i1,Line_1_e1,1.81655408E+03
2.27000000E-04,i2,Line_1_e1,-1.73954395E+03
2.27000000E-04,i1,Line_1_e10,1.23823872E+03
2.27000000E-04,i2,Line_1_e10,-1.15524222E+03
2.27500000E-04,injectedCurrent,Node_1,1.79625158E+03
2.27500000E-04,injectedCurrent,Node_2,-1.14680353E+03
2.27500000E-04,voltage,Node_1,9.06687064E+03
2.27500000E-04,voltage,Node_2,9.52160608E+03
2.27500000E-04,i1,Line_1_e1,1.79625158E+03
2.27500000E-04,i2,Line_1_e1,-1.71990494E+03
2.27500000E-04,i1,Line_1_e10,1.22756772E+03
2.27500000E-04,i2,Line_1_e10,-1.14680353E+03
2.28000000E-04,injectedCurrent,Node_1,1.77585048E+03
2.28000000E-04,injectedCurrent,Node_2,-1.13842649E+03
2.28000000E-04,voltage,Node_1,8.82665595E+03
2.28000000E-04,voltage,Node_2,9.42783215E+03
2.28000000E-04,i1,Line_1_e1,1.77585048E+03
2.28000000E-04,i2,Line_1_e1,-1.70173126E+03
2.28000000E-04,i1,Line_1_e10,1.21851809E+03
2.28000000E-04,i2,Line_1_e10,-1.13842649E+03
2.28500000E-04,injectedCurrent,Node_1,1.75535329E+03
2.28500000E-04,injectedCurrent,Node_2,-1.13011064E+03
2.28500000E-04,voltage,Node_1,8.72742236E+03
2.28500000E-04,voltage,Node_2,9.18609005E+03
2.28500000E-04,i1,Line_1_e1,1.75535329E+03
2.28500000E-04,i2,Line_1_e1,-1.68196301E+03
2.28500000E-04,i1,Line_1_e10,1.20795918E+03
2.28500000E-04,i2,Line_1_e10,-1.13011064E+03
2.29000000E-04,injectedCurrent,Node_1,1.73476258E+03
2.29000000E-04,injectedCurrent,Node_2,-1.12185553E+03
2.29000000E-04,voltage,Node_1,8.48536338E+03
2.29000000E-04,voltage,Node_2,9.08519169E+03
2.29000000E-04,i1,Line_1_e1,1.73476258E+03
2.29000000E-04,i2,Line_1_e1,-1.66360969E+03
2.29000000E-04,i1,Line_1_e10,1.19896547E+03
2.29000000E-04,i2,Line_1_e10,-1.12185553E+03
2.29500000E-04,injectedCurrent,Node_1,1.71408095E+03
2.29500000E-04,injectedCurrent,Node_2,-1.11366072E+03
2.29500000E-04,voltage,Node_1,8.37921196E+03
2.29500000E-04,voltage,Node_2,8.84165847E+03
2.29500000E-04,i1,Line_1_e1,1.71408095E+03
2.29500000E-04,i2,Line_1_e1,-1.64372090E+03
2.29500000E-04,i1,Line_1_e10,1.18851823E+03
2.29500000E-04,i2,Line_1_e10,-1.11366072E+03
2.30000000E-04,injectedCurrent,Node_1,1.69331103E+03
2.30000000E-04,injectedCurrent,Node_2,-1.10552577E+03
2.30000000E-04,voltage,Node_1,8.13547474E+03
2.30000000E-04,voltage,Node_2,8.73380936E+03
2.30000000E-04,i1,Line_1_e1,1.69331103E+03
2.30000000E-04,i2,Line_1_e1,-1.62519691E+03
2.30000000E-04,i1,Line_1_e10,1.17958018E+03
2.30000000E-04,i2,Line_1_e10,-1.10552577E+03
2.30500000E-04,injectedCurrent,Node_1,1.67245550E+03
2.30500000E-04,injectedCurrent,Node_2,-1.09745025E+03
2.30500000E-04,voltage,Node_1,8.02258435E+03
2.30500000E-04,voltage,Node_2,8.48865000E+03
2.30500000E-04,i1,Line_1_e1,1.67245550E+03
2.30500000E-04,i2,Line_1_e1,-1.60519657E+03
2.30500000E-04,i1,Line_1_e10,1.16924428E+03
2.30500000E-04,i2,Line_1_e10,-1.09745025E+03
2.31000000E-04,injectedCurrent,Node_1,1.65151710E+03
2.31000000E-04,injectedCurrent,Node_2,-1.08943372E+03
2.31000000E-04,voltage,Node_1,7.77733934E+03
2.31000000E-04,voltage,Node_2,8.37402790E+03
2.31000000E-04,i1,Line_1_e1,1.65151710E+03
2.31000000E-04,i2,Line_1_e1,-1.58651115E+03
2.31000000E-04,i1,Line_1_e10,1.16036170E+03
2.31000000E-04,i2,Line_1_e10,-1.08943372E+03
2.31500000E-04,injectedCurrent,Node_1,1.63049856E+03
2.31500000E-04,injectedCurrent,Node_2,-1.08147574E+03
2.31500000E-04,voltage,Node_1,7.65789274E+03
2.31500000E-04,voltage,Node_2,8.12741179E+03
2.31500000E-04,i1,Line_1_e1,1.63049856E+03
2.31500000E-04,i2,Line_1_e1,-1.56640853E+03
2.31500000E-04,i1,Line_1_e10,1.15013686E+03
2.31500000E-04,i2,Line_1_e10,-1.08147574E+03
2.32000000E-04,injectedCurrent,Node_1,1.60940269E+03
2.32000000E-04,injectedCurrent,Node_2,-1.07357590E+03
2.32000000E-04,voltage,Node_1,7.41131461E+03
2.32000000E-04,voltage,Node_2,8.00619839E+03
2.32000000E-04,i1,Line_1_e1,1.60940269E+03
2.32000000E-04,i2,Line_1_e1,-1.54757120E+03
2.32000000E-04,i1,Line_1_e10,1.14130960E+03
2.32000000E-04,i2,Line_1_e10,-1.07357590E+03
2.32500000E-04,injectedCurrent,Node_1,1.58823232E+03
2.32500000E-04,injectedCurrent,Node_2,-1.06573376E+03
2.32500000E-04,voltage,Node_1,7.28549824E+03
2.32500000E-04,voltage,Node_2,7.75829917E+03
2.32500000E-04,i1,Line_1_e1,1.58823232E+03
2.32500000E-04,i2,Line_1_e1,-1.52737587E+03
2.32500000E-04,i1,Line_1_e10,1.13119560E+03
2.32500000E-04,i2,Line_1_e10,-1.06573376E+03
2.33000000E-04,injectedCurrent,Node_1,1.56699032E+03
2.33000000E-04,injectedCurrent,Node_2,-1.05794890E+03
2.33000000E-04,voltage,Node_1,7.03776569E+03
2.33000000E-04,voltage,Node_2,7.63067986E+03
2.33000000E-04,i1,Line_1_e1,1.56699032E+03
2.33000000E-04,i2,Line_1_e1,-1.50839641E+03
2.33000000E-04,i1,Line_1_e10,1.12242359E+03
2.33000000E-04,i2,Line_1_e10,-1.05794890E+03
2.33500000E-04,injectedCurrent,Node_1,1.54567958E+03
2.33500000E-04,injectedCurrent,Node_2,-1.05022091E+03
2.33500000E-04,voltage,Node_1,6.90576955E+03
2.33500000E-04,voltage,Node_2,7.38167524E+03
2.33500000E-04,i1,Line_1_e1,1.54567958E+03
2.33500000E-04,i2,Line_1_e1,-1.48811816E+03
2.33500000E-04,i1,Line_1_e10,1.11242028E+03
2.33500000E-04,i2,Line_1_e10,-1.05022091E+03
2.34000000E-04,injectedCurrent,Node_1,1.52430305E+03
2.34000000E-04,injectedCurrent,Node_2,-1.04254938E+03
2.34000000E-04,voltage,Node_1,6.65706513E+03
2.34000000E-04,voltage,Node_2,7.24783900E+03
2.34000000E-04,i1,Line_1_e1,1.52430305E+03
2.34000000E-04,i2,Line_1_e1,-1.46900661E+03
2.34000000E-04,i1,Line_1_e10,1.10370349E+03
2.34000000E-04,i2,Line_1_e10,-1.04254938E+03
2.34500000E-04,injectedCurrent,Node_1,1.50286369E+03
2.34500000E-04,injectedCurrent,Node_2,-1.03493388E+03
2.34500000E-04,voltage,Node_1,6.51908256E+03
2.34500000E-04,voltage,Node_2,6.99791058E+03
2.34500000E-04,i1,Line_1_e1,1.50286369E+03
2.34500000E-04,i2,Line_1_e1,-1.44865551E+03
2.34500000E-04,i1,Line_1_e10,1.09381077E+03
2.34500000E-04,i2,Line_1_e10,-1.03493388E+03
2.35000000E-04,injectedCurrent,Node_1,1.48136450E+03
2.35000000E-04,injectedCurrent,Node_2,-1.02737400E+03
2.35000000E-04,voltage,Node_1,6.26959249E+03
2.35000000E-04,voltage,Node_2,6.85804975E+03
2.35000000E-04,i1,Line_1_e1,1.48136450E+03
2.35000000E-04,i2,Line_1_e1,-1.42942212E+03
2.35000000E-04,i1,Line_1_e10,1.08514923E+03
2.35000000E-04,i2,Line_1_e10,-1.02737400E+03
2.35500000E-04,injectedCurrent,Node_1,1.45980852E+03
2.35500000E-04,injectedCurrent,Node_2,-1.01986936E+03
2.35500000E-04,voltage,Node_1,6.12582000E+03
2.35500000E-04,voltage,Node_2,6.60738283E+03
2.35500000E-04,i1,Line_1_e1,1.45980852E+03
2.35500000E-04,i2,Line_1_e1,-1.40900846E+03
2.35500000E-04,i1,Line_1_e10,1.07536706E+03
2.35500000E-04,i2,Line_1_e10,-1.01986936E+03
2.36000000E-04,injectedCurrent,Node_1,1.43819882E+03
2.36000000E-04,injectedCurrent,Node_2,-1.01241953E+03
2.36000000E-04,voltage,Node_1,5.87573398E+03
2.36000000E-04,voltage,Node_2,6.46169296E+03
2.36000000E-04,i1,Line_1_e1,1.43819882E+03
2.36000000E-04,i2,Line_1_e1,-1.38966374E+03
2.36000000E-04,i1,Line_1_e10,1.06676083E+03
2.36000000E-04,i2,Line_1_e10,-1.01241953E+03
2.36500000E-04,injectedCurrent,Node_1,1.41653847E+03
2.36500000E-04,injectedCurrent,Node_2,-1.00502411E+03
2.36500000E-04,voltage,Node_1,5.72637106E+03
2.36500000E-04,voltage,Node_2,6.21047635E+03
2.36500000E-04,i1,Line_1_e1,1.41653847E+03
2.36500000E-04,i2,Line_1_e1,-1.36919803E+03
2.36500000E-04,i1,Line_1_e10,1.05708922E+03
2.36500000E-04,i2,Line_1_e10,-1.00502411E+03
2.37000000E-04,injectedCurrent,Node_1,1.39483062E+03
2.37000000E-04,injectedCurrent,Node_2,-9.97682725E+02
2.37000000E-04,voltage,Node_1,5.47588207E+03
2.37000000E-04,voltage,Node_2,6.05915598E+03
2.37000000E-04,i1,Line_1_e1,1.39483062E+03
2.37000000E-04,i2,Line_1_e1,-1.34975269E+03
2.37000000E-04,i1,Line_1_e10,1.04853843E+03
2.37000000E-04,i2,Line_1_e10,-9.97682725E+02
2.37500000E-04,injectedCurrent,Node_1,1.37307839E+03
2.37500000E-04,injectedCurrent,Node_2,-9.90394962E+02
2.37500000E-04,voltage,Node_1,5.32113098E+03
2.37500000E-04,voltage,Node_2,5.80758180E+03
2.37500000E-04,i1,Line_1_e1,1.37307839E+03
2.37500000E-04,i2,Line_1_e1,-1.32924565E+03
2.37500000E-04,i1,Line_1_e10,1.03897744E+03
2.37500000E-04,i2,Line_1_e10,-9.90394962E+02
2.38000000E-04,injectedCurrent,Node_1,1.35128499E+03
2.38000000E-04,injectedCurrent,Node_2,-9.83160433E+02
2.38000000E-04,voltage,Node_1,5.07043510E+03
2.38000000E-04,voltage,Node_2,5.65083230E+03
2.38000000E-04,i1,Line_1_e1,1.35128499E+03
2.38000000E-04,i2,Line_1_e1,-1.30971060E+03
2.38000000E-04,i1,Line_1_e10,1.03048226E+03
2.38000000E-04,i2,Line_1_e10,-9.83160433E+02
2.38500000E-04,injectedCurrent,Node_1,1.32945359E+03
2.38500000E-04,injectedCurrent,Node_2,-9.75978751E+02
2.38500000E-04,voltage,Node_1,4.91050071E+03
2.38500000E-04,voltage,Node_2,5.39909582E+03
2.38500000E-04,i1,Line_1_e1,1.32945359E+03
2.38500000E-04,i2,Line_1_e1,-1.28917317E+03
2.38500000E-04,i1,Line_1_e10,1.02103201E+03
2.38500000E-04,i2,Line_1_e10,-9.75978751E+02
2.39000000E-04,injectedCurrent,Node_1,1.30758745E+03
2.39000000E-04,injectedCurrent,Node_2,-9.68849529E+02
2.39000000E-04,voltage,Node_1,4.65979691E+03
2.39000000E-04,voltage,Node_2,5.23712117E+03
2.39000000E-04,i1,Line_1_e1,1.30758745E+03
2.39000000E-04,i2,Line_1_e1,-1.26955950E+03
2.39000000E-04,i1,Line_1_e10,1.01259266E+03
2.39000000E-04,i2,Line_1_e10,-9.68849529E+02
2.39500000E-04,injectedCurrent,Node_1,1.28568980E+03
2.39500000E-04,injectedCurrent,Node_2,-9.61772383E+02
2.39500000E-04,voltage,Node_1,4.49488649E+03
2.39500000E-04,voltage,Node_2,4.98542057E+03
2.39500000E-04,i1,Line_1_e1,1.28568980E+03
2.39500000E-04,i2,Line_1_e1,-1.24900280E+03
2.39500000E-04,i1,Line_1_e10,1.00325330E+03
2.39500000E-04,i2,Line_1_e10,-9.61772383E+02
2.40000000E-04,injectedCurrent,Node_1,1.26376393E+03
2.40000000E-04,injectedCurrent,Node_2,-9.54746934E+02
2.40000000E-04,voltage,Node_1,4.24437642E+03
2.40000000E-04,voltage,Node_2,4.81842719E+03
2.40000000E-04,i1,Line_1_e1,1.26376393E+03
2.40000000E-04,i2,Line_1_e1,-1.22932178E+03
2.40000000E-04,i1,Line_1_e10,9.94870035E+02
2.40000000E-04,i2,Line_1_e10,-9.54746934E+02
2.40500000E-04,injectedCurrent,Node_1,1.24181313E+03
2.40500000E-04,injectedCurrent,Node_2,-9.47772804E+02
2.40500000E-04,voltage,Node_1,4.07469942E+03
2.40500000E-04,voltage,Node_2,4.56696337E+03
2.40500000E-04,i1,Line_1_e1,1.24181313E+03
2.40500000E-04,i2,Line_1_e1,-1.20875709E+03
2.40500000E-04,i1,Line_1_e10,9.85641783E+02
2.40500000E-04,i2,Line_1_e10,-9.47772804E+02
2.41000000E-04,injectedCurrent,Node_1,1.21984072E+03
2.41000000E-04,injectedCurrent,Node_2,-9.40849617E+02
2.41000000E-04,voltage,Node_1,3.82458724E+03
2.41000000E-04,voltage,Node_2,4.39515990E+03
2.41000000E-04,i1,Line_1_e1,1.21984072E+03
2.41000000E-04,i2,Line_1_e1,-1.18902016E+03
2.41000000E-04,i1,Line_1_e10,9.77314893E+02
2.41000000E-04,i2,Line_1_e10,-9.40849617E+02
2.41500000E-04,injectedCurrent,Node_1,1.19785005E+03
2.41500000E-04,injectedCurrent,Node_2,-9.33977002E+02
2.41500000E-04,voltage,Node_1,3.65035510E+03
2.41500000E-04,voltage,Node_2,4.14413630E+03
2.41500000E-04,i1,Line_1_e1,1.19785005E+03
2.41500000E-04,i2,Line_1_e1,-1.16845892E+03
2.41500000E-04,i1,Line_1_e10,9.68197994E+02
2.41500000E-04,i2,Line_1_e10,-9.33977002E+02
2.42000000E-04,injectedCurrent,Node_1,1.17584448E+03
2.42000000E-04,injectedCurrent,Node_2,-9.27154589E+02
2.42000000E-04,voltage,Node_1,3.40084724E+03
2.42000000E-04,voltage,Node_2,3.96773340E+03
2.42000000E-04,i1,Line_1_e1,1.17584448E+03
2.42000000E-04,i2,Line_1_e1,-1.14867767E+03
2.42000000E-04,i1,Line_1_e10,9.59927819E+02
2.42000000E-04,i2,Line_1_e10,-9.27154589E+02
2.42500000E-04,injectedCurrent,Node_1,1.15382738E+03
2.42500000E-04,injectedCurrent,Node_2,-9.20382013E+02
2.42500000E-04,voltage,Node_1,3.22227320E+03
2.42500000E-04,voltage,Node_2,3.71735578E+03
2.42500000E-04,i1,Line_1_e1,1.15382738E+03
2.42500000E-04,i2,Line_1_e1,-1.12813149E+03
2.42500000E-04,i1,Line_1_e10,9.50922564E+02
2.42500000E-04,i2,Line_1_e10,-9.20382013E+02
2.43000000E-04,injectedCurrent,Node_1,1.13180215E+03
2.43000000E-04,injectedCurrent,Node_2,-9.13658907E+02
2.43000000E-04,voltage,Node_1,2.97357817E+03
2.43000000E-04,voltage,Node_2,3.53656591E+03
2.43000000E-04,i1,Line_1_e1,1.13180215E+03
2.43000000E-04,i2,Line_1_e1,-1.10831764E+03
2.43000000E-04,i1,Line_1_e10,9.42709474E+02
2.43000000E-04,i2,Line_1_e10,-9.13658907E+02
2.43500000E-04,injectedCurrent,Node_1,1.10977221E+03
2.43500000E-04,injectedCurrent,Node_2,-9.06984912E+02
2.43500000E-04,voltage,Node_1,2.79087705E+03
2.43500000E-04,voltage,Node_2,3.28704214E+03
2.43500000E-04,i1,Line_1_e1,1.10977221E+03
2.43500000E-04,i2,Line_1_e1,-1.08779824E+03
2.43500000E-04,i1,Line_1_e10,9.33816195E+02
2.43500000E-04,i2,Line_1_e10,-9.06984912E+02
2.44000000E-04,injectedCurrent,Node_1,1.08774098E+03
2.44000000E-04,injectedCurrent,Node_2,-9.00359668E+02
2.44000000E-04,voltage,Node_1,2.54320522E+03
2.44000000E-04,voltage,Node_2,3.10207942E+03
2.44000000E-04,i1,Line_1_e1,1.08774098E+03
2.44000000E-04,i2,Line_1_e1,-1.06796363E+03
2.44000000E-04,i1,Line_1_e10,9.25660596E+02
2.44000000E-04,i2,Line_1_e10,-9.00359668E+02
2.44500000E-04,injectedCurrent,Node_1,1.06571192E+03
2.44500000E-04,injectedCurrent,Node_2,-8.93782820E+02
2.44500000E-04,voltage,Node_1,2.35659322E+03
2.44500000E-04,voltage,Node_2,2.85361926E+03
2.44500000E-04,i1,Line_1_e1,1.06571192E+03
2.44500000E-04,i2,Line_1_e1,-1.04748286E+03
2.44500000E-04,i1,Line_1_e10,9.16879660E+02
2.44500000E-04,i2,Line_1_e10,-8.93782820E+02
2.45000000E-04,injectedCurrent,Node_1,1.04368848E+03
2.45000000E-04,injectedCurrent,Node_2,-8.87254013E+02
2.45000000E-04,voltage,Node_1,2.11015663E+03
2.45000000E-04,voltage,Node_2,2.66469917E+03
2.45000000E-04,i1,Line_1_e1,1.04368848E+03
2.45000000E-04,i2,Line_1_e1,-1.02763946E+03
2.45000000E-04,i1,Line_1_e10,9.08781989E+02
2.45000000E-04,i2,Line_1_e10,-8.87254013E+02
2.45500000E-04,injectedCurrent,Node_1,1.02167413E+03
2.45500000E-04,injectedCurrent,Node_2,-8.80772898E+02
2.45500000E-04,voltage,Node_1,1.91985110E+03
2.45500000E-04,voltage,Node_2,2.41751410E+03
2.45500000E-04,i1,Line_1_e1,1.02167413E+03
2.45500000E-04,i2,Line_1_e1,-1.00720927E+03
2.45500000E-04,i1,Line_1_e10,9.00113799E+02
2.45500000E-04,i2,Line_1_e10,-8.80772898E+02
2.46000000E-04,injectedCurrent,Node_1,9.99672358E+02
2.46000000E-04,injectedCurrent,Node_2,-8.74339125E+02
2.46000000E-04,voltage,Node_1,1.67486321E+03
2.46000000E-04,voltage,Node_2,2.22485333E+03
2.46000000E-04,i1,Line_1_e1,9.99672358E+02
2.46000000E-04,i2,Line_1_e1,-9.87369119E+02
2.46000000E-04,i1,Line_1_e10,8.92074524E+02
2.46000000E-04,i2,Line_1_e10,-8.74339125E+02
2.46500000E-04,injectedCurrent,Node_1,9.77686659E+02
2.46500000E-04,injectedCurrent,Node_2,-8.67952348E+02
2.46500000E-04,voltage,Node_1,1.48108248E+03
2.46500000E-04,voltage,Node_2,1.97915629E+03
2.46500000E-04,i1,Line_1_e1,9.77686659E+02
2.46500000E-04,i2,Line_1_e1,-9.67001576E+02
2.46500000E-04,i1,Line_1_e10,8.83519516E+02
2.46500000E-04,i2,Line_1_e10,-8.67952348E+02
2.47000000E-04,injectedCurrent,Node_1,9.55720539E+02
2.47000000E-04,injectedCurrent,Node_2,-8.61612225E+02
2.47000000E-04,voltage,Node_1,1.23775800E+03
2.47000000E-04,voltage,Node_2,1.78297252E+03
2.47000000E-04,i1,Line_1_e1,9.55720539E+02
2.47000000E-04,i2,Line_1_e1,-9.47176807E+02
2.47000000E-04,i1,Line_1_e10,8.75539131E+02
2.47000000E-04,i2,Line_1_e10,-8.61612225E+02
2.47500000E-04,injectedCurrent,Node_1,9.33777511E+02
2.47500000E-04,injectedCurrent,Node_2,-8.55318415E+02
2.47500000E-04,voltage,Node_1,1.04072110E+03
2.47500000E-04,voltage,Node_2,1.53897772E+03
2.47500000E-04,i1,Line_1_e1,9.33777511E+02
2.47500000E-04,i2,Line_1_e1,-9.26884032E+02
2.47500000E-04,i1,Line_1_e10,8.67097772E+02
2.47500000E-04,i2,Line_1_e10,-8.55318415E+02
2.48000000E-04,injectedCurrent,Node_1,9.11861099E+02
2.48000000E-04,injectedCurrent,Node_2,-8.49070579E+02
2.48000000E-04,voltage,Node_1,7.99275753E+02
2.48000000E-04,voltage,Node_2,1.33948939E+03
2.48000000E-04,i1,Line_1_e1,9.11861099E+02
2.48000000E-04,i2,Line_1_e1,-9.07086854E+02
2.48000000E-04,i1,Line_1_e10,8.59176798E+02
2.48000000E-04,i2,Line_1_e10,-8.49070579E+02
2.48500000E-04,injectedCurrent,Node_1,8.89974832E+02
2.48500000E-04,injectedCurrent,Node_2,-8.42868382E+02
2.48500000E-04,voltage,Node_1,5.99202269E+02
2.48500000E-04,voltage,Node_2,1.09741211E+03
2.48500000E-04,i1,Line_1_e1,8.89974832E+02
2.48500000E-04,i2,Line_1_e1,-8.86881045E+02
2.48500000E-04,i1,Line_1_e10,8.50849584E+02
2.48500000E-04,i2,Line_1_e10,-8.42868382E+02
2.49000000E-04,injectedCurrent,Node_1,8.68122248E+02
2.49000000E-04,injectedCurrent,Node_2,-8.36711489E+02
2.49000000E-04,voltage,Node_1,3.59852583E+02
2.49000000E-04,voltage,Node_2,8.94838236E+02
2.49000000E-04,i1,Line_1_e1,8.68122248E+02
2.49000000E-04,i2,Line_1_e1,-8.67123715E+02
2.49000000E-04,i1,Line_1_e10,8.42988564E+02
2.49000000E-04,i2,Line_1_e10,-8.36711489E+02
2.49500000E-04,injectedCurrent,Node_1,8.46306888E+02
2.49500000E-04,injectedCurrent,Node_2,-8.30599571E+02
2.49500000E-04,voltage,Node_1,1.56962403E+02
2.49500000E-04,voltage,Node_2,6.54894572E+02
2.49500000E-04,i1,Line_1_e1,8.46306888E+02
2.49500000E-04,i2,Line_1_e1,-8.47017121E+02
2.49500000E-04,i1,Line_1_e10,8.34776017E+02
2.49500000E-04,i2,Line_1_e10,-8.30599571E+02
2.50000000E-04,injectedCurrent,Node_1,8.24532299E+02
2.50000000E-04,injectedCurrent,Node_2,-8.24532299E+02
2.50000000E-04,voltage,Node_1,-8.00745135E+01
2.50000000E-04,voltage,Node_2,4.49454495E+02
2.50000000E-04,i1,Line_1_e1,8.24532299E+02
2.50000000E-04,i2,Line_1_e1,-8.27311942E+02
2.50000000E-04,i1,Line_1_e10,8.26975517E+02
2.50000000E-04,i2,Line_1_e10,-8.24532299E+02
2.50500000E-04,injectedCurrent,Node_1,8.02802028E+02
2.50500000E-04,injectedCurrent,Node_2,-8.18509346E+02
2.50500000E-04,voltage,Node_1,-2.85561403E+02
2.50500000E-04,voltage,Node_2,2.11861181E+02
2.50500000E-04,i1,Line_1_e1,8.02802028E+02
2.50500000E-04,i2,Line_1_e1,-8.07316852E+02
2.50500000E-04,i1,Line_1_e10,8.18878183E+02
2.50500000E-04,i2,Line_1_e10,-8.18509346E+02
2.51000000E-04,injectedCurrent,Node_1,7.81119630E+02
2.51000000E-04,injectedCurrent,Node_2,-8.12530389E+02
2.51000000E-04,voltage,Node_1,-5.20068070E+02
2.51000000E-04,voltage,Node_2,3.77438153E+00
2.51000000E-04,i1,Line_1_e1,7.81119630E+02
2.51000000E-04,i2,Line_1_e1,-7.87676153E+02
2.51000000E-04,i1,Line_1_e10,8.11138788E+02
2.51000000E-04,i2,Line_1_e10,-8.12530389E+02
2.51500000E-04,injectedCurrent,Node_1,7.59488655E+02
2.51500000E-04,injectedCurrent,Node_2,-8.06595106E+02
2.51500000E-04,voltage,Node_1,-7.27931799E+02
2.51500000E-04,voltage,Node_2,-2.31251444E+02
2.51500000E-04,i1,Line_1_e1,7.59488655E+02
2.51500000E-04,i2,Line_1_e1,-7.67804880E+02
2.51500000E-04,i1,Line_1_e10,8.03157236E+02
2.51500000E-04,i2,Line_1_e10,-8.06595106E+02
2.52000000E-04,injectedCurrent,Node_1,7.37912659E+02
2.52000000E-04,injectedCurrent,Node_2,-8.00703179E+02
2.52000000E-04,voltage,Node_1,-9.59690583E+02
2.52000000E-04,voltage,Node_2,-4.41765575E+02
2.52000000E-04,i1,Line_1_e1,7.37912659E+02
2.52000000E-04,i2,Line_1_e1,-7.48241004E+02
2.52000000E-04,i1,Line_1_e10,7.95479547E+02
2.52000000E-04,i2,Line_1_e10,-8.00703179E+02
2.52500000E-04,injectedCurrent,Node_1,7.16395194E+02
2.52500000E-04,injectedCurrent,Node_2,-7.94854290E+02
2.52500000E-04,voltage,Node_1,-1.16971161E+03
2.52500000E-04,voltage,Node_2,-6.74006582E+02
2.52500000E-04,i1,Line_1_e1,7.16395194E+02
2.52500000E-04,i2,Line_1_e1,-7.28505875E+02
2.52500000E-04,i1,Line_1_e10,7.87614365E+02
2.52500000E-04,i2,Line_1_e10,-7.94854290E+02
2.53000000E-04,injectedCurrent,Node_1,6.94939812E+02
2.53000000E-04,injectedCurrent,Node_2,-7.89048126E+02
2.53000000E-04,voltage,Node_1,-1.39850494E+03
2.53000000E-04,voltage,Node_2,-8.86728955E+02
2.53000000E-04,i1,Line_1_e1,6.94939812E+02
2.53000000E-04,i2,Line_1_e1,-7.09031165E+02
2.53000000E-04,i1,Line_1_e10,7.79999000E+02
2.53000000E-04,i2,Line_1_e10,-7.89048126E+02
2.53500000E-04,injectedCurrent,Node_1,6.73550063E+02
2.53500000E-04,injectedCurrent,Node_2,-7.83284374E+02
2.53500000E-04,voltage,Node_1,-1.61046429E+03
2.53500000E-04,voltage,Node_2,-1.11596784E+03
2.53500000E-04,i1,Line_1_e1,6.73550063E+02
2.53500000E-04,i2,Line_1_e1,-6.89444503E+02
2.53500000E-04,i1,Line_1_e10,7.72250795E+02
2.53500000E-04,i2,Line_1_e10,-7.83284374E+02
2.54000000E-04,injectedCurrent,Node_1,6.52229491E+02
2.54000000E-04,injectedCurrent,Node_2,-7.77562724E+02
2.54000000E-04,voltage,Node_1,-1.83607487E+03
2.54000000E-04,voltage,Node_2,-1.33067988E+03
2.54000000E-04,i1,Line_1_e1,6.52229491E+02
2.54000000E-04,i2,Line_1_e1,-6.70071292E+02
2.54000000E-04,i1,Line_1_e10,7.64698383E+02
2.54000000E-04,i2,Line_1_e10,-7.77562724E+02
2.54500000E-04,injectedCurrent,Node_1,6.30981637E+02
2.54500000E-04,injectedCurrent,Node_2,-7.71882869E+02
2.54500000E-04,voltage,Node_1,-2.04975430E+03
2.54500000E-04,voltage,Node_2,-1.55669957E+03
2.54500000E-04,i1,Line_1_e1,6.30981637E+02
2.54500000E-04,i2,Line_1_e1,-6.50645404E+02
2.54500000E-04,i1,Line_1_e10,7.57067778E+02
2.54500000E-04,i2,Line_1_e10,-7.71882869E+02
2.55000000E-04,injectedCurrent,Node_1,6.09810039E+02
2.55000000E-04,injectedCurrent,Node_2,-7.66244504E+02
2.55000000E-04,voltage,Node_1,-2.27196533E+03
2.55000000E-04,voltage,Node_2,-1.77318344E+03
2.55000000E-04,i1,Line_1_e1,6.09810039E+02
2.55000000E-04,i2,Line_1_e1,-6.31385997E+02
2.55000000E-04,i1,Line_1_e10,7.49578958E+02
2.55000000E-04,i2,Line_1_e10,-7.66244504E+02
2.55500000E-04,injectedCurrent,Node_1,5.88718225E+02
2.55500000E-04,injectedCurrent,Node_2,-7.60647326E+02
2.55500000E-04,voltage,Node_1,-2.48714760E+03
2.55500000E-04,voltage,Node_2,-1.99576733E+03
2.55500000E-04,i1,Line_1_e1,5.88718225E+02
2.55500000E-04,i2,Line_1_e1,-6.12133160E+02
2.55500000E-04,i1,Line_1_e10,7.42066590E+02
2.55500000E-04,i2,Line_1_e10,-7.60647326E+02
2.56000000E-04,injectedCurrent,Node_1,5.67709718E+02
2.56000000E-04,injectedCurrent,Node_2,-7.55091033E+02
2.56000000E-04,voltage,Node_1,-2.70574298E+03
2.56000000E-04,voltage,Node_2,-2.21380613E+03
2.56000000E-04,i1,Line_1_e1,5.67709718E+02
2.56000000E-04,i2,Line_1_e1,-5.92999820E+02
2.56000000E-04,i1,Line_1_e10,7.34642012E+02
2.56000000E-04,i2,Line_1_e10,-7.55091033E+02
2.56500000E-04,injectedCurrent,Node_1,5.46788031E+02
2.56500000E-04,injectedCurrent,Node_2,-7.49575327E+02
2.56500000E-04,voltage,Node_1,-2.92221204E+03
2.56500000E-04,voltage,Node_2,-2.43273827E+03
2.56500000E-04,i1,Line_1_e1,5.46788031E+02
2.56500000E-04,i2,Line_1_e1,-5.73932271E+02
2.56500000E-04,i1,Line_1_e10,7.27248529E+02
2.56500000E-04,i2,Line_1_e10,-7.49575327E+02
2.57000000E-04,injectedCurrent,Node_1,5.25956670E+02
2.57000000E-04,injectedCurrent,Node_2,-7.44099911E+02
2.57000000E-04,voltage,Node_1,-3.13697659E+03
2.57000000E-04,voltage,Node_2,-2.65211628E+03
2.57000000E-04,i1,Line_1_e1,5.25956670E+02
2.57000000E-04,i2,Line_1_e1,-5.54937209E+02
2.57000000E-04,i1,Line_1_e10,7.19888848E+02
2.57000000E-04,i2,Line_1_e10,-7.44099911E+02
2.57500000E-04,injectedCurrent,Node_1,5.05219128E+02
2.57500000E-04,injectedCurrent,Node_2,-7.38664492E+02
2.57500000E-04,voltage,Node_1,-3.35451778E+03
2.57500000E-04,voltage,Node_2,-2.86718162E+03
2.57500000E-04,i1,Line_1_e1,5.05219128E+02
2.57500000E-04,i2,Line_1_e1,-5.36067124E+02
2.57500000E-04,i1,Line_1_e10,7.12614907E+02
2.57500000E-04,i2,Line_1_e10,-7.38664492E+02
2.58000000E-04,injectedCurrent,Node_1,4.84578889E+02
2.58000000E-04,injectedCurrent,Node_2,-7.33268777E+02
2.58000000E-04,voltage,Node_1,-3.56523747E+03
2.58000000E-04,voltage,Node_2,-3.08768446E+03
2.58000000E-04,i1,Line_1_e1,4.84578889E+02
2.58000000E-04,i2,Line_1_e1,-5.17222484E+02
2.58000000E-04,i1,Line_1_e10,7.05320782E+02
2.58000000E-04,i2,Line_1_e10,-7.33268777E+02
2.58500000E-04,injectedCurrent,Node_1,4.64039425E+02
2.58500000E-04,injectedCurrent,Node_2,-7.27912475E+02
2.58500000E-04,voltage,Node_1,-3.78363776E+03
2.58500000E-04,voltage,Node_2,-3.29866903E+03
2.58500000E-04,i1,Line_1_e1,4.64039425E+02
2.58500000E-04,i2,Line_1_e1,-4.98561973E+02
2.58500000E-04,i1,Line_1_e10,6.98167049E+02
2.58500000E-04,i2,Line_1_e10,-7.27912475E+02
2.59000000E-04,injectedCurrent,Node_1,4.43604194E+02
2.59000000E-04,injectedCurrent,Node_2,-7.22595300E+02
2.59000000E-04,voltage,Node_1,-3.99009989E+03
2.59000000E-04,voltage,Node_2,-3.52008394E+03
2.59000000E-04,i1,Line_1_e1,4.43604194E+02
2.59000000E-04,i2,Line_1_e1,-4.79879815E+02
2.59000000E-04,i1,Line_1_e10,6.90939143E+02
2.59000000E-04,i2,Line_1_e10,-7.22595300E+02
2.59500000E-04,injectedCurrent,Node_1,4.23276640E+02
2.59500000E-04,injectedCurrent,Node_2,-7.17316966E+02
2.59500000E-04,voltage,Node_1,-4.20914805E+03
2.59500000E-04,voltage,Node_2,-3.72677509E+03
2.59500000E-04,i1,Line_1_e1,4.23276640E+02
2.59500000E-04,i2,Line_1_e1,-4.61440903E+02
2.59500000E-04,i1,Line_1_e10,6.83906288E+02
2.59500000E-04,i2,Line_1_e10,-7.17316966E+02
2.60000000E-04,injectedCurrent,Node_1,4.03060193E+02
2.60000000E-04,injectedCurrent,Node_2,-7.12077187E+02
2.60000000E-04,voltage,Node_1,-4.41114147E+03
2.60000000E-04,voltage,Node_2,-3.94889108E+03
2.60000000E-04,i1,Line_1_e1,4.03060193E+02
2.60000000E-04,i2,Line_1_e1,-4.42933197E+02
2.60000000E-04,i1,Line_1_e10,6.76745264E+02
2.60000000E-04,i2,Line_1_e10,-7.12077187E+02
2.60500000E-04,injectedCurrent,Node_1,3.82958266E+02
2.60500000E-04,injectedCurrent,Node_2,-7.06875684E+02
2.60500000E-04,voltage,Node_1,-4.63062834E+03
2.60500000E-04,voltage,Node_2,-4.15107766E+03
2.60500000E-04,i1,Line_1_e1,3.82958266E+02
2.60500000E-04,i2,Line_1_e1,-4.24727811E+02
2.60500000E-04,i1,Line_1_e10,6.69833961E+02
2.60500000E-04,i2,Line_1_e10,-7.06875684E+02
2.61000000E-04,injectedCurrent,Node_1,3.62974256E+02
2.61000000E-04,injectedCurrent,Node_2,-7.01712176E+02
2.61000000E-04,voltage,Node_1,-4.82794367E+03
2.61000000E-04,voltage,Node_2,-4.37368576E+03
2.61000000E-04,i1,Line_1_e1,3.62974256E+02
2.61000000E-04,i2,Line_1_e1,-4.06406419E+02
2.61000000E-04,i1,Line_1_e10,6.62740479E+02
2.61000000E-04,i2,Line_1_e10,-7.01712176E+02
2.61500000E-04,injectedCurrent,Node_1,3.43111543E+02
2.61500000E-04,injectedCurrent,Node_2,-6.96586386E+02
2.61500000E-04,voltage,Node_1,-5.04766232E+03
2.61500000E-04,voltage,Node_2,-4.57115835E+03
2.61500000E-04,i1,Line_1_e1,3.43111543E+02
2.61500000E-04,i2,Line_1_e1,-3.88446378E+02
2.61500000E-04,i1,Line_1_e10,6.55951404E+02
2.61500000E-04,i2,Line_1_e10,-6.96586386E+02
2.62000000E-04,injectedCurrent,Node_1,3.23373486E+02
2.62000000E-04,injectedCurrent,Node_2,-6.91498039E+02
2.62000000E-04,voltage,Node_1,-5.24009213E+03
2.62000000E-04,voltage,Node_2,-4.79405180E+03
2.62000000E-04,i1,Line_1_e1,3.23373486E+02
2.62000000E-04,i2,Line_1_e1,-3.70323039E+02
2.62000000E-04,i1,Line_1_e10,6.48926121E+02
2.62000000E-04,i2,Line_1_e10,-6.91498039E+02
2.62500000E-04,injectedCurrent,Node_1,3.03763427E+02
2.62500000E-04,injectedCurrent,Node_2,-6.86446860E+02
2.62500000E-04,voltage,Node_1,-5.45983806E+03
2.62500000E-04,voltage,Node_2,-4.98660292E+03
2.62500000E-04,i1,Line_1_e1,3.03763427E+02
2.62500000E-04,i2,Line_1_e1,-3.52620038E+02
2.62500000E-04,i1,Line_1_e10,6.42259949E+02
2.62500000E-04,i2,Line_1_e10,-6.86446860E+02
2.63000000E-04,injectedCurrent,Node_1,2.84284688E+02
2.63000000E-04,injectedCurrent,Node_2,-6.81432578E+02
2.63000000E-04,voltage,Node_1,-5.64717712E+03
2.63000000E-04,voltage,Node_2,-5.20957737E+03
2.63000000E-04,i1,Line_1_e1,2.84284688E+02
2.63000000E-04,i2,Line_1_e1,-3.34706361E+02
2.63000000E-04,i1,Line_1_e10,6.35303516E+02
2.63000000E-04,i2,Line_1_e10,-6.81432578E+02
2.63500000E-04,injectedCurrent,Node_1,2.64940566E+02
2.63500000E-04,injectedCurrent,Node_2,-6.76454924E+02
2.63500000E-04,voltage,Node_1,-5.86674849E+03
2.63500000E-04,voltage,Node_2,-5.39700167E+03
2.63500000E-04,i1,Line_1_e1,2.64940566E+02
2.63500000E-04,i2,Line_1_e1,-3.17271961E+02
2.63500000E-04,i1,Line_1_e10,6.28760919E+02
2.63500000E-04,i2,Line_1_e10,-6.76454924E+02
2.64000000E-04,injectedCurrent,Node_1,2.45734339E+02
2.64000000E-04,injectedCurrent,Node_2,-6.71513631E+02
2.64000000E-04,voltage,Node_1,-6.04879391E+03
2.64000000E-04,voltage,Node_2,-5.61985539E+03
2.64000000E-04,i1,Line_1_e1,2.45734339E+02
2.64000000E-04,i2,Line_1_e1,-2.99579406E+02
2.64000000E-04,i1,Line_1_e10,6.21873980E+02
2.64000000E-04,i2,Line_1_e10,-6.71513631E+02
2.64500000E-04,injectedCurrent,Node_1,2.26669262E+02
2.64500000E-04,injectedCurrent,Node_2,-6.66608432E+02
2.64500000E-04,voltage,Node_1,-6.26799173E+03
2.64500000E-04,voltage,Node_2,-5.80194984E+03
2.64500000E-04,i1,Line_1_e1,2.26669262E+02
2.64500000E-04,i2,Line_1_e1,-2.82425019E+02
2.64500000E-04,i1,Line_1_e10,6.15455625E+02
2.64500000E-04,i2,Line_1_e10,-6.66608432E+02
2.65000000E-04,injectedCurrent,Node_1,2.07748564E+02
2.65000000E-04,injectedCurrent,Node_2,-6.61739064E+02
2.65000000E-04,voltage,Node_1,-6.44454320E+03
2.65000000E-04,voltage,Node_2,-6.02448393E+03
2.65000000E-04,i1,Line_1_e1,2.07748564E+02
2.65000000E-04,i2,Line_1_e1,-2.64964889E+02
2.65000000E-04,i1,Line_1_e10,6.08638814E+02
2.65000000E-04,i2,Line_1_e10,-6.61739064E+02
2.65500000E-04,injectedCurrent,Node_1,1.88975451E+02
2.65500000E-04,injectedCurrent,Node_2,-6.56905265E+02
2.65500000E-04,voltage,Node_1,-6.66317154E+03
2.65500000E-04,voltage,Node_2,-6.20104805E+03
2.65500000E-04,i1,Line_1_e1,1.88975451E+02
2.65500000E-04,i2,Line_1_e1,-2.48101766E+02
2.65500000E-04,i1,Line_1_e10,6.02345362E+02
2.65500000E-04,i2,Line_1_e10,-6.56905265E+02
2.66000000E-04,injectedCurrent,Node_1,1.70353102E+02
2.66000000E-04,injectedCurrent,Node_2,-6.52106776E+02
2.66000000E-04,voltage,Node_1,-6.83403152E+03
2.66000000E-04,voltage,Node_2,-6.42306663E+03
2.66000000E-04,i1,Line_1_e1,1.70353102E+02
2.66000000E-04,i2,Line_1_e1,-2.30885194E+02
2.66000000E-04,i1,Line_1_e10,5.95599301E+02
2.66000000E-04,i2,Line_1_e10,-6.52106776E+02
2.66500000E-04,injectedCurrent,Node_1,1.51884669E+02
2.66500000E-04,injectedCurrent,Node_2,-6.47343338E+02
2.66500000E-04,voltage,Node_1,-7.05189768E+03
2.66500000E-04,voltage,Node_2,-6.59390267E+03
2.66500000E-04,i1,Line_1_e1,1.51884669E+02
2.66500000E-04,i2,Line_1_e1,-2.14324411E+02
2.66500000E-04,i1,Line_1_e10,5.89431405E+02
2.66500000E-04,i2,Line_1_e10,-6.47343338E+02
2.67000000E-04,injectedCurrent,Node_1,1.33573280E+02
2.67000000E-04,injectedCurrent,Node_2,-6.42614695E+02
2.67000000E-04,voltage,Node_1,-7.21687158E+03
2.67000000E-04,voltage,Node_2,-6.81521305E+03
2.67000000E-04,i1,Line_1_e1,1.33573280E+02
2.67000000E-04,i2,Line_1_e1,-1.97362344E+02
2.67000000E-04,i1,Line_1_e10,5.82756704E+02
2.67000000E-04,i2,Line_1_e10,-6.42614695E+02
2.67500000E-04,injectedCurrent,Node_1,1.15422029E+02
2.67500000E-04,injectedCurrent,Node_2,-6.37920594E+02
2.67500000E-04,voltage,Node_1,-7.43378629E+03
2.67500000E-04,voltage,Node_2,-6.98012617E+03
2.67500000E-04,i1,Line_1_e1,1.15422029E+02
2.67500000E-04,i2,Line_1_e1,-1.81114795E+02
2.67500000E-04,i1,Line_1_e10,5.76715006E+02
2.67500000E-04,i2,Line_1_e10,-6.37920594E+02
2.68000000E-04,injectedCurrent,Node_1,9.74339868E+01
2.68000000E-04,injectedCurrent,Node_2,-6.33260782E+02
2.68000000E-04,voltage,Node_1,-7.59268268E+03
2.68000000E-04,voltage,Node_2,-7.20053912E+03
2.68000000E-04,i1,Line_1_e1,9.74339868E+01
2.68000000E-04,i2,Line_1_e1,-1.64417987E+02
2.68000000E-04,i1,Line_1_e10,5.70112257E+02
2.68000000E-04,i2,Line_1_e10,-6.33260782E+02
2.68500000E-04,injectedCurrent,Node_1,7.96121900E+01
2.68500000E-04,injectedCurrent,Node_2,-6.28635008E+02
2.68500000E-04,voltage,Node_1,-7.80846030E+03
2.68500000E-04,voltage,Node_2,-7.35933759E+03
2.68500000E-04,i1,Line_1_e1,7.96121900E+01
2.68500000E-04,i2,Line_1_e1,-1.48494365E+02
2.68500000E-04,i1,Line_1_e10,5.64197389E+02
2.68500000E-04,i2,Line_1_e10,-6.28635008E+02
2.69000000E-04,injectedCurrent,Node_1,6.19596462E+01
2.69000000E-04,injectedCurrent,Node_2,-6.24043024E+02
2.69000000E-04,voltage,Node_1,-7.96109107E+03
2.69000000E-04,voltage,Node_2,-7.57866743E+03
2.69000000E-04,i1,Line_1_e1,6.19596462E+01
2.69000000E-04,i2,Line_1_e1,-1.32073362E+02
2.69000000E-04,i1,Line_1_e10,5.57667169E+02
2.69000000E-04,i2,Line_1_e10,-6.24043024E+02
2.69500000E-04,injectedCurrent,Node_1,4.44793311E+01
2.69500000E-04,injectedCurrent,Node_2,-6.19484583E+02
2.69500000E-04,voltage,Node_1,-8.17554977E+03
2.69500000E-04,voltage,Node_2,-7.73116284E+03
2.69500000E-04,i1,Line_1_e1,4.44793311E+01
2.69500000E-04,i2,Line_1_e1,-1.16484154E+02
2.69500000E-04,i1,Line_1_e10,5.51879746E+02
2.69500000E-04,i2,Line_1_e10,-6.19484583E+02
2.70000000E-04,injectedCurrent,Node_1,2.71741880E+01
2.70000000E-04,injectedCurrent,Node_2,-6.14959440E+02
2.70000000E-04,voltage,Node_1,-8.32173033E+03
2.70000000E-04,voltage,Node_2,-7.94922768E+03
2.70000000E-04,i1,Line_1_e1,2.71741880E+01
2.70000000E-04,i2,Line_1_e1,-1.00349282E+02
2.70000000E-04,i1,Line_1_e10,5.45422612E+02
2.70000000E-04,i2,Line_1_e10,-6.14959440E+02
2.70500000E-04,injectedCurrent,Node_1,1.00471268E+01
2.70500000E-04,injectedCurrent,Node_2,-6.10467352E+02
2.70500000E-04,voltage,Node_1,-8.53469228E+03
2.70500000E-04,voltage,Node_2,-8.09523510E+03
2.70500000E-04,i1,Line_1_e1,1.00471268E+01
2.70500000E-04,i2,Line_1_e1,-8.51047534E+01
2.70500000E-04,i1,Line_1_e10,5.39763235E+02
2.70500000E-04,i2,Line_1_e10,-6.10467352E+02
2.71000000E-04,injectedCurrent,Node_1,-6.89897636E+00
2.71000000E-04,injectedCurrent,Node_2,-6.06008077E+02
2.71000000E-04,voltage,Node_1,-8.67424173E+03
2.71000000E-04,voltage,Node_2,-8.31185704E+03
2.71000000E-04,i1,Line_1_e1,-6.89897636E+00
2.71000000E-04,i2,Line_1_e1,-6.92661089E+01
2.71000000E-04,i1,Line_1_e10,5.33379724E+02
2.71000000E-04,i2,Line_1_e10,-6.06008077E+02
2.71500000E-04,injectedCurrent,Node_1,-2.36612803E+01
2.71500000E-04,injectedCurrent,Node_2,-6.01581376E+02
2.71500000E-04,voltage,Node_1,-8.88553327E+03
2.71500000E-04,voltage,Node_2,-8.45119518E+03
2.71500000E-04,i1,Line_1_e1,-2.36612803E+01
2.71500000E-04,i2,Line_1_e1,-5.43762925E+01
2.71500000E-04,i1,Line_1_e10,5.27848977E+02
2.71500000E-04,i2,Line_1_e10,-6.01581376E+02
2.72000000E-04,injectedCurrent,Node_1,-4.02369792E+01
2.72000000E-04,injectedCurrent,Node_2,-5.97187011E+02
2.72000000E-04,voltage,Node_1,-9.01827459E+03
2.72000000E-04,voltage,Node_2,-8.66620044E+03
2.72000000E-04,i1,Line_1_e1,-4.02369792E+01
2.72000000E-04,i2,Line_1_e1,-3.88437303E+01
2.72000000E-04,i1,Line_1_e10,5.21539603E+02
2.72000000E-04,i2,Line_1_e10,-5.97187011E+02
2.72500000E-04,injectedCurrent,Node_1,-5.66233038E+01
2.72500000E-04,injectedCurrent,Node_2,-5.92824745E+02
2.72500000E-04,voltage,Node_1,-9.22772639E+03
2.72500000E-04,voltage,Node_2,-8.79869187E+03
2.72500000E-04,i1,Line_1_e1,-5.66233038E+01
2.72500000E-04,i2,Line_1_e1,-2.43184169E+01
2.72500000E-04,i1,Line_1_e10,5.16138049E+02
2.72500000E-04,i2,Line_1_e10,-5.92824745E+02
2.73000000E-04,injectedCurrent,Node_1,-7.28175219E+01
2.73000000E-04,injectedCurrent,Node_2,-5.88494343E+02
2.73000000E-04,voltage,Node_1,-9.35348659E+03
2.73000000E-04,voltage,Node_2,-9.01191100E+03
2.73000000E-04,i1,Line_1_e1,-7.28175219E+01
2.73000000E-04,i2,Line_1_e1,-9.10153940E+00
2.73000000E-04,i1,Line_1_e10,5.09903302E+02
2.73000000E-04,i2,Line_1_e10,-5.88494343E+02
2.73500000E-04,injectedCurrent,Node_1,-8.88169389E+01
2.73500000E-04,injectedCurrent,Node_2,-5.84195575E+02
2.73500000E-04,voltage,Node_1,-9.56093385E+03
2.73500000E-04,voltage,Node_2,-9.13738229E+03
2.73500000E-04,i1,Line_1_e1,-8.88169389E+01
2.73500000E-04,i2,Line_1_e1,5.04973430E+00
2.73500000E-04,i1,Line_1_e10,5.04631485E+02
2.73500000E-04,i2,Line_1_e10,-5.84195575E+02
2.74000000E-04,injectedCurrent,Node_1,-1.04618899E+02
2.74000000E-04,injectedCurrent,Node_2,-5.79928207E+02
2.74000000E-04,voltage,Node_1,-9.67954416E+03
2.74000000E-04,voltage,Node_2,-9.34865034E+03
2.74000000E-04,i1,Line_1_e1,-1.04618899E+02
2.74000000E-04,i2,Line_1_e1,1.99415877E+01
2.74000000E-04,i1,Line_1_e10,4.98471829E+02
2.74000000E-04,i2,Line_1_e10,-5.79928207E+02
2.74500000E-04,injectedCurrent,Node_1,-1.20220785E+02
2.74500000E-04,injectedCurrent,Node_2,-5.75692011E+02
2.74500000E-04,voltage,Node_1,-9.88482676E+03
2.74500000E-04,voltage,Node_2,-9.46693223E+03
2.74500000E-04,i1,Line_1_e1,-1.20220785E+02
2.74500000E-04,i2,Line_1_e1,3.37095490E+01
2.74500000E-04,i1,Line_1_e10,4.93330270E+02
2.74500000E-04,i2,Line_1_e10,-5.75692011E+02
2.75000000E-04,injectedCurrent,Node_1,-1.35620022E+02
2.75000000E-04,injectedCurrent,Node_2,-5.71486759E+02
2.75000000E-04,voltage,Node_1,-9.99612277E+03
2.75000000E-04,voltage,Node_2,-9.67608891E+03
2.75000000E-04,i1,Line_1_e1,-1.35620022E+02
2.75000000E-04,i2,Line_1_e1,4.82673127E+01
2.75000000E-04,i1,Line_1_e10,4.87246142E+02
2.75000000E-04,i2,Line_1_e10,-5.71486759E+02
2.75500000E-04,injectedCurrent,Node_1,-1.50814072E+02
2.75500000E-04,injectedCurrent,Node_2,-5.67312226E+02
2.75500000E-04,voltage,Node_1,-1.01990854E+04
2.75500000E-04,voltage,Node_2,-9.78701648E+03
2.75500000E-04,i1,Line_1_e1,-1.50814072E+02
2.75500000E-04,i2,Line_1_e1,6.16429632E+01
2.75500000E-04,i1,Line_1_e10,4.82235337E+02
2.75500000E-04,i2,Line_1_e10,-5.67312226E+02
2.76000000E-04,injectedCurrent,Node_1,-1.65800442E+02
2.76000000E-04,injectedCurrent,Node_2,-5.63168186E+02
2.76000000E-04,voltage,Node_1,-1.03029073E+04
2.76000000E-04,voltage,Node_2,-9.99390631E+03
2.76000000E-04,i1,Line_1_e1,-1.65800442E+02
2.76000000E-04,i2,Line_1_e1,7.58578548E+01
2.76000000E-04,i1,Line_1_e10,4.76227144E+02
2.76000000E-04,i2,Line_1_e10,-5.63168186E+02
2.76500000E-04,injectedCurrent,Node_1,-1.80576678E+02
2.76500000E-04,injectedCurrent,Node_2,-5.59054417E+02
2.76500000E-04,voltage,Node_1,-1.05033997E+04
2.76500000E-04,voltage,Node_2,-1.00973191E+04
2.76500000E-04,i1,Line_1_e1,-1.80576678E+02
2.76500000E-04,i2,Line_1_e1,8.88324807E+01
2.76500000E-04,i1,Line_1_e10,4.71347566E+02
2.76500000E-04,i2,Line_1_e10,-5.59054417E+02
2.77000000E-04,injectedCurrent,Node_1,-1.95140372E+02
2.77000000E-04,injectedCurrent,Node_2,-5.54970697E+02
2.77000000E-04,voltage,Node_1,-1.05995922E+04
2.77000000E-04,voltage,Node_2,-1.03017916E+04
2.77000000E-04,i1,Line_1_e1,-1.95140372E+02
2.77000000E-04,i2,Line_1_e1,1.02696011E+02
2.77000000E-04,i1,Line_1_e10,4.65415686E+02
2.77000000E-04,i2,Line_1_e10,-5.54970697E+02
2.77500000E-04,injectedCurrent,Node_1,-2.09489157E+02
2.77500000E-04,injectedCurrent,Node_2,-5.50916808E+02
2.77500000E-04,voltage,Node_1,-1.07974693E+04
2.77500000E-04,voltage,Node_2,-1.03975340E+04
2.77500000E-04,i1,Line_1_e1,-2.09489157E+02
2.77500000E-04,i2,Line_1_e1,1.15261193E+02
2.77500000E-04,i1,Line_1_e10,4.60667778E+02
2.77500000E-04,i2,Line_1_e10,-5.50916808E+02
2.78000000E-04,injectedCurrent,Node_1,-2.23620711E+02
2.78000000E-04,injectedCurrent,Node_2,-5.46892532E+02
2.78000000E-04,voltage,Node_1,-1.08858820E+04
2.78000000E-04,voltage,Node_2,-1.05994437E+04
2.78000000E-04,i1,Line_1_e1,-2.23620711E+02
2.78000000E-04,i2,Line_1_e1,1.28765176E+02
2.78000000E-04,i1,Line_1_e10,4.54812554E+02
2.78000000E-04,i2,Line_1_e10,-5.46892532E+02
2.78500000E-04,injectedCurrent,Node_1,-2.37532756E+02
2.78500000E-04,injectedCurrent,Node_2,-5.42897651E+02
2.78500000E-04,voltage,Node_1,-1.10810040E+04
2.78500000E-04,voltage,Node_2,-1.06873646E+04
2.78500000E-04,i1,Line_1_e1,-2.37532756E+02
2.78500000E-04,i2,Line_1_e1,1.40912796E+02
2.78500000E-04,i1,Line_1_e10,4.50196734E+02
2.78500000E-04,i2,Line_1_e10,-5.42897651E+02
2.79000000E-04,injectedCurrent,Node_1,-2.51223060E+02
2.79000000E-04,injectedCurrent,Node_2,-5.38931952E+02
2.79000000E-04,voltage,Node_1,-1.11614915E+04
2.79000000E-04,voltage,Node_2,-1.08865716E+04
2.79000000E-04,i1,Line_1_e1,-2.51223060E+02
2.79000000E-04,i2,Line_1_e1,1.54049359E+02
2.79000000E-04,i1,Line_1_e10,4.44418478E+02
2.79000000E-04,i2,Line_1_e10,-5.38931952E+02
2.79500000E-04,injectedCurrent,Node_1,-2.64689437E+02
2.79500000E-04,injectedCurrent,Node_2,-5.34995221E+02
2.79500000E-04,voltage,Node_1,-1.13537240E+04
2.79500000E-04,voltage,Node_2,-1.09665250E+04
2.79500000E-04,i1,Line_1_e1,-2.64689437E+02
2.79500000E-04,i2,Line_1_e1,1.65771613E+02
2.79500000E-04,i1,Line_1_e10,4.39935130E+02
2.79500000E-04,i2,Line_1_e10,-5.34995221E+02
2.80000000E-04,injectedCurrent,Node_1,-2.77929747E+02
2.80000000E-04,injectedCurrent,Node_2,-5.31087247E+02
2.80000000E-04,voltage,Node_1,-1.14261461E+04
2.80000000E-04,voltage,Node_2,-1.11628946E+04
2.80000000E-04,i1,Line_1_e1,-2.77929747E+02
2.80000000E-04,i2,Line_1_e1,1.78533202E+02
2.80000000E-04,i1,Line_1_e10,4.34234119E+02
2.80000000E-04,i2,Line_1_e10,-5.31087247E+02
2.80500000E-04,injectedCurrent,Node_1,-2.90941898E+02
2.80500000E-04,injectedCurrent,Node_2,-5.27207819E+02
2.80500000E-04,voltage,Node_1,-1.16153603E+04
2.80500000E-04,voltage,Node_2,-1.12347395E+04
2.80500000E-04,i1,Line_1_e1,-2.90941898E+02
2.80500000E-04,i2,Line_1_e1,1.89822606E+02
2.80500000E-04,i1,Line_1_e10,4.29883599E+02
2.80500000E-04,i2,Line_1_e10,-5.27207819E+02
2.81000000E-04,injectedCurrent,Node_1,-3.03723845E+02
2.81000000E-04,injectedCurrent,Node_2,-5.23356730E+02
2.81000000E-04,voltage,Node_1,-1.16795820E+04
2.81000000E-04,voltage,Node_2,-1.14281425E+04
2.81000000E-04,i1,Line_1_e1,-3.03723845E+02
2.81000000E-04,i2,Line_1_e1,2.02201998E+02
2.81000000E-04,i1,Line_1_e10,4.24260072E+02
2.81000000E-04,i2,Line_1_e10,-5.23356730E+02
2.81500000E-04,injectedCurrent,Node_1,-3.16273591E+02
2.81500000E-04,injectedCurrent,Node_2,-5.19533771E+02
2.81500000E-04,voltage,Node_1,-1.18656547E+04
2.81500000E-04,voltage,Node_2,-1.14917434E+04
2.81500000E-04,i1,Line_1_e1,-3.16273591E+02
2.81500000E-04,i2,Line_1_e1,2.13051398E+02
2.81500000E-04,i1,Line_1_e10,4.20042702E+02
2.81500000E-04,i2,Line_1_e10,-5.19533771E+02
2.82000000E-04,injectedCurrent,Node_1,-3.28589188E+02
2.82000000E-04,injectedCurrent,Node_2,-5.15738738E+02
2.82000000E-04,voltage,Node_1,-1.19215463E+04
2.82000000E-04,voltage,Node_2,-1.16820565E+04
2.82000000E-04,i1,Line_1_e1,-3.28589188E+02
2.82000000E-04,i2,Line_1_e1,2.25041707E+02
2.82000000E-04,i1,Line_1_e10,4.14496863E+02
2.82000000E-04,i2,Line_1_e10,-5.15738738E+02
2.82500000E-04,injectedCurrent,Node_1,-3.40668738E+02
2.82500000E-04,injectedCurrent,Node_2,-5.11971426E+02
2.82500000E-04,voltage,Node_1,-1.21043604E+04
2.82500000E-04,voltage,Node_2,-1.17372828E+04
2.82500000E-04,i1,Line_1_e1,-3.40668738E+02
2.82500000E-04,i2,Line_1_e1,2.35444286E+02
2.82500000E-04,i1,Line_1_e10,4.10412931E+02
2.82500000E-04,i2,Line_1_e10,-5.11971426E+02
2.83000000E-04,injectedCurrent,Node_1,-3.52510394E+02
2.83000000E-04,injectedCurrent,Node_2,-5.08231633E+02
2.83000000E-04,voltage,Node_1,-1.21517977E+04
2.83000000E-04,voltage,Node_2,-1.19243884E+04
2.83000000E-04,i1,Line_1_e1,-3.52510394E+02
2.83000000E-04,i2,Line_1_e1,2.47038972E+02
2.83000000E-04,i1,Line_1_e10,4.04944942E+02
2.83000000E-04,i2,Line_1_e10,-5.08231633E+02
2.83500000E-04,injectedCurrent,Node_1,-3.64112356E+02
2.83500000E-04,injectedCurrent,Node_2,-5.04519159E+02
2.83500000E-04,voltage,Node_1,-1.23312419E+04
2.83500000E-04,voltage,Node_2,-1.19711152E+04
2.83500000E-04,i1,Line_1_e1,-3.64112356E+02
2.83500000E-04,i2,Line_1_e1,2.56988258E+02
2.83500000E-04,i1,Line_1_e10,4.00994703E+02
2.83500000E-04,i2,Line_1_e10,-5.04519159E+02
2.84000000E-04,injectedCurrent,Node_1,-3.75472877E+02
2.84000000E-04,injectedCurrent,Node_2,-5.00833803E+02
2.84000000E-04,voltage,Node_1,-1.23701063E+04
2.84000000E-04,voltage,Node_2,-1.21549018E+04
2.84000000E-04,i1,Line_1_e1,-3.75472877E+02
2.84000000E-04,i2,Line_1_e1,2.68181133E+02
2.84000000E-04,i1,Line_1_e10,3.95604687E+02
2.84000000E-04,i2,Line_1_e10,-5.00833803E+02
2.84500000E-04,injectedCurrent,Node_1,-3.86590263E+02
2.84500000E-04,injectedCurrent,Node_2,-4.97175367E+02
2.84500000E-04,voltage,Node_1,-1.25460755E+04
2.84500000E-04,voltage,Node_2,-1.21930098E+04
2.84500000E-04,i1,Line_1_e1,-3.86590263E+02
2.84500000E-04,i2,Line_1_e1,2.77671007E+02
2.84500000E-04,i1,Line_1_e10,3.91788357E+02
2.84500000E-04,i2,Line_1_e10,-4.97175367E+02
2.85000000E-04,injectedCurrent,Node_1,-3.97462869E+02
2.85000000E-04,injectedCurrent,Node_2,-4.93543655E+02
2.85000000E-04,voltage,Node_1,-1.25762541E+04
2.85000000E-04,voltage,Node_2,-1.23733717E+04
2.85000000E-04,i1,Line_1_e1,-3.97462869E+02
2.85000000E-04,i2,Line_1_e1,2.88456244E+02
2.85000000E-04,i1,Line_1_e10,3.86476398E+02
2.85000000E-04,i2,Line_1_e10,-4.93543655E+02
2.85500000E-04,injectedCurrent,Node_1,-4.08089104E+02
2.85500000E-04,injectedCurrent,Node_2,-4.89938471E+02
2.85500000E-04,voltage,Node_1,-1.27486493E+04
2.85500000E-04,voltage,Node_2,-1.24027474E+04
2.85500000E-04,i1,Line_1_e1,-4.08089104E+02
2.85500000E-04,i2,Line_1_e1,2.97480944E+02
2.85500000E-04,i1,Line_1_e10,3.82794157E+02
2.85500000E-04,i2,Line_1_e10,-4.89938471E+02
2.86000000E-04,injectedCurrent,Node_1,-4.18467430E+02
2.86000000E-04,injectedCurrent,Node_2,-4.86359623E+02
2.86000000E-04,voltage,Node_1,-1.27700352E+04
2.86000000E-04,voltage,Node_2,-1.25795853E+04
2.86000000E-04,i1,Line_1_e1,-4.18467430E+02
2.86000000E-04,i2,Line_1_e1,3.07853084E+02
2.86000000E-04,i1,Line_1_e10,3.77560294E+02
2.86000000E-04,i2,Line_1_e10,-4.86359623E+02
2.86500000E-04,injectedCurrent,Node_1,-4.28596360E+02
2.86500000E-04,injectedCurrent,Node_2,-4.82806916E+02
2.86500000E-04,voltage,Node_1,-1.29387636E+04
2.86500000E-04,voltage,Node_2,-1.26001207E+04
2.86500000E-04,i1,Line_1_e1,-4.28596360E+02
2.86500000E-04,i2,Line_1_e1,3.16407215E+02
2.86500000E-04,i1,Line_1_e10,3.74012285E+02
2.86500000E-04,i2,Line_1_e10,-4.82806916E+02
2.87000000E-04,injectedCurrent,Node_1,-4.38474464E+02
2.87000000E-04,injectedCurrent,Node_2,-4.79280162E+02
2.87000000E-04,voltage,Node_1,-1.29512556E+04
2.87000000E-04,voltage,Node_2,-1.27733415E+04
2.87000000E-04,i1,Line_1_e1,-4.38474464E+02
2.87000000E-04,i2,Line_1_e1,3.26361171E+02
2.87000000E-04,i1,Line_1_e10,3.68856513E+02
2.87000000E-04,i2,Line_1_e10,-4.79280162E+02
2.87500000E-04,injectedCurrent,Node_1,-4.48100364E+02
2.87500000E-04,injectedCurrent,Node_2,-4.75779168E+02
2.87500000E-04,voltage,Node_1,-1.31162310E+04
2.87500000E-04,voltage,Node_2,-1.27849347E+04
2.87500000E-04,i1,Line_1_e1,-4.48100364E+02
2.87500000E-04,i2,Line_1_e1,3.34439710E+02
2.87500000E-04,i1,Line_1_e10,3.65442838E+02
2.87500000E-04,i2,Line_1_e10,-4.75779168E+02
2.88000000E-04,injectedCurrent,Node_1,-4.57472737E+02
2.88000000E-04,injectedCurrent,Node_2,-4.72303749E+02
2.88000000E-04,voltage,Node_1,-1.31197340E+04
2.88000000E-04,voltage,Node_2,-1.29544517E+04
2.88000000E-04,i1,Line_1_e1,-4.57472737E+02
2.88000000E-04,i2,Line_1_e1,3.43970774E+02
2.88000000E-04,i1,Line_1_e10,3.60365110E+02
2.88000000E-04,i2,Line_1_e10,-4.72303749E+02
2.88500000E-04,injectedCurrent,Node_1,-4.66590314E+02
2.88500000E-04,injectedCurrent,Node_2,-4.68853717E+02
2.88500000E-04,voltage,Node_1,-1.32808766E+04
2.88500000E-04,voltage,Node_2,-1.29570068E+04
2.88500000E-04,i1,Line_1_e1,-4.66590314E+02
2.88500000E-04,i2,Line_1_e1,3.51569077E+02
2.88500000E-04,i1,Line_1_e10,3.57085831E+02
2.88500000E-04,i2,Line_1_e10,-4.68853717E+02
2.89000000E-04,injectedCurrent,Node_1,-4.75451883E+02
2.89000000E-04,injectedCurrent,Node_2,-4.65428885E+02
2.89000000E-04,voltage,Node_1,-1.32753017E+04
2.89000000E-04,voltage,Node_2,-1.31227398E+04
2.89000000E-04,i1,Line_1_e1,-4.75451883E+02
2.89000000E-04,i2,Line_1_e1,3.60672927E+02
2.89000000E-04,i1,Line_1_e10,3.52086054E+02
2.89000000E-04,i2,Line_1_e10,-4.65428885E+02
2.89500000E-04,injectedCurrent,Node_1,-4.84056287E+02
2.89500000E-04,injectedCurrent,Node_2,-4.62029072E+02
2.89500000E-04,voltage,Node_1,-1.34325382E+04
2.89500000E-04,voltage,Node_2,-1.31161668E+04
2.89500000E-04,i1,Line_1_e1,-4.84056287E+02
2.89500000E-04,i2,Line_1_e1,3.67786730E+02
2.89500000E-04,i1,Line_1_e10,3.48941192E+02
2.89500000E-04,i2,Line_1_e10,-4.62029072E+02
2.90000000E-04,injectedCurrent,Node_1,-4.92402424E+02
2.90000000E-04,injectedCurrent,Node_2,-4.58654092E+02
2.90000000E-04,voltage,Node_1,-1.34178025E+04
2.90000000E-04,voltage,Node_2,-1.32780421E+04
2.90000000E-04,i1,Line_1_e1,-4.92402424E+02
2.90000000E-04,i2,Line_1_e1,3.76459434E+02
2.90000000E-04,i1,Line_1_e10,3.44019226E+02
2.90000000E-04,i2,Line_1_e10,-4.58654092E+02
2.90500000E-04,injectedCurrent,Node_1,-5.00489248E+02
2.90500000E-04,injectedCurrent,Node_2,-4.55303766E+02
2.90500000E-04,voltage,Node_1,-1.35710664E+04
2.90500000E-04,voltage,Node_2,-1.32622574E+04
2.90500000E-04,i1,Line_1_e1,-5.00489248E+02
2.90500000E-04,i2,Line_1_e1,3.83084863E+02
2.90500000E-04,i1,Line_1_e10,3.41008761E+02
2.90500000E-04,i2,Line_1_e10,-4.55303766E+02
2.91000000E-04,injectedCurrent,Node_1,-5.08315772E+02
2.91000000E-04,injectedCurrent,Node_2,-4.51977914E+02
2.91000000E-04,voltage,Node_1,-1.35470933E+04
2.91000000E-04,voltage,Node_2,-1.34202081E+04
2.91000000E-04,i1,Line_1_e1,-5.08315772E+02
2.91000000E-04,i2,Line_1_e1,3.91322885E+02
2.91000000E-04,i1,Line_1_e10,3.36164418E+02
2.91000000E-04,i2,Line_1_e10,-4.51977914E+02
2.91500000E-04,injectedCurrent,Node_1,-5.15881063E+02
2.91500000E-04,injectedCurrent,Node_2,-4.48676355E+02
2.91500000E-04,voltage,Node_1,-1.36963247E+04
2.91500000E-04,voltage,Node_2,-1.33951342E+04
2.91500000E-04,i1,Line_1_e1,-5.15881063E+02
2.91500000E-04,i2,Line_1_e1,3.97456459E+02
2.91500000E-04,i1,Line_1_e10,3.33288286E+02
2.91500000E-04,i2,Line_1_e10,-4.48676355E+02
2.92000000E-04,injectedCurrent,Node_1,-5.23184248E+02
2.92000000E-04,injectedCurrent,Node_2,-4.45398913E+02
2.92000000E-04,voltage,Node_1,-1.36630440E+04
2.92000000E-04,voltage,Node_2,-1.35490998E+04
2.92000000E-04,i1,Line_1_e1,-5.23184248E+02
2.92000000E-04,i2,Line_1_e1,4.05256660E+02
2.92000000E-04,i1,Line_1_e10,3.28521333E+02
2.92000000E-04,i2,Line_1_e10,-4.45398913E+02
2.92500000E-04,injectedCurrent,Node_1,-5.30224508E+02
2.92500000E-04,injectedCurrent,Node_2,-4.42145412E+02
2.92500000E-04,voltage,Node_1,-1.38081899E+04
2.92500000E-04,voltage,Node_2,-1.35146655E+04
2.92500000E-04,i1,Line_1_e1,-5.30224508E+02
2.92500000E-04,i2,Line_1_e1,4.10895294E+02
2.92500000E-04,i1,Line_1_e10,3.25779427E+02
2.92500000E-04,i2,Line_1_e10,-4.42145412E+02
2.93000000E-04,injectedCurrent,Node_1,-5.37001085E+02
2.93000000E-04,injectedCurrent,Node_2,-4.38915677E+02
2.93000000E-04,voltage,Node_1,-1.37655377E+04
2.93000000E-04,voltage,Node_2,-1.36645927E+04
2.93000000E-04,i1,Line_1_e1,-5.37001085E+02
2.93000000E-04,i2,Line_1_e1,4.18254943E+02
2.93000000E-04,i1,Line_1_e10,3.21089579E+02
2.93000000E-04,i2,Line_1_e10,-4.38915677E+02
2.93500000E-04,injectedCurrent,Node_1,-5.43513277E+02
2.93500000E-04,injectedCurrent,Node_2,-4.35709534E+02
2.93500000E-04,voltage,Node_1,-1.39065520E+04
2.93500000E-04,voltage,Node_2,-1.36207331E+04
2.93500000E-04,i1,Line_1_e1,-5.43513277E+02
2.93500000E-04,i2,Line_1_e1,4.23395953E+02
2.93500000E-04,i1,Line_1_e10,3.18481748E+02
2.93500000E-04,i2,Line_1_e10,-4.35709534E+02
2.94000000E-04,injectedCurrent,Node_1,-5.49760440E+02
2.94000000E-04,injectedCurrent,Node_2,-4.32526811E+02
2.94000000E-04,voltage,Node_1,-1.38544708E+04
2.94000000E-04,voltage,Node_2,-1.37665751E+04
2.94000000E-04,i1,Line_1_e1,-5.49760440E+02
2.94000000E-04,i2,Line_1_e1,4.30312721E+02
2.94000000E-04,i1,Line_1_e10,3.13868673E+02
2.94000000E-04,i2,Line_1_e10,-4.32526811E+02
2.94500000E-04,injectedCurrent,Node_1,-5.55741990E+02
2.94500000E-04,injectedCurrent,Node_2,-4.29367336E+02
2.94500000E-04,voltage,Node_1,-1.39913141E+04
2.94500000E-04,voltage,Node_2,-1.37132320E+04
2.94500000E-04,i1,Line_1_e1,-5.55741990E+02
2.94500000E-04,i2,Line_1_e1,4.34953828E+02
2.94500000E-04,i1,Line_1_e10,3.11394722E+02
2.94500000E-04,i2,Line_1_e10,-4.29367336E+02
2.95000000E-04,injectedCurrent,Node_1,-5.61457399E+02
2.95000000E-04,injectedCurrent,Node_2,-4.26230941E+02
2.95000000E-04,voltage,Node_1,-1.39297530E+04
2.95000000E-04,voltage,Node_2,-1.38549491E+04
2.95000000E-04,i1,Line_1_e1,-5.61457399E+02
2.95000000E-04,i2,Line_1_e1,4.41425801E+02
2.95000000E-04,i1,Line_1_e10,3.06858037E+02
2.95000000E-04,i2,Line_1_e10,-4.26230941E+02
2.95500000E-04,injectedCurrent,Node_1,-5.66906201E+02
2.95500000E-04,injectedCurrent,Node_2,-4.23117456E+02
2.95500000E-04,voltage,Node_1,-1.40623930E+04
2.95500000E-04,voltage,Node_2,-1.37920703E+04
2.95500000E-04,i1,Line_1_e1,-5.66906201E+02
2.95500000E-04,i2,Line_1_e1,4.45565131E+02
2.95500000E-04,i1,Line_1_e10,3.04517726E+02
2.95500000E-04,i2,Line_1_e10,-4.23117456E+02
2.96000000E-04,injectedCurrent,Node_1,-5.72087987E+02
2.96000000E-04,injectedCurrent,Node_2,-4.20026714E+02
2.96000000E-04,voltage,Node_1,-1.39913076E+04
2.96000000E-04,voltage,Node_2,-1.39296298E+04
2.96000000E-04,i1,Line_1_e1,-5.72087987E+02
2.96000000E-04,i2,Line_1_e1,4.51590807E+02
2.96000000E-04,i1,Line_1_e10,3.00056998E+02
2.96000000E-04,i2,Line_1_e10,-4.20026714E+02
2.96500000E-04,injectedCurrent,Node_1,-5.77002406E+02
2.96500000E-04,injectedCurrent,Node_2,-4.16958549E+02
2.96500000E-04,voltage,Node_1,-1.41197191E+04
2.96500000E-04,voltage,Node_2,-1.38571700E+04
2.96500000E-04,i1,Line_1_e1,-5.77002406E+02
2.96500000E-04,i2,Line_1_e1,4.55226898E+02
2.96500000E-04,i1,Line_1_e10,2.97850039E+02
2.96500000E-04,i2,Line_1_e10,-4.16958549E+02
2.97000000E-04,injectedCurrent,Node_1,-5.81649168E+02
2.97000000E-04,injectedCurrent,Node_2,-4.13912796E+02
2.97000000E-04,voltage,Node_1,-1.40390714E+04
2.97000000E-04,voltage,Node_2,-1.39905461E+04
2.97000000E-04,i1,Line_1_e1,-5.81649168E+02
2.97000000E-04,i2,Line_1_e1,4.60805189E+02
2.97000000E-04,i1,Line_1_e10,2.93464783E+02
2.97000000E-04,i2,Line_1_e10,-4.13912796E+02
2.97500000E-04,injectedCurrent,Node_1,-5.86028042E+02
2.97500000E-04,injectedCurrent,Node_2,-4.10889292E+02
2.97500000E-04,voltage,Node_1,-1.41632361E+04
2.97500000E-04,voltage,Node_2,-1.39084663E+04
2.97500000E-04,i1,Line_1_e1,-5.86028042E+02
2.97500000E-04,i2,Line_1_e1,4.63936989E+02
2.97500000E-04,i1,Line_1_e10,2.91390845E+02
2.97500000E-04,i2,Line_1_e10,-4.10889292E+02
2.98000000E-04,injectedCurrent,Node_1,-5.90138855E+02
2.98000000E-04,injectedCurrent,Node_2,-4.07887873E+02
2.98000000E-04,voltage,Node_1,-1.40729948E+04
2.98000000E-04,voltage,Node_2,-1.40376402E+04
2.98000000E-04,i1,Line_1_e1,-5.90138855E+02
2.98000000E-04,i2,Line_1_e1,4.69067226E+02
2.98000000E-04,i1,Line_1_e10,2.87080527E+02
2.98000000E-04,i2,Line_1_e10,-4.07887873E+02
2.98500000E-04,injectedCurrent,Node_1,-5.93981496E+02
2.98500000E-04,injectedCurrent,Node_2,-4.04908378E+02
2.98500000E-04,voltage,Node_1,-1.41929015E+04
2.98500000E-04,voltage,Node_2,-1.39459081E+04
2.98500000E-04,i1,Line_1_e1,-5.93981496E+02
2.98500000E-04,i2,Line_1_e1,4.71694098E+02
2.98500000E-04,i1,Line_1_e10,2.85139229E+02
2.98500000E-04,i2,Line_1_e10,-4.04908378E+02
2.99000000E-04,injectedCurrent,Node_1,-5.97555912E+02
2.99000000E-04,injectedCurrent,Node_2,-4.01950648E+02
2.99000000E-04,voltage,Node_1,-1.40930419E+04
2.99000000E-04,voltage,Node_2,-1.40708681E+04
2.99000000E-04,i1,Line_1_e1,-5.97555912E+02
2.99000000E-04,i2,Line_1_e1,4.76376033E+02
2.99000000E-04,i1,Line_1_e10,2.80903261E+02
2.99000000E-04,i2,Line_1_e10,-4.01950648E+02
2.99500000E-04,injectedCurrent,Node_1,-6.00862109E+02
2.99500000E-04,injectedCurrent,Node_2,-3.99014523E+02
2.99500000E-04,voltage,Node_1,-1.42086865E+04
2.99500000E-04,voltage,Node_2,-1.39694580E+04
2.99500000E-04,i1,Line_1_e1,-6.00862109E+02
2.99500000E-04,i2,Line_1_e1,4.78497753E+02
2.99500000E-04,i1,Line_1_e10,2.79094180E+02
2.99500000E-04,i2,Line_1_e10,-3.99014523E+02
3.00000000E-04,injectedCurrent,Node_1,-6.03900154E+02
3.00000000E-04,injectedCurrent,Node_2,-3.96099845E+02
3.00000000E-04,voltage,Node_1,-1.40991906E+04
3.00000000E-04,voltage,Node_2,-1.40901996E+04
3.00000000E-04,i1,Line_1_e1,-6.03900154E+02
3.00000000E-04,i2,Line_1_e1,4.82731556E+02
3.00000000E-04,i1,Line_1_e10,2.74931923E+02
3.00000000E-04,i2,Line_1_e10,-3.96099845E+02
3.00500000E-04,injectedCurrent,Node_1,-6.06670173E+02
3.00500000E-04,injectedCurrent,Node_2,-3.93206459E+02
3.00500000E-04,voltage,Node_1,-1.42105760E+04
3.00500000E-04,voltage,Node_2,-1.39790923E+04
3.00500000E-04,i1,Line_1_e1,-6.06670173E+02
3.00500000E-04,i2,Line_1_e1,4.84348318E+02
3.00500000E-04,i1,Line_1_e10,2.73254585E+02
3.00500000E-04,i2,Line_1_e10,-3.93206459E+02
3.01000000E-04,injectedCurrent,Node_1,-6.09172352E+02
3.01000000E-04,injectedCurrent,Node_2,-3.90334207E+02
3.01000000E-04,voltage,Node_1,-1.40914322E+04
3.01000000E-04,voltage,Node_2,-1.40956179E+04
3.01000000E-04,i1,Line_1_e1,-6.09172352E+02
3.01000000E-04,i2,Line_1_e1,4.88134580E+02
3.01000000E-04,i1,Line_1_e10,2.69165346E+02
3.01000000E-04,i2,Line_1_e10,-3.90334207E+02
3.01500000E-04,injectedCurrent,Node_1,-6.11406937E+02
3.01500000E-04,injectedCurrent,Node_2,-3.87482937E+02
3.01500000E-04,voltage,Node_1,-1.41985686E+04
3.01500000E-04,voltage,Node_2,-1.39748009E+04
3.01500000E-04,i1,Line_1_e1,-6.11406937E+02
3.01500000E-04,i2,Line_1_e1,4.89246992E+02
3.01500000E-04,i1,Line_1_e10,2.67619232E+02
3.01500000E-04,i2,Line_1_e10,-3.87482937E+02
3.02000000E-04,injectedCurrent,Node_1,-6.13374233E+02
3.02000000E-04,injectedCurrent,Node_2,-3.84652494E+02
3.02000000E-04,voltage,Node_1,-1.40697721E+04
3.02000000E-04,voltage,Node_2,-1.40871201E+04
3.02000000E-04,i1,Line_1_e1,-6.13374233E+02
3.02000000E-04,i2,Line_1_e1,4.92586728E+02
3.02000000E-04,i1,Line_1_e10,2.63602268E+02
3.02000000E-04,i2,Line_1_e10,-3.84652494E+02
3.02500000E-04,injectedCurrent,Node_1,-6.15074605E+02
3.02500000E-04,injectedCurrent,Node_2,-3.81842726E+02
3.02500000E-04,voltage,Node_1,-1.41726768E+04
3.02500000E-04,voltage,Node_2,-1.39565874E+04
3.02500000E-04,i1,Line_1_e1,-6.15074605E+02
3.02500000E-04,i2,Line_1_e1,4.93195815E+02
3.02500000E-04,i1,Line_1_e10,2.62186811E+02
3.02500000E-04,i2,Line_1_e10,-3.81842726E+02
3.03000000E-04,injectedCurrent,Node_1,-6.16508479E+02
3.03000000E-04,injectedCurrent,Node_2,-3.79053484E+02
3.03000000E-04,voltage,Node_1,-1.40342293E+04
3.03000000E-04,voltage,Node_2,-1.40647171E+04
3.03000000E-04,i1,Line_1_e1,-6.16508479E+02
3.03000000E-04,i2,Line_1_e1,4.96090459E+02
3.03000000E-04,i1,Line_1_e10,2.58241325E+02
3.03000000E-04,i2,Line_1_e10,-3.79053484E+02
3.03500000E-04,injectedCurrent,Node_1,-6.17676338E+02
3.03500000E-04,injectedCurrent,Node_2,-3.76284615E+02
3.03500000E-04,voltage,Node_1,-1.41329265E+04
3.03500000E-04,voltage,Node_2,-1.39244694E+04
3.03500000E-04,i1,Line_1_e1,-6.17676338E+02
3.03500000E-04,i2,Line_1_e1,4.96197661E+02
3.03500000E-04,i1,Line_1_e10,2.56955911E+02
3.03500000E-04,i2,Line_1_e10,-3.76284615E+02
3.04000000E-04,injectedCurrent,Node_1,-6.18578726E+02
3.04000000E-04,injectedCurrent,Node_2,-3.73535972E+02
3.04000000E-04,voltage,Node_1,-1.39848364E+04
3.04000000E-04,voltage,Node_2,-1.40284334E+04
3.04000000E-04,i1,Line_1_e1,-6.18578726E+02
3.04000000E-04,i2,Line_1_e1,4.98649070E+02
3.04000000E-04,i1,Line_1_e10,2.53081052E+02
3.04000000E-04,i2,Line_1_e10,-3.73535972E+02
3.04500000E-04,injectedCurrent,Node_1,-6.19216246E+02
3.04500000E-04,injectedCurrent,Node_2,-3.70807408E+02
3.04500000E-04,voltage,Node_1,-1.40793577E+04
3.04500000E-04,voltage,Node_2,-1.38784779E+04
3.04500000E-04,i1,Line_1_e1,-6.19216246E+02
3.04500000E-04,i2,Line_1_e1,4.98256243E+02
3.04500000E-04,i1,Line_1_e10,2.51925020E+02
3.04500000E-04,i2,Line_1_e10,-3.70807408E+02
3.05000000E-04,injectedCurrent,Node_1,-6.19589562E+02
3.05000000E-04,injectedCurrent,Node_2,-3.68098774E+02
3.05000000E-04,voltage,Node_1,-1.39216398E+04
3.05000000E-04,voltage,Node_2,-1.39783072E+04
3.05000000E-04,i1,Line_1_e1,-6.19589562E+02
3.05000000E-04,i2,Line_1_e1,5.00266691E+02
3.05000000E-04,i1,Line_1_e10,2.48119887E+02
3.05000000E-04,i2,Line_1_e10,-3.68098774E+02
3.05500000E-04,injectedCurrent,Node_1,-6.19699395E+02
3.05500000E-04,injectedCurrent,Node_2,-3.65409926E+02
3.05500000E-04,voltage,Node_1,-1.40120236E+04
3.05500000E-04,voltage,Node_2,-1.38186577E+04
3.05500000E-04,i1,Line_1_e1,-6.19699395E+02
3.05500000E-04,i2,Line_1_e1,4.99376104E+02
3.05500000E-04,i1,Line_1_e10,2.47092528E+02
3.05500000E-04,i2,Line_1_e10,-3.65409926E+02
3.06000000E-04,injectedCurrent,Node_1,-6.19546525E+02
3.06000000E-04,injectedCurrent,Node_2,-3.62740720E+02
3.06000000E-04,voltage,Node_1,-1.38446995E+04
3.06000000E-04,voltage,Node_2,-1.39143903E+04
3.06000000E-04,i1,Line_1_e1,-6.19546525E+02
3.06000000E-04,i2,Line_1_e1,5.00948285E+02
3.06000000E-04,i1,Line_1_e10,2.43356165E+02
3.06000000E-04,i2,Line_1_e10,-3.62740720E+02
3.06500000E-04,injectedCurrent,Node_1,-6.19131793E+02
3.06500000E-04,injectedCurrent,Node_2,-3.60091011E+02
3.06500000E-04,voltage,Node_1,-1.39309914E+04
3.06500000E-04,voltage,Node_2,-1.37450672E+04
3.06500000E-04,i1,Line_1_e1,-6.19131793E+02
3.06500000E-04,i2,Line_1_e1,4.99562620E+02
3.06500000E-04,i1,Line_1_e10,2.42456725E+02
3.06500000E-04,i2,Line_1_e10,-3.60091011E+02
3.07000000E-04,injectedCurrent,Node_1,-6.18456096E+02
3.07000000E-04,injectedCurrent,Node_2,-3.57460657E+02
3.07000000E-04,voltage,Node_1,-1.37540890E+04
3.07000000E-04,voltage,Node_2,-1.38367483E+04
3.07000000E-04,i1,Line_1_e1,-6.18456096E+02
3.07000000E-04,i2,Line_1_e1,5.00699644E+02
3.07000000E-04,i1,Line_1_e10,2.38788122E+02
3.07000000E-04,i2,Line_1_e10,-3.57460657E+02
3.07500000E-04,injectedCurrent,Node_1,-6.17520393E+02
3.07500000E-04,injectedCurrent,Node_2,-3.54849517E+02
3.07500000E-04,voltage,Node_1,-1.38363417E+04
3.07500000E-04,voltage,Node_2,-1.36577784E+04
3.07500000E-04,i1,Line_1_e1,-6.17520393E+02
3.07500000E-04,i2,Line_1_e1,4.98821991E+02
3.07500000E-04,i1,Line_1_e10,2.38015798E+02
3.07500000E-04,i2,Line_1_e10,-3.54849517E+02
3.08000000E-04,injectedCurrent,Node_1,-6.16325699E+02
3.08000000E-04,injectedCurrent,Node_2,-3.52257451E+02
3.08000000E-04,voltage,Node_1,-1.36498954E+04
3.08000000E-04,voltage,Node_2,-1.37454601E+04
3.08000000E-04,i1,Line_1_e1,-6.16325699E+02
3.08000000E-04,i2,Line_1_e1,4.99527384E+02
3.08000000E-04,i1,Line_1_e10,2.34413897E+02
3.08000000E-04,i2,Line_1_e10,-3.52257451E+02
3.08500000E-04,injectedCurrent,Node_1,-6.14873086E+02
3.08500000E-04,injectedCurrent,Node_2,-3.49684319E+02
3.08500000E-04,voltage,Node_1,-1.37281685E+04
3.08500000E-04,voltage,Node_2,-1.35568768E+04
3.08500000E-04,i1,Line_1_e1,-6.14873086E+02
3.08500000E-04,i2,Line_1_e1,4.97161241E+02
3.08500000E-04,i1,Line_1_e10,2.33767841E+02
3.08500000E-04,i2,Line_1_e10,-3.49684319E+02
3.09000000E-04,injectedCurrent,Node_1,-6.13163688E+02
3.09000000E-04,injectedCurrent,Node_2,-3.47129982E+02
3.09000000E-04,voltage,Node_1,-1.35322191E+04
3.09000000E-04,voltage,Node_2,-1.36406183E+04
3.09000000E-04,i1,Line_1_e1,-6.13163688E+02
3.09000000E-04,i2,Line_1_e1,4.97438940E+02
3.09000000E-04,i1,Line_1_e10,2.30231528E+02
3.09000000E-04,i2,Line_1_e10,-3.47129982E+02
3.09500000E-04,injectedCurrent,Node_1,-6.11198692E+02
3.09500000E-04,injectedCurrent,Node_2,-3.44594304E+02
3.09500000E-04,voltage,Node_1,-1.36065792E+04
3.09500000E-04,voltage,Node_2,-1.34424613E+04
3.09500000E-04,i1,Line_1_e1,-6.11198692E+02
3.09500000E-04,i2,Line_1_e1,4.94588210E+02
3.09500000E-04,i1,Line_1_e10,2.29710844E+02
3.09500000E-04,i2,Line_1_e10,-3.44594304E+02
3.10000000E-04,injectedCurrent,Node_1,-6.08979347E+02
3.10000000E-04,injectedCurrent,Node_2,-3.42077149E+02
3.10000000E-04,voltage,Node_1,-1.34011740E+04
3.10000000E-04,voltage,Node_2,-1.35223286E+04
3.10000000E-04,i1,Line_1_e1,-6.08979347E+02
3.10000000E-04,i2,Line_1_e1,4.94442558E+02
3.10000000E-04,i1,Line_1_e10,2.26238954E+02
3.10000000E-04,i2,Line_1_e10,-3.42077149E+02
3.10500000E-04,injectedCurrent,Node_1,-6.06506955E+02
3.10500000E-04,injectedCurrent,Node_2,-3.39578380E+02
3.10500000E-04,voltage,Node_1,-1.34716944E+04
3.10500000E-04,voltage,Node_2,-1.33146440E+04
3.10500000E-04,i1,Line_1_e1,-6.06506955E+02
3.10500000E-04,i2,Line_1_e1,4.91111545E+02
3.10500000E-04,i1,Line_1_e10,2.25842701E+02
3.10500000E-04,i2,Line_1_e10,-3.39578380E+02
3.11000000E-04,injectedCurrent,Node_1,-6.03782877E+02
3.11000000E-04,injectedCurrent,Node_2,-3.37097864E+02
3.11000000E-04,voltage,Node_1,-1.32568870E+04
3.11000000E-04,voltage,Node_2,-1.33907102E+04
3.11000000E-04,i1,Line_1_e1,-6.03782877E+02
3.11000000E-04,i2,Line_1_e1,4.90547294E+02
3.11000000E-04,i1,Line_1_e10,2.22434017E+02
3.11000000E-04,i2,Line_1_e10,-3.37097864E+02
3.11500000E-04,injectedCurrent,Node_1,-6.00808532E+02
3.11500000E-04,injectedCurrent,Node_2,-3.34635467E+02
3.11500000E-04,voltage,Node_1,-1.33236480E+04
3.11500000E-04,voltage,Node_2,-1.31735504E+04
3.11500000E-04,i1,Line_1_e1,-6.00808532E+02
3.11500000E-04,i2,Line_1_e1,4.86740699E+02
3.11500000E-04,i1,Line_1_e10,2.22161211E+02
3.11500000E-04,i2,Line_1_e10,-3.34635467E+02
3.12000000E-04,injectedCurrent,Node_1,-5.97585392E+02
3.12000000E-04,injectedCurrent,Node_2,-3.32191056E+02
3.12000000E-04,voltage,Node_1,-1.30994981E+04
3.12000000E-04,voltage,Node_2,-1.32458954E+04
3.12000000E-04,i1,Line_1_e1,-5.97585392E+02
3.12000000E-04,i2,Line_1_e1,4.85763000E+02
3.12000000E-04,i1,Line_1_e10,2.18814465E+02
3.12000000E-04,i2,Line_1_e10,-3.32191056E+02
3.12500000E-04,injectedCurrent,Node_1,-5.94114987E+02
3.12500000E-04,injectedCurrent,Node_2,-3.29764501E+02
3.12500000E-04,voltage,Node_1,-1.31625868E+04
3.12500000E-04,voltage,Node_2,-1.30193189E+04
3.12500000E-04,i1,Line_1_e1,-5.94114987E+02
3.12500000E-04,i2,Line_1_e1,4.81485916E+02
3.12500000E-04,i1,Line_1_e10,2.18664073E+02
3.12500000E-04,i2,Line_1_e10,-3.29764501E+02
3.13000000E-04,injectedCurrent,Node_1,-5.90398904E+02
3.13000000E-04,injectedCurrent,Node_2,-3.27355671E+02
3.13000000E-04,voltage,Node_1,-1.29291602E+04
3.13000000E-04,voltage,Node_2,-1.30880293E+04
3.13000000E-04,i1,Line_1_e1,-5.90398904E+02
3.13000000E-04,i2,Line_1_e1,4.80100319E+02
3.13000000E-04,i1,Line_1_e10,2.15377946E+02
3.13000000E-04,i2,Line_1_e10,-3.27355671E+02
3.13500000E-04,injectedCurrent,Node_1,-5.86438781E+02
3.13500000E-04,injectedCurrent,Node_2,-3.24964437E+02
3.13500000E-04,voltage,Node_1,-1.29886704E+04
3.13500000E-04,voltage,Node_2,-1.28521011E+04
3.13500000E-04,i1,Line_1_e1,-5.86438781E+02
3.13500000E-04,i2,Line_1_e1,4.75358230E+02
3.13500000E-04,i1,Line_1_e10,2.15348893E+02
3.13500000E-04,i2,Line_1_e10,-3.24964437E+02
3.14000000E-04,injectedCurrent,Node_1,-5.82236316E+02
3.14000000E-04,injectedCurrent,Node_2,-3.22590669E+02
3.14000000E-04,voltage,Node_1,-1.27460393E+04
3.14000000E-04,voltage,Node_2,-1.29172703E+04
3.14000000E-04,i1,Line_1_e1,-5.82236316E+02
3.14000000E-04,i2,Line_1_e1,4.73570674E+02
3.14000000E-04,i1,Line_1_e10,2.12122016E+02
3.14000000E-04,i2,Line_1_e10,-3.22590669E+02
3.14500000E-04,injectedCurrent,Node_1,-5.77793258E+02
3.14500000E-04,injectedCurrent,Node_2,-3.20234240E+02
3.14500000E-04,voltage,Node_1,-1.28020713E+04
3.14500000E-04,voltage,Node_2,-1.26720611E+04
3.14500000E-04,i1,Line_1_e1,-5.77793258E+02
3.14500000E-04,i2,Line_1_e1,4.68369446E+02
3.14500000E-04,i1,Line_1_e10,2.12213183E+02
3.14500000E-04,i2,Line_1_e10,-3.20234240E+02
3.15000000E-04,injectedCurrent,Node_1,-5.73111411E+02
3.15000000E-04,injectedCurrent,Node_2,-3.17895024E+02
3.15000000E-04,voltage,Node_1,-1.25503135E+04
3.15000000E-04,voltage,Node_2,-1.27337890E+04
3.15000000E-04,i1,Line_1_e1,-5.73111411E+02
3.15000000E-04,i2,Line_1_e1,4.66186260E+02
3.15000000E-04,i1,Line_1_e10,2.09044136E+02
3.15000000E-04,i2,Line_1_e10,-3.17895024E+02
3.15500000E-04,injectedCurrent,Node_1,-5.68192633E+02
3.15500000E-04,injectedCurrent,Node_2,-3.15572894E+02
3.15500000E-04,voltage,Node_1,-1.26029743E+04
3.15500000E-04,voltage,Node_2,-1.24793757E+04
3.15500000E-04,i1,Line_1_e1,-5.68192633E+02
3.15500000E-04,i2,Line_1_e1,4.60532137E+02
3.15500000E-04,i1,Line_1_e10,2.09254360E+02
3.15500000E-04,i2,Line_1_e10,-3.15572894E+02
3.16000000E-04,injectedCurrent,Node_1,-5.63038836E+02
3.16000000E-04,injectedCurrent,Node_2,-3.13267726E+02
3.16000000E-04,voltage,Node_1,-1.23421738E+04
3.16000000E-04,voltage,Node_2,-1.25377691E+04
3.16000000E-04,i1,Line_1_e1,-5.63038836E+02
3.16000000E-04,i2,Line_1_e1,4.57960032E+02
3.16000000E-04,i1,Line_1_e10,2.06141675E+02
3.16000000E-04,i2,Line_1_e10,-3.13267726E+02
3.16500000E-04,injectedCurrent,Node_1,-5.57651983E+02
3.16500000E-04,injectedCurrent,Node_2,-3.10979396E+02
3.16500000E-04,voltage,Node_1,-1.23915766E+04
3.16500000E-04,voltage,Node_2,-1.22742344E+04
3.16500000E-04,i1,Line_1_e1,-5.57651983E+02
3.16500000E-04,i2,Line_1_e1,4.51859631E+02
3.16500000E-04,i1,Line_1_e10,2.06469751E+02
3.16500000E-04,i2,Line_1_e10,-3.10979396E+02
3.17000000E-04,injectedCurrent,Node_1,-5.52034091E+02
3.17000000E-04,injectedCurrent,Node_2,-3.08707780E+02
3.17000000E-04,voltage,Node_1,-1.21218231E+04
3.17000000E-04,voltage,Node_2,-1.23294061E+04
3.17000000E-04,i1,Line_1_e1,-5.52034091E+02
3.17000000E-04,i2,Line_1_e1,4.48905692E+02
3.17000000E-04,i1,Line_1_e10,2.03411910E+02
3.17000000E-04,i2,Line_1_e10,-3.08707780E+02
3.17500000E-04,injectedCurrent,Node_1,-5.46187229E+02
3.17500000E-04,injectedCurrent,Node_2,-3.06452757E+02
3.17500000E-04,voltage,Node_1,-1.21680878E+04
3.17500000E-04,voltage,Node_2,-1.20568386E+04
3.17500000E-04,i1,Line_1_e1,-5.46187229E+02
3.17500000E-04,i2,Line_1_e1,4.42365997E+02
3.17500000E-04,i1,Line_1_e10,2.03856593E+02
3.17500000E-04,i2,Line_1_e10,-3.06452757E+02
3.18000000E-04,injectedCurrent,Node_1,-5.40113517E+02
3.18000000E-04,injectedCurrent,Node_2,-3.04214204E+02
3.18000000E-04,voltage,Node_1,-1.18894765E+04
3.18000000E-04,voltage,Node_2,-1.21089082E+04
3.18000000E-04,i1,Line_1_e1,-5.40113517E+02
3.18000000E-04,i2,Line_1_e1,4.39037680E+02
3.18000000E-04,i1,Line_1_e10,2.00852031E+02
3.18000000E-04,i2,Line_1_e10,-3.04214204E+02
3.18500000E-04,injectedCurrent,Node_1,-5.33815125E+02
3.18500000E-04,injectedCurrent,Node_2,-3.01992003E+02
3.18500000E-04,voltage,Node_1,-1.19327291E+04
3.18500000E-04,voltage,Node_2,-1.18274021E+04
3.18500000E-04,i1,Line_1_e1,-5.33815125E+02
3.18500000E-04,i2,Line_1_e1,4.32066033E+02
3.18500000E-04,i1,Line_1_e10,2.01412033E+02
3.18500000E-04,i2,Line_1_e10,-3.01992003E+02
3.19000000E-04,injectedCurrent,Node_1,-5.27294276E+02
3.19000000E-04,injectedCurrent,Node_2,-2.99786032E+02
3.19000000E-04,voltage,Node_1,-1.16453611E+04
3.19000000E-04,voltage,Node_2,-1.18764951E+04
3.19000000E-04,i1,Line_1_e1,-5.27294276E+02
3.19000000E-04,i2,Line_1_e1,4.28371158E+02
3.19000000E-04,i1,Line_1_e10,1.98459136E+02
3.19000000E-04,i2,Line_1_e10,-2.99786032E+02
3.19500000E-04,injectedCurrent,Node_1,-5.20553240E+02
3.19500000E-04,injectedCurrent,Node_2,-2.97596173E+02
3.19500000E-04,voltage,Node_1,-1.16857337E+04
3.19500000E-04,voltage,Node_2,-1.15861503E+04
3.19500000E-04,i1,Line_1_e1,-5.20553240E+02
3.19500000E-04,i2,Line_1_e1,4.20975255E+02
3.19500000E-04,i1,Line_1_e10,1.99133131E+02
3.19500000E-04,i2,Line_1_e10,-2.97596173E+02
3.20000000E-04,injectedCurrent,Node_1,-5.13594340E+02
3.20000000E-04,injectedCurrent,Node_2,-2.95422308E+02
3.20000000E-04,voltage,Node_1,-1.13897152E+04
3.20000000E-04,voltage,Node_2,-1.16323987E+04
3.20000000E-04,i1,Line_1_e1,-5.13594340E+02
3.20000000E-04,i2,Line_1_e1,4.16921997E+02
3.20000000E-04,i1,Line_1_e10,1.96230241E+02
3.20000000E-04,i2,Line_1_e10,-2.95422308E+02
3.20500000E-04,injectedCurrent,Node_1,-5.06419943E+02
3.20500000E-04,injectedCurrent,Node_2,-2.93264321E+02
3.20500000E-04,voltage,Node_1,-1.14273461E+04
3.20500000E-04,voltage,Node_2,-1.13333203E+04
3.20500000E-04,i1,Line_1_e1,-5.06419943E+02
3.20500000E-04,i2,Line_1_e1,4.09109880E+02
3.20500000E-04,i1,Line_1_e10,1.97016861E+02
3.20500000E-04,i2,Line_1_e10,-2.93264321E+02
3.21000000E-04,injectedCurrent,Node_1,-4.99032470E+02
3.21000000E-04,injectedCurrent,Node_2,-2.91122095E+02
3.21000000E-04,voltage,Node_1,-1.11227889E+04
3.21000000E-04,voltage,Node_2,-1.13768620E+04
3.21000000E-04,i1,Line_1_e1,-4.99032470E+02
3.21000000E-04,i2,Line_1_e1,4.04706762E+02
3.21000000E-04,i1,Line_1_e10,1.94162273E+02
3.21000000E-04,i2,Line_1_e10,-2.91122095E+02
3.21500000E-04,injectedCurrent,Node_1,-4.91434385E+02
3.21500000E-04,injectedCurrent,Node_2,-2.88995513E+02
3.21500000E-04,voltage,Node_1,-1.11578221E+04
3.21500000E-04,voltage,Node_2,-1.10691607E+04
3.21500000E-04,i1,Line_1_e1,-4.91434385E+02
3.21500000E-04,i2,Line_1_e1,3.96486811E+02
3.21500000E-04,i1,Line_1_e10,1.95060116E+02
3.21500000E-04,i2,Line_1_e10,-2.88995513E+02
3.22000000E-04,injectedCurrent,Node_1,-4.83628203E+02
3.22000000E-04,injectedCurrent,Node_2,-2.86884463E+02
3.22000000E-04,voltage,Node_1,-1.08448430E+04
3.22000000E-04,voltage,Node_2,-1.11101396E+04
3.22000000E-04,i1,Line_1_e1,-4.83628203E+02
3.22000000E-04,i2,Line_1_e1,3.91742699E+02
3.22000000E-04,i1,Line_1_e10,1.92252079E+02
3.22000000E-04,i2,Line_1_e10,-2.86884463E+02
3.22500000E-04,injectedCurrent,Node_1,-4.75616483E+02
3.22500000E-04,injectedCurrent,Node_2,-2.84788829E+02
3.22500000E-04,voltage,Node_1,-1.08774286E+04
3.22500000E-04,voltage,Node_2,-1.07939311E+04
3.22500000E-04,i1,Line_1_e1,-4.75616483E+02
3.22500000E-04,i2,Line_1_e1,3.83123623E+02
3.22500000E-04,i1,Line_1_e10,1.93259703E+02
3.22500000E-04,i2,Line_1_e10,-2.84788829E+02
3.23000000E-04,injectedCurrent,Node_1,-4.67401831E+02
3.23000000E-04,injectedCurrent,Node_2,-2.82708499E+02
3.23000000E-04,voltage,Node_1,-1.05561496E+04
3.23000000E-04,voltage,Node_2,-1.08324969E+04
3.23000000E-04,i1,Line_1_e1,-4.67401831E+02
3.23000000E-04,i2,Line_1_e1,3.78047717E+02
3.23000000E-04,i1,Line_1_e10,1.90496425E+02
3.23000000E-04,i2,Line_1_e10,-2.82708499E+02
3.23500000E-04,injectedCurrent,Node_1,-4.58986899E+02
3.23500000E-04,injectedCurrent,Node_2,-2.80643361E+02
3.23500000E-04,voltage,Node_1,-1.05864430E+04
3.23500000E-04,voltage,Node_2,-1.05079021E+04
3.23500000E-04,i1,Line_1_e1,-4.58986899E+02
3.23500000E-04,i2,Line_1_e1,3.69038548E+02
3.23500000E-04,i1,Line_1_e10,1.91612353E+02
3.23500000E-04,i2,Line_1_e10,-2.80643361E+02
3.24000000E-04,injectedCurrent,Node_1,-4.50374382E+02
3.24000000E-04,injectedCurrent,Node_2,-2.78593303E+02
3.24000000E-04,voltage,Node_1,-1.02569911E+04
3.24000000E-04,voltage,Node_2,-1.05442102E+04
3.24000000E-04,i1,Line_1_e1,-4.50374382E+02
3.24000000E-04,i2,Line_1_e1,3.63640370E+02
3.24000000E-04,i1,Line_1_e10,1.88891997E+02
3.24000000E-04,i2,Line_1_e10,-2.78593303E+02
3.24500000E-04,injectedCurrent,Node_1,-4.41567022E+02
3.24500000E-04,injectedCurrent,Node_2,-2.76558213E+02
3.24500000E-04,voltage,Node_1,-1.02851535E+04
3.24500000E-04,voltage,Node_2,-1.02113548E+04
3.24500000E-04,i1,Line_1_e1,-4.41567022E+02
3.24500000E-04,i2,Line_1_e1,3.54250453E+02
3.24500000E-04,i1,Line_1_e10,1.90114716E+02
3.24500000E-04,i2,Line_1_e10,-2.76558213E+02
3.25000000E-04,injectedCurrent,Node_1,-4.32567601E+02
3.25000000E-04,injectedCurrent,Node_2,-2.74537983E+02
3.25000000E-04,voltage,Node_1,-9.94766027E+03
3.25000000E-04,voltage,Node_2,-1.02455662E+04
3.25000000E-04,i1,Line_1_e1,-4.32567601E+02
3.25000000E-04,i2,Line_1_e1,3.48539843E+02
3.25000000E-04,i1,Line_1_e10,1.87435403E+02
3.25000000E-04,i2,Line_1_e10,-2.74537983E+02
3.25500000E-04,injectedCurrent,Node_1,-4.23378948E+02
3.25500000E-04,injectedCurrent,Node_2,-2.72532502E+02
3.25500000E-04,voltage,Node_1,-9.97385823E+03
3.25500000E-04,voltage,Node_2,-9.90458083E+03
3.25500000E-04,i1,Line_1_e1,-4.23378948E+02
3.25500000E-04,i2,Line_1_e1,3.38778829E+02
3.25500000E-04,i1,Line_1_e10,1.88763369E+02
3.25500000E-04,i2,Line_1_e10,-2.72532502E+02
3.26000000E-04,injectedCurrent,Node_1,-4.14003931E+02
3.26000000E-04,injectedCurrent,Node_2,-2.70541662E+02
3.26000000E-04,voltage,Node_1,-9.62845987E+03
3.26000000E-04,voltage,Node_2,-9.93686187E+03
3.26000000E-04,i1,Line_1_e1,-4.14003931E+02
3.26000000E-04,i2,Line_1_e1,3.32765935E+02
3.26000000E-04,i1,Line_1_e10,1.86123179E+02
3.26000000E-04,i2,Line_1_e10,-2.70541662E+02
3.26500000E-04,injectedCurrent,Node_1,-4.04445461E+02
3.26500000E-04,injectedCurrent,Node_2,-2.68565356E+02
3.26500000E-04,voltage,Node_1,-9.65286517E+03
3.26500000E-04,voltage,Node_2,-9.58788165E+03
3.26500000E-04,i1,Line_1_e1,-4.04445461E+02
3.26500000E-04,i2,Line_1_e1,3.22643766E+02
3.26500000E-04,i1,Line_1_e10,1.87554811E+02
3.26500000E-04,i2,Line_1_e10,-2.68565356E+02
3.27000000E-04,injectedCurrent,Node_1,-3.94706490E+02
3.27000000E-04,injectedCurrent,Node_2,-2.66603475E+02
3.27000000E-04,voltage,Node_1,-9.29970242E+03
3.27000000E-04,voltage,Node_2,-9.61840403E+03
3.27000000E-04,i1,Line_1_e1,-3.94706490E+02
3.27000000E-04,i2,Line_1_e1,3.16339034E+02
3.27000000E-04,i1,Line_1_e10,1.84951785E+02
3.27000000E-04,i2,Line_1_e10,-2.66603475E+02
3.27500000E-04,injectedCurrent,Node_1,-3.84790009E+02
3.27500000E-04,injectedCurrent,Node_2,-2.64655913E+02
3.27500000E-04,voltage,Node_1,-9.32249200E+03
3.27500000E-04,voltage,Node_2,-9.26156857E+03
3.27500000E-04,i1,Line_1_e1,-3.84790009E+02
3.27500000E-04,i2,Line_1_e1,3.05865942E+02
3.27500000E-04,i1,Line_1_e10,1.86485475E+02
3.27500000E-04,i2,Line_1_e10,-2.64655913E+02
3.28000000E-04,injectedCurrent,Node_1,-3.74699049E+02
3.28000000E-04,injectedCurrent,Node_2,-2.62722564E+02
3.28000000E-04,voltage,Node_1,-8.96170986E+03
3.28000000E-04,voltage,Node_2,-9.29050911E+03
3.28000000E-04,i1,Line_1_e1,-3.74699049E+02
3.28000000E-04,i2,Line_1_e1,2.99280106E+02
3.28000000E-04,i1,Line_1_e10,1.83917614E+02
3.28000000E-04,i2,Line_1_e10,-2.62722564E+02
3.28500000E-04,injectedCurrent,Node_1,-3.64436681E+02
3.28500000E-04,injectedCurrent,Node_2,-2.60803323E+02
3.28500000E-04,voltage,Node_1,-8.98306557E+03
3.28500000E-04,voltage,Node_2,-8.92596235E+03
3.28500000E-04,i1,Line_1_e1,-3.64436681E+02
3.28500000E-04,i2,Line_1_e1,2.88466598E+02
3.28500000E-04,i1,Line_1_e10,1.85551719E+02
3.28500000E-04,i2,Line_1_e10,-2.60803323E+02
3.29000000E-04,injectedCurrent,Node_1,-3.54006012E+02
3.29000000E-04,injectedCurrent,Node_2,-2.58898085E+02
3.29000000E-04,voltage,Node_1,-8.61481318E+03
3.29000000E-04,voltage,Node_2,-8.95350285E+03
3.29000000E-04,i1,Line_1_e1,-3.54006012E+02
3.29000000E-04,i2,Line_1_e1,2.81610672E+02
3.29000000E-04,i1,Line_1_e10,1.83016986E+02
3.29000000E-04,i2,Line_1_e10,-2.58898085E+02
3.29500000E-04,injectedCurrent,Node_1,-3.43410189E+02
3.29500000E-04,injectedCurrent,Node_2,-2.57006746E+02
3.29500000E-04,voltage,Node_1,-8.63492170E+03
3.29500000E-04,voltage,Node_2,-8.58139284E+03
3.29500000E-04,i1,Line_1_e1,-3.43410189E+02
3.29500000E-04,i2,Line_1_e1,2.70467520E+02
3.29500000E-04,i1,Line_1_e10,1.84749838E+02
3.29500000E-04,i2,Line_1_e10,-2.57006746E+02
3.30000000E-04,injectedCurrent,Node_1,-3.32652393E+02
3.30000000E-04,injectedCurrent,Node_2,-2.55129203E+02
3.30000000E-04,voltage,Node_1,-8.25935214E+03
3.30000000E-04,voltage,Node_2,-8.60771993E+03
3.30000000E-04,i1,Line_1_e1,-3.32652393E+02
3.30000000E-04,i2,Line_1_e1,2.63352786E+02
3.30000000E-04,i1,Line_1_e10,1.82246160E+02
3.30000000E-04,i2,Line_1_e10,-2.55129203E+02
3.30500000E-04,injectedCurrent,Node_1,-3.21735843E+02
3.30500000E-04,injectedCurrent,Node_2,-2.53265351E+02
3.30500000E-04,voltage,Node_1,-8.27840482E+03
3.30500000E-04,voltage,Node_2,-8.22819869E+03
3.30500000E-04,i1,Line_1_e1,-3.21735843E+02
3.30500000E-04,i2,Line_1_e1,2.51891020E+02
3.30500000E-04,i1,Line_1_e10,1.84076060E+02
3.30500000E-04,i2,Line_1_e10,-2.53265351E+02
3.31000000E-04,injectedCurrent,Node_1,-3.10663792E+02
3.31000000E-04,injectedCurrent,Node_2,-2.51415089E+02
3.31000000E-04,voltage,Node_1,-7.89567497E+03
3.31000000E-04,voltage,Node_2,-8.25350368E+03
3.31000000E-04,i1,Line_1_e1,-3.10663792E+02
3.31000000E-04,i2,Line_1_e1,2.44529022E+02
3.31000000E-04,i1,Line_1_e10,1.81601326E+02
3.31000000E-04,i2,Line_1_e10,-2.51415089E+02
3.31500000E-04,injectedCurrent,Node_1,-2.99439528E+02
3.31500000E-04,injectedCurrent,Node_2,-2.49578315E+02
3.31500000E-04,voltage,Node_1,-7.91386761E+03
3.31500000E-04,voltage,Node_2,-7.86672702E+03
3.31500000E-04,i1,Line_1_e1,-2.99439528E+02
3.31500000E-04,i2,Line_1_e1,2.32759916E+02
3.31500000E-04,i1,Line_1_e10,1.83526551E+02
3.31500000E-04,i2,Line_1_e10,-2.49578315E+02
3.32000000E-04,injectedCurrent,Node_1,-2.88066372E+02
3.32000000E-04,injectedCurrent,Node_2,-2.47754926E+02
3.32000000E-04,voltage,Node_1,-7.52413794E+03
3.32000000E-04,voltage,Node_2,-7.89120575E+03
3.32000000E-04,i1,Line_1_e1,-2.88066372E+02
3.32000000E-04,i2,Line_1_e1,2.25162445E+02
3.32000000E-04,i1,Line_1_e10,1.81078616E+02
3.32000000E-04,i2,Line_1_e10,-2.47754926E+02
3.32500000E-04,injectedCurrent,Node_1,-2.76547680E+02
3.32500000E-04,injectedCurrent,Node_2,-2.45944823E+02
3.32500000E-04,voltage,Node_1,-7.54167070E+03
3.32500000E-04,voltage,Node_2,-7.49733308E+03
3.32500000E-04,i1,Line_1_e1,-2.76547680E+02
3.32500000E-04,i2,Line_1_e1,2.13097509E+02
3.32500000E-04,i1,Line_1_e10,1.83097413E+02
3.32500000E-04,i2,Line_1_e10,-2.45944823E+02
3.33000000E-04,injectedCurrent,Node_1,-2.64886837E+02
3.33000000E-04,injectedCurrent,Node_2,-2.44147903E+02
3.33000000E-04,voltage,Node_1,-7.14510513E+03
3.33000000E-04,voltage,Node_2,-7.52118571E+03
3.33000000E-04,i1,Line_1_e1,-2.64886837E+02
3.33000000E-04,i2,Line_1_e1,2.05276598E+02
3.33000000E-04,i1,Line_1_e10,1.80674100E+02
3.33000000E-04,i2,Line_1_e10,-2.44147903E+02
3.33500000E-04,injectedCurrent,Node_1,-2.53087263E+02
3.33500000E-04,injectedCurrent,Node_2,-2.42364067E+02
3.33500000E-04,voltage,Node_1,-7.16218231E+03
3.33500000E-04,voltage,Node_2,-7.12037989E+03
3.33500000E-04,i1,Line_1_e1,-2.53087263E+02
3.33500000E-04,i2,Line_1_e1,1.92927568E+02
3.33500000E-04,i1,Line_1_e10,1.82784695E+02
3.33500000E-04,i2,Line_1_e10,-2.42364067E+02
3.34000000E-04,injectedCurrent,Node_1,-2.41152407E+02
3.34000000E-04,injectedCurrent,Node_2,-2.40593214E+02
3.34000000E-04,voltage,Node_1,-6.75894800E+03
3.34000000E-04,voltage,Node_2,-7.14381081E+03
3.34000000E-04,i1,Line_1_e1,-2.41152407E+02
3.34000000E-04,i2,Line_1_e1,1.84895475E+02
3.34000000E-04,i1,Line_1_e10,1.80383790E+02
3.34000000E-04,i2,Line_1_e10,-2.40593214E+02
3.34500000E-04,injectedCurrent,Node_1,-2.29085748E+02
3.34500000E-04,injectedCurrent,Node_2,-2.38835245E+02
3.34500000E-04,voltage,Node_1,-6.77577791E+03
3.34500000E-04,voltage,Node_2,-6.73623793E+03
3.34500000E-04,i1,Line_1_e1,-2.29085748E+02
3.34500000E-04,i2,Line_1_e1,1.72274303E+02
3.34500000E-04,i1,Line_1_e10,1.82584384E+02
3.34500000E-04,i2,Line_1_e10,-2.38835245E+02
3.35000000E-04,injectedCurrent,Node_1,-2.16890794E+02
3.35000000E-04,injectedCurrent,Node_2,-2.37090060E+02
3.35000000E-04,voltage,Node_1,-6.36604510E+03
3.35000000E-04,voltage,Node_2,-6.75945553E+03
3.35000000E-04,i1,Line_1_e1,-2.16890794E+02
3.35000000E-04,i2,Line_1_e1,1.64043507E+02
3.35000000E-04,i1,Line_1_e10,1.80203643E+02
3.35000000E-04,i2,Line_1_e10,-2.37090060E+02
3.35500000E-04,injectedCurrent,Node_1,-2.04571084E+02
3.35500000E-04,injectedCurrent,Node_2,-2.35357559E+02
3.35500000E-04,voltage,Node_1,-6.38283990E+03
3.35500000E-04,voltage,Node_2,-6.34528479E+03
3.35500000E-04,i1,Line_1_e1,-2.04571084E+02
3.35500000E-04,i2,Line_1_e1,1.51162348E+02
3.35500000E-04,i1,Line_1_e10,1.82492414E+02
3.35500000E-04,i2,Line_1_e10,-2.35357559E+02
3.36000000E-04,injectedCurrent,Node_1,-1.92130182E+02
3.36000000E-04,injectedCurrent,Node_2,-2.33637645E+02
3.36000000E-04,voltage,Node_1,-5.96678172E+03
3.36000000E-04,voltage,Node_2,-6.36850132E+03
3.36000000E-04,i1,Line_1_e1,-1.92130182E+02
3.36000000E-04,i2,Line_1_e1,1.42745537E+02
3.36000000E-04,i1,Line_1_e10,1.80129561E+02
3.36000000E-04,i2,Line_1_e10,-2.33637645E+02
3.36500000E-04,injectedCurrent,Node_1,-1.79571682E+02
3.36500000E-04,injectedCurrent,Node_2,-2.31930216E+02
3.36500000E-04,voltage,Node_1,-5.98375723E+03
3.36500000E-04,voltage,Node_2,-5.94790478E+03
3.36500000E-04,i1,Line_1_e1,-1.79571682E+02
3.36500000E-04,i2,Line_1_e1,1.29616742E+02
3.36500000E-04,i1,Line_1_e10,1.82504666E+02
3.36500000E-04,i2,Line_1_e10,-2.31930216E+02
3.37000000E-04,injectedCurrent,Node_1,-1.66899202E+02
3.37000000E-04,injectedCurrent,Node_2,-2.30235176E+02
3.37000000E-04,voltage,Node_1,-5.56154954E+03
3.37000000E-04,voltage,Node_2,-5.97133621E+03
3.37000000E-04,i1,Line_1_e1,-1.66899202E+02
3.37000000E-04,i2,Line_1_e1,1.21026803E+02
3.37000000E-04,i1,Line_1_e10,1.80157394E+02
3.37000000E-04,i2,Line_1_e10,-2.30235176E+02
3.37500000E-04,injectedCurrent,Node_1,-1.54116388E+02
3.37500000E-04,injectedCurrent,Node_2,-2.28552423E+02
3.37500000E-04,voltage,Node_1,-5.57892514E+03
3.37500000E-04,voltage,Node_2,-5.54448867E+03
3.37500000E-04,i1,Line_1_e1,-1.54116388E+02
3.37500000E-04,i2,Line_1_e1,1.07662908E+02
3.37500000E-04,i1,Line_1_e10,1.82616968E+02
3.37500000E-04,i2,Line_1_e10,-2.28552423E+02
3.38000000E-04,injectedCurrent,Node_1,-1.41226911E+02
3.38000000E-04,injectedCurrent,Node_2,-2.26881860E+02
3.38000000E-04,voltage,Node_1,-5.15074634E+03
3.38000000E-04,voltage,Node_2,-5.56835452E+03
3.38000000E-04,i1,Line_1_e1,-1.41226911E+02
3.38000000E-04,i2,Line_1_e1,9.89129194E+01
3.38000000E-04,i1,Line_1_e10,1.80282939E+02
3.38000000E-04,i2,Line_1_e10,-2.26881860E+02
3.38500000E-04,injectedCurrent,Node_1,-1.28234465E+02
3.38500000E-04,injectedCurrent,Node_2,-2.25223388E+02
3.38500000E-04,voltage,Node_1,-5.16874477E+03
3.38500000E-04,voltage,Node_2,-5.13543332E+03
3.38500000E-04,i1,Line_1_e1,-1.28234465E+02
3.38500000E-04,i2,Line_1_e1,8.53266355E+01
3.38500000E-04,i1,Line_1_e10,1.82825097E+02
3.38500000E-04,i2,Line_1_e10,-2.25223388E+02
3.39000000E-04,injectedCurrent,Node_1,-1.15142770E+02
3.39000000E-04,injectedCurrent,Node_2,-2.23576906E+02
3.39000000E-04,voltage,Node_1,-4.73477565E+03
3.39000000E-04,voltage,Node_2,-5.15995648E+03
3.39000000E-04,i1,Line_1_e1,-1.15142770E+02
3.39000000E-04,i2,Line_1_e1,7.64298551E+01
3.39000000E-04,i1,Line_1_e10,1.80501944E+02
3.39000000E-04,i2,Line_1_e10,-2.23576906E+02
3.39500000E-04,injectedCurrent,Node_1,-1.01955569E+02
3.39500000E-04,injectedCurrent,Node_2,-2.21942316E+02
3.39500000E-04,voltage,Node_1,-4.75362289E+03
3.39500000E-04,voltage,Node_2,-4.72114135E+03
3.39500000E-04,i1,Line_1_e1,-1.01955569E+02
3.39500000E-04,i2,Line_1_e1,6.26340617E+01
3.39500000E-04,i1,Line_1_e10,1.83124781E+02
3.39500000E-04,i2,Line_1_e10,-2.21942316E+02
3.40000000E-04,injectedCurrent,Node_1,-8.86766282E+01
3.40000000E-04,injectedCurrent,Node_2,-2.20319517E+02
3.40000000E-04,voltage,Node_1,-4.31404650E+03
3.40000000E-04,voltage,Node_2,-4.74654800E+03
3.40000000E-04,i1,Line_1_e1,-8.86766282E+01
3.40000000E-04,i2,Line_1_e1,5.36039212E+01
3.40000000E-04,i1,Line_1_e10,1.80810106E+02
3.40000000E-04,i2,Line_1_e10,-2.20319517E+02
3.40500000E-04,injectedCurrent,Node_1,-7.53097357E+01
3.40500000E-04,injectedCurrent,Node_2,-2.18708410E+02
3.40500000E-04,voltage,Node_1,-4.33397163E+03
3.40500000E-04,voltage,Node_2,-4.30202087E+03
3.40500000E-04,i1,Line_1_e1,-7.53097357E+01
3.40500000E-04,i2,Line_1_e1,3.96116567E+01
3.40500000E-04,i1,Line_1_e10,1.83511698E+02
3.40500000E-04,i2,Line_1_e10,-2.18708410E+02
3.41000000E-04,injectedCurrent,Node_1,-6.18587019E+01
3.41000000E-04,injectedCurrent,Node_2,-2.17108894E+02
3.41000000E-04,voltage,Node_1,-3.88897309E+03
3.41000000E-04,voltage,Node_2,-4.32854031E+03
3.41000000E-04,i1,Line_1_e1,-6.18587019E+01
3.41000000E-04,i2,Line_1_e1,3.04617536E+01
3.41000000E-04,i1,Line_1_e10,1.81203073E+02
3.41000000E-04,i2,Line_1_e10,-2.17108894E+02
3.41500000E-04,injectedCurrent,Node_1,-4.83273589E+01
3.41500000E-04,injectedCurrent,Node_2,-2.15520866E+02
3.41500000E-04,voltage,Node_1,-3.91020821E+03
3.41500000E-04,voltage,Node_2,-3.87848521E+03
3.41500000E-04,i1,Line_1_e1,-4.83273589E+01
3.41500000E-04,i2,Line_1_e1,1.62862086E+01
3.41500000E-04,i1,Line_1_e10,1.83981475E+02
3.41500000E-04,i2,Line_1_e10,-2.15520866E+02
3.42000000E-04,injectedCurrent,Node_1,-3.47195601E+01
3.42000000E-04,injectedCurrent,Node_2,-2.13944226E+02
3.42000000E-04,voltage,Node_1,-3.45997461E+03
3.42000000E-04,voltage,Node_2,-3.90634972E+03
3.42000000E-04,i1,Line_1_e1,-3.47195601E+01
3.42000000E-04,i2,Line_1_e1,7.03029986E+00
3.42000000E-04,i1,Line_1_e10,1.81676443E+02
3.42000000E-04,i2,Line_1_e10,-2.13944226E+02
3.42500000E-04,injectedCurrent,Node_1,-2.10391796E+01
3.42500000E-04,injectedCurrent,Node_2,-2.12378871E+02
3.42500000E-04,voltage,Node_1,-3.48275469E+03
3.42500000E-04,voltage,Node_2,-3.45095261E+03
3.42500000E-04,i1,Line_1_e1,-2.10391796E+01
3.42500000E-04,i2,Line_1_e1,-7.31518887E+00
3.42500000E-04,i1,Line_1_e10,1.84529692E+02
3.42500000E-04,i2,Line_1_e10,-2.12378871E+02
3.43000000E-04,injectedCurrent,Node_1,-7.29011205E+00
3.43000000E-04,injectedCurrent,Node_2,-2.10824698E+02
3.43000000E-04,voltage,Node_1,-3.02747498E+03
3.43000000E-04,voltage,Node_2,-3.48039739E+03
3.43000000E-04,i1,Line_1_e1,-7.29011205E+00
3.43000000E-04,i2,Line_1_e1,-1.66631921E+01
3.43000000E-04,i1,Line_1_e10,1.82225764E+02
3.43000000E-04,i2,Line_1_e10,-2.10824698E+02
3.43500000E-04,injectedCurrent,Node_1,6.52372726E+00
3.43500000E-04,injectedCurrent,Node_2,-2.09281601E+02
3.43500000E-04,voltage,Node_1,-3.05203782E+03
3.43500000E-04,voltage,Node_2,-3.01984608E+03
3.43500000E-04,i1,Line_1_e1,6.52372726E+00
3.43500000E-04,i2,Line_1_e1,-3.11651462E+01
3.43500000E-04,i1,Line_1_e10,1.85151875E+02
3.43500000E-04,i2,Line_1_e10,-2.09281601E+02
3.44000000E-04,injectedCurrent,Node_1,2.03984030E+01
3.44000000E-04,injectedCurrent,Node_2,-2.07749477E+02
3.44000000E-04,voltage,Node_1,-2.59190271E+03
3.44000000E-04,voltage,Node_2,-3.05110915E+03
3.44000000E-04,i1,Line_1_e1,2.03984030E+01
3.44000000E-04,i2,Line_1_e1,-4.05911823E+01
3.44000000E-04,i1,Line_1_e10,1.82846530E+02
3.44000000E-04,i2,Line_1_e10,-2.07749477E+02
3.44500000E-04,injectedCurrent,Node_1,3.43299598E+01
3.44500000E-04,injectedCurrent,Node_2,-2.06228217E+02
3.44500000E-04,voltage,Node_1,-2.61848887E+03
3.44500000E-04,voltage,Node_2,-2.58559316E+03
3.44500000E-04,i1,Line_1_e1,3.43299598E+01
3.44500000E-04,i2,Line_1_e1,-5.52359851E+01
3.44500000E-04,i1,Line_1_e10,1.85843499E+02
3.44500000E-04,i2,Line_1_e10,-2.06228217E+02
3.45000000E-04,injectedCurrent,Node_1,4.83144219E+01
3.45000000E-04,injectedCurrent,Node_2,-2.04717715E+02
3.45000000E-04,voltage,Node_1,-2.15369075E+03
3.45000000E-04,voltage,Node_2,-2.61891527E+03
3.45000000E-04,i1,Line_1_e1,4.83144219E+01
3.45000000E-04,i2,Line_1_e1,-6.47258438E+01
3.45000000E-04,i1,Line_1_e10,1.83534185E+02
3.45000000E-04,i2,Line_1_e10,-2.04717715E+02
3.45500000E-04,injectedCurrent,Node_1,6.23477939E+01
3.45500000E-04,injectedCurrent,Node_2,-2.03217862E+02
3.45500000E-04,voltage,Node_1,-2.18254351E+03
3.45500000E-04,voltage,Node_2,-2.14862581E+03
3.45500000E-04,i1,Line_1_e1,6.23477939E+01
3.45500000E-04,i2,Line_1_e1,-7.94997417E+01
3.45500000E-04,i1,Line_1_e10,1.86599984E+02
3.45500000E-04,i2,Line_1_e10,-2.03217862E+02
3.46000000E-04,injectedCurrent,Node_1,7.64260598E+01
3.46000000E-04,injectedCurrent,Node_2,-2.01728547E+02
3.46000000E-04,voltage,Node_1,-1.71327648E+03
3.46000000E-04,voltage,Node_2,-2.18425046E+03
3.46000000E-04,i1,Line_1_e1,7.64260598E+01
3.46000000E-04,i2,Line_1_e1,-8.90390646E+01
3.46000000E-04,i1,Line_1_e10,1.84284113E+02
3.46000000E-04,i2,Line_1_e10,-2.01728547E+02
3.46500000E-04,injectedCurrent,Node_1,9.05451832E+01
3.46500000E-04,injectedCurrent,Node_2,-2.00249657E+02
3.46500000E-04,voltage,Node_1,-1.74464185E+03
3.46500000E-04,voltage,Node_2,-1.70938034E+03
3.46500000E-04,i1,Line_1_e1,9.05451832E+01
3.46500000E-04,i2,Line_1_e1,-1.03928167E+02
3.46500000E-04,i1,Line_1_e10,1.87416691E+02
3.46500000E-04,i2,Line_1_e10,-2.00249657E+02
3.47000000E-04,injectedCurrent,Node_1,1.04701107E+02
3.47000000E-04,injectedCurrent,Node_2,-1.98781079E+02
3.47000000E-04,voltage,Node_1,-1.27110162E+03
3.47000000E-04,voltage,Node_2,-1.74755372E+03
3.47000000E-04,i1,Line_1_e1,1.04701107E+02
3.47000000E-04,i2,Line_1_e1,-1.13502445E+02
3.47000000E-04,i1,Line_1_e10,1.85091640E+02
3.47000000E-04,i2,Line_1_e10,-1.98781079E+02
3.47500000E-04,injectedCurrent,Node_1,1.18889753E+02
3.47500000E-04,injectedCurrent,Node_2,-1.97322698E+02
3.47500000E-04,voltage,Node_1,-1.30522839E+03
3.47500000E-04,voltage,Node_2,-1.26829736E+03
3.47500000E-04,i1,Line_1_e1,1.18889753E+02
3.47500000E-04,i2,Line_1_e1,-1.28492720E+02
3.47500000E-04,i1,Line_1_e10,1.88288922E+02
3.47500000E-04,i2,Line_1_e10,-1.97322698E+02
3.48000000E-04,injectedCurrent,Node_1,1.33107022E+02
3.48000000E-04,injectedCurrent,Node_2,-1.95874395E+02
3.48000000E-04,voltage,Node_1,-8.27612376E+02
3.48000000E-04,voltage,Node_2,-1.30926844E+03
3.48000000E-04,i1,Line_1_e1,1.33107022E+02
3.48000000E-04,i2,Line_1_e1,-1.38087291E+02
3.48000000E-04,i1,Line_1_e10,1.85952028E+02
3.48000000E-04,i2,Line_1_e10,-1.95874395E+02
3.48500000E-04,injectedCurrent,Node_1,1.47348791E+02
3.48500000E-04,injectedCurrent,Node_2,-1.94436050E+02
3.48500000E-04,voltage,Node_1,-8.64752178E+02
3.48500000E-04,voltage,Node_2,-8.25821893E+02
3.48500000E-04,i1,Line_1_e1,1.47348791E+02
3.48500000E-04,i2,Line_1_e1,-1.53164560E+02
3.48500000E-04,i1,Line_1_e10,1.89211909E+02
3.48500000E-04,i2,Line_1_e10,-1.94436050E+02
3.49000000E-04,injectedCurrent,Node_1,1.61610916E+02
3.49000000E-04,injectedCurrent,Node_2,-1.93007542E+02
3.49000000E-04,voltage,Node_1,-3.83259574E+02
3.49000000E-04,voltage,Node_2,-8.69842441E+02
3.49000000E-04,i1,Line_1_e1,1.61610916E+02
3.49000000E-04,i2,Line_1_e1,-1.62764599E+02
3.49000000E-04,i1,Line_1_e10,1.86860469E+02
3.49000000E-04,i2,Line_1_e10,-1.93007542E+02
3.49500000E-04,injectedCurrent,Node_1,1.75889228E+02
3.49500000E-04,injectedCurrent,Node_2,-1.91588746E+02
3.49500000E-04,voltage,Node_1,-4.23667005E+02
3.49500000E-04,voltage,Node_2,-3.82403468E+02
3.49500000E-04,i1,Line_1_e1,1.75889228E+02
3.49500000E-04,i2,Line_1_e1,-1.77914533E+02
3.49500000E-04,i1,Line_1_e10,1.90180814E+02
3.49500000E-04,i2,Line_1_e10,-1.91588746E+02
3.50000000E-04,injectedCurrent,Node_1,1.90179534E+02
3.50000000E-04,injectedCurrent,Node_2,-1.90179534E+02
3.50000000E-04,voltage,Node_1,6.15011230E+01
3.50000000E-04,voltage,Node_2,-4.29728190E+02
3.50000000E-04,i1,Line_1_e1,1.90179534E+02
3.50000000E-04,i2,Line_1_e1,-1.87505043E+02
3.50000000E-04,i1,Line_1_e10,1.87812079E+02
3.50000000E-04,i2,Line_1_e10,-1.90179534E+02
3.50500000E-04,injectedCurrent,Node_1,2.04477616E+02
3.50500000E-04,injectedCurrent,Node_2,-1.88779778E+02
3.50500000E-04,voltage,Node_1,1.75683201E+01
3.50500000E-04,voltage,Node_2,6.15036408E+01
3.50500000E-04,i1,Line_1_e1,2.04477616E+02
3.50500000E-04,i2,Line_1_e1,-2.02713143E+02
3.50500000E-04,i1,Line_1_e10,1.91190719E+02
3.50500000E-04,i2,Line_1_e10,-1.88779778E+02
3.51000000E-04,injectedCurrent,Node_1,2.18779226E+02
3.51000000E-04,injectedCurrent,Node_2,-1.87389343E+02
3.51000000E-04,voltage,Node_1,5.06208850E+02
3.51000000E-04,voltage,Node_2,1.06169408E+01
3.51000000E-04,i1,Line_1_e1,2.18779226E+02
3.51000000E-04,i2,Line_1_e1,-2.12278944E+02
3.51000000E-04,i1,Line_1_e10,1.88801891E+02
3.51000000E-04,i2,Line_1_e10,-1.87389343E+02
3.51500000E-04,injectedCurrent,Node_1,2.33080093E+02
3.51500000E-04,injectedCurrent,Node_2,-1.86008094E+02
3.51500000E-04,voltage,Node_1,4.58489573E+02
3.51500000E-04,voltage,Node_2,5.05440086E+02
3.51500000E-04,i1,Line_1_e1,2.33080093E+02
3.51500000E-04,i2,Line_1_e1,-2.27530534E+02
3.51500000E-04,i1,Line_1_e10,1.92236620E+02
3.51500000E-04,i2,Line_1_e10,-1.86008094E+02
3.52000000E-04,injectedCurrent,Node_1,2.47375912E+02
3.52000000E-04,injectedCurrent,Node_2,-1.84635892E+02
3.52000000E-04,voltage,Node_1,9.50397104E+02
3.52000000E-04,voltage,Node_2,4.50730292E+02
3.52000000E-04,i1,Line_1_e1,2.47375912E+02
3.52000000E-04,i2,Line_1_e1,-2.37056242E+02
3.52000000E-04,i1,Line_1_e10,1.89824847E+02
3.52000000E-04,i2,Line_1_e10,-1.84635892E+02
3.52500000E-04,injectedCurrent,Node_1,2.61662350E+02
3.52500000E-04,injectedCurrent,Node_2,-1.83272595E+02
3.52500000E-04,voltage,Node_1,8.98626612E+02
3.52500000E-04,voltage,Node_2,9.48941023E+02
3.52500000E-04,i1,Line_1_e1,2.61662350E+02
3.52500000E-04,i2,Line_1_e1,-2.52336448E+02
3.52500000E-04,i1,Line_1_e10,1.93313415E+02
3.52500000E-04,i2,Line_1_e10,-1.83272595E+02
3.53000000E-04,injectedCurrent,Node_1,2.75935039E+02
3.53000000E-04,injectedCurrent,Node_2,-1.81918057E+02
3.53000000E-04,voltage,Node_1,1.39359319E+03
3.53000000E-04,voltage,Node_2,8.90143436E+02
3.53000000E-04,i1,Line_1_e1,2.75935039E+02
3.53000000E-04,i2,Line_1_e1,-2.61806459E+02
3.53000000E-04,i1,Line_1_e10,1.90875788E+02
3.53000000E-04,i2,Line_1_e10,-1.81918057E+02
3.53500000E-04,injectedCurrent,Node_1,2.90189578E+02
3.53500000E-04,injectedCurrent,Node_2,-1.80572128E+02
3.53500000E-04,voltage,Node_1,1.33750276E+03
3.53500000E-04,voltage,Node_2,1.39153557E+03
3.53500000E-04,i1,Line_1_e1,2.90189578E+02
3.53500000E-04,i2,Line_1_e1,-2.77100187E+02
3.53500000E-04,i1,Line_1_e10,1.94415899E+02
3.53500000E-04,i2,Line_1_e10,-1.80572128E+02
3.54000000E-04,injectedCurrent,Node_1,3.04421528E+02
3.54000000E-04,injectedCurrent,Node_2,-1.79234655E+02
3.54000000E-04,voltage,Node_1,1.83531754E+03
3.54000000E-04,voltage,Node_2,1.32838158E+03
3.54000000E-04,i1,Line_1_e1,3.04421528E+02
3.54000000E-04,i2,Line_1_e1,-2.86498650E+02
3.54000000E-04,i1,Line_1_e10,1.91949446E+02
3.54000000E-04,i2,Line_1_e10,-1.79234655E+02
3.54500000E-04,injectedCurrent,Node_1,3.18626414E+02
3.54500000E-04,injectedCurrent,Node_2,-1.77905479E+02
3.54500000E-04,voltage,Node_1,1.77463409E+03
3.54500000E-04,voltage,Node_2,1.83274615E+03
3.54500000E-04,i1,Line_1_e1,3.18626414E+02
3.54500000E-04,i2,Line_1_e1,-3.01790560E+02
3.54500000E-04,i1,Line_1_e10,1.95538750E+02
3.54500000E-04,i2,Line_1_e10,-1.77905479E+02
3.55000000E-04,injectedCurrent,Node_1,3.32799718E+02
3.55000000E-04,injectedCurrent,Node_2,-1.76584441E+02
3.55000000E-04,voltage,Node_1,2.27508294E+03
3.55000000E-04,voltage,Node_2,1.76496285E+03
3.55000000E-04,i1,Line_1_e1,3.32799718E+02
3.55000000E-04,i2,Line_1_e1,-3.11101353E+02
3.55000000E-04,i1,Line_1_e10,1.93040427E+02
3.55000000E-04,i2,Line_1_e10,-1.76584441E+02
3.55500000E-04,injectedCurrent,Node_1,3.46936878E+02
3.55500000E-04,injectedCurrent,Node_2,-1.75271373E+02
3.55500000E-04,voltage,Node_1,2.20952855E+03
3.55500000E-04,voltage,Node_2,2.27208772E+03
3.55500000E-04,i1,Line_1_e1,3.46936878E+02
3.55500000E-04,i2,Line_1_e1,-3.26375830E+02
3.55500000E-04,i1,Line_1_e10,1.96676517E+02
3.55500000E-04,i2,Line_1_e10,-1.75271373E+02
3.56000000E-04,injectedCurrent,Node_1,3.61033290E+02
3.56000000E-04,injectedCurrent,Node_2,-1.73966106E+02
3.56000000E-04,voltage,Node_1,2.71239361E+03
3.56000000E-04,voltage,Node_2,2.19939745E+03
3.56000000E-04,i1,Line_1_e1,3.61033290E+02
3.56000000E-04,i2,Line_1_e1,-3.35582527E+02
3.56000000E-04,i1,Line_1_e10,1.94143205E+02
3.56000000E-04,i2,Line_1_e10,-1.73966106E+02
3.56500000E-04,injectedCurrent,Node_1,3.75084300E+02
3.56500000E-04,injectedCurrent,Node_2,-1.72668464E+02
3.56500000E-04,voltage,Node_1,2.64168502E+03
3.56500000E-04,voltage,Node_2,2.70906686E+03
3.56500000E-04,i1,Line_1_e1,3.75084300E+02
3.56500000E-04,i2,Line_1_e1,-3.50823651E+02
3.56500000E-04,i1,Line_1_e10,1.97823607E+02
3.56500000E-04,i2,Line_1_e10,-1.72668464E+02
3.57000000E-04,injectedCurrent,Node_1,3.89085201E+02
3.57000000E-04,injectedCurrent,Node_2,-1.71378268E+02
3.57000000E-04,voltage,Node_1,3.14674416E+03
3.57000000E-04,voltage,Node_2,2.63118673E+03
3.57000000E-04,i1,Line_1_e1,3.89085201E+02
3.57000000E-04,i2,Line_1_e1,-3.59909485E+02
3.57000000E-04,i1,Line_1_e10,1.95252106E+02
3.57000000E-04,i2,Line_1_e10,-1.71378268E+02
3.57500000E-04,injectedCurrent,Node_1,4.03031236E+02
3.57500000E-04,injectedCurrent,Node_2,-1.70095334E+02
3.57500000E-04,voltage,Node_1,3.07059223E+03
3.57500000E-04,voltage,Node_2,3.14318080E+03
3.57500000E-04,i1,Line_1_e1,4.03031236E+02
3.57500000E-04,i2,Line_1_e1,-3.75100992E+02
3.57500000E-04,i1,Line_1_e10,1.98974276E+02
3.57500000E-04,i2,Line_1_e10,-1.70095334E+02
3.58000000E-04,injectedCurrent,Node_1,4.16917589E+02
3.58000000E-04,injectedCurrent,Node_2,-1.68819472E+02
3.58000000E-04,voltage,Node_1,3.57761853E+03
3.58000000E-04,voltage,Node_2,3.05982207E+03
3.58000000E-04,i1,Line_1_e1,4.16917589E+02
3.58000000E-04,i2,Line_1_e1,-3.84048819E+02
3.58000000E-04,i1,Line_1_e10,1.96361292E+02
3.58000000E-04,i2,Line_1_e10,-1.68819472E+02
3.58500000E-04,injectedCurrent,Node_1,4.30739386E+02
3.58500000E-04,injectedCurrent,Node_2,-1.67550487E+02
3.58500000E-04,voltage,Node_1,3.49572755E+03
3.58500000E-04,voltage,Node_2,3.57391626E+03
3.58500000E-04,i1,Line_1_e1,4.30739386E+02
3.58500000E-04,i2,Line_1_e1,-3.99174064E+02
3.58500000E-04,i1,Line_1_e10,2.00122607E+02
3.58500000E-04,i2,Line_1_e10,-1.67550487E+02
3.59000000E-04,injectedCurrent,Node_1,4.44491690E+02
3.59000000E-04,injectedCurrent,Node_2,-1.66288180E+02
3.59000000E-04,voltage,Node_1,4.00448868E+03
3.59000000E-04,voltage,Node_2,3.48478377E+03
3.59000000E-04,i1,Line_1_e1,4.44491690E+02
3.59000000E-04,i2,Line_1_e1,-4.07966323E+02
3.59000000E-04,i1,Line_1_e10,1.97464750E+02
3.59000000E-04,i2,Line_1_e10,-1.66288180E+02
3.59500000E-04,injectedCurrent,Node_1,4.58169498E+02
3.59500000E-04,injectedCurrent,Node_2,-1.65032346E+02
3.59500000E-04,voltage,Node_1,3.91655579E+03
3.59500000E-04,voltage,Node_2,4.00074825E+03
3.59500000E-04,i1,Line_1_e1,4.58169498E+02
3.59500000E-04,i2,Line_1_e1,-4.23008236E+02
3.59500000E-04,i1,Line_1_e10,2.01262504E+02
3.59500000E-04,i2,Line_1_e10,-1.65032346E+02
3.60000000E-04,injectedCurrent,Node_1,4.71767738E+02
3.60000000E-04,injectedCurrent,Node_2,-1.63782775E+02
3.60000000E-04,voltage,Node_1,4.42681335E+03
3.60000000E-04,voltage,Node_2,3.90553974E+03
3.60000000E-04,i1,Line_1_e1,4.71767738E+02
3.60000000E-04,i2,Line_1_e1,-4.31626906E+02
3.60000000E-04,i1,Line_1_e10,1.98556280E+02
3.60000000E-04,i2,Line_1_e10,-1.63782775E+02
3.60500000E-04,injectedCurrent,Node_1,4.85281268E+02
3.60500000E-04,injectedCurrent,Node_2,-1.62539250E+02
3.60500000E-04,voltage,Node_1,4.33252779E+03
3.60500000E-04,voltage,Node_2,4.42313876E+03
3.60500000E-04,i1,Line_1_e1,4.85281268E+02
3.60500000E-04,i2,Line_1_e1,-4.46567950E+02
3.60500000E-04,i1,Line_1_e10,2.02387670E+02
3.60500000E-04,i2,Line_1_e10,-1.62539250E+02
3.61000000E-04,injectedCurrent,Node_1,4.98704868E+02
3.61000000E-04,injectedCurrent,Node_2,-1.61301551E+02
3.61000000E-04,voltage,Node_1,4.84403667E+03
3.61000000E-04,voltage,Node_2,4.32154419E+03
3.61000000E-04,i1,Line_1_e1,4.98704868E+02
3.61000000E-04,i2,Line_1_e1,-4.54994502E+02
3.61000000E-04,i1,Line_1_e10,1.99629472E+02
3.61000000E-04,i2,Line_1_e10,-1.61301551E+02
3.61500000E-04,injectedCurrent,Node_1,5.12033242E+02
3.61500000E-04,injectedCurrent,Node_2,-1.60069452E+02
3.61500000E-04,voltage,Node_1,4.74307911E+03
3.61500000E-04,voltage,Node_2,4.84053543E+03
3.61500000E-04,i1,Line_1_e1,5.12033242E+02
3.61500000E-04,i2,Line_1_e1,-4.69816629E+02
3.61500000E-04,i1,Line_1_e10,2.03491600E+02
3.61500000E-04,i2,Line_1_e10,-1.60069452E+02
3.62000000E-04,injectedCurrent,Node_1,5.25261011E+02
3.62000000E-04,injectedCurrent,Node_2,-1.58842720E+02
3.62000000E-04,voltage,Node_1,5.25558679E+03
3.62000000E-04,voltage,Node_2,4.73223625E+03
3.62000000E-04,i1,Line_1_e1,5.25261011E+02
3.62000000E-04,i2,Line_1_e1,-4.78031986E+02
3.62000000E-04,i1,Line_1_e10,2.00677702E+02
3.62000000E-04,i2,Line_1_e10,-1.58842720E+02
3.62500000E-04,injectedCurrent,Node_1,5.38382712E+02
3.62500000E-04,injectedCurrent,Node_2,-1.57621117E+02
3.62500000E-04,voltage,Node_1,5.14762858E+03
3.62500000E-04,voltage,Node_2,5.25237008E+03
3.62500000E-04,i1,Line_1_e1,5.38382712E+02
3.62500000E-04,i2,Line_1_e1,-4.92716592E+02
3.62500000E-04,i1,Line_1_e10,2.04567561E+02
3.62500000E-04,i2,Line_1_e10,-1.57621117E+02
3.63000000E-04,injectedCurrent,Node_1,5.51392796E+02
3.63000000E-04,injectedCurrent,Node_2,-1.56404401E+02
3.63000000E-04,voltage,Node_1,5.66087448E+03
3.63000000E-04,voltage,Node_2,5.13703851E+03
3.63000000E-04,i1,Line_1_e1,5.51392796E+02
3.63000000E-04,i2,Line_1_e1,-5.00701082E+02
3.63000000E-04,i1,Line_1_e10,2.01694111E+02
3.63000000E-04,i2,Line_1_e10,-1.56404401E+02
3.63500000E-04,injectedCurrent,Node_1,5.64285620E+02
3.63500000E-04,injectedCurrent,Node_2,-1.55192323E+02
3.63500000E-04,voltage,Node_1,5.54557698E+03
3.63500000E-04,voltage,Node_2,5.65805739E+03
3.63500000E-04,i1,Line_1_e1,5.64285620E+02
3.63500000E-04,i2,Line_1_e1,-5.15228963E+02
3.63500000E-04,i1,Line_1_e10,2.05608587E+02
3.63500000E-04,i2,Line_1_e10,-1.55192323E+02
3.64000000E-04,injectedCurrent,Node_1,5.77055452E+02
3.64000000E-04,injectedCurrent,Node_2,-1.53984630E+02
3.64000000E-04,voltage,Node_1,6.05929181E+03
3.64000000E-04,voltage,Node_2,5.53535572E+03
3.64000000E-04,i1,Line_1_e1,5.77055452E+02
3.64000000E-04,i2,Line_1_e1,-5.22962277E+02
3.64000000E-04,i1,Line_1_e10,2.02671602E+02
3.64000000E-04,i2,Line_1_e10,-1.53984630E+02
3.64500000E-04,injectedCurrent,Node_1,5.89696461E+02
3.64500000E-04,injectedCurrent,Node_2,-1.52781062E+02
3.64500000E-04,voltage,Node_1,5.93630573E+03
3.64500000E-04,voltage,Node_2,6.05699349E+03
3.64500000E-04,i1,Line_1_e1,5.89696461E+02
3.64500000E-04,i2,Line_1_e1,-5.37313591E+02
3.64500000E-04,i1,Line_1_e10,2.06607460E+02
3.64500000E-04,i2,Line_1_e10,-1.52781062E+02
3.65000000E-04,injectedCurrent,Node_1,6.02202720E+02
3.65000000E-04,injectedCurrent,Node_2,-1.51581356E+02
3.65000000E-04,voltage,Node_1,6.45021091E+03
3.65000000E-04,voltage,Node_2,5.92657340E+03
3.65000000E-04,i1,Line_1_e1,6.02202720E+02
3.65000000E-04,i2,Line_1_e1,-5.44774743E+02
3.65000000E-04,i1,Line_1_e10,2.03602821E+02
3.65000000E-04,i2,Line_1_e10,-1.51581356E+02
3.65500000E-04,injectedCurrent,Node_1,6.14568200E+02
3.65500000E-04,injectedCurrent,Node_2,-1.50385242E+02
3.65500000E-04,voltage,Node_1,6.31917570E+03
3.65500000E-04,voltage,Node_2,6.44855470E+03
3.65500000E-04,i1,Line_1_e1,6.14568200E+02
3.65500000E-04,i2,Line_1_e1,-5.58928972E+02
3.65500000E-04,i1,Line_1_e10,2.07556711E+02
3.65500000E-04,i2,Line_1_e10,-1.50385242E+02
3.66000000E-04,injectedCurrent,Node_1,6.26786772E+02
3.66000000E-04,injectedCurrent,Node_2,-1.49192447E+02
3.66000000E-04,voltage,Node_1,6.83298285E+03
3.66000000E-04,voltage,Node_2,6.31005665E+03
3.66000000E-04,i1,Line_1_e1,6.26786772E+02
3.66000000E-04,i2,Line_1_e1,-5.66096269E+02
3.66000000E-04,i1,Line_1_e10,2.04480159E+02
3.66000000E-04,i2,Line_1_e10,-1.49192447E+02
3.66500000E-04,injectedCurrent,Node_1,6.38852201E+02
3.66500000E-04,injectedCurrent,Node_2,-1.48002692E+02
3.66500000E-04,voltage,Node_1,6.69352622E+03
3.66500000E-04,voltage,Node_2,6.83209640E+03
3.66500000E-04,i1,Line_1_e1,6.38852201E+02
3.66500000E-04,i2,Line_1_e1,-5.80032191E+02
3.66500000E-04,i1,Line_1_e10,2.08448605E+02
3.66500000E-04,i2,Line_1_e10,-1.48002692E+02
3.67000000E-04,injectedCurrent,Node_1,6.50758150E+02
3.67000000E-04,injectedCurrent,Node_2,-1.46815694E+02
3.67000000E-04,voltage,Node_1,7.20693679E+03
3.67000000E-04,voltage,Node_2,6.68514910E+03
3.67000000E-04,i1,Line_1_e1,6.50758150E+02
3.67000000E-04,i2,Line_1_e1,-5.86883204E+02
3.67000000E-04,i1,Line_1_e10,2.05295741E+02
3.67000000E-04,i2,Line_1_e10,-1.46815694E+02
3.67500000E-04,injectedCurrent,Node_1,6.62498173E+02
3.67500000E-04,injectedCurrent,Node_2,-1.45631168E+02
3.67500000E-04,voltage,Node_1,7.05867433E+03
3.67500000E-04,voltage,Node_2,7.20695206E+03
3.67500000E-04,i1,Line_1_e1,6.62498173E+02
3.67500000E-04,i2,Line_1_e1,-6.00578870E+02
3.67500000E-04,i1,Line_1_e10,2.09275149E+02
3.67500000E-04,i2,Line_1_e10,-1.45631168E+02
3.68000000E-04,injectedCurrent,Node_1,6.74065722E+02
3.68000000E-04,injectedCurrent,Node_2,-1.44448821E+02
3.68000000E-04,voltage,Node_1,7.57137932E+03
3.68000000E-04,voltage,Node_2,7.05117207E+03
3.68000000E-04,i1,Line_1_e1,6.74065722E+02
3.68000000E-04,i2,Line_1_e1,-6.07090419E+02
3.68000000E-04,i1,Line_1_e10,2.06041431E+02
3.68000000E-04,i2,Line_1_e10,-1.44448821E+02
3.68500000E-04,injectedCurrent,Node_1,6.85454140E+02
3.68500000E-04,injectedCurrent,Node_2,-1.43268361E+02
3.68500000E-04,voltage,Node_1,7.41391430E+03
3.68500000E-04,voltage,Node_2,7.57243259E+03
3.68500000E-04,i1,Line_1_e1,6.85454140E+02
3.68500000E-04,i2,Line_1_e1,-6.20523145E+02
3.68500000E-04,i1,Line_1_e10,2.10028085E+02
3.68500000E-04,i2,Line_1_e10,-1.43268361E+02
3.69000000E-04,injectedCurrent,Node_1,6.96656666E+02
3.69000000E-04,injectedCurrent,Node_2,-1.42089489E+02
3.69000000E-04,voltage,Node_1,7.92559421E+03
3.69000000E-04,voltage,Node_2,7.40742408E+03
3.69000000E-04,i1,Line_1_e1,6.96656666E+02
3.69000000E-04,i2,Line_1_e1,-6.26671292E+02
3.69000000E-04,i1,Line_1_e10,2.06708835E+02
3.69000000E-04,i2,Line_1_e10,-1.42089489E+02
3.69500000E-04,injectedCurrent,Node_1,7.07666435E+02
3.69500000E-04,injectedCurrent,Node_2,-1.40911907E+02
3.69500000E-04,voltage,Node_1,7.75851757E+03
3.69500000E-04,voltage,Node_2,7.92782596E+03
3.69500000E-04,i1,Line_1_e1,7.07666435E+02
3.69500000E-04,i2,Line_1_e1,-6.39817658E+02
3.69500000E-04,i1,Line_1_e10,2.10698904E+02
3.69500000E-04,i2,Line_1_e10,-1.40911907E+02
3.70000000E-04,injectedCurrent,Node_1,7.18476481E+02
3.70000000E-04,injectedCurrent,Node_2,-1.39735311E+02
3.70000000E-04,voltage,Node_1,8.26884252E+03
3.70000000E-04,voltage,Node_2,7.75318066E+03
3.70000000E-04,i1,Line_1_e1,7.18476481E+02
3.70000000E-04,i2,Line_1_e1,-6.45577717E+02
3.70000000E-04,i1,Line_1_e10,2.07289311E+02
3.70000000E-04,i2,Line_1_e10,-1.39735311E+02
3.70500000E-04,injectedCurrent,Node_1,7.29079735E+02
3.70500000E-04,injectedCurrent,Node_2,-1.38559399E+02
3.70500000E-04,voltage,Node_1,8.09173306E+03
3.70500000E-04,voltage,Node_2,8.27239725E+03
3.70500000E-04,i1,Line_1_e1,7.29079735E+02
3.70500000E-04,i2,Line_1_e1,-6.58413588E+02
3.70500000E-04,i1,Line_1_e10,2.11278857E+02
3.70500000E-04,i2,Line_1_e10,-1.38559399E+02
3.71000000E-04,injectedCurrent,Node_1,7.39469035E+02
3.71000000E-04,injectedCurrent,Node_2,-1.37383864E+02
3.71000000E-04,voltage,Node_1,8.60036325E+03
3.71000000E-04,voltage,Node_2,8.08769459E+03
3.71000000E-04,i1,Line_1_e1,7.39469035E+02
3.71000000E-04,i2,Line_1_e1,-6.63760150E+02
3.71000000E-04,i1,Line_1_e10,2.07773985E+02
3.71000000E-04,i2,Line_1_e10,-1.37383864E+02
3.71500000E-04,injectedCurrent,Node_1,7.49637123E+02
3.71500000E-04,injectedCurrent,Node_2,-1.36208400E+02
3.71500000E-04,voltage,Node_1,8.41278812E+03
3.71500000E-04,voltage,Node_2,8.60538918E+03
3.71500000E-04,i1,Line_1_e1,7.49637123E+02
3.71500000E-04,i2,Line_1_e1,-6.76260705E+02
3.71500000E-04,i1,Line_1_e10,2.11758971E+02
3.71500000E-04,i2,Line_1_e10,-1.36208400E+02
3.72000000E-04,injectedCurrent,Node_1,7.59576654E+02
3.72000000E-04,injectedCurrent,Node_2,-1.35032702E+02
3.72000000E-04,voltage,Node_1,8.91937442E+03
3.72000000E-04,voltage,Node_2,8.41019673E+03
3.72000000E-04,i1,Line_1_e1,7.59576654E+02
3.72000000E-04,i2,Line_1_e1,-6.81167681E+02
3.72000000E-04,i1,Line_1_e10,2.08153772E+02
3.72000000E-04,i2,Line_1_e10,-1.35032702E+02
3.72500000E-04,injectedCurrent,Node_1,7.69280202E+02
3.72500000E-04,injectedCurrent,Node_2,-1.33856463E+02
3.72500000E-04,voltage,Node_1,8.72088994E+03
3.72500000E-04,voltage,Node_2,8.92602314E+03
3.72500000E-04,i1,Line_1_e1,7.69280202E+02
3.72500000E-04,i2,Line_1_e1,-6.93307471E+02
3.72500000E-04,i1,Line_1_e10,2.12130081E+02
3.72500000E-04,i2,Line_1_e10,-1.33856463E+02
3.73000000E-04,injectedCurrent,Node_1,7.78740261E+02
3.73000000E-04,injectedCurrent,Node_2,-1.32679378E+02
3.73000000E-04,voltage,Node_1,9.22507498E+03
3.73000000E-04,voltage,Node_2,8.71989736E+03
3.73000000E-04,i1,Line_1_e1,7.78740261E+02
3.73000000E-04,i2,Line_1_e1,-6.97748157E+02
3.73000000E-04,i1,Line_1_e10,2.08419410E+02
3.73000000E-04,i2,Line_1_e10,-1.32679378E+02
3.73500000E-04,injectedCurrent,Node_1,7.87949256E+02
3.73500000E-04,injectedCurrent,Node_2,-1.31501143E+02
3.73500000E-04,voltage,Node_1,9.01522770E+03
3.73500000E-04,voltage,Node_2,9.23350090E+03
3.73500000E-04,i1,Line_1_e1,7.87949256E+02
3.73500000E-04,i2,Line_1_e1,-7.09501180E+02
3.73500000E-04,i1,Line_1_e10,2.12382856E+02
3.73500000E-04,i2,Line_1_e10,-1.31501143E+02
3.74000000E-04,injectedCurrent,Node_1,7.96899553E+02
3.74000000E-04,injectedCurrent,Node_2,-1.30321459E+02
3.74000000E-04,voltage,Node_1,9.51664717E+03
3.74000000E-04,voltage,Node_2,9.01598815E+03
3.74000000E-04,i1,Line_1_e1,7.96899553E+02
3.74000000E-04,i2,Line_1_e1,-7.13448341E+02
3.74000000E-04,i1,Line_1_e10,2.08561492E+02
3.74000000E-04,i2,Line_1_e10,-1.30321459E+02
3.74500000E-04,injectedCurrent,Node_1,8.05583461E+02
3.74500000E-04,injectedCurrent,Node_2,-1.29140026E+02
3.74500000E-04,voltage,Node_1,9.29497541E+03
3.74500000E-04,voltage,Node_2,9.52700691E+03
3.74500000E-04,i1,Line_1_e1,8.05583461E+02
3.74500000E-04,i2,Line_1_e1,-7.24788142E+02
3.74500000E-04,i1,Line_1_e10,2.12507850E+02
3.74500000E-04,i2,Line_1_e10,-1.29140026E+02
3.75000000E-04,injectedCurrent,Node_1,8.13993249E+02
3.75000000E-04,injectedCurrent,Node_2,-1.27956550E+02
3.75000000E-04,voltage,Node_1,9.79325984E+03
3.75000000E-04,voltage,Node_2,9.29764493E+03
3.75000000E-04,i1,Line_1_e1,8.13993249E+02
3.75000000E-04,i2,Line_1_e1,-7.28214127E+02
3.75000000E-04,i1,Line_1_e10,2.08570517E+02
3.75000000E-04,i2,Line_1_e10,-1.27956550E+02
3.75500000E-04,injectedCurrent,Node_1,8.22121151E+02
3.75500000E-04,injectedCurrent,Node_2,-1.26770741E+02
3.75500000E-04,voltage,Node_1,9.55929554E+03
3.75500000E-04,voltage,Node_2,9.80571147E+03
3.75500000E-04,i1,Line_1_e1,8.22121151E+02
3.75500000E-04,i2,Line_1_e1,-7.39113921E+02
3.75500000E-04,i1,Line_1_e10,2.12495543E+02
3.75500000E-04,i2,Line_1_e10,-1.26770741E+02
3.76000000E-04,injectedCurrent,Node_1,8.29959384E+02
3.76000000E-04,injectedCurrent,Node_2,-1.25582315E+02
3.76000000E-04,voltage,Node_1,1.00540724E+04
3.76000000E-04,voltage,Node_2,9.56403113E+03
3.76000000E-04,i1,Line_1_e1,8.29959384E+02
3.76000000E-04,i2,Line_1_e1,-7.41990798E+02
3.76000000E-04,i1,Line_1_e10,2.08436939E+02
3.76000000E-04,i2,Line_1_e10,-1.25582315E+02
3.76500000E-04,injectedCurrent,Node_1,8.37500153E+02
3.76500000E-04,injectedCurrent,Node_2,-1.24390994E+02
3.76500000E-04,voltage,Node_1,9.80734343E+03
3.76500000E-04,voltage,Node_2,1.00687745E+04
3.76500000E-04,i1,Line_1_e1,8.37500153E+02
3.76500000E-04,i2,Line_1_e1,-7.52423622E+02
3.76500000E-04,i1,Line_1_e10,2.12336406E+02
3.76500000E-04,i2,Line_1_e10,-1.24390994E+02
3.77000000E-04,injectedCurrent,Node_1,8.44735671E+02
3.77000000E-04,injectedCurrent,Node_2,-1.23196506E+02
3.77000000E-04,voltage,Node_1,1.02982398E+04
3.77000000E-04,voltage,Node_2,9.81430209E+03
3.77000000E-04,i1,Line_1_e1,8.44735671E+02
3.77000000E-04,i2,Line_1_e1,-7.54723344E+02
3.77000000E-04,i1,Line_1_e10,2.08151235E+02
3.77000000E-04,i2,Line_1_e10,-1.23196506E+02
3.77500000E-04,injectedCurrent,Node_1,8.51658170E+02
3.77500000E-04,injectedCurrent,Node_2,-1.21998587E+02
3.77500000E-04,voltage,Node_1,1.00382726E+04
3.77500000E-04,voltage,Node_2,1.03153505E+04
3.77500000E-04,i1,Line_1_e1,8.51658170E+02
3.77500000E-04,i2,Line_1_e1,-7.64662237E+02
3.77500000E-04,i1,Line_1_e10,2.12020963E+02
3.77500000E-04,i2,Line_1_e10,-1.21998587E+02
3.78000000E-04,injectedCurrent,Node_1,8.58259920E+02
3.78000000E-04,injectedCurrent,Node_2,-1.20796982E+02
3.78000000E-04,voltage,Node_1,1.05249179E+04
3.78000000E-04,voltage,Node_2,1.00476102E+04
3.78000000E-04,i1,Line_1_e1,8.58259920E+02
3.78000000E-04,i2,Line_1_e1,-7.66356828E+02
3.78000000E-04,i1,Line_1_e10,2.07703974E+02
3.78000000E-04,i2,Line_1_e10,-1.20796982E+02
3.78500000E-04,injectedCurrent,Node_1,8.64533239E+02
3.78500000E-04,injectedCurrent,Node_2,-1.19591447E+02
3.78500000E-04,voltage,Node_1,1.02512407E+04
3.78500000E-04,voltage,Node_2,1.05445936E+04
3.78500000E-04,i1,Line_1_e1,8.64533239E+02
3.78500000E-04,i2,Line_1_e1,-7.75775037E+02
3.78500000E-04,i1,Line_1_e10,2.11539874E+02
3.78500000E-04,i2,Line_1_e10,-1.19591447E+02
3.79000000E-04,injectedCurrent,Node_1,8.70470520E+02
3.79000000E-04,injectedCurrent,Node_2,-1.18381746E+02
3.79000000E-04,voltage,Node_1,1.07332704E+04
3.79000000E-04,voltage,Node_2,1.02631109E+04
3.79000000E-04,i1,Line_1_e1,8.70470520E+02
3.79000000E-04,i2,Line_1_e1,-7.76836820E+02
3.79000000E-04,i1,Line_1_e10,2.07085898E+02
3.79000000E-04,i2,Line_1_e10,-1.18381746E+02
3.79500000E-04,injectedCurrent,Node_1,8.76064241E+02
3.79500000E-04,injectedCurrent,Node_2,-1.17167655E+02
3.79500000E-04,voltage,Node_1,1.04454168E+04
3.79500000E-04,voltage,Node_2,1.07556647E+04
3.79500000E-04,i1,Line_1_e1,8.76064241E+02
3.79500000E-04,i2,Line_1_e1,-7.85708028E+02
3.79500000E-04,i1,Line_1_e10,2.10884013E+02
3.79500000E-04,i2,Line_1_e10,-1.17167655E+02
3.80000000E-04,injectedCurrent,Node_1,8.81306990E+02
3.80000000E-04,injectedCurrent,Node_2,-1.15948963E+02
3.80000000E-04,voltage,Node_1,1.09224762E+04
3.80000000E-04,voltage,Node_2,1.04599694E+04
3.80000000E-04,i1,Line_1_e1,8.81306990E+02
3.80000000E-04,i2,Line_1_e1,-7.86109864E+02
3.80000000E-04,i1,Line_1_e10,2.06288010E+02
3.80000000E-04,i2,Line_1_e10,-1.15948963E+02
3.80500000E-04,injectedCurrent,Node_1,8.86191479E+02
3.80500000E-04,injectedCurrent,Node_2,-1.14725472E+02
3.80500000E-04,voltage,Node_1,1.06199890E+04
3.80500000E-04,voltage,Node_2,1.09477381E+04
3.80500000E-04,i1,Line_1_e1,8.86191479E+02
3.80500000E-04,i2,Line_1_e1,-7.94408458E+02
3.80500000E-04,i1,Line_1_e10,2.10044563E+02
3.80500000E-04,i2,Line_1_e10,-1.14725472E+02
3.81000000E-04,injectedCurrent,Node_1,8.90710572E+02
3.81000000E-04,injectedCurrent,Node_2,-1.13496997E+02
3.81000000E-04,voltage,Node_1,1.10917372E+04
3.81000000E-04,voltage,Node_2,1.06373686E+04
3.81000000E-04,i1,Line_1_e1,8.90710572E+02
3.81000000E-04,i2,Line_1_e1,-7.94124018E+02
3.81000000E-04,i1,Line_1_e10,2.05301670E+02
3.81000000E-04,i2,Line_1_e10,-1.13496997E+02
3.81500000E-04,injectedCurrent,Node_1,8.94857302E+02
3.81500000E-04,injectedCurrent,Node_2,-1.12263369E+02
3.81500000E-04,voltage,Node_1,1.07741727E+04
3.81500000E-04,voltage,Node_2,1.11200097E+04
3.81500000E-04,i1,Line_1_e1,8.94857302E+02
3.81500000E-04,i2,Line_1_e1,-8.01825366E+02
3.81500000E-04,i1,Line_1_e10,2.09013114E+02
3.81500000E-04,i2,Line_1_e10,-1.12263369E+02
3.82000000E-04,injectedCurrent,Node_1,8.98624896E+02
3.82000000E-04,injectedCurrent,Node_2,-1.11024433E+02
3.82000000E-04,voltage,Node_1,1.12402875E+04
3.82000000E-04,voltage,Node_2,1.07945171E+04
3.82000000E-04,i1,Line_1_e1,8.98624896E+02
3.82000000E-04,i2,Line_1_e1,-8.00829426E+02
3.82000000E-04,i1,Line_1_e10,2.04118696E+02
3.82000000E-04,i2,Line_1_e10,-1.11024433E+02
3.82500000E-04,injectedCurrent,Node_1,9.02006794E+02
3.82500000E-04,injectedCurrent,Node_2,-1.09780053E+02
3.82500000E-04,voltage,Node_1,1.09072203E+04
3.82500000E-04,voltage,Node_2,1.12717061E+04
3.82500000E-04,i1,Line_1_e1,9.02006794E+02
3.82500000E-04,i2,Line_1_e1,-8.07910183E+02
3.82500000E-04,i1,Line_1_e10,2.07781770E+02
3.82500000E-04,i2,Line_1_e10,-1.09780053E+02
3.83000000E-04,injectedCurrent,Node_1,9.04996677E+02
3.83000000E-04,injectedCurrent,Node_2,-1.08530108E+02
3.83000000E-04,voltage,Node_1,1.13674028E+04
3.83000000E-04,voltage,Node_2,1.09306589E+04
3.83000000E-04,i1,Line_1_e1,9.04996677E+02
3.83000000E-04,i2,Line_1_e1,-8.06178938E+02
3.83000000E-04,i1,Line_1_e10,2.02731476E+02
3.83000000E-04,i2,Line_1_e10,-1.08530108E+02
3.83500000E-04,injectedCurrent,Node_1,9.07588488E+02
3.83500000E-04,injectedCurrent,Node_2,-1.07274498E+02
3.83500000E-04,voltage,Node_1,1.10184309E+04
3.83500000E-04,voltage,Node_2,1.14020937E+04
3.83500000E-04,i1,Line_1_e1,9.07588488E+02
3.83500000E-04,i2,Line_1_e1,-8.12617372E+02
3.83500000E-04,i1,Line_1_e10,2.06343260E+02
3.83500000E-04,i2,Line_1_e10,-1.07274498E+02
3.84000000E-04,injectedCurrent,Node_1,9.09776459E+02
3.84000000E-04,injectedCurrent,Node_2,-1.06013139E+02
3.84000000E-04,voltage,Node_1,1.14724108E+04
3.84000000E-04,voltage,Node_2,1.10450825E+04
3.84000000E-04,i1,Line_1_e1,9.09776459E+02
3.84000000E-04,i2,Line_1_e1,-8.10128765E+02
3.84000000E-04,i1,Line_1_e10,2.01133076E+02
3.84000000E-04,i2,Line_1_e10,-1.06013139E+02
3.84500000E-04,injectedCurrent,Node_1,9.11555132E+02
3.84500000E-04,injectedCurrent,Node_2,-1.04745969E+02
3.84500000E-04,voltage,Node_1,1.11071602E+04
3.84500000E-04,voltage,Node_2,1.15104889E+04
3.84500000E-04,i1,Line_1_e1,9.11555132E+02
3.84500000E-04,i2,Line_1_e1,-8.15905091E+02
3.84500000E-04,i1,Line_1_e10,2.04691046E+02
3.84500000E-04,i2,Line_1_e10,-1.04745969E+02
3.85000000E-04,injectedCurrent,Node_1,9.12919386E+02
3.85000000E-04,injectedCurrent,Node_2,-1.03472945E+02
3.85000000E-04,voltage,Node_1,1.15547012E+04
3.85000000E-04,voltage,Node_2,1.11371318E+04
3.85000000E-04,i1,Line_1_e1,9.12919386E+02
3.85000000E-04,i2,Line_1_e1,-8.12639156E+02
3.85000000E-04,i1,Line_1_e10,1.99317356E+02
3.85000000E-04,i2,Line_1_e10,-1.03472945E+02
3.85500000E-04,injectedCurrent,Node_1,9.13864462E+02
3.85500000E-04,injectedCurrent,Node_2,-1.02194045E+02
3.85500000E-04,voltage,Node_1,1.11728317E+04
3.85500000E-04,voltage,Node_2,1.15962685E+04
3.85500000E-04,i1,Line_1_e1,9.13864462E+02
3.85500000E-04,i2,Line_1_e1,-8.17735885E+02
3.85500000E-04,i1,Line_1_e10,2.02819447E+02
3.85500000E-04,i2,Line_1_e10,-1.02194045E+02
3.86000000E-04,injectedCurrent,Node_1,9.14385988E+02
3.86000000E-04,injectedCurrent,Node_2,-1.00909270E+02
3.86000000E-04,voltage,Node_1,1.16137366E+04
3.86000000E-04,voltage,Node_2,1.12062161E+04
3.86000000E-04,i1,Line_1_e1,9.14385988E+02
3.86000000E-04,i2,Line_1_e1,-8.13675092E+02
3.86000000E-04,i1,Line_1_e10,1.97279084E+02
3.86000000E-04,i2,Line_1_e10,-1.00909270E+02
3.86500000E-04,injectedCurrent,Node_1,9.14480002E+02
3.86500000E-04,injectedCurrent,Node_2,-9.96186432E+01
3.86500000E-04,voltage,Node_1,1.12149469E+04
3.86500000E-04,voltage,Node_2,1.16588803E+04
3.86500000E-04,i1,Line_1_e1,9.14480002E+02
3.86500000E-04,i2,Line_1_e1,-8.18077380E+02
3.86500000E-04,i1,Line_1_e10,2.00723745E+02
3.86500000E-04,i2,Line_1_e10,-9.96186432E+01
3.87000000E-04,injectedCurrent,Node_1,9.14142977E+02
3.87000000E-04,injectedCurrent,Node_2,-9.83222093E+01
3.87000000E-04,voltage,Node_1,1.16490634E+04
3.87000000E-04,voltage,Node_2,1.12518213E+04
3.87000000E-04,i1,Line_1_e1,9.14142977E+02
3.87000000E-04,i2,Line_1_e1,-8.13206988E+02
3.87000000E-04,i1,Line_1_e10,1.95014055E+02
3.87000000E-04,i2,Line_1_e10,-9.83222093E+01
3.87500000E-04,injectedCurrent,Node_1,9.13371846E+02
3.87500000E-04,injectedCurrent,Node_2,-9.70200374E+01
3.87500000E-04,voltage,Node_1,1.12330964E+04
3.87500000E-04,voltage,Node_2,1.16978540E+04
3.87500000E-04,i1,Line_1_e1,9.13371846E+02
3.87500000E-04,i2,Line_1_e1,-8.16902986E+02
3.87500000E-04,i1,Line_1_e10,1.98400304E+02
3.87500000E-04,i2,Line_1_e10,-9.70200374E+01
3.88000000E-04,injectedCurrent,Node_1,9.12164025E+02
3.88000000E-04,injectedCurrent,Node_2,-9.57122199E+01
3.88000000E-04,voltage,Node_1,1.16603221E+04
3.88000000E-04,voltage,Node_2,1.12735204E+04
3.88000000E-04,i1,Line_1_e1,9.12164025E+02
3.88000000E-04,i2,Line_1_e1,-8.11211382E+02
3.88000000E-04,i1,Line_1_e10,1.92519193E+02
3.88000000E-04,i2,Line_1_e10,-9.57122199E+01
3.88500000E-04,injectedCurrent,Node_1,9.10517433E+02
3.88500000E-04,injectedCurrent,Node_2,-9.43988733E+01
3.88500000E-04,voltage,Node_1,1.12269702E+04
3.88500000E-04,voltage,Node_2,1.17128117E+04
3.88500000E-04,i1,Line_1_e1,9.10517433E+02
3.88500000E-04,i2,Line_1_e1,-8.14192568E+02
3.88500000E-04,i1,Line_1_e10,1.95846674E+02
3.88500000E-04,i2,Line_1_e10,-9.43988733E+01
3.89000000E-04,injectedCurrent,Node_1,9.08430520E+02
3.89000000E-04,injectedCurrent,Node_2,-9.30801386E+01
3.89000000E-04,voltage,Node_1,1.16472580E+04
3.89000000E-04,voltage,Node_2,1.12709839E+04
3.89000000E-04,i1,Line_1_e1,9.08430520E+02
3.89000000E-04,i2,Line_1_e1,-8.07671600E+02
3.89000000E-04,i1,Line_1_e10,1.89792665E+02
3.89000000E-04,i2,Line_1_e10,-9.30801386E+01
3.89500000E-04,injectedCurrent,Node_1,9.05902282E+02
3.89500000E-04,injectedCurrent,Node_2,-9.17561811E+01
3.89500000E-04,voltage,Node_1,1.11963675E+04
3.89500000E-04,voltage,Node_2,1.17034785E+04
3.89500000E-04,i1,Line_1_e1,9.05902282E+02
3.89500000E-04,i2,Line_1_e1,-8.09933107E+02
3.89500000E-04,i1,Line_1_e10,1.93061697E+02
3.89500000E-04,i2,Line_1_e10,-9.17561811E+01
3.90000000E-04,injectedCurrent,Node_1,9.02932284E+02
3.90000000E-04,injectedCurrent,Node_2,-9.04271911E+01
3.90000000E-04,voltage,Node_1,1.16097302E+04
3.90000000E-04,voltage,Node_2,1.12439903E+04
3.90000000E-04,i1,Line_1_e1,9.02932284E+02
3.90000000E-04,i2,Line_1_e1,-8.02578390E+02
3.90000000E-04,i1,Line_1_e10,1.86833972E+02
3.90000000E-04,i2,Line_1_e10,-9.04271911E+01
3.90500000E-04,injectedCurrent,Node_1,8.99520679E+02
3.90500000E-04,injectedCurrent,Node_2,-8.90933833E+01
3.90500000E-04,voltage,Node_1,1.11412066E+04
3.90500000E-04,voltage,Node_2,1.16696921E+04
3.90500000E-04,i1,Line_1_e1,8.99520679E+02
3.90500000E-04,i2,Line_1_e1,-8.04119300E+02
3.90500000E-04,i1,Line_1_e10,1.90045594E+02
3.90500000E-04,i2,Line_1_e10,-8.90933833E+01
3.91000000E-04,injectedCurrent,Node_1,8.95668223E+02
3.91000000E-04,injectedCurrent,Node_2,-8.77549976E+01
3.91000000E-04,voltage,Node_1,1.15477212E+04
3.91000000E-04,voltage,Node_2,1.11924354E+04
3.91000000E-04,i1,Line_1_e1,8.95668223E+02
3.91000000E-04,i2,Line_1_e1,-7.95930499E+02
3.91000000E-04,i1,Line_1_e10,1.83644039E+02
3.91000000E-04,i2,Line_1_e10,-8.77549976E+01
3.91500000E-04,injectedCurrent,Node_1,8.91376295E+02
3.91500000E-04,injectedCurrent,Node_2,-8.64122981E+01
3.91500000E-04,voltage,Node_1,1.10615325E+04
3.91500000E-04,voltage,Node_2,1.16114120E+04
3.91500000E-04,i1,Line_1_e1,8.91376295E+02
3.91500000E-04,i2,Line_1_e1,-7.96754112E+02
3.91500000E-04,i1,Line_1_e10,1.86800048E+02
3.91500000E-04,i2,Line_1_e10,-8.64122981E+01
3.92000000E-04,injectedCurrent,Node_1,8.86646908E+02
3.92000000E-04,injectedCurrent,Node_2,-8.50655737E+01
3.92000000E-04,voltage,Node_1,1.14613442E+04
3.92000000E-04,voltage,Node_2,1.11163405E+04
3.92000000E-04,i1,Line_1_e1,8.86646908E+02
3.92000000E-04,i2,Line_1_e1,-7.87735190E+02
3.92000000E-04,i1,Line_1_e10,1.80225286E+02
3.92000000E-04,i2,Line_1_e10,-8.50655737E+01
3.92500000E-04,injectedCurrent,Node_1,8.81482723E+02
3.92500000E-04,injectedCurrent,Node_2,-8.37151375E+01
3.92500000E-04,voltage,Node_1,1.09575246E+04
3.92500000E-04,voltage,Node_2,1.15287272E+04
3.92500000E-04,i1,Line_1_e1,8.81482723E+02
3.92500000E-04,i2,Line_1_e1,-7.87849248E+02
3.92500000E-04,i1,Line_1_e10,1.83328274E+02
3.92500000E-04,i2,Line_1_e10,-8.37151375E+01
3.93000000E-04,injectedCurrent,Node_1,8.75887062E+02
3.93000000E-04,injectedCurrent,Node_2,-8.23613266E+01
3.93000000E-04,voltage,Node_1,1.13508501E+04
3.93000000E-04,voltage,Node_2,1.10158605E+04
3.93000000E-04,i1,Line_1_e1,8.75887062E+02
3.93000000E-04,i2,Line_1_e1,-7.78008669E+02
3.93000000E-04,i1,Line_1_e10,1.76581691E+02
3.93000000E-04,i2,Line_1_e10,-8.23613266E+01
3.93500000E-04,injectedCurrent,Node_1,8.69863912E+02
3.93500000E-04,injectedCurrent,Node_2,-8.10045015E+01
3.93500000E-04,voltage,Node_1,1.08295026E+04
3.93500000E-04,voltage,Node_2,1.14218636E+04
3.93500000E-04,i1,Line_1_e1,8.69863912E+02
3.93500000E-04,i2,Line_1_e1,-7.77425544E+02
3.93500000E-04,i1,Line_1_e10,1.79635063E+02
3.93500000E-04,i2,Line_1_e10,-8.10045015E+01
3.94000000E-04,injectedCurrent,Node_1,8.63417940E+02
3.94000000E-04,injectedCurrent,Node_2,-7.96450459E+01
3.94000000E-04,voltage,Node_1,1.12166322E+04
3.94000000E-04,voltage,Node_2,1.08912894E+04
3.94000000E-04,i1,Line_1_e1,8.63417940E+02
3.94000000E-04,i2,Line_1_e1,-7.66776430E+02
3.94000000E-04,i1,Line_1_e10,1.72718828E+02
3.94000000E-04,i2,Line_1_e10,-7.96450459E+01
3.94500000E-04,injectedCurrent,Node_1,8.56554490E+02
3.94500000E-04,injectedCurrent,Node_2,-7.82833659E+01
3.94500000E-04,voltage,Node_1,1.06779305E+04
3.94500000E-04,voltage,Node_2,1.12911886E+04
3.94500000E-04,i1,Line_1_e1,8.56554490E+02
3.94500000E-04,i2,Line_1_e1,-7.65513248E+02
3.94500000E-04,i1,Line_1_e10,1.75726820E+02
3.94500000E-04,i2,Line_1_e10,-7.82833659E+01
3.95000000E-04,injectedCurrent,Node_1,8.49279589E+02
3.95000000E-04,injectedCurrent,Node_2,-7.69198896E+01
3.95000000E-04,voltage,Node_1,1.10592300E+04
3.95000000E-04,voltage,Node_2,1.07430653E+04
3.95000000E-04,i1,Line_1_e1,8.49279589E+02
3.95000000E-04,i2,Line_1_e1,-7.54073482E+02
3.95000000E-04,i1,Line_1_e10,1.68643894E+02
3.95000000E-04,i2,Line_1_e10,-7.69198896E+01
3.95500000E-04,injectedCurrent,Node_1,8.41599952E+02
3.95500000E-04,injectedCurrent,Node_2,-7.55550660E+01
3.95500000E-04,voltage,Node_1,1.05034195E+04
3.95500000E-04,voltage,Node_2,1.11372159E+04
3.95500000E-04,i1,Line_1_e1,8.41599952E+02
3.95500000E-04,i2,Line_1_e1,-7.52152203E+02
3.95500000E-04,i1,Line_1_e10,1.71611580E+02
3.95500000E-04,i2,Line_1_e10,-7.55550660E+01
3.96000000E-04,injectedCurrent,Node_1,8.33522972E+02
3.96000000E-04,injectedCurrent,Node_2,-7.41893645E+01
3.96000000E-04,voltage,Node_1,1.08793307E+04
3.96000000E-04,voltage,Node_2,1.05717733E+04
3.96000000E-04,i1,Line_1_e1,8.33522972E+02
3.96000000E-04,i2,Line_1_e1,-7.39944466E+02
3.96000000E-04,i1,Line_1_e10,1.64365711E+02
3.96000000E-04,i2,Line_1_e10,-7.41893645E+01
3.96500000E-04,injectedCurrent,Node_1,8.25056723E+02
3.96500000E-04,injectedCurrent,Node_2,-7.28232740E+01
3.96500000E-04,voltage,Node_1,1.03067286E+04
3.96500000E-04,voltage,Node_2,1.09606064E+04
3.96500000E-04,i1,Line_1_e1,8.25056723E+02
3.96500000E-04,i2,Line_1_e1,-7.37391891E+02
3.96500000E-04,i1,Line_1_e10,1.67298993E+02
3.96500000E-04,i2,Line_1_e10,-7.28232740E+01
3.97000000E-04,injectedCurrent,Node_1,8.16209948E+02
3.97000000E-04,injectedCurrent,Node_2,-7.14573018E+01
3.97000000E-04,voltage,Node_1,1.06777689E+04
3.97000000E-04,voltage,Node_2,1.03781462E+04
3.97000000E-04,i1,Line_1_e1,8.16209948E+02
3.97000000E-04,i2,Line_1_e1,-7.24443644E+02
3.97000000E-04,i1,Line_1_e10,1.59894708E+02
3.97000000E-04,i2,Line_1_e10,-7.14573018E+01
3.97500000E-04,injectedCurrent,Node_1,8.06992057E+02
3.97500000E-04,injectedCurrent,Node_2,-7.00919727E+01
3.97500000E-04,voltage,Node_1,1.00887632E+04
3.97500000E-04,voltage,Node_2,1.07621690E+04
3.97500000E-04,i1,Line_1_e1,8.06992057E+02
3.97500000E-04,i2,Line_1_e1,-7.21291362E+02
3.97500000E-04,i1,Line_1_e10,1.62800301E+02
3.97500000E-04,i2,Line_1_e10,-7.00919727E+01
3.98000000E-04,injectedCurrent,Node_1,7.97413109E+02
3.98000000E-04,injectedCurrent,Node_2,-6.87278280E+01
3.98000000E-04,voltage,Node_1,1.04555244E+04
3.98000000E-04,voltage,Node_2,1.01630640E+04
3.98000000E-04,i1,Line_1_e1,7.97413109E+02
3.98000000E-04,i2,Line_1_e1,-7.07634753E+02
3.98000000E-04,i1,Line_1_e10,1.55242878E+02
3.98000000E-04,i2,Line_1_e10,-6.87278280E+01
3.98500000E-04,injectedCurrent,Node_1,7.87483799E+02
3.98500000E-04,injectedCurrent,Node_2,-6.73654238E+01
3.98500000E-04,voltage,Node_1,9.85057184E+03
3.98500000E-04,voltage,Node_2,1.05428584E+04
3.98500000E-04,i1,Line_1_e1,7.87483799E+02
3.98500000E-04,i2,Line_1_e1,-7.03919019E+02
3.98500000E-04,i1,Line_1_e10,1.58128284E+02
3.98500000E-04,i2,Line_1_e10,-6.73654238E+01
3.99000000E-04,injectedCurrent,Node_1,7.77215448E+02
3.99000000E-04,injectedCurrent,Node_2,-6.60053307E+01
3.99000000E-04,voltage,Node_1,1.02137176E+04
3.99000000E-04,voltage,Node_2,9.92755023E+03
3.99000000E-04,i1,Line_1_e1,7.77215448E+02
3.99000000E-04,i2,Line_1_e1,-6.89590726E+02
3.99000000E-04,i1,Line_1_e10,1.50423720E+02
3.99000000E-04,i2,Line_1_e10,-6.60053307E+01
3.99500000E-04,injectedCurrent,Node_1,7.66619975E+02
3.99500000E-04,injectedCurrent,Node_2,-6.46481316E+01
3.99500000E-04,voltage,Node_1,9.59334050E+03
3.99500000E-04,voltage,Node_2,1.03037709E+04
3.99500000E-04,i1,Line_1_e1,7.66619975E+02
3.99500000E-04,i2,Line_1_e1,-6.85352268E+02
3.99500000E-04,i1,Line_1_e10,1.53297189E+02
3.99500000E-04,i2,Line_1_e10,-6.46481316E+01
4.00000000E-04,injectedCurrent,Node_1,7.55709885E+02
4.00000000E-04,injectedCurrent,Node_2,-6.32944212E+01
4.00000000E-04,voltage,Node_1,9.95360295E+03
4.00000000E-04,voltage,Node_2,9.67276759E+03
4.00000000E-04,i1,Line_1_e1,7.55709885E+02
4.00000000E-04,i2,Line_1_e1,-6.70393272E+02
4.00000000E-04,i1,Line_1_e10,1.45452150E+02
4.00000000E-04,i2,Line_1_e10,-6.32944212E+01
4.00500000E-04,injectedCurrent,Node_1,7.44498238E+02
4.00500000E-04,injectedCurrent,Node_2,-6.19448038E+01
4.00500000E-04,voltage,Node_1,9.31838525E+03
4.00500000E-04,voltage,Node_2,1.00461383E+04
4.00500000E-04,i1,Line_1_e1,7.44498238E+02
4.00500000E-04,i2,Line_1_e1,-6.65677034E+02
4.00500000E-04,i1,Line_1_e10,1.48322625E+02
4.00500000E-04,i2,Line_1_e10,-6.19448038E+01
4.01000000E-04,injectedCurrent,Node_1,7.32998628E+02
4.01000000E-04,injectedCurrent,Node_2,-6.05998925E+01
4.01000000E-04,voltage,Node_1,9.67656055E+03
4.01000000E-04,voltage,Node_2,9.40001009E+03
4.01000000E-04,i1,Line_1_e1,7.32998628E+02
4.01000000E-04,i2,Line_1_e1,-6.50132322E+02
4.01000000E-04,i1,Line_1_e10,1.40344393E+02
4.01000000E-04,i2,Line_1_e10,-6.05998925E+01
4.01500000E-04,injectedCurrent,Node_1,7.21225155E+02
4.01500000E-04,injectedCurrent,Node_2,-5.92603076E+01
4.01500000E-04,voltage,Node_1,9.02714241E+03
4.01500000E-04,voltage,Node_2,9.77131966E+03
4.01500000E-04,i1,Line_1_e1,7.21225155E+02
4.01500000E-04,i2,Line_1_e1,-6.44987133E+02
4.01500000E-04,i1,Line_1_e10,1.43221455E+02
4.01500000E-04,i2,Line_1_e10,-5.92603076E+01
4.02000000E-04,injectedCurrent,Node_1,7.09192392E+02
4.02000000E-04,injectedCurrent,Node_2,-5.79266748E+01
4.02000000E-04,voltage,Node_1,9.38408518E+03
4.02000000E-04,voltage,Node_2,9.11069400E+03
4.02000000E-04,i1,Line_1_e1,7.09192392E+02
4.02000000E-04,i2,Line_1_e1,-6.28905336E+02
4.02000000E-04,i1,Line_1_e10,1.35117857E+02
4.02000000E-04,i2,Line_1_e10,-5.79266748E+01
4.02500000E-04,injectedCurrent,Node_1,6.96915356E+02
4.02500000E-04,injectedCurrent,Node_2,-5.65996243E+01
4.02500000E-04,voltage,Node_1,8.72115699E+03
4.02500000E-04,voltage,Node_2,9.48079083E+03
4.02500000E-04,i1,Line_1_e1,6.96915356E+02
4.02500000E-04,i2,Line_1_e1,-6.23383525E+02
4.02500000E-04,i1,Line_1_e10,1.38011650E+02
4.02500000E-04,i2,Line_1_e10,-5.65996243E+01
4.03000000E-04,injectedCurrent,Node_1,6.84409471E+02
4.03000000E-04,injectedCurrent,Node_2,-5.52797886E+01
4.03000000E-04,voltage,Node_1,9.07777391E+03
4.03000000E-04,voltage,Node_2,8.80634647E+03
4.03000000E-04,i1,Line_1_e1,6.84409471E+02
4.03000000E-04,i2,Line_1_e1,-6.06816502E+02
4.03000000E-04,i1,Line_1_e10,1.29790982E+02
4.03000000E-04,i2,Line_1_e10,-5.52797886E+01
4.03500000E-04,injectedCurrent,Node_1,6.71690536E+02
4.03500000E-04,injectedCurrent,Node_2,-5.39678013E+01
4.03500000E-04,voltage,Node_1,8.40206925E+03
4.03500000E-04,voltage,Node_2,9.17613240E+03
4.03500000E-04,i1,Line_1_e1,6.71690536E+02
4.03500000E-04,i2,Line_1_e1,-6.00973447E+02
4.03500000E-04,i1,Line_1_e10,1.32712136E+02
4.03500000E-04,i2,Line_1_e10,-5.39678013E+01
4.04000000E-04,injectedCurrent,Node_1,6.58774686E+02
4.04000000E-04,injectedCurrent,Node_2,-5.26642954E+01
4.04000000E-04,voltage,Node_1,8.75931185E+03
4.04000000E-04,voltage,Node_2,8.48859240E+03
4.04000000E-04,i1,Line_1_e1,6.58774686E+02
4.04000000E-04,i2,Line_1_e1,-5.83975803E+02
4.04000000E-04,i1,Line_1_e10,1.24383075E+02
4.04000000E-04,i2,Line_1_e10,-5.26642954E+01
4.04500000E-04,injectedCurrent,Node_1,6.45678353E+02
4.04500000E-04,injectedCurrent,Node_2,-5.13699020E+01
4.04500000E-04,voltage,Node_1,8.07159963E+03
4.04500000E-04,voltage,Node_2,8.85901556E+03
4.04500000E-04,i1,Line_1_e1,6.45678353E+02
4.04500000E-04,i2,Line_1_e1,-5.77869431E+02
4.04500000E-04,i1,Line_1_e10,1.27342617E+02
4.04500000E-04,i2,Line_1_e10,-5.13699020E+01
4.05000000E-04,injectedCurrent,Node_1,6.32418226E+02
4.05000000E-04,injectedCurrent,Node_2,-5.00852484E+01
4.05000000E-04,voltage,Node_1,8.43045635E+03
4.05000000E-04,voltage,Node_2,8.15913968E+03
4.05000000E-04,i1,Line_1_e1,6.32418226E+02
4.05000000E-04,i2,Line_1_e1,-5.60497995E+02
4.05000000E-04,i1,Line_1_e10,1.18914131E+02
4.05000000E-04,i2,Line_1_e10,-5.00852484E+01
4.05500000E-04,injectedCurrent,Node_1,6.19011208E+02
4.05500000E-04,injectedCurrent,Node_2,-4.88109565E+01
4.05500000E-04,voltage,Node_1,7.73153239E+03
4.05500000E-04,voltage,Node_2,8.53118666E+03
4.05500000E-04,i1,Line_1_e1,6.19011208E+02
4.05500000E-04,i2,Line_1_e1,-5.54188242E+02
4.05500000E-04,i1,Line_1_e10,1.21923391E+02
4.05500000E-04,i2,Line_1_e10,-4.88109565E+01
4.06000000E-04,injectedCurrent,Node_1,6.05474380E+02
4.06000000E-04,injectedCurrent,Node_2,-4.75476418E+01
4.06000000E-04,voltage,Node_1,8.09301997E+03
4.06000000E-04,voltage,Node_2,7.81976298E+03
4.06000000E-04,i1,Line_1_e1,6.05474380E+02
4.06000000E-04,i2,Line_1_e1,-5.36501501E+02
4.06000000E-04,i1,Line_1_e10,1.13404638E+02
4.06000000E-04,i2,Line_1_e10,-4.75476418E+01
4.06500000E-04,injectedCurrent,Node_1,5.91824949E+02
4.06500000E-04,injectedCurrent,Node_2,-4.62959111E+01
4.06500000E-04,voltage,Node_1,7.38369799E+03
4.06500000E-04,voltage,Node_2,8.19445038E+03
4.06500000E-04,i1,Line_1_e1,5.91824949E+02
4.06500000E-04,i2,Line_1_e1,-5.30049730E+02
4.06500000E-04,i1,Line_1_e10,1.16475152E+02
4.06500000E-04,i2,Line_1_e10,-4.62959111E+01
4.07000000E-04,injectedCurrent,Node_1,5.78080213E+02
4.07000000E-04,injectedCurrent,Node_2,-4.50563617E+01
4.07000000E-04,voltage,Node_1,7.74885255E+03
4.07000000E-04,voltage,Node_2,7.47228631E+03
4.07000000E-04,i1,Line_1_e1,5.78080213E+02
4.07000000E-04,i2,Line_1_e1,-5.12107236E+02
4.07000000E-04,i1,Line_1_e10,1.07875376E+02
4.07000000E-04,i2,Line_1_e10,-4.50563617E+01
4.07500000E-04,injectedCurrent,Node_1,5.64257508E+02
4.07500000E-04,injectedCurrent,Node_2,-4.38295794E+01
4.07500000E-04,voltage,Node_1,7.02995473E+03
4.07500000E-04,voltage,Node_2,7.85065183E+03
4.07500000E-04,i1,Line_1_e1,5.64257508E+02
4.07500000E-04,i2,Line_1_e1,-5.05575634E+02
4.07500000E-04,i1,Line_1_e10,1.11018780E+02
4.07500000E-04,i2,Line_1_e10,-4.38295794E+01
4.08000000E-04,injectedCurrent,Node_1,5.50374173E+02
4.08000000E-04,injectedCurrent,Node_2,-4.26161375E+01
4.08000000E-04,voltage,Node_1,7.39982244E+03
4.08000000E-04,voltage,Node_2,7.11856484E+03
4.08000000E-04,i1,Line_1_e1,5.50374173E+02
4.08000000E-04,i2,Line_1_e1,-4.87437385E+02
4.08000000E-04,i1,Line_1_e10,1.02347208E+02
4.08000000E-04,i2,Line_1_e10,-4.26161375E+01
4.08500000E-04,injectedCurrent,Node_1,5.36447498E+02
4.08500000E-04,injectedCurrent,Node_2,-4.14165949E+01
4.08500000E-04,voltage,Node_1,6.67216988E+03
4.08500000E-04,voltage,Node_2,7.50165803E+03
4.08500000E-04,i1,Line_1_e1,5.36447498E+02
4.08500000E-04,i2,Line_1_e1,-4.80888341E+02
4.08500000E-04,i1,Line_1_e10,1.05575136E+02
4.08500000E-04,i2,Line_1_e10,-4.14165949E+01
4.09000000E-04,injectedCurrent,Node_1,5.22494686E+02
4.09000000E-04,injectedCurrent,Node_2,-4.02314954E+01
4.09000000E-04,voltage,Node_1,7.04779755E+03
4.09000000E-04,voltage,Node_2,6.76046603E+03
4.09000000E-04,i1,Line_1_e1,5.22494686E+02
4.09000000E-04,i2,Line_1_e1,-4.62614156E+02
4.09000000E-04,i1,Line_1_e10,9.68408669E+01
4.09000000E-04,i2,Line_1_e10,-4.02314954E+01
4.09500000E-04,injectedCurrent,Node_1,5.08532802E+02
4.09500000E-04,injectedCurrent,Node_2,-3.90613659E+01
4.09500000E-04,voltage,Node_1,6.31220055E+03
4.09500000E-04,voltage,Node_2,7.14933887E+03
4.09500000E-04,i1,Line_1_e1,5.08532802E+02
4.09500000E-04,i2,Line_1_e1,-4.56109641E+02
4.09500000E-04,i1,Line_1_e10,1.00164849E+02
4.09500000E-04,i2,Line_1_e10,-3.90613659E+01
4.10000000E-04,injectedCurrent,Node_1,4.94578736E+02
4.10000000E-04,injectedCurrent,Node_2,-3.79067153E+01
4.10000000E-04,voltage,Node_1,6.69462628E+03
4.10000000E-04,voltage,Node_2,6.39985054E+03
4.10000000E-04,i1,Line_1_e1,4.94578736E+02
4.10000000E-04,i2,Line_1_e1,-4.37758538E+02
4.10000000E-04,i1,Line_1_e10,9.13767507E+01
4.10000000E-04,i2,Line_1_e10,-3.79067153E+01
4.10500000E-04,injectedCurrent,Node_1,4.80649158E+02
4.10500000E-04,injectedCurrent,Node_2,-3.67680333E+01
4.10500000E-04,voltage,Node_1,5.95187482E+03
4.10500000E-04,voltage,Node_2,6.79554809E+03
4.10500000E-04,i1,Line_1_e1,4.80649158E+02
4.10500000E-04,i2,Line_1_e1,-4.31359483E+02
4.10500000E-04,i1,Line_1_e10,9.48081056E+01
4.10500000E-04,i2,Line_1_e10,-3.67680333E+01
4.11000000E-04,injectedCurrent,Node_1,4.66760475E+02
4.11000000E-04,injectedCurrent,Node_2,-3.56457896E+01
4.11000000E-04,voltage,Node_1,6.34211879E+03
4.11000000E-04,voltage,Node_2,6.03855330E+03
4.11000000E-04,i1,Line_1_e1,4.66760475E+02
4.11000000E-04,i2,Line_1_e1,-4.12989061E+02
4.11000000E-04,i1,Line_1_e10,8.59747127E+01
4.11000000E-04,i2,Line_1_e10,-3.56457896E+01
4.11500000E-04,injectedCurrent,Node_1,4.52928793E+02
4.11500000E-04,injectedCurrent,Node_2,-3.45404324E+01
4.11500000E-04,voltage,Node_1,5.59297326E+03
4.11500000E-04,voltage,Node_2,6.44210448E+03
4.11500000E-04,i1,Line_1_e1,4.52928793E+02
4.11500000E-04,i2,Line_1_e1,-4.06754760E+02
4.11500000E-04,i1,Line_1_e10,8.95244549E+01
4.11500000E-04,i2,Line_1_e10,-3.45404324E+01
4.12000000E-04,injectedCurrent,Node_1,4.39169875E+02
4.12000000E-04,injectedCurrent,Node_2,-3.34523878E+01
4.12000000E-04,voltage,Node_1,5.99202899E+03
4.12000000E-04,voltage,Node_2,5.67836494E+03
4.12000000E-04,i1,Line_1_e1,4.39169875E+02
4.12000000E-04,i2,Line_1_e1,-3.88420612E+02
4.12000000E-04,i1,Line_1_e10,8.06538666E+01
4.12000000E-04,i2,Line_1_e10,-3.34523878E+01
4.12500000E-04,injectedCurrent,Node_1,4.25499105E+02
4.12500000E-04,injectedCurrent,Node_2,-3.23820586E+01
4.12500000E-04,voltage,Node_1,5.23721130E+03
4.12500000E-04,voltage,Node_2,6.09077367E+03
4.12500000E-04,i1,Line_1_e1,4.25499105E+02
4.12500000E-04,i2,Line_1_e1,-3.82408147E+02
4.12500000E-04,i1,Line_1_e10,8.43326113E+01
4.12500000E-04,i2,Line_1_e10,-3.23820586E+01
4.13000000E-04,injectedCurrent,Node_1,4.11931452E+02
4.13000000E-04,injectedCurrent,Node_2,-3.13298239E+01
4.13000000E-04,voltage,Node_1,5.64603733E+03
4.13000000E-04,voltage,Node_2,5.32101401E+03
4.13000000E-04,i1,Line_1_e1,4.11931452E+02
4.13000000E-04,i2,Line_1_e1,-3.64163301E+02
4.13000000E-04,i1,Line_1_e10,7.54324007E+01
4.13000000E-04,i2,Line_1_e10,-3.13298239E+01
4.13500000E-04,injectedCurrent,Node_1,3.98481432E+02
4.13500000E-04,injectedCurrent,Node_2,-3.02960378E+01
4.13500000E-04,voltage,Node_1,4.88622274E+03
4.13500000E-04,voltage,Node_2,5.74325085E+03
4.13500000E-04,i1,Line_1_e1,3.98481432E+02
4.13500000E-04,i2,Line_1_e1,-3.58427011E+02
4.13500000E-04,i1,Line_1_e10,7.92502781E+01
4.13500000E-04,i2,Line_1_e10,-3.02960378E+01
4.14000000E-04,injectedCurrent,Node_1,3.85163080E+02
4.14000000E-04,injectedCurrent,Node_2,-2.92810295E+01
4.14000000E-04,voltage,Node_1,5.30573509E+03
4.14000000E-04,voltage,Node_2,4.96815025E+03
4.14000000E-04,i1,Line_1_e1,3.85163080E+02
4.14000000E-04,i2,Line_1_e1,-3.40321415E+02
4.14000000E-04,i1,Line_1_e10,7.03274071E+01
4.14000000E-04,i2,Line_1_e10,-2.92810295E+01
4.14500000E-04,injectedCurrent,Node_1,3.71989916E+02
4.14500000E-04,injectedCurrent,Node_2,-2.82851019E+01
4.14500000E-04,voltage,Node_1,4.54154461E+03
4.14500000E-04,voltage,Node_2,5.40114472E+03
4.14500000E-04,i1,Line_1_e1,3.71989916E+02
4.14500000E-04,i2,Line_1_e1,-3.34912406E+02
4.14500000E-04,i1,Line_1_e10,7.42939853E+01
4.14500000E-04,i2,Line_1_e10,-2.82851019E+01
4.15000000E-04,injectedCurrent,Node_1,3.58974920E+02
4.15000000E-04,injectedCurrent,Node_2,-2.73085318E+01
4.15000000E-04,voltage,Node_1,4.97260994E+03
4.15000000E-04,voltage,Node_2,4.62132924E+03
4.15000000E-04,i1,Line_1_e1,3.58974920E+02
4.15000000E-04,i2,Line_1_e1,-3.16992466E+02
4.15000000E-04,i1,Line_1_e10,6.53547278E+01
4.15000000E-04,i2,Line_1_e10,-2.73085318E+01
4.15500000E-04,injectedCurrent,Node_1,3.46130501E+02
4.15500000E-04,injectedCurrent,Node_2,-2.63515693E+01
4.15500000E-04,voltage,Node_1,4.20460369E+03
4.15500000E-04,voltage,Node_2,5.06596285E+03
4.15500000E-04,i1,Line_1_e1,3.46130501E+02
4.15500000E-04,i2,Line_1_e1,-3.11958178E+02
4.15500000E-04,i1,Line_1_e10,6.94789451E+01
4.15500000E-04,i2,Line_1_e10,-2.63515693E+01
4.16000000E-04,injectedCurrent,Node_1,3.33468477E+02
4.16000000E-04,injectedCurrent,Node_2,-2.54144374E+01
4.16000000E-04,voltage,Node_1,4.64803342E+03
4.16000000E-04,voltage,Node_2,4.28199859E+03
4.16000000E-04,i1,Line_1_e1,3.33468477E+02
4.16000000E-04,i2,Line_1_e1,-2.94266348E+02
4.16000000E-04,i1,Line_1_e10,6.05288211E+01
4.16000000E-04,i2,Line_1_e10,-2.54144374E+01
4.16500000E-04,injectedCurrent,Node_1,3.21000050E+02
4.16500000E-04,injectedCurrent,Node_2,-2.44973317E+01
4.16500000E-04,voltage,Node_1,3.87670487E+03
4.16500000E-04,voltage,Node_2,4.73909882E+03
4.16500000E-04,i1,Line_1_e1,3.21000050E+02
4.16500000E-04,i2,Line_1_e1,-2.89650187E+02
4.16500000E-04,i1,Line_1_e10,6.48189288E+01
4.16500000E-04,i2,Line_1_e10,-2.44973317E+01
4.17000000E-04,injectedCurrent,Node_1,3.08735793E+02
4.17000000E-04,injectedCurrent,Node_2,-2.36004206E+01
4.17000000E-04,voltage,Node_1,4.33325034E+03
4.17000000E-04,voltage,Node_2,3.95148600E+03
4.17000000E-04,i1,Line_1_e1,3.08735793E+02
4.17000000E-04,i2,Line_1_e1,-2.72224629E+02
4.17000000E-04,i1,Line_1_e10,5.58626492E+01
4.17000000E-04,i2,Line_1_e10,-2.36004206E+01
4.17500000E-04,injectedCurrent,Node_1,2.96685626E+02
4.17500000E-04,injectedCurrent,Node_2,-2.27238450E+01
4.17500000E-04,voltage,Node_1,3.55902155E+03
4.17500000E-04,voltage,Node_2,4.42182124E+03
4.17500000E-04,i1,Line_1_e1,2.96685626E+02
4.17500000E-04,i2,Line_1_e1,-2.68065662E+02
4.17500000E-04,i1,Line_1_e10,6.03261664E+01
4.17500000E-04,i2,Line_1_e10,-2.27238450E+01
4.18000000E-04,injectedCurrent,Node_1,2.84858808E+02
4.18000000E-04,injectedCurrent,Node_2,-2.18677185E+01
4.18000000E-04,voltage,Node_1,4.02937014E+03
4.18000000E-04,voltage,Node_2,3.63098928E+03
4.18000000E-04,i1,Line_1_e1,2.84858808E+02
4.18000000E-04,i2,Line_1_e1,-2.50939972E+02
4.18000000E-04,i1,Line_1_e10,5.13675893E+01
4.18000000E-04,i2,Line_1_e10,-2.18677185E+01
4.18500000E-04,injectedCurrent,Node_1,2.73263921E+02
4.18500000E-04,injectedCurrent,Node_2,-2.10321273E+01
4.18500000E-04,voltage,Node_1,3.25258814E+03
4.18500000E-04,voltage,Node_2,4.11526486E+03
4.18500000E-04,i1,Line_1_e1,2.73263921E+02
4.18500000E-04,i2,Line_1_e1,-2.47272691E+02
4.18500000E-04,i1,Line_1_e10,5.60112690E+01
4.18500000E-04,i2,Line_1_e10,-2.10321273E+01
4.19000000E-04,injectedCurrent,Node_1,2.61908867E+02
4.19000000E-04,injectedCurrent,Node_2,-2.02171305E+01
4.19000000E-04,voltage,Node_1,3.73736060E+03
4.19000000E-04,voltage,Node_2,3.32156849E+03
4.19000000E-04,i1,Line_1_e1,2.61908867E+02
4.19000000E-04,i2,Line_1_e1,-2.30475700E+02
4.19000000E-04,i1,Line_1_e10,4.70533679E+01
4.19000000E-04,i2,Line_1_e10,-2.02171305E+01
4.19500000E-04,injectedCurrent,Node_1,2.50800855E+02
4.19500000E-04,injectedCurrent,Node_2,-1.94227607E+01
4.19500000E-04,voltage,Node_1,2.95829479E+03
4.19500000E-04,voltage,Node_2,3.82042374E+03
4.19500000E-04,i1,Line_1_e1,2.50800855E+02
4.19500000E-04,i2,Line_1_e1,-2.27329864E+02
4.19500000E-04,i1,Line_1_e10,5.18831764E+01
4.19500000E-04,i2,Line_1_e10,-1.94227607E+01
4.20000000E-04,injectedCurrent,Node_1,2.39946404E+02
4.20000000E-04,injectedCurrent,Node_2,-1.86490238E+01
4.20000000E-04,voltage,Node_1,3.45804360E+03
4.20000000E-04,voltage,Node_2,3.02414028E+03
4.20000000E-04,i1,Line_1_e1,2.39946404E+02
4.20000000E-04,i2,Line_1_e1,-2.10885505E+02
4.20000000E-04,i1,Line_1_e10,4.29280208E+01
4.20000000E-04,i2,Line_1_e10,-1.86490238E+01
4.20500000E-04,injectedCurrent,Node_1,2.29351338E+02
4.20500000E-04,injectedCurrent,Node_2,-1.78958998E+01
4.20500000E-04,voltage,Node_1,2.67688431E+03
4.20500000E-04,voltage,Node_2,3.53814679E+03
4.20500000E-04,i1,Line_1_e1,2.29351338E+02
4.20500000E-04,i2,Line_1_e1,-2.08286050E+02
4.20500000E-04,i1,Line_1_e10,4.79491287E+01
4.20500000E-04,i2,Line_1_e10,-1.78958998E+01
4.21000000E-04,injectedCurrent,Node_1,2.19020787E+02
4.21000000E-04,injectedCurrent,Node_2,-1.71633431E+01
4.21000000E-04,voltage,Node_1,3.19209324E+03
4.21000000E-04,voltage,Node_2,2.73947443E+03
4.21000000E-04,i1,Line_1_e1,2.19020787E+02
4.21000000E-04,i2,Line_1_e1,-1.92213305E+02
4.21000000E-04,i1,Line_1_e10,3.89978768E+01
4.21000000E-04,i2,Line_1_e10,-1.71633431E+01
4.21500000E-04,injectedCurrent,Node_1,2.08959195E+02
4.21500000E-04,injectedCurrent,Node_2,-1.64512834E+01
4.21500000E-04,voltage,Node_1,2.40895134E+03
4.21500000E-04,voltage,Node_2,3.26913537E+03
4.21500000E-04,i1,Line_1_e1,2.08959195E+02
4.21500000E-04,i2,Line_1_e1,-1.90180331E+02
4.21500000E-04,i1,Line_1_e10,4.42146623E+01
4.21500000E-04,i2,Line_1_e10,-1.64512834E+01
4.22000000E-04,injectedCurrent,Node_1,1.99170322E+02
4.22000000E-04,injectedCurrent,Node_2,-1.57596260E+01
4.22000000E-04,voltage,Node_1,2.94003607E+03
4.22000000E-04,voltage,Node_2,2.46819263E+03
4.22000000E-04,i1,Line_1_e1,1.99170322E+02
4.22000000E-04,i2,Line_1_e1,-1.74493246E+02
4.22000000E-04,i1,Line_1_e10,3.52675650E+01
4.22000000E-04,i2,Line_1_e10,-1.57596260E+01
4.22500000E-04,injectedCurrent,Node_1,1.89657255E+02
4.22500000E-04,injectedCurrent,Node_2,-1.50882523E+01
4.22500000E-04,voltage,Node_1,2.15494361E+03
4.22500000E-04,voltage,Node_2,3.01394318E+03
4.22500000E-04,i1,Line_1_e1,1.89657255E+02
4.22500000E-04,i2,Line_1_e1,-1.73042070E+02
4.22500000E-04,i1,Line_1_e10,4.06836293E+01
4.22500000E-04,i2,Line_1_e10,-1.50882523E+01
4.23000000E-04,injectedCurrent,Node_1,1.80422417E+02
4.23000000E-04,injectedCurrent,Node_2,-1.44370213E+01
4.23000000E-04,voltage,Node_1,2.70225337E+03
4.23000000E-04,voltage,Node_2,2.21076936E+03
4.23000000E-04,i1,Line_1_e1,1.80422417E+02
4.23000000E-04,i2,Line_1_e1,-1.57749837E+02
4.23000000E-04,i1,Line_1_e10,3.17400456E+01
4.23000000E-04,i2,Line_1_e10,-1.44370213E+01
4.23500000E-04,injectedCurrent,Node_1,1.71467584E+02
4.23500000E-04,injectedCurrent,Node_2,-1.38057697E+01
4.23500000E-04,voltage,Node_1,1.91516524E+03
4.23500000E-04,voltage,Node_2,2.77297823E+03
4.23500000E-04,i1,Line_1_e1,1.71467584E+02
4.23500000E-04,i2,Line_1_e1,-1.56891113E+02
4.23500000E-04,i1,Line_1_e10,3.73582391E+01
4.23500000E-04,i2,Line_1_e10,-1.38057697E+01
4.24000000E-04,injectedCurrent,Node_1,1.62793894E+02
4.24000000E-04,injectedCurrent,Node_2,-1.31943127E+01
4.24000000E-04,voltage,Node_1,2.47898541E+03
4.24000000E-04,voltage,Node_2,1.96753484E+03
4.24000000E-04,i1,Line_1_e1,1.62793894E+02
4.24000000E-04,i2,Line_1_e1,-1.41998216E+02
4.24000000E-04,i1,Line_1_e10,2.84166619E+01
4.24000000E-04,i2,Line_1_e10,-1.31943127E+01
4.24500000E-04,injectedCurrent,Node_1,1.54401867E+02
4.24500000E-04,injectedCurrent,Node_2,-1.26024456E+01
4.24500000E-04,voltage,Node_1,1.68978186E+03
4.24500000E-04,voltage,Node_2,2.54650672E+03
4.24500000E-04,i1,Line_1_e1,1.54401867E+02
4.24500000E-04,i2,Line_1_e1,-1.41738120E+02
4.24500000E-04,i1,Line_1_e10,3.42391201E+01
4.24500000E-04,i2,Line_1_e10,-1.26024456E+01
4.25000000E-04,injectedCurrent,Node_1,1.46291425E+02
4.25000000E-04,injectedCurrent,Node_2,-1.20299440E+01
4.25000000E-04,voltage,Node_1,2.27033751E+03
4.25000000E-04,voltage,Node_2,1.73867986E+03
4.25000000E-04,i1,Line_1_e1,1.46291425E+02
4.25000000E-04,i2,Line_1_e1,-1.27244540E+02
4.25000000E-04,i1,Line_1_e10,2.52972112E+01
4.25000000E-04,i2,Line_1_e10,-1.20299440E+01
4.25500000E-04,injectedCurrent,Node_1,1.38461910E+02
4.25500000E-04,injectedCurrent,Node_2,-1.14765651E+01
4.25500000E-04,voltage,Node_1,1.47882750E+03
4.25500000E-04,voltage,Node_2,2.33465877E+03
4.25500000E-04,i1,Line_1_e1,1.38461910E+02
4.25500000E-04,i2,Line_1_e1,-1.27585002E+02
4.25500000E-04,i1,Line_1_e10,3.13254007E+01
4.25500000E-04,i2,Line_1_e10,-1.14765651E+01
4.26000000E-04,injectedCurrent,Node_1,1.30912103E+02
4.26000000E-04,injectedCurrent,Node_2,-1.09420484E+01
4.26000000E-04,voltage,Node_1,2.07628766E+03
4.26000000E-04,voltage,Node_2,1.52426232E+03
4.26000000E-04,i1,Line_1_e1,1.30912103E+02
4.26000000E-04,i2,Line_1_e1,-1.13486470E+02
4.26000000E-04,i1,Line_1_e10,2.23800339E+01
4.26000000E-04,i2,Line_1_e10,-1.09420484E+01
4.26500000E-04,injectedCurrent,Node_1,1.23640253E+02
4.26500000E-04,injectedCurrent,Node_2,-1.04261172E+01
4.26500000E-04,voltage,Node_1,1.28221287E+03
4.26500000E-04,voltage,Node_2,2.13743579E+03
4.26500000E-04,i1,Line_1_e1,1.23640253E+02
4.26500000E-04,i2,Line_1_e1,-1.14425462E+02
4.26500000E-04,i1,Line_1_e10,2.86148056E+01
4.26500000E-04,i2,Line_1_e10,-1.04261172E+01
4.27000000E-04,injectedCurrent,Node_1,1.16644097E+02
4.27000000E-04,injectedCurrent,Node_2,-9.92847904E+00
4.27000000E-04,voltage,Node_1,1.89669546E+03
4.27000000E-04,voltage,Node_2,1.32421528E+03
4.27000000E-04,i1,Line_1_e1,1.16644097E+02
4.27000000E-04,i2,Line_1_e1,-1.00713760E+02
4.27000000E-04,i1,Line_1_e10,1.96621171E+01
4.27000000E-04,i2,Line_1_e10,-9.92847904E+00
4.27500000E-04,injectedCurrent,Node_1,1.09920886E+02
4.27500000E-04,injectedCurrent,Node_2,-9.44882726E+00
4.27500000E-04,voltage,Node_1,1.09973490E+03
4.27500000E-04,voltage,Node_2,1.95471920E+03
4.27500000E-04,i1,Line_1_e1,1.09920886E+02
4.27500000E-04,i2,Line_1_e1,-1.02245618E+02
4.27500000E-04,i1,Line_1_e10,2.61037664E+01
4.27500000E-04,i2,Line_1_e10,-9.44882726E+00
4.28000000E-04,injectedCurrent,Node_1,1.03467411E+02
4.28000000E-04,injectedCurrent,Node_2,-8.98684170E+00
4.28000000E-04,voltage,Node_1,1.73131225E+03
4.28000000E-04,voltage,Node_2,1.13835630E+03
4.28000000E-04,i1,Line_1_e1,1.03467411E+02
4.28000000E-04,i2,Line_1_e1,-8.89089138E+01
4.28000000E-04,i1,Line_1_e10,1.71392107E+01
4.28000000E-04,i2,Line_1_e10,-8.98684170E+00
4.28500000E-04,injectedCurrent,Node_1,9.72800306E+01
4.28500000E-04,injectedCurrent,Node_2,-8.54218990E+00
4.28500000E-04,voltage,Node_1,9.31087291E+02
4.28500000E-04,voltage,Node_2,1.78628033E+03
4.28500000E-04,i1,Line_1_e1,9.72800306E+01
4.28500000E-04,i2,Line_1_e1,-9.10246953E+01
4.28500000E-04,i1,Line_1_e10,2.37875431E+01
4.28500000E-04,i2,Line_1_e10,-8.54218990E+00
4.29000000E-04,injectedCurrent,Node_1,9.13546974E+01
4.29000000E-04,injectedCurrent,Node_2,-8.11452813E+00
4.29000000E-04,voltage,Node_1,1.57979208E+03
4.29000000E-04,voltage,Node_2,9.66397783E+02
4.29000000E-04,i1,Line_1_e1,9.13546974E+01
4.29000000E-04,i2,Line_1_e1,-7.80479033E+01
4.29000000E-04,i1,Line_1_e10,1.48059531E+01
4.29000000E-04,i2,Line_1_e10,-8.11452813E+00
4.29500000E-04,injectedCurrent,Node_1,8.56869867E+01
4.29500000E-04,injectedCurrent,Node_2,-7.70350248E+00
4.29500000E-04,voltage,Node_1,7.75871855E+02
4.29500000E-04,voltage,Node_2,1.63179122E+03
4.29500000E-04,i1,Line_1_e1,8.56869867E+01
4.29500000E-04,i2,Line_1_e1,-8.07357694E+01
4.29500000E-04,i1,Line_1_e10,2.16603539E+01
4.29500000E-04,i2,Line_1_e10,-7.70350248E+00
4.30000000E-04,injectedCurrent,Node_1,8.02721245E+01
4.30000000E-04,injectedCurrent,Node_2,-7.30874991E+00
4.30000000E-04,voltage,Node_1,1.44170329E+03
4.30000000E-04,voltage,Node_2,8.07958178E+02
4.30000000E-04,i1,Line_1_e1,8.02721245E+01
4.30000000E-04,i2,Line_1_e1,-6.81009343E+01
4.30000000E-04,i1,Line_1_e10,1.26560041E+01
4.30000000E-04,i2,Line_1_e10,-7.30874991E+00
4.30500000E-04,injectedCurrent,Node_1,7.51050156E+01
4.30500000E-04,injectedCurrent,Node_2,-6.92989925E+00
4.30500000E-04,voltage,Node_1,6.33610259E+02
4.30500000E-04,voltage,Node_2,1.49083618E+03
4.30500000E-04,i1,Line_1_e1,7.51050156E+01
4.30500000E-04,i2,Line_1_e1,-7.13465457E+01
4.30500000E-04,i1,Line_1_e10,1.97155106E+01
4.30500000E-04,i2,Line_1_e10,-6.92989925E+00
4.31000000E-04,injectedCurrent,Node_1,7.01802726E+01
4.31000000E-04,injectedCurrent,Node_2,-6.56657230E+00
4.31000000E-04,voltage,Node_1,1.31654052E+03
4.31000000E-04,voltage,Node_2,6.62573657E+02
4.31000000E-04,i1,Line_1_e1,7.01802726E+01
4.31000000E-04,i2,Line_1_e1,-5.90332352E+01
4.31000000E-04,i1,Line_1_e10,1.06821819E+01
4.31000000E-04,i2,Line_1_e10,-6.56657230E+00
4.31500000E-04,injectedCurrent,Node_1,6.54922440E+01
4.31500000E-04,injectedCurrent,Node_2,-6.21838482E+00
4.31500000E-04,voltage,Node_1,5.03756108E+02
4.31500000E-04,voltage,Node_2,1.36292359E+03
4.31500000E-04,i1,Line_1_e1,6.54922440E+01
4.31500000E-04,i2,Line_1_e1,-6.28201572E+01
4.31500000E-04,i1,Line_1_e10,1.79455572E+01
4.31500000E-04,i2,Line_1_e10,-6.21838482E+00
4.32000000E-04,injectedCurrent,Node_1,6.10350426E+01
4.32000000E-04,injectedCurrent,Node_2,-5.88494750E+00
4.32000000E-04,voltage,Node_1,1.20373681E+03
4.32000000E-04,voltage,Node_2,5.29710128E+02
4.32000000E-04,i1,Line_1_e1,6.10350426E+01
4.32000000E-04,i2,Line_1_e1,-5.08058595E+01
4.32000000E-04,i1,Line_1_e10,8.87660146E+00
4.32000000E-04,i2,Line_1_e10,-5.88494750E+00
4.32500000E-04,injectedCurrent,Node_1,5.68025731E+01
4.32500000E-04,injectedCurrent,Node_2,-5.56586700E+00
4.32500000E-04,voltage,Node_1,3.85707011E+02
4.32500000E-04,voltage,Node_2,1.24749811E+03
4.32500000E-04,i1,Line_1_e1,5.68025731E+01
4.32500000E-04,i2,Line_1_e1,-5.51159670E+01
4.32500000E-04,i1,Line_1_e10,1.63424085E+01
4.32500000E-04,i2,Line_1_e10,-5.56586700E+00
4.33000000E-04,injectedCurrent,Node_1,5.27885595E+01
4.33000000E-04,injectedCurrent,Node_2,-5.26074685E+00
4.33000000E-04,voltage,Node_1,1.10267564E+03
4.33000000E-04,voltage,Node_2,4.08775303E+02
4.33000000E-04,i1,Line_1_e1,5.27885595E+01
4.33000000E-04,i2,Line_1_e1,-4.33764838E+01
4.33000000E-04,i1,Line_1_e10,7.23081269E+00
4.33000000E-04,i2,Line_1_e10,-5.26074685E+00
4.33500000E-04,injectedCurrent,Node_1,4.89865724E+01
4.33500000E-04,injectedCurrent,Node_2,-4.96918839E+00
4.33500000E-04,voltage,Node_1,2.78816470E+02
4.33500000E-04,voltage,Node_2,1.14395260E+03
4.33500000E-04,i1,Line_1_e1,4.89865724E+01
4.33500000E-04,i2,Line_1_e1,-4.81903600E+01
4.33500000E-04,i1,Line_1_e10,1.48974868E+01
4.33500000E-04,i2,Line_1_e10,-4.96918839E+00
4.34000000E-04,injectedCurrent,Node_1,4.53900550E+01
4.34000000E-04,injectedCurrent,Node_2,-4.69079169E+00
4.34000000E-04,voltage,Node_1,1.01270266E+03
4.34000000E-04,voltage,Node_2,2.99130606E+02
4.34000000E-04,i1,Line_1_e1,4.53900550E+01
4.34000000E-04,i2,Line_1_e1,-3.67001889E+01
4.34000000E-04,i1,Line_1_e10,5.73593478E+00
4.34000000E-04,i2,Line_1_e10,-4.69079169E+00
4.34500000E-04,injectedCurrent,Node_1,4.19923485E+01
4.34500000E-04,injectedCurrent,Node_2,-4.42515638E+00
4.34500000E-04,voltage,Node_1,1.82405367E+02
4.34500000E-04,voltage,Node_2,1.05164003E+03
4.34500000E-04,i1,Line_1_e1,4.19923485E+01
4.34500000E-04,i2,Line_1_e1,-4.19975103E+01
4.34500000E-04,i1,Line_1_e10,1.36018548E+01
4.34500000E-04,i2,Line_1_e10,-4.42515638E+00
4.35000000E-04,injectedCurrent,Node_1,3.87867169E+01
4.35000000E-04,injectedCurrent,Node_2,-4.17188250E+00
4.35000000E-04,voltage,Node_1,9.33136960E+02
4.35000000E-04,voltage,Node_2,2.00102731E+02
4.35000000E-04,i1,Line_1_e1,3.87867169E+01
4.35000000E-04,i2,Line_1_e1,-3.07302110E+01
4.35000000E-04,i1,Line_1_e10,4.38278586E+00
4.35000000E-04,i2,Line_1_e10,-4.17188250E+00
4.35500000E-04,injectedCurrent,Node_1,3.57663711E+01
4.35500000E-04,injectedCurrent,Node_2,-3.93057130E+00
4.35500000E-04,voltage,Node_1,9.57729015E+01
4.35500000E-04,voltage,Node_2,9.69884713E+02
4.35500000E-04,i1,Line_1_e1,3.57663711E+01
4.35500000E-04,i2,Line_1_e1,-3.64901139E+01
4.35500000E-04,i1,Line_1_e10,1.24463420E+01
4.35500000E-04,i2,Line_1_e10,-3.93057130E+00
4.36000000E-04,injectedCurrent,Node_1,3.29244911E+01
4.36000000E-04,injectedCurrent,Node_2,-3.70082596E+00
4.36000000E-04,voltage,Node_1,8.63281691E+02
4.36000000E-04,voltage,Node_2,1.10994664E+02
4.36000000E-04,i1,Line_1_e1,3.29244911E+01
4.36000000E-04,i2,Line_1_e1,-2.54186523E+01
4.36000000E-04,i1,Line_1_e10,3.16200542E+00
4.36000000E-04,i2,Line_1_e10,-3.70082596E+00
4.36500000E-04,injectedCurrent,Node_1,3.02542485E+01
4.36500000E-04,injectedCurrent,Node_2,-3.48225239E+00
4.36500000E-04,voltage,Node_1,1.82068158E+01
4.36500000E-04,voltage,Node_2,8.97993125E+02
4.36500000E-04,i1,Line_1_e1,3.02542485E+01
4.36500000E-04,i2,Line_1_e1,-3.16200762E+01
4.36500000E-04,i1,Line_1_e10,1.14216635E+01
4.36500000E-04,i2,Line_1_e10,-3.48225239E+00
4.37000000E-04,injectedCurrent,Node_1,2.77488269E+01
4.37000000E-04,injectedCurrent,Node_2,-3.27445981E+00
4.37000000E-04,voltage,Node_1,8.02433945E+02
4.37000000E-04,voltage,Node_2,3.10960303E+01
4.37000000E-04,i1,Line_1_e1,2.77488269E+01
4.37000000E-04,i2,Line_1_e1,-2.07171421E+01
4.37000000E-04,i1,Line_1_e10,2.06416845E+00
4.37000000E-04,i2,Line_1_e10,-3.27445981E+00
4.37500000E-04,injectedCurrent,Node_1,2.54014417E+01
4.37500000E-04,injectedCurrent,Node_2,-3.07706148E+00
4.37500000E-04,voltage,Node_1,-5.10072055E+01
4.37500000E-04,voltage,Node_2,8.35263853E+02
4.37500000E-04,i1,Line_1_e1,2.54014417E+01
4.37500000E-04,i2,Line_1_e1,-2.73391459E+01
4.37500000E-04,i1,Line_1_e10,1.05185299E+01
4.37500000E-04,i2,Line_1_e10,-3.07706148E+00
4.38000000E-04,injectedCurrent,Node_1,2.32053584E+01
4.38000000E-04,injectedCurrent,Node_2,-2.88967527E+00
4.38000000E-04,voltage,Node_1,7.49893732E+02
4.38000000E-04,voltage,Node_2,-4.03073629E+01
4.38000000E-04,i1,Line_1_e1,2.32053584E+01
4.38000000E-04,i2,Line_1_e1,-1.65774414E+01
4.38000000E-04,i1,Line_1_e10,1.07988977E+00
4.38000000E-04,i2,Line_1_e10,-2.88967527E+00
4.38500000E-04,injectedCurrent,Node_1,2.11539104E+01
4.38500000E-04,injectedCurrent,Node_2,-2.71192420E+00
4.38500000E-04,voltage,Node_1,-1.12577050E+02
4.38500000E-04,voltage,Node_2,7.80996757E+02
4.38500000E-04,i1,Line_1_e1,2.11539104E+01
4.38500000E-04,i2,Line_1_e1,-2.35994888E+01
4.38500000E-04,i1,Line_1_e10,9.72774691E+00
4.38500000E-04,i2,Line_1_e10,-2.71192420E+00
4.39000000E-04,injectedCurrent,Node_1,1.92405146E+01
4.39000000E-04,injectedCurrent,Node_2,-2.54343699E+00
4.39000000E-04,voltage,Node_1,7.04972029E+02
4.39000000E-04,voltage,Node_2,-1.03924889E+02
4.39000000E-04,i1,Line_1_e1,1.92405146E+01
4.39000000E-04,i2,Line_1_e1,-1.29519848E+01
4.39000000E-04,i1,Line_1_e10,1.99917908E-01
4.39000000E-04,i2,Line_1_e10,-2.54343699E+00
4.39500000E-04,injectedCurrent,Node_1,1.74586867E+01
4.39500000E-04,injectedCurrent,Node_2,-2.38384854E+00
4.39500000E-04,voltage,Node_1,-1.67196673E+02
4.39500000E-04,voltage,Node_2,7.34501172E+02
4.39500000E-04,i1,Line_1_e1,1.74586867E+01
4.39500000E-04,i2,Line_1_e1,-2.03541985E+01
4.39500000E-04,i1,Line_1_e10,9.04030394E+00
4.39500000E-04,i2,Line_1_e10,-2.38384854E+00
4.40000000E-04,injectedCurrent,Node_1,1.58020547E+01
4.40000000E-04,injectedCurrent,Node_2,-2.23280037E+00
4.40000000E-04,voltage,Node_1,6.66997823E+02
4.40000000E-04,voltage,Node_2,-1.60453425E+02
4.40000000E-04,i1,Line_1_e1,1.58020547E+01
4.40000000E-04,i2,Line_1_e1,-9.79435703E+00
4.40000000E-04,i1,Line_1_e10,-5.84782291E-01
4.40000000E-04,i2,Line_1_e10,-2.23280037E+00
4.40500000E-04,injectedCurrent,Node_1,1.42643719E+01
4.40500000E-04,injectedCurrent,Node_2,-2.08994098E+00
4.40500000E-04,voltage,Node_1,-2.15539606E+02
4.40500000E-04,voltage,Node_2,6.95103134E+02
4.40500000E-04,i1,Line_1_e1,1.42643719E+01
4.40500000E-04,i2,Line_1_e1,-1.75577391E+01
4.40500000E-04,i1,Line_1_e10,8.44745178E+00
4.40500000E-04,i2,Line_1_e10,-2.08994098E+00
4.41000000E-04,injectedCurrent,Node_1,1.28395276E+01
4.41000000E-04,injectedCurrent,Node_2,-1.95492628E+00
4.41000000E-04,voltage,Node_1,6.35324141E+02
4.41000000E-04,voltage,Node_2,-2.10570685E+02
4.41000000E-04,i1,Line_1_e1,1.28395276E+01
4.41000000E-04,i2,Line_1_e1,-7.05970174E+00
4.41000000E-04,i1,Line_1_e10,-1.28295848E+00
4.41000000E-04,i2,Line_1_e10,-1.95492628E+00
4.41500000E-04,injectedCurrent,Node_1,1.15215578E+01
4.41500000E-04,injectedCurrent,Node_2,-1.82741986E+00
4.41500000E-04,voltage,Node_1,-2.58253496E+02
4.41500000E-04,voltage,Node_2,6.62151585E+02
4.41500000E-04,i1,Line_1_e1,1.15215578E+01
4.41500000E-04,i2,Line_1_e1,-1.51663211E+01
4.41500000E-04,i1,Line_1_e10,7.94076842E+00
4.41500000E-04,i2,Line_1_e10,-1.82741986E+00
4.42000000E-04,injectedCurrent,Node_1,1.03046536E+01
4.42000000E-04,injectedCurrent,Node_2,-1.70709331E+00
4.42000000E-04,voltage,Node_1,6.09333051E+02
4.42000000E-04,voltage,Node_2,-2.54929581E+02
4.42000000E-04,i1,Line_1_e1,1.03046536E+01
4.42000000E-04,i2,Line_1_e1,-4.70506242E+00
4.42000000E-04,i1,Line_1_e10,-1.90301123E+00
4.42000000E-04,i2,Line_1_e10,-1.70709331E+00
4.42500000E-04,injectedCurrent,Node_1,9.18316987E+00
4.42500000E-04,injectedCurrent,Node_2,-1.59362643E+00
4.42500000E-04,voltage,Node_1,-2.95955655E+02
4.42500000E-04,voltage,Node_2,6.35023566E+02
4.42500000E-04,i1,Line_1_e1,9.18316987E+00
4.42500000E-04,i2,Line_1_e1,-1.31382089E+01
4.42500000E-04,i1,Line_1_e10,7.51221355E+00
4.42500000E-04,i2,Line_1_e10,-1.59362643E+00
4.43000000E-04,injectedCurrent,Node_1,8.15163124E+00
4.43000000E-04,injectedCurrent,Node_2,-1.48670746E+00
4.43000000E-04,voltage,Node_1,5.88439674E+02
4.43000000E-04,voltage,Node_2,-2.94153593E+02
4.43000000E-04,i1,Line_1_e1,8.15163124E+00
4.43000000E-04,i2,Line_1_e1,-2.68965668E+00
4.43000000E-04,i1,Line_1_e10,-2.45294579E+00
4.43000000E-04,i2,Line_1_e10,-1.48670746E+00
4.43500000E-04,injectedCurrent,Node_1,7.20473819E+00
4.43500000E-04,injectedCurrent,Node_2,-1.38603327E+00
4.43500000E-04,voltage,Node_1,-3.29229605E+02
4.43500000E-04,voltage,Node_2,6.13128399E+02
4.43500000E-04,i1,Line_1_e1,7.20473819E+00
4.43500000E-04,i2,Line_1_e1,-1.14339634E+01
4.43500000E-04,i1,Line_1_e10,7.15417188E+00
4.43500000E-04,i2,Line_1_e10,-1.38603327E+00
4.44000000E-04,injectedCurrent,Node_1,6.33737157E+00
4.44000000E-04,injectedCurrent,Node_2,-1.29130949E+00
4.44000000E-04,voltage,Node_1,5.72095232E+02
4.44000000E-04,voltage,Node_2,-3.28833133E+02
4.44000000E-04,i1,Line_1_e1,6.33737157E+00
4.44000000E-04,i2,Line_1_e1,-9.75086316E-01
4.44000000E-04,i1,Line_1_e10,-2.94033490E+00
4.44000000E-04,i2,Line_1_e10,-1.29130949E+00
4.44500000E-04,injectedCurrent,Node_1,5.54459628E+00
4.44500000E-04,injectedCurrent,Node_2,-1.20225061E+00
4.44500000E-04,voltage,Node_1,-3.58622540E+02
4.44500000E-04,voltage,Node_2,5.95910919E+02
4.44500000E-04,i1,Line_1_e1,5.54459628E+00
4.44500000E-04,i2,Line_1_e1,-1.00166221E+01
4.44500000E-04,i1,Line_1_e10,6.85948576E+00
4.44500000E-04,i2,Line_1_e10,-1.20225061E+00
4.45000000E-04,injectedCurrent,Node_1,4.82166396E+00
4.45000000E-04,injectedCurrent,Node_2,-1.11858008E+00
4.45000000E-04,voltage,Node_1,5.59789202E+02
4.45000000E-04,voltage,Node_2,-3.59522854E+02
4.45000000E-04,i1,Line_1_e1,4.82166396E+00
4.45000000E-04,i2,Line_1_e1,4.74513329E-01
4.45000000E-04,i1,Line_1_e10,-3.37229194E+00
4.45000000E-04,i2,Line_1_e10,-1.11858008E+00
4.45500000E-04,injectedCurrent,Node_1,4.16401480E+00
4.45500000E-04,injectedCurrent,Node_2,-1.04003036E+00
4.45500000E-04,voltage,Node_1,-3.84643683E+02
4.45500000E-04,voltage,Node_2,5.82853787E+02
4.45500000E-04,i1,Line_1_e1,4.16401480E+00
4.45500000E-04,i2,Line_1_e1,-8.85182004E+00
4.45500000E-04,i1,Line_1_e10,6.62147790E+00
4.45500000E-04,i2,Line_1_e10,-1.04003036E+00
4.46000000E-04,injectedCurrent,Node_1,3.56727848E+00
4.46000000E-04,injectedCurrent,Node_2,-9.66342909E-01
4.46000000E-04,voltage,Node_1,5.51050634E+02
4.46000000E-04,voltage,Node_2,-3.86739837E+02
4.46000000E-04,i1,Line_1_e1,3.56727848E+00
4.46000000E-04,i2,Line_1_e1,1.69238020E+00
4.46000000E-04,i1,Line_1_e10,-3.75545386E+00
4.46000000E-04,i2,Line_1_e10,-9.66342909E-01
4.46500000E-04,injectedCurrent,Node_1,3.02727433E+00
4.46500000E-04,injectedCurrent,Node_2,-8.97268230E-01
4.46500000E-04,voltage,Node_1,-4.07763423E+02
4.46500000E-04,voltage,Node_2,5.73478971E+02
4.46500000E-04,i1,Line_1_e1,3.02727433E+00
4.46500000E-04,i2,Line_1_e1,-7.90785818E+00
4.46500000E-04,i1,Line_1_e10,6.43396470E+00
4.46500000E-04,i2,Line_1_e10,-8.97268230E-01
4.47000000E-04,injectedCurrent,Node_1,2.54001074E+00
4.47000000E-04,injectedCurrent,Node_2,-8.32565808E-01
4.47000000E-04,voltage,Node_1,5.45448722E+02
4.47000000E-04,voltage,Node_2,-4.10962589E+02
4.47000000E-04,i1,Line_1_e1,2.54001074E+00
4.47000000E-04,i2,Line_1_e1,2.70908353E+00
4.47000000E-04,i1,Line_1_e10,-4.09597295E+00
4.47000000E-04,i2,Line_1_e10,-8.32565808E-01
4.47500000E-04,injectedCurrent,Node_1,2.10168385E+00
4.47500000E-04,injectedCurrent,Node_2,-7.72004071E-01
4.47500000E-04,voltage,Node_1,-4.28413180E+02
4.47500000E-04,voltage,Node_2,5.67348453E+02
4.47500000E-04,i1,Line_1_e1,2.10168385E+00
4.47500000E-04,i2,Line_1_e1,-7.15572233E+00
4.47500000E-04,i1,Line_1_e10,6.29126136E+00
4.47500000E-04,i2,Line_1_e10,-7.72004071E-01
4.48000000E-04,injectedCurrent,Node_1,1.70867561E+00
4.48000000E-04,injectedCurrent,Node_2,-7.15360314E-01
4.48000000E-04,voltage,Node_1,5.42592702E+02
4.48000000E-04,voltage,Node_2,-4.32630779E+02
4.48000000E-04,i1,Line_1_e1,1.70867561E+00
4.48000000E-04,i2,Line_1_e1,3.55252742E+00
4.48000000E-04,i1,Line_1_e10,-4.39951653E+00
4.48000000E-04,i2,Line_1_e10,-7.15360314E-01
4.48500000E-04,injectedCurrent,Node_1,1.35755127E+00
4.48500000E-04,injectedCurrent,Node_2,-6.62420603E-01
4.48500000E-04,voltage,Node_1,-4.46985892E+02
4.48500000E-04,voltage,Node_2,5.64064265E+02
4.48500000E-04,i1,Line_1_e1,1.35755127E+00
4.48500000E-04,i2,Line_1_e1,-6.56906015E+00
4.48500000E-04,i1,Line_1_e10,6.18817954E+00
4.48500000E-04,i2,Line_1_e10,-6.62420603E-01
4.49000000E-04,injectedCurrent,Node_1,1.04505628E+00
4.49000000E-04,injectedCurrent,Node_2,-6.12979666E-01
4.49000000E-04,voltage,Node_1,5.42131187E+02
4.49000000E-04,voltage,Node_2,-4.52145607E+02
4.49000000E-04,i1,Line_1_e1,1.04505628E+00
4.49000000E-04,i2,Line_1_e1,4.24799414E+00
4.49000000E-04,i1,Line_1_e10,-4.67127376E+00
4.49000000E-04,i2,Line_1_e10,-6.12979666E-01
4.49500000E-04,injectedCurrent,Node_1,7.68112774E-01
4.49500000E-04,injectedCurrent,Node_2,-5.66840763E-01
4.49500000E-04,voltage,Node_1,-4.63837053E+02
4.49500000E-04,voltage,Node_2,5.63267927E+02
4.49500000E-04,i1,Line_1_e1,7.68112774E-01
4.49500000E-04,i2,Line_1_e1,-6.12412127E+00
4.49500000E-04,i1,Line_1_e10,6.12001862E+00
4.49500000E-04,i2,Line_1_e10,-5.66840763E-01
4.50000000E-04,injectedCurrent,Node_1,5.23815540E-01
4.50000000E-04,injectedCurrent,Node_2,-5.23815540E-01
4.50000000E-04,voltage,Node_1,5.43750997E+02
4.50000000E-04,voltage,Node_2,-4.69870740E+02
4.50000000E-04,i1,Line_1_e1,5.23815540E-01
4.50000000E-04,i2,Line_1_e1,4.81822124E+00
4.50000000E-04,i1,Line_1_e10,-4.91596831E+00
4.50000000E-04,i2,Line_1_e10,-5.23815540E-01
4.50500000E-04,injectedCurrent,Node_1,3.09427681E-01
4.50500000E-04,injectedCurrent,Node_2,-4.83723870E-01
4.50500000E-04,voltage,Node_1,-4.79286189E+02
4.50500000E-04,voltage,Node_2,5.64639387E+02
4.50500000E-04,i1,Line_1_e1,3.09427681E-01
4.50500000E-04,i2,Line_1_e1,-5.79966672E+00
4.50500000E-04,i1,Line_1_e10,6.08255153E+00
4.50500000E-04,i2,Line_1_e10,-4.83723870E-01
4.51000000E-04,injectedCurrent,Node_1,1.22375892E-01
4.51000000E-04,injectedCurrent,Node_2,-4.46393684E-01
4.51000000E-04,voltage,Node_1,5.47175610E+02
4.51000000E-04,voltage,Node_2,-4.86133711E+02
4.51000000E-04,i1,Line_1_e1,1.22375892E-01
4.51000000E-04,i2,Line_1_e1,5.28350653E+00
4.51000000E-04,i1,Line_1_e10,-5.13787617E+00
4.51000000E-04,i2,Line_1_e10,-4.46393684E-01
4.51500000E-04,injectedCurrent,Node_1,-3.97545373E-02
4.51500000E-04,injectedCurrent,Node_2,-4.11660787E-01
4.51500000E-04,voltage,Node_1,-4.93618708E+02
4.51500000E-04,voltage,Node_2,5.67895548E+02
4.51500000E-04,i1,Line_1_e1,-3.97545373E-02
4.51500000E-04,i2,Line_1_e1,-5.57685345E+00
4.51500000E-04,i1,Line_1_e10,6.07200619E+00
4.51500000E-04,i2,Line_1_e10,-4.11660787E-01
4.52000000E-04,injectedCurrent,Node_1,-1.79224964E-01
4.52000000E-04,injectedCurrent,Node_2,-3.79368665E-01
4.52000000E-04,voltage,Node_1,5.52163290E+02
4.52000000E-04,voltage,Node_2,-5.01227691E+02
4.52000000E-04,i1,Line_1_e1,-1.79224964E-01
4.52000000E-04,i2,Line_1_e1,5.66183529E+00
4.52000000E-04,i1,Line_1_e10,-5.34084753E+00
4.52000000E-04,i2,Line_1_e10,-3.79368665E-01
4.52500000E-04,injectedCurrent,Node_1,-2.98148831E-01
4.52500000E-04,injectedCurrent,Node_2,-3.49368288E-01
4.52500000E-04,voltage,Node_1,-5.07088028E+02
4.52500000E-04,voltage,Node_2,5.72788470E+02
4.52500000E-04,i1,Line_1_e1,-2.98148831E-01
4.52500000E-04,i2,Line_1_e1,-5.43909960E+00
4.52500000E-04,i1,Line_1_e10,6.08504342E+00
4.52500000E-04,i2,Line_1_e10,-3.49368288E-01
4.53000000E-04,injectedCurrent,Node_1,-3.98497273E-01
4.53000000E-04,injectedCurrent,Node_2,-3.21517896E-01
4.53000000E-04,voltage,Node_1,5.58504992E+02
4.53000000E-04,voltage,Node_2,-5.15413575E+02
4.53000000E-04,i1,Line_1_e1,-3.98497273E-01
4.53000000E-04,i2,Line_1_e1,5.96902419E+00
4.53000000E-04,i1,Line_1_e10,-5.52833178E+00
4.53000000E-04,i2,Line_1_e10,-3.21517896E-01
4.53500000E-04,injectedCurrent,Node_1,-4.82104830E-01
4.53500000E-04,injectedCurrent,Node_2,-2.95682793E-01
4.53500000E-04,voltage,Node_1,-5.19917915E+02
4.53500000E-04,voltage,Node_2,5.79103331E+02
4.53500000E-04,i1,Line_1_e1,-4.82104830E-01
4.53500000E-04,i2,Line_1_e1,-5.37193560E+00
4.53500000E-04,i1,Line_1_e10,6.11873228E+00
4.53500000E-04,i2,Line_1_e10,-2.95682793E-01
4.54000000E-04,injectedCurrent,Node_1,-5.50675259E-01
4.54000000E-04,injectedCurrent,Node_2,-2.71735121E-01
4.54000000E-04,voltage,Node_1,5.66022109E+02
4.54000000E-04,voltage,Node_2,-5.28922266E+02
4.54000000E-04,i1,Line_1_e1,-5.50675259E-01
4.54000000E-04,i2,Line_1_e1,6.21887705E+00
4.54000000E-04,i1,Line_1_e10,-5.70340492E+00
4.54000000E-04,i2,Line_1_e10,-2.71735121E-01
4.54500000E-04,injectedCurrent,Node_1,-6.05787379E-01
4.54500000E-04,injectedCurrent,Node_2,-2.49553644E-01
4.54500000E-04,voltage,Node_1,-5.32304945E+02
4.54500000E-04,voltage,Node_2,5.86656216E+02
4.54500000E-04,i1,Line_1_e1,-6.05787379E-01
4.54500000E-04,i2,Line_1_e1,-5.36284607E+00
4.54500000E-04,i1,Line_1_e10,6.17052362E+00
4.54500000E-04,i2,Line_1_e10,-2.49553644E-01
4.55000000E-04,injectedCurrent,Node_1,-6.48900947E-01
4.55000000E-04,injectedCurrent,Node_2,-2.29023521E-01
4.55000000E-04,voltage,Node_1,5.74564135E+02
4.55000000E-04,voltage,Node_2,-5.41957131E+02
4.55000000E-04,i1,Line_1_e1,-6.48900947E-01
4.55000000E-04,i2,Line_1_e1,6.42334785E+00
4.55000000E-04,i1,Line_1_e10,-5.86879848E+00
4.55000000E-04,i2,Line_1_e10,-2.29023521E-01
4.55500000E-04,injectedCurrent,Node_1,-6.81362512E-01
4.55500000E-04,injectedCurrent,Node_2,-2.10036076E-01
4.55500000E-04,voltage,Node_1,-5.44421053E+02
4.55500000E-04,voltage,Node_2,5.95291810E+02
4.55500000E-04,i1,Line_1_e1,-6.81362512E-01
4.55500000E-04,i2,Line_1_e1,-5.40110672E+00
4.55500000E-04,i1,Line_1_e10,6.23822264E+00
4.55500000E-04,i2,Line_1_e10,-2.10036076E-01
4.56000000E-04,injectedCurrent,Node_1,-7.04411233E-01
4.56000000E-04,injectedCurrent,Node_2,-1.92488579E-01
4.56000000E-04,voltage,Node_1,5.84006300E+02
4.56000000E-04,voltage,Node_2,-5.54696519E+02
4.56000000E-04,i1,Line_1_e1,-7.04411233E-01
4.56000000E-04,i2,Line_1_e1,6.59270682E+00
4.56000000E-04,i1,Line_1_e10,-6.02692932E+00
4.56000000E-04,i2,Line_1_e10,-1.92488579E-01
4.56500000E-04,injectedCurrent,Node_1,-7.19184628E-01
4.56500000E-04,injectedCurrent,Node_2,-1.76284011E-01
4.56500000E-04,voltage,Node_1,-5.56416087E+02
4.56500000E-04,voltage,Node_2,6.04881057E+02
4.56500000E-04,i1,Line_1_e1,-7.19184628E-01
4.56500000E-04,i2,Line_1_e1,-5.47762007E+00
4.56500000E-04,i1,Line_1_e10,6.31996107E+00
4.56500000E-04,i2,Line_1_e10,-1.76284011E-01
4.57000000E-04,injectedCurrent,Node_1,-7.26724242E-01
4.57000000E-04,injectedCurrent,Node_2,-1.61330841E-01
4.57000000E-04,voltage,Node_1,5.94247234E+02
4.57000000E-04,voltage,Node_2,-5.67296328E+02
4.57000000E-04,i1,Line_1_e1,-7.26724242E-01
4.57000000E-04,i2,Line_1_e1,6.73570641E+00
4.57000000E-04,i1,Line_1_e10,-6.17992972E+00
4.57000000E-04,i2,Line_1_e10,-1.61330841E-01
4.57500000E-04,injectedCurrent,Node_1,-7.27981202E-01
4.57500000E-04,injectedCurrent,Node_2,-1.47542803E-01
4.57500000E-04,voltage,Node_1,-5.68420350E+02
4.57500000E-04,voltage,Node_2,6.15318832E+02
4.57500000E-04,i1,Line_1_e1,-7.27981202E-01
4.57500000E-04,i2,Line_1_e1,-5.58475333E+00
4.57500000E-04,i1,Line_1_e10,6.41416963E+00
4.57500000E-04,i2,Line_1_e10,-1.47542803E-01
4.58000000E-04,injectedCurrent,Node_1,-7.23821651E-01
4.58000000E-04,injectedCurrent,Node_2,-1.34838671E-01
4.58000000E-04,voltage,Node_1,6.05206699E+02
4.58000000E-04,voltage,Node_2,-5.79892543E+02
4.58000000E-04,i1,Line_1_e1,-7.23821651E-01
4.58000000E-04,i2,Line_1_e1,6.85974381E+00
4.58000000E-04,i1,Line_1_e10,-6.32967726E+00
4.58000000E-04,i2,Line_1_e10,-1.34838671E-01
4.58500000E-04,injectedCurrent,Node_1,-7.15032036E-01
4.58500000E-04,injectedCurrent,Node_2,-1.23142043E-01
4.58500000E-04,voltage,Node_1,-5.80547058E+02
4.58500000E-04,voltage,Node_2,6.26521683E+02
4.58500000E-04,i1,Line_1_e1,-7.15032036E-01
4.58500000E-04,i2,Line_1_e1,-5.71618094E+00
4.58500000E-04,i1,Line_1_e10,6.51955117E+00
4.58500000E-04,i2,Line_1_e10,-1.23142043E-01
4.59000000E-04,injectedCurrent,Node_1,-7.02324249E-01
4.59000000E-04,injectedCurrent,Node_2,-1.12381120E-01
4.59000000E-04,voltage,Node_1,6.16823431E+02
4.59000000E-04,voltage,Node_2,-5.92603723E+02
4.59000000E-04,i1,Line_1_e1,-7.02324249E-01
4.59000000E-04,i2,Line_1_e1,6.97101797E+00
4.59000000E-04,i1,Line_1_e10,-6.47782395E+00
4.59000000E-04,i2,Line_1_e10,-1.12381120E-01
4.59500000E-04,injectedCurrent,Node_1,-6.86340593E-01
4.59500000E-04,injectedCurrent,Node_2,-1.02488498E-01
4.59500000E-04,voltage,Node_1,-5.92894720E+02
4.59500000E-04,voltage,Node_2,6.38425666E+02
4.59500000E-04,i1,Line_1_e1,-6.86340593E-01
4.59500000E-04,i2,Line_1_e1,-5.86673427E+00
4.59500000E-04,i1,Line_1_e10,6.63505500E+00
4.59500000E-04,i2,Line_1_e10,-1.02488498E-01
4.60000000E-04,injectedCurrent,Node_1,-6.67658581E-01
4.60000000E-04,injectedCurrent,Node_2,-9.34009615E-02
4.60000000E-04,voltage,Node_1,6.29053117E+02
4.60000000E-04,voltage,Node_2,-6.05533396E+02
4.60000000E-04,i1,Line_1_e1,-6.67658581E-01
4.60000000E-04,i2,Line_1_e1,7.07467886E+00
4.60000000E-04,i1,Line_1_e10,-6.62582450E+00
4.60000000E-04,i2,Line_1_e10,-9.34009615E-02
4.60500000E-04,injectedCurrent,Node_1,-6.46795547E-01
4.60500000E-04,injectedCurrent,Node_2,-8.50592760E-02
4.60500000E-04,voltage,Node_1,-6.05549397E+02
4.60500000E-04,voltage,Node_2,6.50984321E+02
4.60500000E-04,i1,Line_1_e1,-6.46795547E-01
4.60500000E-04,i2,Line_1_e1,-6.03225993E+00
4.60500000E-04,i1,Line_1_e10,6.75985265E+00
4.60500000E-04,i2,Line_1_e10,-8.50592760E-02
4.61000000E-04,injectedCurrent,Node_1,-6.24213064E-01
4.61000000E-04,injectedCurrent,Node_2,-7.74079941E-02
4.61000000E-04,voltage,Node_1,6.41866532E+02
4.61000000E-04,voltage,Node_2,-6.18772353E+02
4.61000000E-04,i1,Line_1_e1,-6.24213064E-01
4.61000000E-04,i2,Line_1_e1,7.17496783E+00
4.61000000E-04,i1,Line_1_e10,-6.77496322E+00
4.61000000E-04,i2,Line_1_e10,-7.74079942E-02
4.61500000E-04,injectedCurrent,Node_1,-6.00321182E-01
4.61500000E-04,injectedCurrent,Node_2,-7.03952617E-02
4.61500000E-04,voltage,Node_1,-6.18586823E+02
4.61500000E-04,voltage,Node_2,6.64166799E+02
4.61500000E-04,i1,Line_1_e1,-6.00321182E-01
4.61500000E-04,i2,Line_1_e1,-6.20948806E+00
4.61500000E-04,i1,Line_1_e10,6.89331540E+00
4.61500000E-04,i2,Line_1_e10,-7.03952617E-02
4.62000000E-04,injectedCurrent,Node_1,-5.75482452E-01
4.62000000E-04,injectedCurrent,Node_2,-6.39726314E-02
4.62000000E-04,voltage,Node_1,6.55247851E+02
4.62000000E-04,voltage,Node_2,-6.32400809E+02
4.62000000E-04,i1,Line_1_e1,-5.75482452E-01
4.62000000E-04,i2,Line_1_e1,7.27534788E+00
4.62000000E-04,i1,Line_1_e10,-6.92637961E+00
4.62000000E-04,i2,Line_1_e10,-6.39726314E-02
4.62500000E-04,injectedCurrent,Node_1,-5.50015763E-01
4.62500000E-04,injectedCurrent,Node_2,-5.80948815E-02
4.62500000E-04,voltage,Node_1,-6.32074394E+02
4.62500000E-04,voltage,Node_2,6.77956162E+02
4.62500000E-04,i1,Line_1_e1,-5.50015763E-01
4.62500000E-04,i2,Line_1_e1,-6.39591146E+00
4.62500000E-04,i1,Line_1_e10,7.03499377E+00
4.62500000E-04,i2,Line_1_e10,-5.80948815E-02
4.63000000E-04,injectedCurrent,Node_1,-5.24199978E-01
4.63000000E-04,injectedCurrent,Node_2,-5.27198413E-02
4.63000000E-04,voltage,Node_1,6.69193148E+02
4.63000000E-04,voltage,Node_2,-6.46490428E+02
4.63000000E-04,i1,Line_1_e1,-5.24199978E-01
4.63000000E-04,i2,Line_1_e1,7.37862341E+00
4.63000000E-04,i1,Line_1_e10,-7.08109237E+00
4.63000000E-04,i2,Line_1_e10,-5.27198413E-02
4.63500000E-04,injectedCurrent,Node_1,-4.98277373E-01
4.63500000E-04,injectedCurrent,Node_2,-4.78082220E-02
4.63500000E-04,voltage,Node_1,-6.46073015E+02
4.63500000E-04,voltage,Node_2,6.92347875E+02
4.63500000E-04,i1,Line_1_e1,-4.98277373E-01
4.63500000E-04,i2,Line_1_e1,-6.58967595E+00
4.63500000E-04,i1,Line_1_e10,7.18459901E+00
4.63500000E-04,i2,Line_1_e10,-4.78082220E-02
4.64000000E-04,injectedCurrent,Node_1,-4.72456876E-01
4.64000000E-04,injectedCurrent,Node_2,-4.33234542E-02
4.64000000E-04,voltage,Node_1,6.83709085E+02
4.64000000E-04,voltage,Node_2,-6.61106220E+02
4.64000000E-04,i1,Line_1_e1,-4.72456876E-01
4.64000000E-04,i2,Line_1_e1,7.48704898E+00
4.64000000E-04,i1,Line_1_e10,-7.24002185E+00
4.64000000E-04,i2,Line_1_e10,-4.33234542E-02
4.64500000E-04,injectedCurrent,Node_1,-4.46917120E-01
4.64500000E-04,injectedCurrent,Node_2,-3.92315312E-02
4.64500000E-04,voltage,Node_1,-6.60638803E+02
4.64500000E-04,voltage,Node_2,7.07348484E+02
4.64500000E-04,i1,Line_1_e1,-4.46917120E-01
4.64500000E-04,i2,Line_1_e1,-6.78948221E+00
4.64500000E-04,i1,Line_1_e10,7.34198683E+00
4.64500000E-04,i2,Line_1_e10,-3.92315312E-02
4.65000000E-04,injectedCurrent,Node_1,-4.21809303E-01
4.65000000E-04,injectedCurrent,Node_2,-3.55008591E-02
4.65000000E-04,voltage,Node_1,6.98811804E+02
4.65000000E-04,voltage,Node_2,-6.76308288E+02
4.65000000E-04,i1,Line_1_e1,-4.21809303E-01
4.65000000E-04,i2,Line_1_e1,7.60242744E+00
4.65000000E-04,i1,Line_1_e10,-7.40401099E+00
4.65000000E-04,i2,Line_1_e10,-3.55008591E-02
4.65500000E-04,injectedCurrent,Node_1,-3.97259865E-01
4.65500000E-04,injectedCurrent,Node_2,-3.21021124E-02
4.65500000E-04,voltage,Node_1,-6.75824660E+02
4.65500000E-04,voltage,Node_2,7.22974498E+02
4.65500000E-04,i1,Line_1_e1,-3.97259865E-01
4.65500000E-04,i2,Line_1_e1,-6.99449895E+00
4.65500000E-04,i1,Line_1_e10,7.50714323E+00
4.65500000E-04,i2,Line_1_e10,-3.21021124E-02
4.66000000E-04,injectedCurrent,Node_1,-3.73372984E-01
4.66000000E-04,injectedCurrent,Node_2,-2.90080966E-02
4.66000000E-04,voltage,Node_1,7.14526003E+02
4.66000000E-04,voltage,Node_2,-6.92153458E+02
4.66000000E-04,i1,Line_1_e1,-3.73372984E-01
4.66000000E-04,i2,Line_1_e1,7.72619740E+00
4.66000000E-04,i1,Line_1_e10,-7.57384476E+00
4.66000000E-04,i2,Line_1_e10,-2.90080966E-02
4.66500000E-04,injectedCurrent,Node_1,-3.50232899E-01
4.66500000E-04,injectedCurrent,Node_2,-2.61936163E-02
4.66500000E-04,voltage,Node_1,-6.91681729E+02
4.66500000E-04,voltage,Node_2,7.39251468E+02
4.66500000E-04,i1,Line_1_e1,-3.50232899E-01
4.66500000E-04,i2,Line_1_e1,-7.20428718E+00
4.66500000E-04,i1,Line_1_e10,7.68017268E+00
4.66500000E-04,i2,Line_1_e10,-2.61936163E-02
4.67000000E-04,injectedCurrent,Node_1,-3.27906066E-01
4.67000000E-04,injectedCurrent,Node_2,-2.36353498E-02
4.67000000E-04,voltage,Node_1,7.30884215E+02
4.67000000E-04,voltage,Node_2,-7.08696783E+02
4.67000000E-04,i1,Line_1_e1,-3.27906066E-01
4.67000000E-04,i2,Line_1_e1,7.85951079E+00
4.67000000E-04,i1,Line_1_e10,-7.75026827E+00
4.67000000E-04,i2,Line_1_e10,-2.36353498E-02
4.67500000E-04,injectedCurrent,Node_1,-3.06443154E-01
4.67500000E-04,injectedCurrent,Node_2,-2.13117295E-02
4.67500000E-04,voltage,Node_1,-7.08260730E+02
4.67500000E-04,voltage,Node_2,7.56213261E+02
4.67500000E-04,i1,Line_1_e1,-3.06443154E-01
4.67500000E-04,i2,Line_1_e1,-7.41873501E+00
4.67500000E-04,i1,Line_1_e10,7.86128839E+00
4.67500000E-04,i2,Line_1_e10,-2.13117295E-02
4.68000000E-04,injectedCurrent,Node_1,-2.85880883E-01
4.68000000E-04,injectedCurrent,Node_2,-1.92028278E-02
4.68000000E-04,voltage,Node_1,7.47926274E+02
4.68000000E-04,voltage,Node_2,-7.25992948E+02
4.68000000E-04,i1,Line_1_e1,-2.85880883E-01
4.68000000E-04,i2,Line_1_e1,8.00330100E+00
4.68000000E-04,i1,Line_1_e10,-7.93400358E+00
4.68000000E-04,i2,Line_1_e10,-1.92028278E-02
4.68500000E-04,injectedCurrent,Node_1,-2.66243716E-01
4.68500000E-04,injectedCurrent,Node_2,-1.72902496E-02
4.68500000E-04,voltage,Node_1,-7.25613220E+02
4.68500000E-04,voltage,Node_2,7.73901536E+02
4.68500000E-04,i1,Line_1_e1,-2.66243716E-01
4.68500000E-04,i2,Line_1_e1,-7.63800253E+00
4.68500000E-04,i1,Line_1_e10,8.05080483E+00
4.68500000E-04,i2,Line_1_e10,-1.72902496E-02
4.69000000E-04,injectedCurrent,Node_1,-2.47545415E-01
4.69000000E-04,injectedCurrent,Node_2,-1.55570295E-02
4.69000000E-04,voltage,Node_1,7.65698968E+02
4.69000000E-04,voltage,Node_2,-7.44097580E+02
4.69000000E-04,i1,Line_1_e1,-2.47545415E-01
4.69000000E-04,i2,Line_1_e1,8.15834252E+00
4.69000000E-04,i1,Line_1_e10,-8.12576560E+00
4.69000000E-04,i2,Line_1_e10,-1.55570295E-02
4.69500000E-04,injectedCurrent,Node_1,-2.29790454E-01
4.69500000E-04,injectedCurrent,Node_2,-1.39875349E-02
4.69500000E-04,voltage,Node_1,-7.43792775E+02
4.69500000E-04,voltage,Node_2,7.92365404E+02
4.69500000E-04,i1,Line_1_e1,-2.29790454E-01
4.69500000E-04,i2,Line_1_e1,-7.86247602E+00
4.69500000E-04,i1,Line_1_e10,8.24913248E+00
4.69500000E-04,i2,Line_1_e10,-1.39875349E-02
4.70000000E-04,injectedCurrent,Node_1,-2.12975317E-01
4.70000000E-04,injectedCurrent,Node_2,-1.25673743E-02
4.70000000E-04,voltage,Node_1,7.84255873E+02
4.70000000E-04,voltage,Node_2,-7.63068501E+02
4.70000000E-04,i1,Line_1_e1,-2.12975317E-01
4.70000000E-04,i2,Line_1_e1,8.32530275E+00
4.70000000E-04,i1,Line_1_e10,-8.32627704E+00
4.70000000E-04,i2,Line_1_e10,-1.25673743E-02
4.70500000E-04,injectedCurrent,Node_1,-1.97089671E-01
4.70500000E-04,injectedCurrent,Node_2,-1.12833104E-02
4.70500000E-04,voltage,Node_1,-7.62856116E+02
4.70500000E-04,voltage,Node_2,8.11661292E+02
4.70500000E-04,i1,Line_1_e1,-1.97089671E-01
4.70500000E-04,i2,Line_1_e1,-8.09273090E+00
4.70500000E-04,i1,Line_1_e10,8.45677460E+00
4.70500000E-04,i2,Line_1_e10,-1.12833104E-02
4.71000000E-04,injectedCurrent,Node_1,-1.82117425E-01
4.71000000E-04,injectedCurrent,Node_2,-1.01231790E-02
4.71000000E-04,voltage,Node_1,8.03657375E+02
4.71000000E-04,voltage,Node_2,-7.82966929E+02
4.71000000E-04,i1,Line_1_e1,-1.82117425E-01
4.71000000E-04,i2,Line_1_e1,8.50478709E+00
4.71000000E-04,i1,Line_1_e10,-8.53628287E+00
4.71000000E-04,i2,Line_1_e10,-1.01231790E-02
4.71500000E-04,injectedCurrent,Node_1,-1.68037693E-01
4.71500000E-04,injectedCurrent,Node_2,-9.07581140E-03
4.71500000E-04,voltage,Node_1,-7.82864223E+02
4.71500000E-04,voltage,Node_2,8.31852990E+02
4.71500000E-04,i1,Line_1_e1,-1.68037693E-01
4.71500000E-04,i2,Line_1_e1,-8.32950259E+00
4.71500000E-04,i1,Line_1_e10,8.67432630E+00
4.71500000E-04,i2,Line_1_e10,-9.07581140E-03
4.72000000E-04,injectedCurrent,Node_1,-1.54825654E-01
4.72000000E-04,injectedCurrent,Node_2,-8.13096235E-03
4.72000000E-04,voltage,Node_1,8.23970870E+02
4.72000000E-04,voltage,Node_2,-8.03858659E+02
4.72000000E-04,i1,Line_1_e1,-1.54825654E-01
4.72000000E-04,i2,Line_1_e1,8.69737812E+00
4.72000000E-04,i1,Line_1_e10,-8.75656441E+00
4.72000000E-04,i2,Line_1_e10,-8.13096235E-03
4.72500000E-04,injectedCurrent,Node_1,-1.42453318E-01
4.72500000E-04,injectedCurrent,Node_2,-7.27924203E-03
4.72500000E-04,voltage,Node_1,-8.03883435E+02
4.72500000E-04,voltage,Node_2,8.53011893E+02
4.72500000E-04,i1,Line_1_e1,-1.42453318E-01
4.72500000E-04,i2,Line_1_e1,-8.57366480E+00
4.72500000E-04,i1,Line_1_e10,8.90247566E+00
4.72500000E-04,i2,Line_1_e10,-7.27924203E-03
4.73000000E-04,injectedCurrent,Node_1,-1.30890214E-01
4.73000000E-04,injectedCurrent,Node_2,-6.51205222E-03
4.73000000E-04,voltage,Node_1,8.45271150E+02
4.73000000E-04,voltage,Node_2,-8.25815257E+02
4.73000000E-04,i1,Line_1_e1,-1.30890214E-01
4.73000000E-04,i2,Line_1_e1,8.90366984E+00
4.73000000E-04,i1,Line_1_e10,-8.98795339E+00
4.73000000E-04,i2,Line_1_e10,-6.51205222E-03
4.73500000E-04,injectedCurrent,Node_1,-1.20103994E-01
4.73500000E-04,injectedCurrent,Node_2,-5.82152654E-03
4.73500000E-04,voltage,Node_1,-8.25986587E+02
4.73500000E-04,voltage,Node_2,8.75217441E+02
4.73500000E-04,i1,Line_1_e1,-1.20103994E-01
4.73500000E-04,i2,Line_1_e1,-8.82621452E+00
4.73500000E-04,i1,Line_1_e10,9.14200716E+00
4.73500000E-04,i2,Line_1_e10,-5.82152654E-03
4.74000000E-04,injectedCurrent,Node_1,-1.10060975E-01
4.74000000E-04,injectedCurrent,Node_2,-5.20047451E-03
4.74000000E-04,voltage,Node_1,8.67640985E+02
4.74000000E-04,voltage,Node_2,-8.48915287E+02
4.74000000E-04,i1,Line_1_e1,-1.10060975E-01
4.74000000E-04,i2,Line_1_e1,9.12429806E+00
4.74000000E-04,i1,Line_1_e10,-9.23134634E+00
4.74000000E-04,i2,Line_1_e10,-5.20047451E-03
4.74500000E-04,injectedCurrent,Node_1,-1.00726597E-01
4.74500000E-04,injectedCurrent,Node_2,-4.64232924E-03
4.74500000E-04,voltage,Node_1,-8.49254200E+02
4.74500000E-04,voltage,Node_2,8.98557771E+02
4.74500000E-04,i1,Line_1_e1,-1.00726597E-01
4.74500000E-04,i2,Line_1_e1,-9.08826314E+00
4.74500000E-04,i1,Line_1_e10,9.39380741E+00
4.74500000E-04,i2,Line_1_e10,-4.64232923E-03
4.75000000E-04,injectedCurrent,Node_1,-9.20658417E-02
4.75000000E-04,injectedCurrent,Node_2,-4.14109865E-03
4.75000000E-04,voltage,Node_1,8.91171904E+02
4.75000000E-04,voltage,Node_2,-8.73245606E+02
4.75000000E-04,i1,Line_1_e1,-9.20658417E-02
4.75000000E-04,i2,Line_1_e1,9.35996763E+00
4.75000000E-04,i1,Line_1_e10,-9.48771960E+00
4.75000000E-04,i2,Line_1_e10,-4.14109865E-03
4.75500000E-04,injectedCurrent,Node_1,-8.40435774E-02
4.75500000E-04,injectedCurrent,Node_2,-3.69131992E-03
4.75500000E-04,voltage,Node_1,-8.73775769E+02
4.75500000E-04,voltage,Node_2,9.23130583E+02
4.75500000E-04,i1,Line_1_e1,-8.40435774E-02
4.75500000E-04,i2,Line_1_e1,-9.36103345E+00
4.75500000E-04,i1,Line_1_e10,9.65887329E+00
4.75500000E-04,i2,Line_1_e10,-3.69131992E-03
4.76000000E-04,injectedCurrent,Node_1,-7.66248652E-02
4.76000000E-04,injectedCurrent,Node_2,-3.28801714E-03
4.76000000E-04,voltage,Node_1,9.15965197E+02
4.76000000E-04,voltage,Node_2,-8.98902782E+02
4.76000000E-04,i1,Line_1_e1,-7.66248652E-02
4.76000000E-04,i2,Line_1_e1,9.61147785E+00
4.76000000E-04,i1,Line_1_e10,-9.75814544E+00
4.76000000E-04,i2,Line_1_e10,-3.28801714E-03
4.76500000E-04,injectedCurrent,Node_1,-6.97752137E-02
4.76500000E-04,injectedCurrent,Node_2,-2.92666180E-03
4.76500000E-04,voltage,Node_1,-8.99651182E+02
4.76500000E-04,voltage,Node_2,9.49044254E+02
4.76500000E-04,i1,Line_1_e1,-6.97752137E-02
4.76500000E-04,i2,Line_1_e1,-9.64586193E+00
4.76500000E-04,i1,Line_1_e10,9.93832285E+00
4.76500000E-04,i2,Line_1_e10,-2.92666180E-03
4.77000000E-04,injectedCurrent,Node_1,-6.34607951E-02
4.77000000E-04,injectedCurrent,Node_2,-2.60313622E-03
4.77000000E-04,voltage,Node_1,9.42133167E+02
4.77000000E-04,voltage,Node_2,-9.25994645E+02
4.77000000E-04,i1,Line_1_e1,-6.34607951E-02
4.77000000E-04,i2,Line_1_e1,9.87974659E+00
4.77000000E-04,i1,Line_1_e10,-1.00438097E+01
4.77000000E-04,i2,Line_1_e10,-2.60313622E-03
4.77500000E-04,injectedCurrent,Node_1,-5.76486224E-02
4.77500000E-04,injectedCurrent,Node_2,-2.31369949E-03
4.77500000E-04,voltage,Node_1,-9.26992315E+02
4.77500000E-04,voltage,Node_2,9.76419217E+02
4.77500000E-04,i1,Line_1_e1,-5.76486224E-02
4.77500000E-04,i2,Line_1_e1,-9.94420639E+00
4.77500000E-04,i1,Line_1_e10,1.02334091E+01
4.77500000E-04,i2,Line_1_e10,-2.31369949E-03
4.78000000E-04,injectedCurrent,Node_1,-5.23066947E-02
4.78000000E-04,injectedCurrent,Node_2,-2.05495598E-03
4.78000000E-04,voltage,Node_1,9.69800656E+02
4.78000000E-04,voltage,Node_2,-9.54642056E+02
4.78000000E-04,i1,Line_1_e1,-5.23066947E-02
4.78000000E-04,i2,Line_1_e1,1.01658345E+01
4.78000000E-04,i1,Line_1_e10,-1.03460313E+01
4.78000000E-04,i2,Line_1_e10,-2.05495598E-03
4.78500000E-04,injectedCurrent,Node_1,-4.74041119E-02
4.78500000E-04,injectedCurrent,Node_2,-1.82382611E-03
4.78500000E-04,voltage,Node_1,-9.55924862E+02
4.78500000E-04,voltage,Node_2,1.00538965E+03
4.78500000E-04,i1,Line_1_e1,-4.74041119E-02
4.78500000E-04,i2,Line_1_e1,-1.02576587E+01
4.78500000E-04,i1,Line_1_e10,1.05455373E+01
4.78500000E-04,i2,Line_1_e10,-1.82382611E-03
4.79000000E-04,injectedCurrent,Node_1,-4.29111636E-02
4.79000000E-04,injectedCurrent,Node_2,-1.61751935E-03
4.79000000E-04,voltage,Node_1,9.99106887E+02
4.79000000E-04,voltage,Node_2,-9.84980934E+02
4.79000000E-04,i1,Line_1_e1,-4.29111636E-02
4.79000000E-04,i2,Line_1_e1,1.04709702E+01
4.79000000E-04,i1,Line_1_e10,-1.06662851E+01
4.79000000E-04,i2,Line_1_e10,-1.61751936E-03
4.79500000E-04,injectedCurrent,Node_1,-3.87993944E-02
4.79500000E-04,injectedCurrent,Node_2,-1.43350931E-03
4.79500000E-04,voltage,Node_1,-9.86590458E+02
4.79500000E-04,voltage,Node_2,1.03610553E+03
4.79500000E-04,i1,Line_1_e1,-3.87993944E-02
4.79500000E-04,i2,Line_1_e1,-1.05879629E+01
4.79500000E-04,i1,Line_1_e10,1.08762861E+01
4.79500000E-04,i2,Line_1_e10,-1.43350932E-03
4.80000000E-04,injectedCurrent,Node_1,-3.50416492E-02
4.80000000E-04,injectedCurrent,Node_2,-1.26951066E-03
4.80000000E-04,voltage,Node_1,1.03020769E+03
4.80000000E-04,voltage,Node_2,-1.01716461E+03
4.80000000E-04,i1,Line_1_e1,-3.50416492E-02
4.80000000E-04,i2,Line_1_e1,1.07965772E+01
4.80000000E-04,i1,Line_1_e10,-1.10062273E+01
4.80000000E-04,i2,Line_1_e10,-1.26951066E-03
4.80500000E-04,injectedCurrent,Node_1,-3.16121004E-02
4.80500000E-04,injectedCurrent,Node_2,-1.12345793E-03
4.80500000E-04,voltage,Node_1,-1.01914917E+03
4.80500000E-04,voltage,Node_2,1.06873509E+03
4.80500000E-04,i1,Line_1_e1,-3.16121004E-02
4.80500000E-04,i2,Line_1_e1,-1.09370392E+01
4.80500000E-04,i1,Line_1_e10,1.12274332E+01
4.80500000E-04,i2,Line_1_e10,-1.12345793E-03
4.81000000E-04,injectedCurrent,Node_1,-2.84862602E-02
4.81000000E-04,injectedCurrent,Node_2,-9.93485960E-04
4.81000000E-04,voltage,Node_1,1.06327820E+03
4.81000000E-04,voltage,Node_2,-1.05136660E+03
4.81000000E-04,i1,Line_1_e1,-2.84862602E-02
4.81000000E-04,i2,Line_1_e1,1.11443044E+01
4.81000000E-04,i1,Line_1_e10,-1.13677260E+01
4.81000000E-04,i2,Line_1_e10,-9.93485963E-04
4.81500000E-04,injectedCurrent,Node_1,-2.56409787E-02
4.81500000E-04,injectedCurrent,Node_2,-8.77911920E-04
4.81500000E-04,voltage,Node_1,-1.05378244E+03
4.81500000E-04,voltage,Node_2,1.10346782E+03
4.81500000E-04,i1,Line_1_e1,-2.56409787E-02
4.81500000E-04,i2,Line_1_e1,-1.13070136E+01
4.81500000E-04,i1,Line_1_e10,1.16009865E+01
4.81500000E-04,i2,Line_1_e10,-8.77911921E-04
4.82000000E-04,injectedCurrent,Node_1,-2.30544323E-02
4.82000000E-04,injectedCurrent,Node_2,-7.75218779E-04
4.82000000E-04,voltage,Node_1,1.09851602E+03
4.82000000E-04,voltage,Node_2,-1.08778393E+03
4.82000000E-04,i1,Line_1_e1,-2.30544323E-02
4.82000000E-04,i2,Line_1_e1,1.15160610E+01
4.82000000E-04,i1,Line_1_e10,-1.17528969E+01
4.82000000E-04,i2,Line_1_e10,-7.75218780E-04
4.82500000E-04,injectedCurrent,Node_1,-2.07061010E-02
4.82500000E-04,injectedCurrent,Node_2,-6.84040142E-04
4.82500000E-04,voltage,Node_1,-1.09069666E+03
4.82500000E-04,voltage,Node_2,1.14051805E+03
4.82500000E-04,i1,Line_1_e1,-2.07061010E-02
4.82500000E-04,i2,Line_1_e1,-1.17002557E+01
4.82500000E-04,i1,Line_1_e10,1.19992225E+01
4.82500000E-04,i2,Line_1_e10,-6.84040143E-04
4.83000000E-04,injectedCurrent,Node_1,-1.85767391E-02
4.83000000E-04,injectedCurrent,Node_2,-6.03146340E-04
4.83000000E-04,voltage,Node_1,1.13614518E+03
4.83000000E-04,voltage,Node_2,-1.12664108E+03
4.83000000E-04,i1,Line_1_e1,-1.85767391E-02
4.83000000E-04,i2,Line_1_e1,1.19140580E+01
4.83000000E-04,i1,Line_1_e10,-1.21641463E+01
4.83000000E-04,i2,Line_1_e10,-6.03146344E-04
4.83500000E-04,injectedCurrent,Node_1,-1.66483392E-02
4.83500000E-04,injectedCurrent,Node_2,-5.31431694E-04
4.83500000E-04,voltage,Node_1,-1.13012739E+03
4.83500000E-04,voltage,Node_2,1.18012931E+03
4.83500000E-04,i1,Line_1_e1,-1.66483392E-02
4.83500000E-04,i2,Line_1_e1,-1.21194244E+01
4.83500000E-04,i1,Line_1_e10,1.24247318E+01
4.83500000E-04,i2,Line_1_e10,-5.31431695E-04
4.84000000E-04,injectedCurrent,Node_1,-1.49040904E-02
4.84000000E-04,injectedCurrent,Node_2,-4.67902859E-04
4.84000000E-04,voltage,Node_1,1.17642085E+03
4.84000000E-04,voltage,Node_2,-1.16819477E+03
4.84000000E-04,i1,Line_1_e1,-1.49040904E-02
4.84000000E-04,i2,Line_1_e1,1.23408575E+01
4.84000000E-04,i1,Line_1_e10,-1.26042228E+01
4.84000000E-04,i2,Line_1_e10,-4.67902863E-04
4.84500000E-04,injectedCurrent,Node_1,-1.33283336E-02
4.84500000E-04,injectedCurrent,Node_2,-4.11668167E-04
4.84500000E-04,voltage,Node_1,-1.17234456E+03
4.84500000E-04,voltage,Node_2,1.22257967E+03
4.84500000E-04,i1,Line_1_e1,-1.33283336E-02
4.84500000E-04,i2,Line_1_e1,-1.25675236E+01
4.84500000E-04,i1,Line_1_e10,1.28804761E+01
4.84500000E-04,i2,Line_1_e10,-4.11668168E-04
4.85000000E-04,injectedCurrent,Node_1,-1.19065128E-02
4.85000000E-04,injectedCurrent,Node_2,-3.61927897E-04
4.85000000E-04,voltage,Node_1,1.21963505E+03
4.85000000E-04,voltage,Node_2,-1.21273983E+03
4.85000000E-04,i1,Line_1_e1,-1.19065128E-02
4.85000000E-04,i2,Line_1_e1,1.27994325E+01
4.85000000E-04,i1,Line_1_e10,-1.30762798E+01
4.85000000E-04,i2,Line_1_e10,-3.61927900E-04
4.85500000E-04,injectedCurrent,Node_1,-1.06251253E-02
4.85500000E-04,injectedCurrent,Node_2,-3.17965406E-04
4.85500000E-04,voltage,Node_1,-1.21765883E+03
4.85500000E-04,voltage,Node_2,1.26818819E+03
4.85500000E-04,i1,Line_1_e1,-1.06251253E-02
4.85500000E-04,i2,Line_1_e1,-1.30479712E+01
4.85500000E-04,i1,Line_1_e10,1.33698568E+01
4.85500000E-04,i2,Line_1_e10,-3.17965408E-04
4.86000000E-04,injectedCurrent,Node_1,-9.47166973E-03
4.86000000E-04,injectedCurrent,Node_2,-2.79139038E-04
4.86000000E-04,voltage,Node_1,1.26612381E+03
4.86000000E-04,voltage,Node_2,-1.26061638E+03
4.86000000E-04,i1,Line_1_e1,-9.47166973E-03
4.86000000E-04,i2,Line_1_e1,1.32932409E+01
4.86000000E-04,i1,Line_1_e10,-1.35839528E+01
4.86000000E-04,i2,Line_1_e10,-2.79139045E-04
4.86500000E-04,injectedCurrent,Node_1,-8.43459375E-03
4.86500000E-04,injectedCurrent,Node_2,-2.44874765E-04
4.86500000E-04,voltage,Node_1,-1.26642937E+03
4.86500000E-04,voltage,Node_2,1.31732300E+03
4.86500000E-04,i1,Line_1_e1,-8.43459375E-03
4.86500000E-04,i2,Line_1_e1,-1.35646841E+01
4.86500000E-04,i1,Line_1_e10,1.38968006E+01
4.86500000E-04,i2,Line_1_e10,-2.44874766E-04
4.87000000E-04,injectedCurrent,Node_1,-7.50324177E-03
4.87000000E-04,injectedCurrent,Node_2,-2.14659489E-04
4.87000000E-04,voltage,Node_1,1.31627583E+03
4.87000000E-04,voltage,Node_2,-1.31221866E+03
4.87000000E-04,i1,Line_1_e1,-7.50324177E-03
4.87000000E-04,i2,Line_1_e1,1.38263171E+01
4.87000000E-04,i1,Line_1_e10,-1.41314544E+01
4.87000000E-04,i2,Line_1_e10,-2.14659493E-04
4.87500000E-04,injectedCurrent,Node_1,-6.66780287E-03
4.87500000E-04,injectedCurrent,Node_2,-1.88034966E-04
4.87500000E-04,voltage,Node_1,-1.31907359E+03
4.87500000E-04,voltage,Node_2,1.37041116E+03
4.87500000E-04,i1,Line_1_e1,-6.66780286E-03
4.87500000E-04,i2,Line_1_e1,-1.41221823E+01
4.87500000E-04,i1,Line_1_e10,1.44658658E+01
4.87500000E-04,i2,Line_1_e10,-1.88034973E-04
4.88000000E-04,injectedCurrent,Node_1,-5.91925957E-03
4.88000000E-04,injectedCurrent,Node_2,-1.64592282E-04
4.88000000E-04,voltage,Node_1,1.37054344E+03
4.88000000E-04,voltage,Node_2,-1.36800614E+03
4.88000000E-04,i1,Line_1_e1,-5.91925957E-03
4.88000000E-04,i2,Line_1_e1,1.44033856E+01
4.88000000E-04,i1,Line_1_e10,-1.47236930E+01
4.88000000E-04,i2,Line_1_e10,-1.64592286E-04
4.88500000E-04,injectedCurrent,Node_1,-5.24933777E-03
4.88500000E-04,injectedCurrent,Node_2,-1.43966852E-04
4.88500000E-04,voltage,Node_1,-1.37607928E+03
4.88500000E-04,voltage,Node_2,1.42795121E+03
4.88500000E-04,i1,Line_1_e1,-5.24933777E-03
4.88500000E-04,i2,Line_1_e1,-1.47257204E+01
4.88500000E-04,i1,Line_1_e10,1.50823745E+01
4.88500000E-04,i2,Line_1_e10,-1.43966855E-04
4.89000000E-04,injectedCurrent,Node_1,-4.65045802E-03
4.89000000E-04,injectedCurrent,Node_2,-1.25833885E-04
4.89000000E-04,voltage,Node_1,1.42945629E+03
4.89000000E-04,voltage,Node_2,-1.42851744E+03
4.89000000E-04,i1,Line_1_e1,-4.65045801E-03
4.89000000E-04,i2,Line_1_e1,1.50300054E+01
4.89000000E-04,i1,Line_1_e10,-1.53664218E+01
4.89000000E-04,i2,Line_1_e10,-1.25833889E-04
4.89500000E-04,injectedCurrent,Node_1,-4.11568848E-03
4.89500000E-04,injectedCurrent,Node_2,-1.09904285E-04
4.89500000E-04,voltage,Node_1,-1.43802000E+03
4.89500000E-04,voltage,Node_2,1.49052878E+03
4.89500000E-04,i1,Line_1_e1,-4.11568847E-03
4.89500000E-04,i2,Line_1_e1,-1.53814526E+01
4.89500000E-04,i1,Line_1_e10,1.57525810E+01
4.89500000E-04,i2,Line_1_e10,-1.09904284E-04
4.90000000E-04,injectedCurrent,Node_1,-3.63869963E-03
4.90000000E-04,injectedCurrent,Node_2,-9.59209419E-05
4.90000000E-04,voltage,Node_1,1.49363870E+03
4.90000000E-04,voltage,Node_2,-1.49438800E+03
4.90000000E-04,i1,Line_1_e1,-3.63869962E-03
4.90000000E-04,i2,Line_1_e1,1.57127531E+01
4.90000000E-04,i1,Line_1_e10,-1.60664282E+01
4.90000000E-04,i2,Line_1_e10,-9.59209455E-05
4.90500000E-04,injectedCurrent,Node_1,-3.21372094E-03
4.90500000E-04,injectedCurrent,Node_2,-8.36553862E-05
4.90500000E-04,voltage,Node_1,-1.50557467E+03
4.90500000E-04,voltage,Node_2,1.55883671E+03
4.90500000E-04,i1,Line_1_e1,-3.21372093E-03
4.90500000E-04,i2,Line_1_e1,-1.60966423E+01
4.90500000E-04,i1,Line_1_e10,1.64838857E+01
4.90500000E-04,i2,Line_1_e10,-8.36553862E-05
4.91000000E-04,injectedCurrent,Node_1,-2.83549951E-03
4.91000000E-04,injectedCurrent,Node_2,-7.29047655E-05
4.91000000E-04,voltage,Node_1,1.56383191E+03
4.91000000E-04,voltage,Node_2,-1.56637274E+03
4.91000000E-04,i1,Line_1_e1,-2.83549950E-03
4.91000000E-04,i2,Line_1_e1,1.64594579E+01
4.91000000E-04,i1,Line_1_e10,-1.68317758E+01
4.91000000E-04,i2,Line_1_e10,-7.29047712E-05
4.91500000E-04,injectedCurrent,Node_1,-2.49926084E-03
4.91500000E-04,injectedCurrent,Node_2,-6.34891241E-05
4.91500000E-04,voltage,Node_1,-1.57955279E+03
4.91500000E-04,voltage,Node_2,1.63370078E+03
4.91500000E-04,i1,Line_1_e1,-2.49926083E-03
4.91500000E-04,i2,Line_1_e1,-1.68799323E+01
4.91500000E-04,i1,Line_1_e10,1.72851108E+01
4.91500000E-04,i2,Line_1_e10,-6.34891268E-05
4.92000000E-04,injectedCurrent,Node_1,-2.20067159E-03
4.92000000E-04,injectedCurrent,Node_2,-5.52489514E-05
4.92000000E-04,voltage,Node_1,1.64092292E+03
4.92000000E-04,voltage,Node_2,-1.64537541E+03
4.92000000E-04,i1,Line_1_e1,-2.20067159E-03
4.92000000E-04,i2,Line_1_e1,1.72795067E+01
4.92000000E-04,i1,Line_1_e10,-1.76721190E+01
4.92000000E-04,i2,Line_1_e10,-5.52489524E-05
4.92500000E-04,injectedCurrent,Node_1,-1.93580459E-03
4.92500000E-04,injectedCurrent,Node_2,-4.80429767E-05
4.92500000E-04,voltage,Node_1,-1.66092735E+03
4.92500000E-04,voltage,Node_2,1.71611334E+03
4.92500000E-04,i1,Line_1_e1,-1.93580458E-03
4.92500000E-04,i2,Line_1_e1,-1.77416959E+01
4.92500000E-04,i1,Line_1_e10,1.81668595E+01
4.92500000E-04,i2,Line_1_e10,-4.80429758E-05
4.93000000E-04,injectedCurrent,Node_1,-1.70110578E-03
4.93000000E-04,injectedCurrent,Node_2,-4.17461875E-05
4.93000000E-04,voltage,Node_1,1.72598220E+03
4.93000000E-04,voltage,Node_2,-1.73248710E+03
4.93000000E-04,i1,Line_1_e1,-1.70110578E-03
4.93000000E-04,i2,Line_1_e1,1.81842444E+01
4.93000000E-04,i1,Line_1_e10,-1.85991149E+01
4.93000000E-04,i2,Line_1_e10,-4.17461888E-05
4.93500000E-04,injectedCurrent,Node_1,-1.49336334E-03
4.93500000E-04,injectedCurrent,Node_2,-3.62480505E-05
4.93500000E-04,voltage,Node_1,-1.75087819E+03
4.93500000E-04,voltage,Node_2,1.80727756E+03
4.93500000E-04,i1,Line_1_e1,-1.49336334E-03
4.93500000E-04,i2,Line_1_e1,-1.86944994E+01
4.93500000E-04,i1,Line_1_e10,1.91419899E+01
4.93500000E-04,i2,Line_1_e10,-3.62480504E-05
4.94000000E-04,injectedCurrent,Node_1,-1.30967875E-03
4.94000000E-04,injectedCurrent,Node_2,-3.14509158E-05
4.94000000E-04,voltage,Node_1,1.82031377E+03
4.94000000E-04,voltage,Node_2,-1.82903728E+03
4.94000000E-04,i1,Line_1_e1,-1.30967874E-03
4.94000000E-04,i2,Line_1_e1,1.91875058E+01
4.94000000E-04,i1,Line_1_e10,-1.96269693E+01
4.94000000E-04,i2,Line_1_e10,-3.14509196E-05
4.94500000E-04,injectedCurrent,Node_1,-1.14743976E-03
4.94500000E-04,injectedCurrent,Node_2,-2.72685867E-05
4.94500000E-04,voltage,Node_1,-1.85084998E+03
4.94500000E-04,voltage,Node_2,1.90866669E+03
4.94500000E-04,i1,Line_1_e1,-1.14743976E-03
4.94500000E-04,i2,Line_1_e1,-1.97537204E+01
4.94500000E-04,i1,Line_1_e10,2.02262487E+01
4.94500000E-04,i2,Line_1_e10,-2.72685894E-05
4.95000000E-04,injectedCurrent,Node_1,-1.00429538E-03
4.95000000E-04,injectedCurrent,Node_2,-2.36250393E-05
4.95000000E-04,voltage,Node_1,1.92552265E+03
4.95000000E-04,voltage,Node_2,-1.93666260E+03
4.95000000E-04,i1,Line_1_e1,-1.00429537E-03
4.95000000E-04,i2,Line_1_e1,2.03063320E+01
4.95000000E-04,i1,Line_1_e10,-2.07731740E+01
4.95000000E-04,i2,Line_1_e10,-2.36250445E-05
4.95500000E-04,injectedCurrent,Node_1,-8.78132502E-04
4.95500000E-04,injectedCurrent,Node_2,-2.04532777E-05
4.95500000E-04,voltage,Node_1,-1.96263087E+03
4.95500000E-04,voltage,Node_2,2.02210431E+03
4.95500000E-04,i1,Line_1_e1,-8.78132491E-04
4.95500000E-04,i2,Line_1_e1,-2.09383854E+01
4.95500000E-04,i1,Line_1_e10,2.14391303E+01
4.95500000E-04,i2,Line_1_e10,-2.04532824E-05
4.96000000E-04,injectedCurrent,Node_1,-7.67054402E-04
4.96000000E-04,injectedCurrent,Node_2,-1.76943104E-05
4.96000000E-04,voltage,Node_1,2.04360699E+03
4.96000000E-04,voltage,Node_2,-2.05740098E+03
4.96000000E-04,i1,Line_1_e1,-7.67054394E-04
4.96000000E-04,i2,Line_1_e1,2.15619505E+01
4.96000000E-04,i1,Line_1_e10,-2.20595134E+01
4.96000000E-04,i2,Line_1_e10,-1.76943176E-05
4.96500000E-04,injectedCurrent,Node_1,-6.69360762E-04
4.96500000E-04,injectedCurrent,Node_2,-1.52962373E-05
4.96500000E-04,voltage,Node_1,-2.08846091E+03
4.96500000E-04,voltage,Node_2,2.14987508E+03
4.96500000E-04,i1,Line_1_e1,-6.69360754E-04
4.96500000E-04,i2,Line_1_e1,-2.22723252E+01
4.96500000E-04,i1,Line_1_e10,2.28050631E+01
4.96500000E-04,i2,Line_1_e10,-1.52962420E-05
4.97000000E-04,injectedCurrent,Node_1,-5.83529328E-04
4.97000000E-04,injectedCurrent,Node_2,-1.32134346E-05
4.97000000E-04,voltage,Node_1,2.17708629E+03
4.97000000E-04,voltage,Node_2,-2.19382249E+03
4.97000000E-04,i1,Line_1_e1,-5.83529322E-04
4.97000000E-04,i2,Line_1_e1,2.29811400E+01
4.97000000E-04,i1,Line_1_e10,-2.35134666E+01
4.97000000E-04,i2,Line_1_e10,-1.32134399E-05
4.97500000E-04,injectedCurrent,Node_1,-5.08198998E-04
4.97500000E-04,injectedCurrent,Node_2,-1.14058290E-05
4.97500000E-04,voltage,Node_1,-2.23118431E+03
4.97500000E-04,voltage,Node_2,2.29488028E+03
4.97500000E-04,i1,Line_1_e1,-5.08198991E-04
4.97500000E-04,i2,Line_1_e1,-2.37857971E+01
4.97500000E-04,i1,Line_1_e10,2.43550749E+01
4.97500000E-04,i2,Line_1_e10,-1.14058296E-05
4.98000000E-04,injectedCurrent,Node_1,-4.42154313E-04
4.98000000E-04,injectedCurrent,Node_2,-9.83825134E-06
4.98000000E-04,voltage,Node_1,2.32918321E+03
4.98000000E-04,voltage,Node_2,-2.34921506E+03
4.98000000E-04,i1,Line_1_e1,-4.42154307E-04
4.98000000E-04,i2,Line_1_e1,2.45981658E+01
4.98000000E-04,i1,Line_1_e10,-2.51701968E+01
4.98000000E-04,i2,Line_1_e10,-9.83825356E-06
4.98500000E-04,injectedCurrent,Node_1,-3.84311235E-04
4.98500000E-04,injectedCurrent,Node_2,-8.47986212E-06
4.98500000E-04,voltage,Node_1,-2.39446774E+03
4.98500000E-04,voltage,Node_2,2.46086077E+03
4.98500000E-04,i1,Line_1_e1,-3.84311230E-04
4.98500000E-04,i2,Line_1_e1,-2.55178104E+01
4.98500000E-04,i1,Line_1_e10,2.61291824E+01
4.98500000E-04,i2,Line_1_e10,-8.47986263E-06
4.99000000E-04,injectedCurrent,Node_1,-3.33704148E-04
4.99000000E-04,injectedCurrent,Node_2,-7.30364044E-06
4.99000000E-04,voltage,Node_1,2.50408718E+03
4.99000000E-04,voltage,Node_2,-2.52785372E+03
4.99000000E-04,i1,Line_1_e1,-3.33704139E-04
4.99000000E-04,i2,Line_1_e1,2.64575880E+01
4.99000000E-04,i1,Line_1_e10,-2.70754377E+01
4.99000000E-04,i2,Line_1_e10,-7.30364582E-06
4.99500000E-04,injectedCurrent,Node_1,-2.89473980E-04
4.99500000E-04,injectedCurrent,Node_2,-6.28593077E-06
4.99500000E-04,voltage,Node_1,-2.58312054E+03
4.99500000E-04,voltage,Node_2,2.65272421E+03
4.99500000E-04,i1,Line_1_e1,-2.89473972E-04
4.99500000E-04,i2,Line_1_e1,-2.75195396E+01
4.99500000E-04,i1,Line_1_e10,2.81798990E+01
4.99500000E-04,i2,Line_1_e10,-6.28593540E-06
5.00000000E-04,injectedCurrent,Node_1,-2.50857394E-04
5.00000000E-04,injectedCurrent,Node_2,-5.40604078E-06
5.00000000E-04,voltage,Node_1,2.70734602E+03
5.00000000E-04,voltage,Node_2,-2.73540086E+03
5.00000000E-04,i1,Line_1_e1,-2.50857386E-04
5.00000000E-04,i2,Line_1_e1,2.86184347E+01
5.00000000E-04,i1,Line_1_e10,-2.92897841E+01
5.00000000E-04,i2,Line_1_e10,-5.40604350E-06
5.00500000E-04,injectedCurrent,Node_1,-2.17176940E-04
5.00500000E-04,injectedCurrent,Node_2,-4.64588503E-06
5.00500000E-04,voltage,Node_1,-2.80357706E+03
5.00500000E-04,voltage,Node_2,2.87703811E+03
5.00500000E-04,i1,Line_1_e1,-2.17176932E-04
5.00500000E-04,i2,Line_1_e1,-2.98594659E+01
5.00500000E-04,i1,Line_1_e10,3.05775218E+01
5.00500000E-04,i2,Line_1_e10,-4.64588811E-06
5.01000000E-04,injectedCurrent,Node_1,-1.87832126E-04
5.01000000E-04,injectedCurrent,Node_2,-3.98966947E-06
5.01000000E-04,voltage,Node_1,2.94646455E+03
5.01000000E-04,voltage,Node_2,-2.97951822E+03
5.01000000E-04,i1,Line_1_e1,-1.87832120E-04
5.01000000E-04,i2,Line_1_e1,3.11605842E+01
5.01000000E-04,i1,Line_1_e10,-3.18952573E+01
5.01000000E-04,i2,Line_1_e10,-3.98967285E-06
5.01500000E-04,injectedCurrent,Node_1,-1.62291313E-04
5.01500000E-04,injectedCurrent,Node_2,-3.42361247E-06
5.01500000E-04,voltage,Node_1,-3.06464566E+03
5.01500000E-04,voltage,Node_2,3.14279572E+03
5.01500000E-04,i1,Line_1_e1,-1.62291303E-04
5.01500000E-04,i2,Line_1_e1,-3.26313660E+01
5.01500000E-04,i1,Line_1_e10,3.34183507E+01
5.01500000E-04,i2,Line_1_e10,-3.42361716E-06
5.02000000E-04,injectedCurrent,Node_1,-1.40084385E-04
5.02000000E-04,injectedCurrent,Node_2,-2.93569822E-06
5.02000000E-04,voltage,Node_1,3.23185005E+03
5.02000000E-04,voltage,Node_2,-3.27083383E+03
5.02000000E-04,i1,Line_1_e1,-1.40084373E-04
5.02000000E-04,i2,Line_1_e1,3.41948502E+01
5.02000000E-04,i1,Line_1_e10,-3.50056841E+01
5.02000000E-04,i2,Line_1_e10,-2.93570571E-06
5.02500000E-04,injectedCurrent,Node_1,-1.20796125E-04
5.02500000E-04,injectedCurrent,Node_2,-2.51545906E-06
5.02500000E-04,voltage,Node_1,-3.37871352E+03
5.02500000E-04,voltage,Node_2,3.46264859E+03
5.02500000E-04,i1,Line_1_e1,-1.20796120E-04
5.02500000E-04,i2,Line_1_e1,-3.59671674E+01
5.02500000E-04,i1,Line_1_e10,3.68379222E+01
5.02500000E-04,i2,Line_1_e10,-2.51546021E-06
5.03000000E-04,injectedCurrent,Node_1,-1.04060235E-04
5.03000000E-04,injectedCurrent,Node_2,-2.15378347E-06
5.03000000E-04,voltage,Node_1,3.57836362E+03
5.03000000E-04,voltage,Node_2,-3.62452960E+03
5.03000000E-04,i1,Line_1_e1,-1.04060229E-04
5.03000000E-04,i2,Line_1_e1,3.78795400E+01
5.03000000E-04,i1,Line_1_e10,-3.87837490E+01
5.03000000E-04,i2,Line_1_e10,-2.15378833E-06
5.03500000E-04,injectedCurrent,Node_1,-8.95539571E-05
5.03500000E-04,injectedCurrent,Node_2,-1.84274684E-06
5.03500000E-04,voltage,Node_1,-3.76376703E+03
5.03500000E-04,voltage,Node_2,3.85497476E+03
5.03500000E-04,i1,Line_1_e1,-8.95539468E-05
5.03500000E-04,i2,Line_1_e1,-4.00585199E+01
5.03500000E-04,i1,Line_1_e10,4.10332325E+01
5.03500000E-04,i2,Line_1_e10,-1.84275092E-06
5.04000000E-04,injectedCurrent,Node_1,-7.69932289E-05
5.04000000E-04,injectedCurrent,Node_2,-1.57546250E-06
5.04000000E-04,voltage,Node_1,4.00798410E+03
5.04000000E-04,voltage,Node_2,-4.06306917E+03
5.04000000E-04,i1,Line_1_e1,-7.69932224E-05
5.04000000E-04,i2,Line_1_e1,4.24489062E+01
5.04000000E-04,i1,Line_1_e10,-4.34703181E+01
5.04000000E-04,i2,Line_1_e10,-1.57546970E-06
5.04500000E-04,injectedCurrent,Node_1,-6.61283362E-05
5.04500000E-04,injectedCurrent,Node_2,-1.34595065E-06
5.04500000E-04,voltage,Node_1,-4.24695235E+03
5.04500000E-04,voltage,Node_2,4.34752624E+03
5.04500000E-04,i1,Line_1_e1,-6.61283300E-05
5.04500000E-04,i2,Line_1_e1,-4.51948401E+01
5.04500000E-04,i1,Line_1_e10,4.63019661E+01
5.04500000E-04,i2,Line_1_e10,-1.34595632E-06
5.05000000E-04,injectedCurrent,Node_1,-5.67400153E-05
5.05000000E-04,injectedCurrent,Node_2,-1.14902317E-06
5.05000000E-04,voltage,Node_1,4.55463956E+03
5.05000000E-04,voltage,Node_2,-4.62114945E+03
5.05000000E-04,i1,Line_1_e1,-5.67400124E-05
5.05000000E-04,i2,Line_1_e1,4.82647921E+01
5.05000000E-04,i1,Line_1_e10,-4.94377220E+01
5.05000000E-04,i2,Line_1_e10,-1.14902701E-06
5.05500000E-04,injectedCurrent,Node_1,-4.86359621E-05
5.05500000E-04,injectedCurrent,Node_2,-9.80182466E-07
5.05500000E-04,voltage,Node_1,-4.87124225E+03
5.05500000E-04,voltage,Node_2,4.98426494E+03
5.05500000E-04,i1,Line_1_e1,-4.86359555E-05
5.05500000E-04,i2,Line_1_e1,-5.18346104E+01
5.05500000E-04,i1,Line_1_e10,5.31161014E+01
5.05500000E-04,i2,Line_1_e10,-9.80185973E-07
5.06000000E-04,injectedCurrent,Node_1,-4.16477116E-05
5.06000000E-04,injectedCurrent,Node_2,-8.35532762E-07
5.06000000E-04,voltage,Node_1,5.27358087E+03
5.06000000E-04,voltage,Node_2,-5.35531773E+03
5.06000000E-04,i1,Line_1_e1,-4.16477071E-05
5.06000000E-04,i2,Line_1_e1,5.59169342E+01
5.06000000E-04,i1,Line_1_e10,-5.72933769E+01
5.06000000E-04,i2,Line_1_e10,-8.35534365E-07
5.06500000E-04,injectedCurrent,Node_1,-3.56278522E-05
5.06500000E-04,injectedCurrent,Node_2,-7.11702290E-07
5.06500000E-04,voltage,Node_1,-5.70889745E+03
5.06500000E-04,voltage,Node_2,5.83918335E+03
5.06500000E-04,i1,Line_1_e1,-3.56278513E-05
5.06500000E-04,i2,Line_1_e1,-6.07495117E+01
5.06500000E-04,i1,Line_1_e10,6.22709383E+01
5.06500000E-04,i2,Line_1_e10,-7.11700750E-07
5.07000000E-04,injectedCurrent,Node_1,-3.04475425E-05
5.07000000E-04,injectedCurrent,Node_2,-6.05775192E-07
5.07000000E-04,voltage,Node_1,6.26118442E+03
5.07000000E-04,voltage,Node_2,-6.36431956E+03
5.07000000E-04,i1,Line_1_e1,-3.04475330E-05
5.07000000E-04,i2,Line_1_e1,6.64351422E+01
5.07000000E-04,i1,Line_1_e10,-6.80993927E+01
5.07000000E-04,i2,Line_1_e10,-6.05782134E-07
5.07500000E-04,injectedCurrent,Node_1,-2.59942997E-05
5.07500000E-04,injectedCurrent,Node_2,-5.15231924E-07
5.07500000E-04,voltage,Node_1,-6.89141405E+03
5.07500000E-04,voltage,Node_2,7.04710688E+03
5.07500000E-04,i1,Line_1_e1,-2.59942940E-05
5.07500000E-04,i2,Line_1_e1,-7.33455654E+01
5.07500000E-04,i1,Line_1_e10,7.52178858E+01
5.07500000E-04,i2,Line_1_e10,-5.15235286E-07
5.08000000E-04,injectedCurrent,Node_1,-2.21700349E-05
5.08000000E-04,injectedCurrent,Node_2,-4.37897153E-07
5.08000000E-04,voltage,Node_1,7.70171816E+03
5.08000000E-04,voltage,Node_2,-7.83725882E+03
5.08000000E-04,i1,Line_1_e1,-2.21700304E-05
5.08000000E-04,i2,Line_1_e1,8.17912774E+01
5.08000000E-04,i1,Line_1_e10,-8.38935329E+01
5.08000000E-04,i2,Line_1_e10,-4.37900042E-07
5.08500000E-04,injectedCurrent,Node_1,-1.88893081E-05
5.08500000E-04,injectedCurrent,Node_2,-3.71894260E-07
5.08500000E-04,voltage,Node_1,-8.68536502E+03
5.08500000E-04,voltage,Node_2,8.88191740E+03
5.08500000E-04,i1,Line_1_e1,-1.88893031E-05
5.08500000E-04,i2,Line_1_e1,-9.24781296E+01
5.08500000E-04,i1,Line_1_e10,9.49118810E+01
5.08500000E-04,i2,Line_1_e10,-3.71898693E-07
5.09000000E-04,injectedCurrent,Node_1,-1.60777810E-05
5.09000000E-04,injectedCurrent,Node_2,-3.15605632E-07
5.09000000E-04,voltage,Node_1,9.99602223E+03
5.09000000E-04,voltage,Node_2,-1.01865905E+04
5.09000000E-04,i1,Line_1_e1,-1.60777779E-05
5.09000000E-04,i2,Line_1_e1,1.06283962E+02
5.09000000E-04,i1,Line_1_e10,-1.09132595E+02
5.09000000E-04,i2,Line_1_e10,-3.15608418E-07
5.09500000E-04,injectedCurrent,Node_1,-1.36708479E-05
5.09500000E-04,injectedCurrent,Node_2,-2.67638048E-07
5.09500000E-04,voltage,Node_1,-1.17231261E+04
5.09500000E-04,voltage,Node_2,1.19956790E+04
5.09500000E-04,i1,Line_1_e1,-1.36708375E-05
5.09500000E-04,i2,Line_1_e1,-1.24938904E+02
5.09500000E-04,i1,Line_1_e10,1.28412618E+02
5.09500000E-04,i2,Line_1_e10,-2.67642861E-07
5.10000000E-04,injectedCurrent,Node_1,-1.16124243E-05
5.10000000E-04,injectedCurrent,Node_2,-2.26792518E-07
5.10000000E-04,voltage,Node_1,1.42048495E+04
5.10000000E-04,voltage,Node_2,-1.45094899E+04
5.10000000E-04,i1,Line_1_e1,-1.16124162E-05
5.10000000E-04,i2,Line_1_e1,1.51327577E+02
5.10000000E-04,i1,Line_1_e10,-1.55726398E+02
5.10000000E-04,i2,Line_1_e10,-2.26799102E-07
5.10500000E-04,injectedCurrent,Node_1,-9.85387815E-06
5.10500000E-04,injectedCurrent,Node_2,-1.92038044E-07
5.10500000E-04,voltage,Node_1,-1.79347333E+04
5.10500000E-04,voltage,Node_2,1.83948571E+04
5.10500000E-04,i1,Line_1_e1,-9.85387510E-06
5.10500000E-04,i2,Line_1_e1,-1.91549744E+02
5.10500000E-04,i1,Line_1_e10,1.97580715E+02
5.10500000E-04,i2,Line_1_e10,-1.92039295E-07
5.11000000E-04,injectedCurrent,Node_1,-8.35308684E-06
5.11000000E-04,injectedCurrent,Node_2,-1.62488801E-07
5.11000000E-04,voltage,Node_1,2.42602790E+04
5.11000000E-04,voltage,Node_2,-2.49344760E+04
5.11000000E-04,i1,Line_1_e1,-8.35307634E-06
5.11000000E-04,i2,Line_1_e1,2.59491897E+02
5.11000000E-04,i1,Line_1_e10,-2.68911857E+02
5.11000000E-04,i2,Line_1_e10,-1.62497372E-07
5.11500000E-04,injectedCurrent,Node_1,-7.07360663E-06
5.11500000E-04,injectedCurrent,Node_2,-1.37384307E-07
5.11500000E-04,voltage,Node_1,-3.67542426E+04
5.11500000E-04,voltage,Node_2,3.82723176E+04
5.11500000E-04,i1,Line_1_e1,-7.07359538E-06
5.11500000E-04,i2,Line_1_e1,-3.94839076E+02
5.11500000E-04,i1,Line_1_e10,4.15251983E+02
5.11500000E-04,i2,Line_1_e10,-1.37389407E-07
